ticket_id,run_id,feature_set,track,feature_name,required_feature_position,rank_within_model_track,mapping_class,feature_family_id,feature_family,result_status,n_rows_used,mean_abs_delta_log_odds,bounded_predictor_note,coverage_status,audit_note
AE-FEAT-IMPORT-006R,individual_feature_log_odds_rebuild_20260602_gbm,fund,dynamic_csi,unrate,435,1,mapped,1,point_in_time_ratios,computed,143173,0.18116920631394048,bounded GBM-only predictor workspace; not full final model-suite importance,mapped,Feature mapped to the canonical AE-FEAT-IMPORT 11-family taxonomy.
AE-FEAT-IMPORT-006R,individual_feature_log_odds_rebuild_20260602_gbm,fund,dynamic_csi,earn_yld,5,2,mapped,1,point_in_time_ratios,computed,143173,0.13322605745542895,bounded GBM-only predictor workspace; not full final model-suite importance,mapped,Feature mapped to the canonical AE-FEAT-IMPORT 11-family taxonomy.
AE-FEAT-IMPORT-006R,individual_feature_log_odds_rebuild_20260602_gbm,fund,dynamic_csi,altman_z2,42,3,mapped,1,point_in_time_ratios,computed,143173,0.1312592553419016,bounded GBM-only predictor workspace; not full final model-suite importance,mapped,Feature mapped to the canonical AE-FEAT-IMPORT 11-family taxonomy.
AE-FEAT-IMPORT-006R,individual_feature_log_odds_rebuild_20260602_gbm,fund,dynamic_csi,ocf_per_share,6,4,mapped,1,point_in_time_ratios,computed,143173,0.10059802432266893,bounded GBM-only predictor workspace; not full final model-suite importance,mapped,Feature mapped to the canonical AE-FEAT-IMPORT 11-family taxonomy.
AE-FEAT-IMPORT-006R,individual_feature_log_odds_rebuild_20260602_gbm,fund,dynamic_csi,peak_drop_log_mkvalt,214,5,mapped,6,peak_deterioration,computed,143173,0.09643789844238092,bounded GBM-only predictor workspace; not full final model-suite importance,mapped,Feature mapped to the canonical AE-FEAT-IMPORT 11-family taxonomy.
AE-FEAT-IMPORT-006R,individual_feature_log_odds_rebuild_20260602_gbm,fund,dynamic_csi,roll_min_5y_earn_yld,353,6,mapped,10,rolling_window_statistics,computed,143173,0.0859638924105975,bounded GBM-only predictor workspace; not full final model-suite importance,mapped,Feature mapped to the canonical AE-FEAT-IMPORT 11-family taxonomy.
AE-FEAT-IMPORT-006R,individual_feature_log_odds_rebuild_20260602_gbm,fund,dynamic_csi,roll_min_3y_earn_yld,263,7,mapped,10,rolling_window_statistics,computed,143173,0.06696937436218939,bounded GBM-only predictor workspace; not full final model-suite importance,mapped,Feature mapped to the canonical AE-FEAT-IMPORT 11-family taxonomy.
AE-FEAT-IMPORT-006R,individual_feature_log_odds_rebuild_20260602_gbm,fund,dynamic_csi,roll_sd_5y_earn_yld,383,8,mapped,10,rolling_window_statistics,computed,143173,0.06675637063773311,bounded GBM-only predictor workspace; not full final model-suite importance,mapped,Feature mapped to the canonical AE-FEAT-IMPORT 11-family taxonomy.
AE-FEAT-IMPORT-006R,individual_feature_log_odds_rebuild_20260602_gbm,fund,dynamic_csi,roic,9,9,mapped,1,point_in_time_ratios,computed,143173,0.06657669316674764,bounded GBM-only predictor workspace; not full final model-suite importance,mapped,Feature mapped to the canonical AE-FEAT-IMPORT 11-family taxonomy.
AE-FEAT-IMPORT-006R,individual_feature_log_odds_rebuild_20260602_gbm,fund,dynamic_csi,roll_mean_5y_earn_yld,338,10,mapped,10,rolling_window_statistics,computed,143173,0.06457231919096199,bounded GBM-only predictor workspace; not full final model-suite importance,mapped,Feature mapped to the canonical AE-FEAT-IMPORT 11-family taxonomy.
AE-FEAT-IMPORT-006R,individual_feature_log_odds_rebuild_20260602_gbm,fund,dynamic_csi,roll_mean_3y_ocf_per_share,249,11,mapped,10,rolling_window_statistics,computed,143173,0.052607108993062854,bounded GBM-only predictor workspace; not full final model-suite importance,mapped,Feature mapped to the canonical AE-FEAT-IMPORT 11-family taxonomy.
AE-FEAT-IMPORT-006R,individual_feature_log_odds_rebuild_20260602_gbm,fund,dynamic_csi,roll_sd_5y_log_at,397,12,mapped,10,rolling_window_statistics,computed,143173,0.049529666626679306,bounded GBM-only predictor workspace; not full final model-suite importance,mapped,Feature mapped to the canonical AE-FEAT-IMPORT 11-family taxonomy.
AE-FEAT-IMPORT-006R,individual_feature_log_odds_rebuild_20260602_gbm,fund,dynamic_csi,term_spread,433,13,mapped,1,point_in_time_ratios,computed,143173,0.04895729328932157,bounded GBM-only predictor workspace; not full final model-suite importance,mapped,Feature mapped to the canonical AE-FEAT-IMPORT 11-family taxonomy.
AE-FEAT-IMPORT-006R,individual_feature_log_odds_rebuild_20260602_gbm,fund,dynamic_csi,roa,7,14,mapped,1,point_in_time_ratios,computed,143173,0.04768583603108117,bounded GBM-only predictor workspace; not full final model-suite importance,mapped,Feature mapped to the canonical AE-FEAT-IMPORT 11-family taxonomy.
AE-FEAT-IMPORT-006R,individual_feature_log_odds_rebuild_20260602_gbm,fund,dynamic_csi,roll_mean_5y_ocf_per_share,339,15,mapped,10,rolling_window_statistics,computed,143173,0.04745698153950477,bounded GBM-only predictor workspace; not full final model-suite importance,mapped,Feature mapped to the canonical AE-FEAT-IMPORT 11-family taxonomy.
AE-FEAT-IMPORT-006R,individual_feature_log_odds_rebuild_20260602_gbm,fund,dynamic_csi,ocf_margin,13,16,mapped,1,point_in_time_ratios,computed,143173,0.046097660989205126,bounded GBM-only predictor workspace; not full final model-suite importance,mapped,Feature mapped to the canonical AE-FEAT-IMPORT 11-family taxonomy.
AE-FEAT-IMPORT-006R,individual_feature_log_odds_rebuild_20260602_gbm,fund,dynamic_csi,cpi_inflation,438,17,mapped,1,point_in_time_ratios,computed,143173,0.04486617059247409,bounded GBM-only predictor workspace; not full final model-suite importance,mapped,Feature mapped to the canonical AE-FEAT-IMPORT 11-family taxonomy.
AE-FEAT-IMPORT-006R,individual_feature_log_odds_rebuild_20260602_gbm,fund,dynamic_csi,roll_mean_3y_earn_yld,248,18,mapped,10,rolling_window_statistics,computed,143173,0.04431130456064246,bounded GBM-only predictor workspace; not full final model-suite importance,mapped,Feature mapped to the canonical AE-FEAT-IMPORT 11-family taxonomy.
AE-FEAT-IMPORT-006R,individual_feature_log_odds_rebuild_20260602_gbm,fund,dynamic_csi,roll_min_3y_ocf_per_share,264,19,mapped,10,rolling_window_statistics,computed,143173,0.04232697665600152,bounded GBM-only predictor workspace; not full final model-suite importance,mapped,Feature mapped to the canonical AE-FEAT-IMPORT 11-family taxonomy.
AE-FEAT-IMPORT-006R,individual_feature_log_odds_rebuild_20260602_gbm,fund,dynamic_csi,interest_cov,18,20,mapped,1,point_in_time_ratios,computed,143173,0.04161005144863528,bounded GBM-only predictor workspace; not full final model-suite importance,mapped,Feature mapped to the canonical AE-FEAT-IMPORT 11-family taxonomy.
AE-FEAT-IMPORT-006R,individual_feature_log_odds_rebuild_20260602_gbm,fund,dynamic_csi,roll_min_5y_roic,356,21,mapped,10,rolling_window_statistics,computed,143173,0.041268150007333707,bounded GBM-only predictor workspace; not full final model-suite importance,mapped,Feature mapped to the canonical AE-FEAT-IMPORT 11-family taxonomy.
AE-FEAT-IMPORT-006R,individual_feature_log_odds_rebuild_20260602_gbm,fund,dynamic_csi,roll_min_3y_roic,266,22,mapped,10,rolling_window_statistics,computed,143173,0.040126226068851335,bounded GBM-only predictor workspace; not full final model-suite importance,mapped,Feature mapped to the canonical AE-FEAT-IMPORT 11-family taxonomy.
AE-FEAT-IMPORT-006R,individual_feature_log_odds_rebuild_20260602_gbm,fund,dynamic_csi,yoy_bp_ratio,65,23,mapped,2,yoy_changes,computed,143173,0.037543520289567756,bounded GBM-only predictor workspace; not full final model-suite importance,mapped,Feature mapped to the canonical AE-FEAT-IMPORT 11-family taxonomy.
AE-FEAT-IMPORT-006R,individual_feature_log_odds_rebuild_20260602_gbm,fund,dynamic_csi,expvol_log_at,188,24,mapped,5,expanding_volatility,computed,143173,0.037427532778745894,bounded GBM-only predictor workspace; not full final model-suite importance,mapped,Feature mapped to the canonical AE-FEAT-IMPORT 11-family taxonomy.
AE-FEAT-IMPORT-006R,individual_feature_log_odds_rebuild_20260602_gbm,fund,dynamic_csi,d_unrate,1,25,mapped,1,point_in_time_ratios,computed,143173,0.03569982072784541,bounded GBM-only predictor workspace; not full final model-suite importance,mapped,Feature mapped to the canonical AE-FEAT-IMPORT 11-family taxonomy.
AE-FEAT-IMPORT-006R,individual_feature_log_odds_rebuild_20260602_gbm,fund,dynamic_csi,roll_min_5y_ocf_per_share,354,26,mapped,10,rolling_window_statistics,computed,143173,0.03257747367680729,bounded GBM-only predictor workspace; not full final model-suite importance,mapped,Feature mapped to the canonical AE-FEAT-IMPORT 11-family taxonomy.
AE-FEAT-IMPORT-006R,individual_feature_log_odds_rebuild_20260602_gbm,fund,dynamic_csi,vix,437,27,mapped,1,point_in_time_ratios,computed,143173,0.03239790670810799,bounded GBM-only predictor workspace; not full final model-suite importance,mapped,Feature mapped to the canonical AE-FEAT-IMPORT 11-family taxonomy.
AE-FEAT-IMPORT-006R,individual_feature_log_odds_rebuild_20260602_gbm,fund,dynamic_csi,trough_rise_accruals_ratio,222,28,mapped,7,trough_rise,computed,143173,0.031419274035452506,bounded GBM-only predictor workspace; not full final model-suite importance,mapped,Feature mapped to the canonical AE-FEAT-IMPORT 11-family taxonomy.
AE-FEAT-IMPORT-006R,individual_feature_log_odds_rebuild_20260602_gbm,fund,dynamic_csi,roll_min_5y_roa,355,29,mapped,10,rolling_window_statistics,computed,143173,0.03132309400905328,bounded GBM-only predictor workspace; not full final model-suite importance,mapped,Feature mapped to the canonical AE-FEAT-IMPORT 11-family taxonomy.
AE-FEAT-IMPORT-006R,individual_feature_log_odds_rebuild_20260602_gbm,fund,dynamic_csi,roll_min_3y_roa,265,30,mapped,10,rolling_window_statistics,computed,143173,0.02954095260052563,bounded GBM-only predictor workspace; not full final model-suite importance,mapped,Feature mapped to the canonical AE-FEAT-IMPORT 11-family taxonomy.
AE-FEAT-IMPORT-006R,individual_feature_log_odds_rebuild_20260602_gbm,fund,dynamic_csi,interact_roa_gdp,431,31,mapped,11,price_momentum_volatility_and_macro_interactions,computed,143173,0.02914727988163011,bounded GBM-only predictor workspace; not full final model-suite importance,mapped,Feature mapped to the canonical AE-FEAT-IMPORT 11-family taxonomy.
AE-FEAT-IMPORT-006R,individual_feature_log_odds_rebuild_20260602_gbm,fund,dynamic_csi,quick_ratio,21,32,mapped,1,point_in_time_ratios,computed,143173,0.02836474646974072,bounded GBM-only predictor workspace; not full final model-suite importance,mapped,Feature mapped to the canonical AE-FEAT-IMPORT 11-family taxonomy.
AE-FEAT-IMPORT-006R,individual_feature_log_odds_rebuild_20260602_gbm,fund,dynamic_csi,log_mkvalt,35,33,mapped,1,point_in_time_ratios,computed,143173,0.02639458749548464,bounded GBM-only predictor workspace; not full final model-suite importance,mapped,Feature mapped to the canonical AE-FEAT-IMPORT 11-family taxonomy.
AE-FEAT-IMPORT-006R,individual_feature_log_odds_rebuild_20260602_gbm,fund,dynamic_csi,peak_drop_earn_yld,198,34,mapped,6,peak_deterioration,computed,143173,0.02568463059999276,bounded GBM-only predictor workspace; not full final model-suite importance,mapped,Feature mapped to the canonical AE-FEAT-IMPORT 11-family taxonomy.
AE-FEAT-IMPORT-006R,individual_feature_log_odds_rebuild_20260602_gbm,fund,dynamic_csi,roll_sd_3y_earn_yld,293,35,mapped,10,rolling_window_statistics,computed,143173,0.025641494346073736,bounded GBM-only predictor workspace; not full final model-suite importance,mapped,Feature mapped to the canonical AE-FEAT-IMPORT 11-family taxonomy.
AE-FEAT-IMPORT-006R,individual_feature_log_odds_rebuild_20260602_gbm,fund,dynamic_csi,roe,8,36,mapped,1,point_in_time_ratios,computed,143173,0.023074530733463265,bounded GBM-only predictor workspace; not full final model-suite importance,mapped,Feature mapped to the canonical AE-FEAT-IMPORT 11-family taxonomy.
AE-FEAT-IMPORT-006R,individual_feature_log_odds_rebuild_20260602_gbm,fund,dynamic_csi,expmean_ocf_per_share,123,37,mapped,4,expanding_mean,computed,143173,0.02132655662839625,bounded GBM-only predictor workspace; not full final model-suite importance,mapped,Feature mapped to the canonical AE-FEAT-IMPORT 11-family taxonomy.
AE-FEAT-IMPORT-006R,individual_feature_log_odds_rebuild_20260602_gbm,fund,dynamic_csi,peak_drop_bp_ratio,213,38,mapped,6,peak_deterioration,computed,143173,0.021285023874419273,bounded GBM-only predictor workspace; not full final model-suite importance,mapped,Feature mapped to the canonical AE-FEAT-IMPORT 11-family taxonomy.
AE-FEAT-IMPORT-006R,individual_feature_log_odds_rebuild_20260602_gbm,fund,dynamic_csi,roll_sd_5y_roa,385,39,mapped,10,rolling_window_statistics,computed,143173,0.02029173424409384,bounded GBM-only predictor workspace; not full final model-suite importance,mapped,Feature mapped to the canonical AE-FEAT-IMPORT 11-family taxonomy.
AE-FEAT-IMPORT-006R,individual_feature_log_odds_rebuild_20260602_gbm,fund,dynamic_csi,hy_spread,434,40,mapped,1,point_in_time_ratios,computed,143173,0.01999939376560463,bounded GBM-only predictor workspace; not full final model-suite importance,mapped,Feature mapped to the canonical AE-FEAT-IMPORT 11-family taxonomy.
AE-FEAT-IMPORT-006R,individual_feature_log_odds_rebuild_20260602_gbm,fund,dynamic_csi,siccd,4,41,unmapped,,,computed,143173,0.019995663925327596,bounded GBM-only predictor workspace; not full final model-suite importance,unmapped,Required predictor feature did not match canonical family mapping rules.
AE-FEAT-IMPORT-006R,individual_feature_log_odds_rebuild_20260602_gbm,fund,dynamic_csi,d_vix,3,42,mapped,1,point_in_time_ratios,computed,143173,0.019815245543160734,bounded GBM-only predictor workspace; not full final model-suite importance,mapped,Feature mapped to the canonical AE-FEAT-IMPORT 11-family taxonomy.
AE-FEAT-IMPORT-006R,individual_feature_log_odds_rebuild_20260602_gbm,fund,dynamic_csi,wcap_ratio,23,43,mapped,1,point_in_time_ratios,computed,143173,0.01873182028674758,bounded GBM-only predictor workspace; not full final model-suite importance,mapped,Feature mapped to the canonical AE-FEAT-IMPORT 11-family taxonomy.
AE-FEAT-IMPORT-006R,individual_feature_log_odds_rebuild_20260602_gbm,fund,dynamic_csi,d_hy_spread,2,44,mapped,1,point_in_time_ratios,computed,143173,0.017413908029792882,bounded GBM-only predictor workspace; not full final model-suite importance,mapped,Feature mapped to the canonical AE-FEAT-IMPORT 11-family taxonomy.
AE-FEAT-IMPORT-006R,individual_feature_log_odds_rebuild_20260602_gbm,fund,dynamic_csi,altman_z4,43,45,mapped,1,point_in_time_ratios,computed,143173,0.017380829003523977,bounded GBM-only predictor workspace; not full final model-suite importance,mapped,Feature mapped to the canonical AE-FEAT-IMPORT 11-family taxonomy.
AE-FEAT-IMPORT-006R,individual_feature_log_odds_rebuild_20260602_gbm,fund,dynamic_csi,altman_z,44,46,mapped,1,point_in_time_ratios,computed,143173,0.01722205181145361,bounded GBM-only predictor workspace; not full final model-suite importance,mapped,Feature mapped to the canonical AE-FEAT-IMPORT 11-family taxonomy.
AE-FEAT-IMPORT-006R,individual_feature_log_odds_rebuild_20260602_gbm,fund,dynamic_csi,expvol_log_emp,190,47,mapped,5,expanding_volatility,computed,143173,0.01715909818030132,bounded GBM-only predictor workspace; not full final model-suite importance,mapped,Feature mapped to the canonical AE-FEAT-IMPORT 11-family taxonomy.
AE-FEAT-IMPORT-006R,individual_feature_log_odds_rebuild_20260602_gbm,fund,dynamic_csi,roll_sd_5y_asset_turnover,393,48,mapped,10,rolling_window_statistics,computed,143173,0.016759683117094738,bounded GBM-only predictor workspace; not full final model-suite importance,mapped,Feature mapped to the canonical AE-FEAT-IMPORT 11-family taxonomy.
AE-FEAT-IMPORT-006R,individual_feature_log_odds_rebuild_20260602_gbm,fund,dynamic_csi,ebitda_margin,12,49,mapped,1,point_in_time_ratios,computed,143173,0.016462981834612044,bounded GBM-only predictor workspace; not full final model-suite importance,mapped,Feature mapped to the canonical AE-FEAT-IMPORT 11-family taxonomy.
AE-FEAT-IMPORT-006R,individual_feature_log_odds_rebuild_20260602_gbm,fund,dynamic_csi,roll_sd_5y_log_mkvalt,396,50,mapped,10,rolling_window_statistics,computed,143173,0.016341885792823595,bounded GBM-only predictor workspace; not full final model-suite importance,mapped,Feature mapped to the canonical AE-FEAT-IMPORT 11-family taxonomy.
AE-FEAT-IMPORT-006R,individual_feature_log_odds_rebuild_20260602_gbm,fund,dynamic_csi,div_yield,26,51,mapped,1,point_in_time_ratios,computed,143173,0.016279428387502005,bounded GBM-only predictor workspace; not full final model-suite importance,mapped,Feature mapped to the canonical AE-FEAT-IMPORT 11-family taxonomy.
AE-FEAT-IMPORT-006R,individual_feature_log_odds_rebuild_20260602_gbm,fund,dynamic_csi,roll_sd_5y_roic,386,52,mapped,10,rolling_window_statistics,computed,143173,0.016259559079094394,bounded GBM-only predictor workspace; not full final model-suite importance,mapped,Feature mapped to the canonical AE-FEAT-IMPORT 11-family taxonomy.
AE-FEAT-IMPORT-006R,individual_feature_log_odds_rebuild_20260602_gbm,fund,dynamic_csi,indpro_growth,440,53,mapped,1,point_in_time_ratios,computed,143173,0.01596857783206898,bounded GBM-only predictor workspace; not full final model-suite importance,mapped,Feature mapped to the canonical AE-FEAT-IMPORT 11-family taxonomy.
AE-FEAT-IMPORT-006R,individual_feature_log_odds_rebuild_20260602_gbm,fund,dynamic_csi,yoy_log_mkvalt,75,54,mapped,2,yoy_changes,computed,143173,0.01504049920798217,bounded GBM-only predictor workspace; not full final model-suite importance,mapped,Feature mapped to the canonical AE-FEAT-IMPORT 11-family taxonomy.
AE-FEAT-IMPORT-006R,individual_feature_log_odds_rebuild_20260602_gbm,fund,dynamic_csi,ni_per_emp,39,55,mapped,1,point_in_time_ratios,computed,143173,0.014681869668154513,bounded GBM-only predictor workspace; not full final model-suite importance,mapped,Feature mapped to the canonical AE-FEAT-IMPORT 11-family taxonomy.
AE-FEAT-IMPORT-006R,individual_feature_log_odds_rebuild_20260602_gbm,fund,dynamic_csi,rd_intensity,32,56,mapped,1,point_in_time_ratios,computed,143173,0.014628975437603501,bounded GBM-only predictor workspace; not full final model-suite importance,mapped,Feature mapped to the canonical AE-FEAT-IMPORT 11-family taxonomy.
AE-FEAT-IMPORT-006R,individual_feature_log_odds_rebuild_20260602_gbm,fund,dynamic_csi,roll_mean_5y_roa,340,57,mapped,10,rolling_window_statistics,computed,143173,0.014551059118663511,bounded GBM-only predictor workspace; not full final model-suite importance,mapped,Feature mapped to the canonical AE-FEAT-IMPORT 11-family taxonomy.
AE-FEAT-IMPORT-006R,individual_feature_log_odds_rebuild_20260602_gbm,fund,dynamic_csi,ebit_roa,10,58,mapped,1,point_in_time_ratios,computed,143173,0.014478544416849655,bounded GBM-only predictor workspace; not full final model-suite importance,mapped,Feature mapped to the canonical AE-FEAT-IMPORT 11-family taxonomy.
AE-FEAT-IMPORT-006R,individual_feature_log_odds_rebuild_20260602_gbm,fund,dynamic_csi,acct_mom_gross_margin,244,59,mapped,9,accounting_momentum,computed,143173,0.014326687844222526,bounded GBM-only predictor workspace; not full final model-suite importance,mapped,Feature mapped to the canonical AE-FEAT-IMPORT 11-family taxonomy.
AE-FEAT-IMPORT-006R,individual_feature_log_odds_rebuild_20260602_gbm,fund,dynamic_csi,roll_max_5y_ocf_per_share,369,60,mapped,10,rolling_window_statistics,computed,143173,0.014043382950568851,bounded GBM-only predictor workspace; not full final model-suite importance,mapped,Feature mapped to the canonical AE-FEAT-IMPORT 11-family taxonomy.
AE-FEAT-IMPORT-006R,individual_feature_log_odds_rebuild_20260602_gbm,fund,dynamic_csi,roll_min_5y_interest_cov,359,61,mapped,10,rolling_window_statistics,computed,143173,0.01355828539903447,bounded GBM-only predictor workspace; not full final model-suite importance,mapped,Feature mapped to the canonical AE-FEAT-IMPORT 11-family taxonomy.
AE-FEAT-IMPORT-006R,individual_feature_log_odds_rebuild_20260602_gbm,fund,dynamic_csi,roll_sd_5y_ebitda_margin,395,62,mapped,10,rolling_window_statistics,computed,143173,0.013410406634805243,bounded GBM-only predictor workspace; not full final model-suite importance,mapped,Feature mapped to the canonical AE-FEAT-IMPORT 11-family taxonomy.
AE-FEAT-IMPORT-006R,individual_feature_log_odds_rebuild_20260602_gbm,fund,dynamic_csi,expvol_wcap_ratio,178,63,mapped,5,expanding_volatility,computed,143173,0.013232300283358199,bounded GBM-only predictor workspace; not full final model-suite importance,mapped,Feature mapped to the canonical AE-FEAT-IMPORT 11-family taxonomy.
AE-FEAT-IMPORT-006R,individual_feature_log_odds_rebuild_20260602_gbm,fund,dynamic_csi,roll_min_3y_gross_margin,274,64,mapped,10,rolling_window_statistics,computed,143173,0.013147193716258892,bounded GBM-only predictor workspace; not full final model-suite importance,mapped,Feature mapped to the canonical AE-FEAT-IMPORT 11-family taxonomy.
AE-FEAT-IMPORT-006R,individual_feature_log_odds_rebuild_20260602_gbm,fund,dynamic_csi,fedfunds,436,65,mapped,1,point_in_time_ratios,computed,143173,0.012517989043457233,bounded GBM-only predictor workspace; not full final model-suite importance,mapped,Feature mapped to the canonical AE-FEAT-IMPORT 11-family taxonomy.
AE-FEAT-IMPORT-006R,individual_feature_log_odds_rebuild_20260602_gbm,fund,dynamic_csi,accel_log_mkvalt,113,66,mapped,3,acceleration,computed,143173,0.012496790030889552,bounded GBM-only predictor workspace; not full final model-suite importance,mapped,Feature mapped to the canonical AE-FEAT-IMPORT 11-family taxonomy.
AE-FEAT-IMPORT-006R,individual_feature_log_odds_rebuild_20260602_gbm,fund,dynamic_csi,expvol_roe,163,67,mapped,5,expanding_volatility,computed,143173,0.012300471105904603,bounded GBM-only predictor workspace; not full final model-suite importance,mapped,Feature mapped to the canonical AE-FEAT-IMPORT 11-family taxonomy.
AE-FEAT-IMPORT-006R,individual_feature_log_odds_rebuild_20260602_gbm,fund,dynamic_csi,roll_max_3y_ocf_per_share,279,68,mapped,10,rolling_window_statistics,computed,143173,0.011925934255386577,bounded GBM-only predictor workspace; not full final model-suite importance,mapped,Feature mapped to the canonical AE-FEAT-IMPORT 11-family taxonomy.
AE-FEAT-IMPORT-006R,individual_feature_log_odds_rebuild_20260602_gbm,fund,dynamic_csi,roll_min_3y_interest_cov,269,69,mapped,10,rolling_window_statistics,computed,143173,0.011788159104241679,bounded GBM-only predictor workspace; not full final model-suite importance,mapped,Feature mapped to the canonical AE-FEAT-IMPORT 11-family taxonomy.
AE-FEAT-IMPORT-006R,individual_feature_log_odds_rebuild_20260602_gbm,fund,dynamic_csi,gdp_growth,439,70,mapped,1,point_in_time_ratios,computed,143173,0.011735981612965851,bounded GBM-only predictor workspace; not full final model-suite importance,mapped,Feature mapped to the canonical AE-FEAT-IMPORT 11-family taxonomy.
AE-FEAT-IMPORT-006R,individual_feature_log_odds_rebuild_20260602_gbm,fund,dynamic_csi,reinvest_rate,33,71,mapped,1,point_in_time_ratios,computed,143173,0.01120459642959175,bounded GBM-only predictor workspace; not full final model-suite importance,mapped,Feature mapped to the canonical AE-FEAT-IMPORT 11-family taxonomy.
AE-FEAT-IMPORT-006R,individual_feature_log_odds_rebuild_20260602_gbm,fund,dynamic_csi,acct_mom_earn_yld,233,72,mapped,9,accounting_momentum,computed,143173,0.011016935129633035,bounded GBM-only predictor workspace; not full final model-suite importance,mapped,Feature mapped to the canonical AE-FEAT-IMPORT 11-family taxonomy.
AE-FEAT-IMPORT-006R,individual_feature_log_odds_rebuild_20260602_gbm,fund,dynamic_csi,trough_rise_rental_ratio,221,73,mapped,7,trough_rise,computed,143173,0.010991396107564702,bounded GBM-only predictor workspace; not full final model-suite importance,mapped,Feature mapped to the canonical AE-FEAT-IMPORT 11-family taxonomy.
AE-FEAT-IMPORT-006R,individual_feature_log_odds_rebuild_20260602_gbm,fund,dynamic_csi,roll_min_5y_current_ratio,360,74,mapped,10,rolling_window_statistics,computed,143173,0.010520419852086632,bounded GBM-only predictor workspace; not full final model-suite importance,mapped,Feature mapped to the canonical AE-FEAT-IMPORT 11-family taxonomy.
AE-FEAT-IMPORT-006R,individual_feature_log_odds_rebuild_20260602_gbm,fund,dynamic_csi,roll_sd_3y_gross_margin,304,75,mapped,10,rolling_window_statistics,computed,143173,0.010442781001927583,bounded GBM-only predictor workspace; not full final model-suite importance,mapped,Feature mapped to the canonical AE-FEAT-IMPORT 11-family taxonomy.
AE-FEAT-IMPORT-006R,individual_feature_log_odds_rebuild_20260602_gbm,fund,dynamic_csi,roll_sd_3y_roa,295,76,mapped,10,rolling_window_statistics,computed,143173,0.010334100871378508,bounded GBM-only predictor workspace; not full final model-suite importance,mapped,Feature mapped to the canonical AE-FEAT-IMPORT 11-family taxonomy.
AE-FEAT-IMPORT-006R,individual_feature_log_odds_rebuild_20260602_gbm,fund,dynamic_csi,peak_drop_ebit_roa,203,77,mapped,6,peak_deterioration,computed,143173,0.010302936824383623,bounded GBM-only predictor workspace; not full final model-suite importance,mapped,Feature mapped to the canonical AE-FEAT-IMPORT 11-family taxonomy.
AE-FEAT-IMPORT-006R,individual_feature_log_odds_rebuild_20260602_gbm,fund,dynamic_csi,expvol_rd_intensity,186,78,mapped,5,expanding_volatility,computed,143173,0.010145135807534438,bounded GBM-only predictor workspace; not full final model-suite importance,mapped,Feature mapped to the canonical AE-FEAT-IMPORT 11-family taxonomy.
AE-FEAT-IMPORT-006R,individual_feature_log_odds_rebuild_20260602_gbm,fund,dynamic_csi,roll_autocorr_5y_log_mkvalt,426,79,mapped,10,rolling_window_statistics,computed,143173,0.009978960821096075,bounded GBM-only predictor workspace; not full final model-suite importance,mapped,Feature mapped to the canonical AE-FEAT-IMPORT 11-family taxonomy.
AE-FEAT-IMPORT-006R,individual_feature_log_odds_rebuild_20260602_gbm,fund,dynamic_csi,expmean_altman_z2,156,80,mapped,4,expanding_mean,computed,143173,0.009842126711573753,bounded GBM-only predictor workspace; not full final model-suite importance,mapped,Feature mapped to the canonical AE-FEAT-IMPORT 11-family taxonomy.
AE-FEAT-IMPORT-006R,individual_feature_log_odds_rebuild_20260602_gbm,fund,dynamic_csi,peak_drop_roe,201,81,mapped,6,peak_deterioration,computed,143173,0.009686689103907112,bounded GBM-only predictor workspace; not full final model-suite importance,mapped,Feature mapped to the canonical AE-FEAT-IMPORT 11-family taxonomy.
AE-FEAT-IMPORT-006R,individual_feature_log_odds_rebuild_20260602_gbm,fund,dynamic_csi,expvol_capex_intensity,185,82,mapped,5,expanding_volatility,computed,143173,0.009607971630903154,bounded GBM-only predictor workspace; not full final model-suite importance,mapped,Feature mapped to the canonical AE-FEAT-IMPORT 11-family taxonomy.
AE-FEAT-IMPORT-006R,individual_feature_log_odds_rebuild_20260602_gbm,fund,dynamic_csi,cash_div_cf,27,83,mapped,1,point_in_time_ratios,computed,143173,0.00952797063962847,bounded GBM-only predictor workspace; not full final model-suite importance,mapped,Feature mapped to the canonical AE-FEAT-IMPORT 11-family taxonomy.
AE-FEAT-IMPORT-006R,individual_feature_log_odds_rebuild_20260602_gbm,fund,dynamic_csi,yoy_log_at,74,84,mapped,2,yoy_changes,computed,143173,0.009507787170883094,bounded GBM-only predictor workspace; not full final model-suite importance,mapped,Feature mapped to the canonical AE-FEAT-IMPORT 11-family taxonomy.
AE-FEAT-IMPORT-006R,individual_feature_log_odds_rebuild_20260602_gbm,fund,dynamic_csi,expvol_asset_turnover,184,85,mapped,5,expanding_volatility,computed,143173,0.00944032268866657,bounded GBM-only predictor workspace; not full final model-suite importance,mapped,Feature mapped to the canonical AE-FEAT-IMPORT 11-family taxonomy.
AE-FEAT-IMPORT-006R,individual_feature_log_odds_rebuild_20260602_gbm,fund,dynamic_csi,expmean_accruals_ratio,145,86,mapped,4,expanding_mean,computed,143173,0.009293845816839584,bounded GBM-only predictor workspace; not full final model-suite importance,mapped,Feature mapped to the canonical AE-FEAT-IMPORT 11-family taxonomy.
AE-FEAT-IMPORT-006R,individual_feature_log_odds_rebuild_20260602_gbm,fund,dynamic_csi,leverage,14,87,mapped,1,point_in_time_ratios,computed,143173,0.00925242121494661,bounded GBM-only predictor workspace; not full final model-suite importance,mapped,Feature mapped to the canonical AE-FEAT-IMPORT 11-family taxonomy.
AE-FEAT-IMPORT-006R,individual_feature_log_odds_rebuild_20260602_gbm,fund,dynamic_csi,expmean_earn_yld,122,88,mapped,4,expanding_mean,computed,143173,0.009246409496163711,bounded GBM-only predictor workspace; not full final model-suite importance,mapped,Feature mapped to the canonical AE-FEAT-IMPORT 11-family taxonomy.
AE-FEAT-IMPORT-006R,individual_feature_log_odds_rebuild_20260602_gbm,fund,dynamic_csi,roll_mean_5y_roic,341,89,mapped,10,rolling_window_statistics,computed,143173,0.009031161318326467,bounded GBM-only predictor workspace; not full final model-suite importance,mapped,Feature mapped to the canonical AE-FEAT-IMPORT 11-family taxonomy.
AE-FEAT-IMPORT-006R,individual_feature_log_odds_rebuild_20260602_gbm,fund,dynamic_csi,peak_drop_ebitda_margin,205,90,mapped,6,peak_deterioration,computed,143173,0.008902548634221106,bounded GBM-only predictor workspace; not full final model-suite importance,mapped,Feature mapped to the canonical AE-FEAT-IMPORT 11-family taxonomy.
AE-FEAT-IMPORT-006R,individual_feature_log_odds_rebuild_20260602_gbm,fund,dynamic_csi,roll_mean_3y_accruals_ratio,257,91,mapped,10,rolling_window_statistics,computed,143173,0.008838463708339298,bounded GBM-only predictor workspace; not full final model-suite importance,mapped,Feature mapped to the canonical AE-FEAT-IMPORT 11-family taxonomy.
AE-FEAT-IMPORT-006R,individual_feature_log_odds_rebuild_20260602_gbm,fund,dynamic_csi,capex_intensity,31,92,mapped,1,point_in_time_ratios,computed,143173,0.008660657041551561,bounded GBM-only predictor workspace; not full final model-suite importance,mapped,Feature mapped to the canonical AE-FEAT-IMPORT 11-family taxonomy.
AE-FEAT-IMPORT-006R,individual_feature_log_odds_rebuild_20260602_gbm,fund,dynamic_csi,yoy_log_emp,76,93,mapped,2,yoy_changes,computed,143173,0.008567222570243845,bounded GBM-only predictor workspace; not full final model-suite importance,mapped,Feature mapped to the canonical AE-FEAT-IMPORT 11-family taxonomy.
AE-FEAT-IMPORT-006R,individual_feature_log_odds_rebuild_20260602_gbm,fund,dynamic_csi,roll_mean_3y_roa,250,94,mapped,10,rolling_window_statistics,computed,143173,0.008502899392930169,bounded GBM-only predictor workspace; not full final model-suite importance,mapped,Feature mapped to the canonical AE-FEAT-IMPORT 11-family taxonomy.
AE-FEAT-IMPORT-006R,individual_feature_log_odds_rebuild_20260602_gbm,fund,dynamic_csi,mkt_to_book,28,95,mapped,1,point_in_time_ratios,computed,143173,0.008252682989984298,bounded GBM-only predictor workspace; not full final model-suite importance,mapped,Feature mapped to the canonical AE-FEAT-IMPORT 11-family taxonomy.
AE-FEAT-IMPORT-006R,individual_feature_log_odds_rebuild_20260602_gbm,fund,dynamic_csi,yoy_cash_pct_act,63,96,mapped,2,yoy_changes,computed,143173,0.008173644471764274,bounded GBM-only predictor workspace; not full final model-suite importance,mapped,Feature mapped to the canonical AE-FEAT-IMPORT 11-family taxonomy.
AE-FEAT-IMPORT-006R,individual_feature_log_odds_rebuild_20260602_gbm,fund,dynamic_csi,bp_ratio,24,97,mapped,1,point_in_time_ratios,computed,143173,0.008045938773579921,bounded GBM-only predictor workspace; not full final model-suite importance,mapped,Feature mapped to the canonical AE-FEAT-IMPORT 11-family taxonomy.
AE-FEAT-IMPORT-006R,individual_feature_log_odds_rebuild_20260602_gbm,fund,dynamic_csi,roll_trend_5y_log_at,412,98,mapped,10,rolling_window_statistics,computed,143173,0.007374630171935595,bounded GBM-only predictor workspace; not full final model-suite importance,mapped,Feature mapped to the canonical AE-FEAT-IMPORT 11-family taxonomy.
AE-FEAT-IMPORT-006R,individual_feature_log_odds_rebuild_20260602_gbm,fund,dynamic_csi,trough_rise_eff_int_rate,219,99,mapped,7,trough_rise,computed,143173,0.007327488583632854,bounded GBM-only predictor workspace; not full final model-suite importance,mapped,Feature mapped to the canonical AE-FEAT-IMPORT 11-family taxonomy.
AE-FEAT-IMPORT-006R,individual_feature_log_odds_rebuild_20260602_gbm,fund,dynamic_csi,roll_max_3y_earn_yld,278,100,mapped,10,rolling_window_statistics,computed,143173,0.007318216801013,bounded GBM-only predictor workspace; not full final model-suite importance,mapped,Feature mapped to the canonical AE-FEAT-IMPORT 11-family taxonomy.
AE-FEAT-IMPORT-006R,individual_feature_log_odds_rebuild_20260602_gbm,fund,dynamic_csi,net_debt_ebitda,15,101,mapped,1,point_in_time_ratios,computed,143173,0.007231221776566457,bounded GBM-only predictor workspace; not full final model-suite importance,mapped,Feature mapped to the canonical AE-FEAT-IMPORT 11-family taxonomy.
AE-FEAT-IMPORT-006R,individual_feature_log_odds_rebuild_20260602_gbm,fund,dynamic_csi,roll_sd_3y_roic,296,102,mapped,10,rolling_window_statistics,computed,143173,0.0072085688986434525,bounded GBM-only predictor workspace; not full final model-suite importance,mapped,Feature mapped to the canonical AE-FEAT-IMPORT 11-family taxonomy.
AE-FEAT-IMPORT-006R,individual_feature_log_odds_rebuild_20260602_gbm,fund,dynamic_csi,cash_pct_act,22,103,mapped,1,point_in_time_ratios,computed,143173,0.006890372394365712,bounded GBM-only predictor workspace; not full final model-suite importance,mapped,Feature mapped to the canonical AE-FEAT-IMPORT 11-family taxonomy.
AE-FEAT-IMPORT-006R,individual_feature_log_odds_rebuild_20260602_gbm,fund,dynamic_csi,invest_st_ratio,45,104,mapped,1,point_in_time_ratios,computed,143173,0.0067443281093976055,bounded GBM-only predictor workspace; not full final model-suite importance,mapped,Feature mapped to the canonical AE-FEAT-IMPORT 11-family taxonomy.
AE-FEAT-IMPORT-006R,individual_feature_log_odds_rebuild_20260602_gbm,fund,dynamic_csi,yoy_ebitda_margin,53,105,mapped,2,yoy_changes,computed,143173,0.0067123542552974935,bounded GBM-only predictor workspace; not full final model-suite importance,mapped,Feature mapped to the canonical AE-FEAT-IMPORT 11-family taxonomy.
AE-FEAT-IMPORT-006R,individual_feature_log_odds_rebuild_20260602_gbm,fund,dynamic_csi,accruals_ratio,29,106,mapped,1,point_in_time_ratios,computed,143173,0.0065656886560338445,bounded GBM-only predictor workspace; not full final model-suite importance,mapped,Feature mapped to the canonical AE-FEAT-IMPORT 11-family taxonomy.
AE-FEAT-IMPORT-006R,individual_feature_log_odds_rebuild_20260602_gbm,fund,dynamic_csi,roll_trend_5y_ebitda_margin,410,107,mapped,10,rolling_window_statistics,computed,143173,0.006539151978757922,bounded GBM-only predictor workspace; not full final model-suite importance,mapped,Feature mapped to the canonical AE-FEAT-IMPORT 11-family taxonomy.
AE-FEAT-IMPORT-006R,individual_feature_log_odds_rebuild_20260602_gbm,fund,dynamic_csi,expmean_roic,126,108,mapped,4,expanding_mean,computed,143173,0.006519219295101186,bounded GBM-only predictor workspace; not full final model-suite importance,mapped,Feature mapped to the canonical AE-FEAT-IMPORT 11-family taxonomy.
AE-FEAT-IMPORT-006R,individual_feature_log_odds_rebuild_20260602_gbm,fund,dynamic_csi,interact_lev_rate,428,109,mapped,11,price_momentum_volatility_and_macro_interactions,computed,143173,0.006272368341825111,bounded GBM-only predictor workspace; not full final model-suite importance,mapped,Feature mapped to the canonical AE-FEAT-IMPORT 11-family taxonomy.
AE-FEAT-IMPORT-006R,individual_feature_log_odds_rebuild_20260602_gbm,fund,dynamic_csi,current_ratio,20,110,mapped,1,point_in_time_ratios,computed,143173,0.006211841924164014,bounded GBM-only predictor workspace; not full final model-suite importance,mapped,Feature mapped to the canonical AE-FEAT-IMPORT 11-family taxonomy.
AE-FEAT-IMPORT-006R,individual_feature_log_odds_rebuild_20260602_gbm,fund,dynamic_csi,trough_rise_leverage,216,111,mapped,7,trough_rise,computed,143173,0.006172848233436647,bounded GBM-only predictor workspace; not full final model-suite importance,mapped,Feature mapped to the canonical AE-FEAT-IMPORT 11-family taxonomy.
AE-FEAT-IMPORT-006R,individual_feature_log_odds_rebuild_20260602_gbm,fund,dynamic_csi,log_at,34,112,mapped,1,point_in_time_ratios,computed,143173,0.00615875985453617,bounded GBM-only predictor workspace; not full final model-suite importance,mapped,Feature mapped to the canonical AE-FEAT-IMPORT 11-family taxonomy.
AE-FEAT-IMPORT-006R,individual_feature_log_odds_rebuild_20260602_gbm,fund,dynamic_csi,roll_min_5y_log_at,367,113,mapped,10,rolling_window_statistics,computed,143173,0.006135081453707309,bounded GBM-only predictor workspace; not full final model-suite importance,mapped,Feature mapped to the canonical AE-FEAT-IMPORT 11-family taxonomy.
AE-FEAT-IMPORT-006R,individual_feature_log_odds_rebuild_20260602_gbm,fund,dynamic_csi,interact_acc_hyspr,432,114,mapped,11,price_momentum_volatility_and_macro_interactions,computed,143173,0.0059679377565661175,bounded GBM-only predictor workspace; not full final model-suite importance,mapped,Feature mapped to the canonical AE-FEAT-IMPORT 11-family taxonomy.
AE-FEAT-IMPORT-006R,individual_feature_log_odds_rebuild_20260602_gbm,fund,dynamic_csi,peak_drop_wcap_ratio,210,115,mapped,6,peak_deterioration,computed,143173,0.005852956326821164,bounded GBM-only predictor workspace; not full final model-suite importance,mapped,Feature mapped to the canonical AE-FEAT-IMPORT 11-family taxonomy.
AE-FEAT-IMPORT-006R,individual_feature_log_odds_rebuild_20260602_gbm,fund,dynamic_csi,expvol_roa,162,116,mapped,5,expanding_volatility,computed,143173,0.005744116246397373,bounded GBM-only predictor workspace; not full final model-suite importance,mapped,Feature mapped to the canonical AE-FEAT-IMPORT 11-family taxonomy.
AE-FEAT-IMPORT-006R,individual_feature_log_odds_rebuild_20260602_gbm,fund,dynamic_csi,expmean_rd_intensity,148,117,mapped,4,expanding_mean,computed,143173,0.0055968816346618116,bounded GBM-only predictor workspace; not full final model-suite importance,mapped,Feature mapped to the canonical AE-FEAT-IMPORT 11-family taxonomy.
AE-FEAT-IMPORT-006R,individual_feature_log_odds_rebuild_20260602_gbm,fund,dynamic_csi,acct_mom_asset_turnover,243,118,mapped,9,accounting_momentum,computed,143173,0.005544938596281201,bounded GBM-only predictor workspace; not full final model-suite importance,mapped,Feature mapped to the canonical AE-FEAT-IMPORT 11-family taxonomy.
AE-FEAT-IMPORT-006R,individual_feature_log_odds_rebuild_20260602_gbm,fund,dynamic_csi,roll_max_3y_asset_turnover,288,119,mapped,10,rolling_window_statistics,computed,143173,0.0054801722448182206,bounded GBM-only predictor workspace; not full final model-suite importance,mapped,Feature mapped to the canonical AE-FEAT-IMPORT 11-family taxonomy.
AE-FEAT-IMPORT-006R,individual_feature_log_odds_rebuild_20260602_gbm,fund,dynamic_csi,roll_trend_5y_roic,401,120,mapped,10,rolling_window_statistics,computed,143173,0.0054575890309143055,bounded GBM-only predictor workspace; not full final model-suite importance,mapped,Feature mapped to the canonical AE-FEAT-IMPORT 11-family taxonomy.
AE-FEAT-IMPORT-006R,individual_feature_log_odds_rebuild_20260602_gbm,fund,dynamic_csi,gross_margin,11,121,mapped,1,point_in_time_ratios,computed,143173,0.005449548531478719,bounded GBM-only predictor workspace; not full final model-suite importance,mapped,Feature mapped to the canonical AE-FEAT-IMPORT 11-family taxonomy.
AE-FEAT-IMPORT-006R,individual_feature_log_odds_rebuild_20260602_gbm,fund,dynamic_csi,peak_drop_gross_margin,204,122,mapped,6,peak_deterioration,computed,143173,0.005428424553409486,bounded GBM-only predictor workspace; not full final model-suite importance,mapped,Feature mapped to the canonical AE-FEAT-IMPORT 11-family taxonomy.
AE-FEAT-IMPORT-006R,individual_feature_log_odds_rebuild_20260602_gbm,fund,dynamic_csi,roll_trend_3y_earn_yld,308,123,mapped,10,rolling_window_statistics,computed,143173,0.005366152182367588,bounded GBM-only predictor workspace; not full final model-suite importance,mapped,Feature mapped to the canonical AE-FEAT-IMPORT 11-family taxonomy.
AE-FEAT-IMPORT-006R,individual_feature_log_odds_rebuild_20260602_gbm,fund,dynamic_csi,roll_trend_5y_log_mkvalt,411,124,mapped,10,rolling_window_statistics,computed,143173,0.005356179161686061,bounded GBM-only predictor workspace; not full final model-suite importance,mapped,Feature mapped to the canonical AE-FEAT-IMPORT 11-family taxonomy.
AE-FEAT-IMPORT-006R,individual_feature_log_odds_rebuild_20260602_gbm,fund,dynamic_csi,log_emp,36,125,mapped,1,point_in_time_ratios,computed,143173,0.005327970537934361,bounded GBM-only predictor workspace; not full final model-suite importance,mapped,Feature mapped to the canonical AE-FEAT-IMPORT 11-family taxonomy.
AE-FEAT-IMPORT-006R,individual_feature_log_odds_rebuild_20260602_gbm,fund,dynamic_csi,roll_max_5y_leverage,372,126,mapped,10,rolling_window_statistics,computed,143173,0.005254051606795296,bounded GBM-only predictor workspace; not full final model-suite importance,mapped,Feature mapped to the canonical AE-FEAT-IMPORT 11-family taxonomy.
AE-FEAT-IMPORT-006R,individual_feature_log_odds_rebuild_20260602_gbm,fund,dynamic_csi,expvol_earn_yld,160,127,mapped,5,expanding_volatility,computed,143173,0.005252404766763783,bounded GBM-only predictor workspace; not full final model-suite importance,mapped,Feature mapped to the canonical AE-FEAT-IMPORT 11-family taxonomy.
AE-FEAT-IMPORT-006R,individual_feature_log_odds_rebuild_20260602_gbm,fund,dynamic_csi,yoy_ebit_roa,51,128,mapped,2,yoy_changes,computed,143173,0.005221044250401825,bounded GBM-only predictor workspace; not full final model-suite importance,mapped,Feature mapped to the canonical AE-FEAT-IMPORT 11-family taxonomy.
AE-FEAT-IMPORT-006R,individual_feature_log_odds_rebuild_20260602_gbm,fund,dynamic_csi,roll_min_3y_accruals_ratio,272,129,mapped,10,rolling_window_statistics,computed,143173,0.005167849751411851,bounded GBM-only predictor workspace; not full final model-suite importance,mapped,Feature mapped to the canonical AE-FEAT-IMPORT 11-family taxonomy.
AE-FEAT-IMPORT-006R,individual_feature_log_odds_rebuild_20260602_gbm,fund,dynamic_csi,roll_mean_3y_gross_margin,259,130,mapped,10,rolling_window_statistics,computed,143173,0.005120746391837537,bounded GBM-only predictor workspace; not full final model-suite importance,mapped,Feature mapped to the canonical AE-FEAT-IMPORT 11-family taxonomy.
AE-FEAT-IMPORT-006R,individual_feature_log_odds_rebuild_20260602_gbm,fund,dynamic_csi,expmean_ebitda_margin,129,131,mapped,4,expanding_mean,computed,143173,0.00506996638040106,bounded GBM-only predictor workspace; not full final model-suite importance,mapped,Feature mapped to the canonical AE-FEAT-IMPORT 11-family taxonomy.
AE-FEAT-IMPORT-006R,individual_feature_log_odds_rebuild_20260602_gbm,fund,dynamic_csi,roll_sd_3y_asset_turnover,303,132,mapped,10,rolling_window_statistics,computed,143173,0.005045325864664924,bounded GBM-only predictor workspace; not full final model-suite importance,mapped,Feature mapped to the canonical AE-FEAT-IMPORT 11-family taxonomy.
AE-FEAT-IMPORT-006R,individual_feature_log_odds_rebuild_20260602_gbm,fund,dynamic_csi,roll_mean_5y_leverage,342,133,mapped,10,rolling_window_statistics,computed,143173,0.005021424695083303,bounded GBM-only predictor workspace; not full final model-suite importance,mapped,Feature mapped to the canonical AE-FEAT-IMPORT 11-family taxonomy.
AE-FEAT-IMPORT-006R,individual_feature_log_odds_rebuild_20260602_gbm,fund,dynamic_csi,assets_per_emp,38,134,mapped,1,point_in_time_ratios,computed,143173,0.0050004361283954675,bounded GBM-only predictor workspace; not full final model-suite importance,mapped,Feature mapped to the canonical AE-FEAT-IMPORT 11-family taxonomy.
AE-FEAT-IMPORT-006R,individual_feature_log_odds_rebuild_20260602_gbm,fund,dynamic_csi,asset_turnover,30,135,mapped,1,point_in_time_ratios,computed,143173,0.004775040079107893,bounded GBM-only predictor workspace; not full final model-suite importance,mapped,Feature mapped to the canonical AE-FEAT-IMPORT 11-family taxonomy.
AE-FEAT-IMPORT-006R,individual_feature_log_odds_rebuild_20260602_gbm,fund,dynamic_csi,expmean_ocf_margin,130,136,mapped,4,expanding_mean,computed,143173,0.0046878806526555895,bounded GBM-only predictor workspace; not full final model-suite importance,mapped,Feature mapped to the canonical AE-FEAT-IMPORT 11-family taxonomy.
AE-FEAT-IMPORT-006R,individual_feature_log_odds_rebuild_20260602_gbm,fund,dynamic_csi,roll_mean_5y_log_at,352,137,mapped,10,rolling_window_statistics,computed,143173,0.004680707520589777,bounded GBM-only predictor workspace; not full final model-suite importance,mapped,Feature mapped to the canonical AE-FEAT-IMPORT 11-family taxonomy.
AE-FEAT-IMPORT-006R,individual_feature_log_odds_rebuild_20260602_gbm,fund,dynamic_csi,std_debt_pct,16,138,mapped,1,point_in_time_ratios,computed,143173,0.0046576050039970965,bounded GBM-only predictor workspace; not full final model-suite importance,mapped,Feature mapped to the canonical AE-FEAT-IMPORT 11-family taxonomy.
AE-FEAT-IMPORT-006R,individual_feature_log_odds_rebuild_20260602_gbm,fund,dynamic_csi,roll_sd_3y_log_at,307,139,mapped,10,rolling_window_statistics,computed,143173,0.004635619083793276,bounded GBM-only predictor workspace; not full final model-suite importance,mapped,Feature mapped to the canonical AE-FEAT-IMPORT 11-family taxonomy.
AE-FEAT-IMPORT-006R,individual_feature_log_odds_rebuild_20260602_gbm,fund,dynamic_csi,ev_to_sales,25,140,mapped,1,point_in_time_ratios,computed,143173,0.004631400254050195,bounded GBM-only predictor workspace; not full final model-suite importance,mapped,Feature mapped to the canonical AE-FEAT-IMPORT 11-family taxonomy.
AE-FEAT-IMPORT-006R,individual_feature_log_odds_rebuild_20260602_gbm,fund,dynamic_csi,yoy_mkt_to_book,68,141,mapped,2,yoy_changes,computed,143173,0.004561849628999408,bounded GBM-only predictor workspace; not full final model-suite importance,mapped,Feature mapped to the canonical AE-FEAT-IMPORT 11-family taxonomy.
AE-FEAT-IMPORT-006R,individual_feature_log_odds_rebuild_20260602_gbm,fund,dynamic_csi,yoy_earn_yld,46,142,mapped,2,yoy_changes,computed,143173,0.004537397107706445,bounded GBM-only predictor workspace; not full final model-suite importance,mapped,Feature mapped to the canonical AE-FEAT-IMPORT 11-family taxonomy.
AE-FEAT-IMPORT-006R,individual_feature_log_odds_rebuild_20260602_gbm,fund,dynamic_csi,yoy_interest_cov,59,143,mapped,2,yoy_changes,computed,143173,0.0044184114383789075,bounded GBM-only predictor workspace; not full final model-suite importance,mapped,Feature mapped to the canonical AE-FEAT-IMPORT 11-family taxonomy.
AE-FEAT-IMPORT-006R,individual_feature_log_odds_rebuild_20260602_gbm,fund,dynamic_csi,roll_min_3y_log_mkvalt,276,144,mapped,10,rolling_window_statistics,computed,143173,0.004399023124856194,bounded GBM-only predictor workspace; not full final model-suite importance,mapped,Feature mapped to the canonical AE-FEAT-IMPORT 11-family taxonomy.
AE-FEAT-IMPORT-006R,individual_feature_log_odds_rebuild_20260602_gbm,fund,dynamic_csi,roll_max_3y_ebitda_margin,290,145,mapped,10,rolling_window_statistics,computed,143173,0.004296005786881715,bounded GBM-only predictor workspace; not full final model-suite importance,mapped,Feature mapped to the canonical AE-FEAT-IMPORT 11-family taxonomy.
AE-FEAT-IMPORT-006R,individual_feature_log_odds_rebuild_20260602_gbm,fund,dynamic_csi,roll_sd_3y_log_mkvalt,306,146,mapped,10,rolling_window_statistics,computed,143173,0.0042591309389744,bounded GBM-only predictor workspace; not full final model-suite importance,mapped,Feature mapped to the canonical AE-FEAT-IMPORT 11-family taxonomy.
AE-FEAT-IMPORT-006R,individual_feature_log_odds_rebuild_20260602_gbm,fund,dynamic_csi,peak_drop_log_emp,215,147,mapped,6,peak_deterioration,computed,143173,0.004167399449318291,bounded GBM-only predictor workspace; not full final model-suite importance,mapped,Feature mapped to the canonical AE-FEAT-IMPORT 11-family taxonomy.
AE-FEAT-IMPORT-006R,individual_feature_log_odds_rebuild_20260602_gbm,fund,dynamic_csi,expvol_roic,164,148,mapped,5,expanding_volatility,computed,143173,0.004166827264697081,bounded GBM-only predictor workspace; not full final model-suite importance,mapped,Feature mapped to the canonical AE-FEAT-IMPORT 11-family taxonomy.
AE-FEAT-IMPORT-006R,individual_feature_log_odds_rebuild_20260602_gbm,fund,dynamic_csi,roll_mean_3y_log_mkvalt,261,149,mapped,10,rolling_window_statistics,computed,143173,0.004099396205033504,bounded GBM-only predictor workspace; not full final model-suite importance,mapped,Feature mapped to the canonical AE-FEAT-IMPORT 11-family taxonomy.
AE-FEAT-IMPORT-006R,individual_feature_log_odds_rebuild_20260602_gbm,fund,dynamic_csi,roll_max_3y_leverage,282,150,mapped,10,rolling_window_statistics,computed,143173,0.004016609203338067,bounded GBM-only predictor workspace; not full final model-suite importance,mapped,Feature mapped to the canonical AE-FEAT-IMPORT 11-family taxonomy.
AE-FEAT-IMPORT-006R,individual_feature_log_odds_rebuild_20260602_gbm,fund,dynamic_csi,roll_max_3y_accruals_ratio,287,151,mapped,10,rolling_window_statistics,computed,143173,0.00398615556320219,bounded GBM-only predictor workspace; not full final model-suite importance,mapped,Feature mapped to the canonical AE-FEAT-IMPORT 11-family taxonomy.
AE-FEAT-IMPORT-006R,individual_feature_log_odds_rebuild_20260602_gbm,fund,dynamic_csi,roll_mean_5y_accruals_ratio,347,152,mapped,10,rolling_window_statistics,computed,143173,0.0039656373755105915,bounded GBM-only predictor workspace; not full final model-suite importance,mapped,Feature mapped to the canonical AE-FEAT-IMPORT 11-family taxonomy.
AE-FEAT-IMPORT-006R,individual_feature_log_odds_rebuild_20260602_gbm,fund,dynamic_csi,roll_trend_5y_gross_margin,409,153,mapped,10,rolling_window_statistics,computed,143173,0.0038612761390934723,bounded GBM-only predictor workspace; not full final model-suite importance,mapped,Feature mapped to the canonical AE-FEAT-IMPORT 11-family taxonomy.
AE-FEAT-IMPORT-006R,individual_feature_log_odds_rebuild_20260602_gbm,fund,dynamic_csi,expmean_capex_intensity,147,154,mapped,4,expanding_mean,computed,143173,0.0037792621178263847,bounded GBM-only predictor workspace; not full final model-suite importance,mapped,Feature mapped to the canonical AE-FEAT-IMPORT 11-family taxonomy.
AE-FEAT-IMPORT-006R,individual_feature_log_odds_rebuild_20260602_gbm,fund,dynamic_csi,roll_max_3y_log_mkvalt,291,155,mapped,10,rolling_window_statistics,computed,143173,0.003776642977805143,bounded GBM-only predictor workspace; not full final model-suite importance,mapped,Feature mapped to the canonical AE-FEAT-IMPORT 11-family taxonomy.
AE-FEAT-IMPORT-006R,individual_feature_log_odds_rebuild_20260602_gbm,fund,dynamic_csi,roll_autocorr_3y_log_mkvalt,336,156,mapped,10,rolling_window_statistics,computed,143173,0.0037752193664550575,bounded GBM-only predictor workspace; not full final model-suite importance,mapped,Feature mapped to the canonical AE-FEAT-IMPORT 11-family taxonomy.
AE-FEAT-IMPORT-006R,individual_feature_log_odds_rebuild_20260602_gbm,fund,dynamic_csi,accel_ni_per_emp,117,157,mapped,3,acceleration,computed,143173,0.0036952351565950354,bounded GBM-only predictor workspace; not full final model-suite importance,mapped,Feature mapped to the canonical AE-FEAT-IMPORT 11-family taxonomy.
AE-FEAT-IMPORT-006R,individual_feature_log_odds_rebuild_20260602_gbm,fund,dynamic_csi,roll_min_5y_net_debt_ebitda,358,158,mapped,10,rolling_window_statistics,computed,143173,0.0036073607755988412,bounded GBM-only predictor workspace; not full final model-suite importance,mapped,Feature mapped to the canonical AE-FEAT-IMPORT 11-family taxonomy.
AE-FEAT-IMPORT-006R,individual_feature_log_odds_rebuild_20260602_gbm,fund,dynamic_csi,yoy_ev_to_sales,66,159,mapped,2,yoy_changes,computed,143173,0.0035648480337574892,bounded GBM-only predictor workspace; not full final model-suite importance,mapped,Feature mapped to the canonical AE-FEAT-IMPORT 11-family taxonomy.
AE-FEAT-IMPORT-006R,individual_feature_log_odds_rebuild_20260602_gbm,fund,dynamic_csi,roll_sd_5y_ocf_per_share,384,160,mapped,10,rolling_window_statistics,computed,143173,0.0035384467956530363,bounded GBM-only predictor workspace; not full final model-suite importance,mapped,Feature mapped to the canonical AE-FEAT-IMPORT 11-family taxonomy.
AE-FEAT-IMPORT-006R,individual_feature_log_odds_rebuild_20260602_gbm,fund,dynamic_csi,roll_max_5y_accruals_ratio,377,161,mapped,10,rolling_window_statistics,computed,143173,0.003535371014448702,bounded GBM-only predictor workspace; not full final model-suite importance,mapped,Feature mapped to the canonical AE-FEAT-IMPORT 11-family taxonomy.
AE-FEAT-IMPORT-006R,individual_feature_log_odds_rebuild_20260602_gbm,fund,dynamic_csi,roll_sd_3y_leverage,297,162,mapped,10,rolling_window_statistics,computed,143173,0.003493664938312518,bounded GBM-only predictor workspace; not full final model-suite importance,mapped,Feature mapped to the canonical AE-FEAT-IMPORT 11-family taxonomy.
AE-FEAT-IMPORT-006R,individual_feature_log_odds_rebuild_20260602_gbm,fund,dynamic_csi,expvol_ebit_roa,165,163,mapped,5,expanding_volatility,computed,143173,0.0034289741190845512,bounded GBM-only predictor workspace; not full final model-suite importance,mapped,Feature mapped to the canonical AE-FEAT-IMPORT 11-family taxonomy.
AE-FEAT-IMPORT-006R,individual_feature_log_odds_rebuild_20260602_gbm,fund,dynamic_csi,yoy_altman_z,82,164,mapped,2,yoy_changes,computed,143173,0.003402048506747228,bounded GBM-only predictor workspace; not full final model-suite importance,mapped,Feature mapped to the canonical AE-FEAT-IMPORT 11-family taxonomy.
AE-FEAT-IMPORT-006R,individual_feature_log_odds_rebuild_20260602_gbm,fund,dynamic_csi,roll_min_3y_current_ratio,270,165,mapped,10,rolling_window_statistics,computed,143173,0.0033959556121562887,bounded GBM-only predictor workspace; not full final model-suite importance,mapped,Feature mapped to the canonical AE-FEAT-IMPORT 11-family taxonomy.
AE-FEAT-IMPORT-006R,individual_feature_log_odds_rebuild_20260602_gbm,fund,dynamic_csi,acct_mom_roic,236,166,mapped,9,accounting_momentum,computed,143173,0.0033848670123031565,bounded GBM-only predictor workspace; not full final model-suite importance,mapped,Feature mapped to the canonical AE-FEAT-IMPORT 11-family taxonomy.
AE-FEAT-IMPORT-006R,individual_feature_log_odds_rebuild_20260602_gbm,fund,dynamic_csi,roll_autocorr_5y_net_debt_ebitda,418,167,mapped,10,rolling_window_statistics,computed,143173,0.0032993983500692625,bounded GBM-only predictor workspace; not full final model-suite importance,mapped,Feature mapped to the canonical AE-FEAT-IMPORT 11-family taxonomy.
AE-FEAT-IMPORT-006R,individual_feature_log_odds_rebuild_20260602_gbm,fund,dynamic_csi,roll_min_5y_ebitda_margin,365,168,mapped,10,rolling_window_statistics,computed,143173,0.003198042374597375,bounded GBM-only predictor workspace; not full final model-suite importance,mapped,Feature mapped to the canonical AE-FEAT-IMPORT 11-family taxonomy.
AE-FEAT-IMPORT-006R,individual_feature_log_odds_rebuild_20260602_gbm,fund,dynamic_csi,roll_max_5y_net_debt_ebitda,373,169,mapped,10,rolling_window_statistics,computed,143173,0.003189142015354686,bounded GBM-only predictor workspace; not full final model-suite importance,mapped,Feature mapped to the canonical AE-FEAT-IMPORT 11-family taxonomy.
AE-FEAT-IMPORT-006R,individual_feature_log_odds_rebuild_20260602_gbm,fund,dynamic_csi,expvol_altman_z2,194,170,mapped,5,expanding_volatility,computed,143173,0.0031313115202484566,bounded GBM-only predictor workspace; not full final model-suite importance,mapped,Feature mapped to the canonical AE-FEAT-IMPORT 11-family taxonomy.
AE-FEAT-IMPORT-006R,individual_feature_log_odds_rebuild_20260602_gbm,fund,dynamic_csi,expvol_eff_int_rate,172,171,mapped,5,expanding_volatility,computed,143173,0.003089333387925271,bounded GBM-only predictor workspace; not full final model-suite importance,mapped,Feature mapped to the canonical AE-FEAT-IMPORT 11-family taxonomy.
AE-FEAT-IMPORT-006R,individual_feature_log_odds_rebuild_20260602_gbm,fund,dynamic_csi,consec_decline_interest_cov,228,172,mapped,8,consecutive_declines,computed,143173,0.003000930299068732,bounded GBM-only predictor workspace; not full final model-suite importance,mapped,Feature mapped to the canonical AE-FEAT-IMPORT 11-family taxonomy.
AE-FEAT-IMPORT-006R,individual_feature_log_odds_rebuild_20260602_gbm,fund,dynamic_csi,roll_trend_5y_cash_pct_act,406,173,mapped,10,rolling_window_statistics,computed,143173,0.002983112055973609,bounded GBM-only predictor workspace; not full final model-suite importance,mapped,Feature mapped to the canonical AE-FEAT-IMPORT 11-family taxonomy.
AE-FEAT-IMPORT-006R,individual_feature_log_odds_rebuild_20260602_gbm,fund,dynamic_csi,roll_trend_3y_log_mkvalt,321,174,mapped,10,rolling_window_statistics,computed,143173,0.0029509541158251685,bounded GBM-only predictor workspace; not full final model-suite importance,mapped,Feature mapped to the canonical AE-FEAT-IMPORT 11-family taxonomy.
AE-FEAT-IMPORT-006R,individual_feature_log_odds_rebuild_20260602_gbm,fund,dynamic_csi,acct_mom_ebitda_margin,245,175,mapped,9,accounting_momentum,computed,143173,0.0029248036979424735,bounded GBM-only predictor workspace; not full final model-suite importance,mapped,Feature mapped to the canonical AE-FEAT-IMPORT 11-family taxonomy.
AE-FEAT-IMPORT-006R,individual_feature_log_odds_rebuild_20260602_gbm,fund,dynamic_csi,acct_mom_cash_pct_act,241,176,mapped,9,accounting_momentum,computed,143173,0.0029221665290519333,bounded GBM-only predictor workspace; not full final model-suite importance,mapped,Feature mapped to the canonical AE-FEAT-IMPORT 11-family taxonomy.
AE-FEAT-IMPORT-006R,individual_feature_log_odds_rebuild_20260602_gbm,fund,dynamic_csi,roll_max_5y_cash_pct_act,376,177,mapped,10,rolling_window_statistics,computed,143173,0.0029128844748629763,bounded GBM-only predictor workspace; not full final model-suite importance,mapped,Feature mapped to the canonical AE-FEAT-IMPORT 11-family taxonomy.
AE-FEAT-IMPORT-006R,individual_feature_log_odds_rebuild_20260602_gbm,fund,dynamic_csi,expvol_rental_ratio,191,178,mapped,5,expanding_volatility,computed,143173,0.002892615898794389,bounded GBM-only predictor workspace; not full final model-suite importance,mapped,Feature mapped to the canonical AE-FEAT-IMPORT 11-family taxonomy.
AE-FEAT-IMPORT-006R,individual_feature_log_odds_rebuild_20260602_gbm,fund,dynamic_csi,yoy_current_ratio,61,179,mapped,2,yoy_changes,computed,143173,0.002891333068453725,bounded GBM-only predictor workspace; not full final model-suite importance,mapped,Feature mapped to the canonical AE-FEAT-IMPORT 11-family taxonomy.
AE-FEAT-IMPORT-006R,individual_feature_log_odds_rebuild_20260602_gbm,fund,dynamic_csi,roll_trend_5y_asset_turnover,408,180,mapped,10,rolling_window_statistics,computed,143173,0.0028759355961157336,bounded GBM-only predictor workspace; not full final model-suite importance,mapped,Feature mapped to the canonical AE-FEAT-IMPORT 11-family taxonomy.
AE-FEAT-IMPORT-006R,individual_feature_log_odds_rebuild_20260602_gbm,fund,dynamic_csi,roll_sd_5y_leverage,387,181,mapped,10,rolling_window_statistics,computed,143173,0.002870637443808845,bounded GBM-only predictor workspace; not full final model-suite importance,mapped,Feature mapped to the canonical AE-FEAT-IMPORT 11-family taxonomy.
AE-FEAT-IMPORT-006R,individual_feature_log_odds_rebuild_20260602_gbm,fund,dynamic_csi,expmean_log_at,150,182,mapped,4,expanding_mean,computed,143173,0.0028526985729700315,bounded GBM-only predictor workspace; not full final model-suite importance,mapped,Feature mapped to the canonical AE-FEAT-IMPORT 11-family taxonomy.
AE-FEAT-IMPORT-006R,individual_feature_log_odds_rebuild_20260602_gbm,fund,dynamic_csi,peak_drop_ocf_margin,206,183,mapped,6,peak_deterioration,computed,143173,0.0028484513111437433,bounded GBM-only predictor workspace; not full final model-suite importance,mapped,Feature mapped to the canonical AE-FEAT-IMPORT 11-family taxonomy.
AE-FEAT-IMPORT-006R,individual_feature_log_odds_rebuild_20260602_gbm,fund,dynamic_csi,accel_altman_z4,119,184,mapped,3,acceleration,computed,143173,0.0028037313995680005,bounded GBM-only predictor workspace; not full final model-suite importance,mapped,Feature mapped to the canonical AE-FEAT-IMPORT 11-family taxonomy.
AE-FEAT-IMPORT-006R,individual_feature_log_odds_rebuild_20260602_gbm,fund,dynamic_csi,roll_trend_3y_roic,311,185,mapped,10,rolling_window_statistics,computed,143173,0.002800439841311534,bounded GBM-only predictor workspace; not full final model-suite importance,mapped,Feature mapped to the canonical AE-FEAT-IMPORT 11-family taxonomy.
AE-FEAT-IMPORT-006R,individual_feature_log_odds_rebuild_20260602_gbm,fund,dynamic_csi,roll_min_3y_asset_turnover,273,186,mapped,10,rolling_window_statistics,computed,143173,0.0027642786510016235,bounded GBM-only predictor workspace; not full final model-suite importance,mapped,Feature mapped to the canonical AE-FEAT-IMPORT 11-family taxonomy.
AE-FEAT-IMPORT-006R,individual_feature_log_odds_rebuild_20260602_gbm,fund,dynamic_csi,roll_sd_3y_accruals_ratio,302,187,mapped,10,rolling_window_statistics,computed,143173,0.002734942363954809,bounded GBM-only predictor workspace; not full final model-suite importance,mapped,Feature mapped to the canonical AE-FEAT-IMPORT 11-family taxonomy.
AE-FEAT-IMPORT-006R,individual_feature_log_odds_rebuild_20260602_gbm,fund,dynamic_csi,roll_mean_3y_asset_turnover,258,188,mapped,10,rolling_window_statistics,computed,143173,0.00273067151625899,bounded GBM-only predictor workspace; not full final model-suite importance,mapped,Feature mapped to the canonical AE-FEAT-IMPORT 11-family taxonomy.
AE-FEAT-IMPORT-006R,individual_feature_log_odds_rebuild_20260602_gbm,fund,dynamic_csi,expmean_quick_ratio,138,189,mapped,4,expanding_mean,computed,143173,0.002676731582093798,bounded GBM-only predictor workspace; not full final model-suite importance,mapped,Feature mapped to the canonical AE-FEAT-IMPORT 11-family taxonomy.
AE-FEAT-IMPORT-006R,individual_feature_log_odds_rebuild_20260602_gbm,fund,dynamic_csi,roll_mean_3y_ebitda_margin,260,190,mapped,10,rolling_window_statistics,computed,143173,0.002608737504592699,bounded GBM-only predictor workspace; not full final model-suite importance,mapped,Feature mapped to the canonical AE-FEAT-IMPORT 11-family taxonomy.
AE-FEAT-IMPORT-006R,individual_feature_log_odds_rebuild_20260602_gbm,fund,dynamic_csi,roll_sd_3y_ocf_per_share,294,191,mapped,10,rolling_window_statistics,computed,143173,0.002572172783541525,bounded GBM-only predictor workspace; not full final model-suite importance,mapped,Feature mapped to the canonical AE-FEAT-IMPORT 11-family taxonomy.
AE-FEAT-IMPORT-006R,individual_feature_log_odds_rebuild_20260602_gbm,fund,dynamic_csi,roll_mean_5y_log_mkvalt,351,192,mapped,10,rolling_window_statistics,computed,143173,0.002567612238444967,bounded GBM-only predictor workspace; not full final model-suite importance,mapped,Feature mapped to the canonical AE-FEAT-IMPORT 11-family taxonomy.
AE-FEAT-IMPORT-006R,individual_feature_log_odds_rebuild_20260602_gbm,fund,dynamic_csi,roll_mean_3y_leverage,252,193,mapped,10,rolling_window_statistics,computed,143173,0.002528435297404794,bounded GBM-only predictor workspace; not full final model-suite importance,mapped,Feature mapped to the canonical AE-FEAT-IMPORT 11-family taxonomy.
AE-FEAT-IMPORT-006R,individual_feature_log_odds_rebuild_20260602_gbm,fund,dynamic_csi,roll_sd_5y_gross_margin,394,194,mapped,10,rolling_window_statistics,computed,143173,0.0025259359184196563,bounded GBM-only predictor workspace; not full final model-suite importance,mapped,Feature mapped to the canonical AE-FEAT-IMPORT 11-family taxonomy.
AE-FEAT-IMPORT-006R,individual_feature_log_odds_rebuild_20260602_gbm,fund,dynamic_csi,roll_trend_3y_ebitda_margin,320,195,mapped,10,rolling_window_statistics,computed,143173,0.0025173808060822327,bounded GBM-only predictor workspace; not full final model-suite importance,mapped,Feature mapped to the canonical AE-FEAT-IMPORT 11-family taxonomy.
AE-FEAT-IMPORT-006R,individual_feature_log_odds_rebuild_20260602_gbm,fund,dynamic_csi,roll_max_3y_interest_cov,284,196,mapped,10,rolling_window_statistics,computed,143173,0.0025097906040830523,bounded GBM-only predictor workspace; not full final model-suite importance,mapped,Feature mapped to the canonical AE-FEAT-IMPORT 11-family taxonomy.
AE-FEAT-IMPORT-006R,individual_feature_log_odds_rebuild_20260602_gbm,fund,dynamic_csi,accel_reinvest_rate,111,197,mapped,3,acceleration,computed,143173,0.002467117645526334,bounded GBM-only predictor workspace; not full final model-suite importance,mapped,Feature mapped to the canonical AE-FEAT-IMPORT 11-family taxonomy.
AE-FEAT-IMPORT-006R,individual_feature_log_odds_rebuild_20260602_gbm,fund,dynamic_csi,roll_min_5y_cash_pct_act,361,198,mapped,10,rolling_window_statistics,computed,143173,0.002460164673113594,bounded GBM-only predictor workspace; not full final model-suite importance,mapped,Feature mapped to the canonical AE-FEAT-IMPORT 11-family taxonomy.
AE-FEAT-IMPORT-006R,individual_feature_log_odds_rebuild_20260602_gbm,fund,dynamic_csi,peak_drop_roic,202,199,mapped,6,peak_deterioration,computed,143173,0.00244823384708412,bounded GBM-only predictor workspace; not full final model-suite importance,mapped,Feature mapped to the canonical AE-FEAT-IMPORT 11-family taxonomy.
AE-FEAT-IMPORT-006R,individual_feature_log_odds_rebuild_20260602_gbm,fund,dynamic_csi,roll_min_3y_log_at,277,200,mapped,10,rolling_window_statistics,computed,143173,0.0023879585729924477,bounded GBM-only predictor workspace; not full final model-suite importance,mapped,Feature mapped to the canonical AE-FEAT-IMPORT 11-family taxonomy.
AE-FEAT-IMPORT-006R,individual_feature_log_odds_rebuild_20260602_gbm,fund,dynamic_csi,expvol_accruals_ratio,183,201,mapped,5,expanding_volatility,computed,143173,0.0023846762846515255,bounded GBM-only predictor workspace; not full final model-suite importance,mapped,Feature mapped to the canonical AE-FEAT-IMPORT 11-family taxonomy.
AE-FEAT-IMPORT-006R,individual_feature_log_odds_rebuild_20260602_gbm,fund,dynamic_csi,acct_mom_roa,235,202,mapped,9,accounting_momentum,computed,143173,0.0023703343934812107,bounded GBM-only predictor workspace; not full final model-suite importance,mapped,Feature mapped to the canonical AE-FEAT-IMPORT 11-family taxonomy.
AE-FEAT-IMPORT-006R,individual_feature_log_odds_rebuild_20260602_gbm,fund,dynamic_csi,roll_max_5y_roic,371,203,mapped,10,rolling_window_statistics,computed,143173,0.002331467331980921,bounded GBM-only predictor workspace; not full final model-suite importance,mapped,Feature mapped to the canonical AE-FEAT-IMPORT 11-family taxonomy.
AE-FEAT-IMPORT-006R,individual_feature_log_odds_rebuild_20260602_gbm,fund,dynamic_csi,accel_capex_intensity,109,204,mapped,3,acceleration,computed,143173,0.002306178796925003,bounded GBM-only predictor workspace; not full final model-suite importance,mapped,Feature mapped to the canonical AE-FEAT-IMPORT 11-family taxonomy.
AE-FEAT-IMPORT-006R,individual_feature_log_odds_rebuild_20260602_gbm,fund,dynamic_csi,roll_mean_5y_current_ratio,345,205,mapped,10,rolling_window_statistics,computed,143173,0.0022996644044157772,bounded GBM-only predictor workspace; not full final model-suite importance,mapped,Feature mapped to the canonical AE-FEAT-IMPORT 11-family taxonomy.
AE-FEAT-IMPORT-006R,individual_feature_log_odds_rebuild_20260602_gbm,fund,dynamic_csi,accel_ocf_margin,92,206,mapped,3,acceleration,computed,143173,0.0022949424631031157,bounded GBM-only predictor workspace; not full final model-suite importance,mapped,Feature mapped to the canonical AE-FEAT-IMPORT 11-family taxonomy.
AE-FEAT-IMPORT-006R,individual_feature_log_odds_rebuild_20260602_gbm,fund,dynamic_csi,yoy_leverage,55,207,mapped,2,yoy_changes,computed,143173,0.0022874154911068016,bounded GBM-only predictor workspace; not full final model-suite importance,mapped,Feature mapped to the canonical AE-FEAT-IMPORT 11-family taxonomy.
AE-FEAT-IMPORT-006R,individual_feature_log_odds_rebuild_20260602_gbm,fund,dynamic_csi,roll_autocorr_3y_gross_margin,334,208,mapped,10,rolling_window_statistics,computed,143173,0.0022798871372186275,bounded GBM-only predictor workspace; not full final model-suite importance,mapped,Feature mapped to the canonical AE-FEAT-IMPORT 11-family taxonomy.
AE-FEAT-IMPORT-006R,individual_feature_log_odds_rebuild_20260602_gbm,fund,dynamic_csi,yoy_rental_ratio,77,209,mapped,2,yoy_changes,computed,143173,0.002269218605914068,bounded GBM-only predictor workspace; not full final model-suite importance,mapped,Feature mapped to the canonical AE-FEAT-IMPORT 11-family taxonomy.
AE-FEAT-IMPORT-006R,individual_feature_log_odds_rebuild_20260602_gbm,fund,dynamic_csi,roll_trend_3y_log_at,322,210,mapped,10,rolling_window_statistics,computed,143173,0.0022539169824789913,bounded GBM-only predictor workspace; not full final model-suite importance,mapped,Feature mapped to the canonical AE-FEAT-IMPORT 11-family taxonomy.
AE-FEAT-IMPORT-006R,individual_feature_log_odds_rebuild_20260602_gbm,fund,dynamic_csi,roll_mean_3y_net_debt_ebitda,253,211,mapped,10,rolling_window_statistics,computed,143173,0.002243395922922222,bounded GBM-only predictor workspace; not full final model-suite importance,mapped,Feature mapped to the canonical AE-FEAT-IMPORT 11-family taxonomy.
AE-FEAT-IMPORT-006R,individual_feature_log_odds_rebuild_20260602_gbm,fund,dynamic_csi,roll_min_3y_leverage,267,212,mapped,10,rolling_window_statistics,computed,143173,0.0022340791909359935,bounded GBM-only predictor workspace; not full final model-suite importance,mapped,Feature mapped to the canonical AE-FEAT-IMPORT 11-family taxonomy.
AE-FEAT-IMPORT-006R,individual_feature_log_odds_rebuild_20260602_gbm,fund,dynamic_csi,recession,441,213,mapped,1,point_in_time_ratios,computed,143173,0.00220042431045747,bounded GBM-only predictor workspace; not full final model-suite importance,mapped,Feature mapped to the canonical AE-FEAT-IMPORT 11-family taxonomy.
AE-FEAT-IMPORT-006R,individual_feature_log_odds_rebuild_20260602_gbm,fund,dynamic_csi,roll_trend_3y_gross_margin,319,214,mapped,10,rolling_window_statistics,computed,143173,0.002158225558584589,bounded GBM-only predictor workspace; not full final model-suite importance,mapped,Feature mapped to the canonical AE-FEAT-IMPORT 11-family taxonomy.
AE-FEAT-IMPORT-006R,individual_feature_log_odds_rebuild_20260602_gbm,fund,dynamic_csi,roll_sd_3y_ebitda_margin,305,215,mapped,10,rolling_window_statistics,computed,143173,0.002135064296521426,bounded GBM-only predictor workspace; not full final model-suite importance,mapped,Feature mapped to the canonical AE-FEAT-IMPORT 11-family taxonomy.
AE-FEAT-IMPORT-006R,individual_feature_log_odds_rebuild_20260602_gbm,fund,dynamic_csi,consec_decline_roic,226,216,mapped,8,consecutive_declines,computed,143173,0.002128812163585431,bounded GBM-only predictor workspace; not full final model-suite importance,mapped,Feature mapped to the canonical AE-FEAT-IMPORT 11-family taxonomy.
AE-FEAT-IMPORT-006R,individual_feature_log_odds_rebuild_20260602_gbm,fund,dynamic_csi,roll_mean_3y_roic,251,217,mapped,10,rolling_window_statistics,computed,143173,0.0021287500024703594,bounded GBM-only predictor workspace; not full final model-suite importance,mapped,Feature mapped to the canonical AE-FEAT-IMPORT 11-family taxonomy.
AE-FEAT-IMPORT-006R,individual_feature_log_odds_rebuild_20260602_gbm,fund,dynamic_csi,expvol_invest_st_ratio,197,218,mapped,5,expanding_volatility,computed,143173,0.0021070979306352126,bounded GBM-only predictor workspace; not full final model-suite importance,mapped,Feature mapped to the canonical AE-FEAT-IMPORT 11-family taxonomy.
AE-FEAT-IMPORT-006R,individual_feature_log_odds_rebuild_20260602_gbm,fund,dynamic_csi,yoy_altman_z4,81,219,mapped,2,yoy_changes,computed,143173,0.002097038779645876,bounded GBM-only predictor workspace; not full final model-suite importance,mapped,Feature mapped to the canonical AE-FEAT-IMPORT 11-family taxonomy.
AE-FEAT-IMPORT-006R,individual_feature_log_odds_rebuild_20260602_gbm,fund,dynamic_csi,accel_std_debt_pct,95,220,mapped,3,acceleration,computed,143173,0.0020650137853829085,bounded GBM-only predictor workspace; not full final model-suite importance,mapped,Feature mapped to the canonical AE-FEAT-IMPORT 11-family taxonomy.
AE-FEAT-IMPORT-006R,individual_feature_log_odds_rebuild_20260602_gbm,fund,dynamic_csi,expmean_log_emp,152,221,mapped,4,expanding_mean,computed,143173,0.0020620265408157912,bounded GBM-only predictor workspace; not full final model-suite importance,mapped,Feature mapped to the canonical AE-FEAT-IMPORT 11-family taxonomy.
AE-FEAT-IMPORT-006R,individual_feature_log_odds_rebuild_20260602_gbm,fund,dynamic_csi,expmean_reinvest_rate,149,222,mapped,4,expanding_mean,computed,143173,0.0020516281530256865,bounded GBM-only predictor workspace; not full final model-suite importance,mapped,Feature mapped to the canonical AE-FEAT-IMPORT 11-family taxonomy.
AE-FEAT-IMPORT-006R,individual_feature_log_odds_rebuild_20260602_gbm,fund,dynamic_csi,roll_trend_5y_earn_yld,398,223,mapped,10,rolling_window_statistics,computed,143173,0.0020105725283946665,bounded GBM-only predictor workspace; not full final model-suite importance,mapped,Feature mapped to the canonical AE-FEAT-IMPORT 11-family taxonomy.
AE-FEAT-IMPORT-006R,individual_feature_log_odds_rebuild_20260602_gbm,fund,dynamic_csi,expmean_ebit_roa,127,224,mapped,4,expanding_mean,computed,143173,0.0020087967065146135,bounded GBM-only predictor workspace; not full final model-suite importance,mapped,Feature mapped to the canonical AE-FEAT-IMPORT 11-family taxonomy.
AE-FEAT-IMPORT-006R,individual_feature_log_odds_rebuild_20260602_gbm,fund,dynamic_csi,roll_max_5y_log_at,382,225,mapped,10,rolling_window_statistics,computed,143173,0.001997059372151474,bounded GBM-only predictor workspace; not full final model-suite importance,mapped,Feature mapped to the canonical AE-FEAT-IMPORT 11-family taxonomy.
AE-FEAT-IMPORT-006R,individual_feature_log_odds_rebuild_20260602_gbm,fund,dynamic_csi,accel_altman_z2,118,226,mapped,3,acceleration,computed,143173,0.0019966580925193152,bounded GBM-only predictor workspace; not full final model-suite importance,mapped,Feature mapped to the canonical AE-FEAT-IMPORT 11-family taxonomy.
AE-FEAT-IMPORT-006R,individual_feature_log_odds_rebuild_20260602_gbm,fund,dynamic_csi,roll_mean_3y_cash_pct_act,256,227,mapped,10,rolling_window_statistics,computed,143173,0.001985515055981162,bounded GBM-only predictor workspace; not full final model-suite importance,mapped,Feature mapped to the canonical AE-FEAT-IMPORT 11-family taxonomy.
AE-FEAT-IMPORT-006R,individual_feature_log_odds_rebuild_20260602_gbm,fund,dynamic_csi,expmean_roe,125,228,mapped,4,expanding_mean,computed,143173,0.001968033771225827,bounded GBM-only predictor workspace; not full final model-suite importance,mapped,Feature mapped to the canonical AE-FEAT-IMPORT 11-family taxonomy.
AE-FEAT-IMPORT-006R,individual_feature_log_odds_rebuild_20260602_gbm,fund,dynamic_csi,expvol_ni_per_emp,193,229,mapped,5,expanding_volatility,computed,143173,0.0019390971417797681,bounded GBM-only predictor workspace; not full final model-suite importance,mapped,Feature mapped to the canonical AE-FEAT-IMPORT 11-family taxonomy.
AE-FEAT-IMPORT-006R,individual_feature_log_odds_rebuild_20260602_gbm,fund,dynamic_csi,roll_trend_3y_accruals_ratio,317,230,mapped,10,rolling_window_statistics,computed,143173,0.001896168425214314,bounded GBM-only predictor workspace; not full final model-suite importance,mapped,Feature mapped to the canonical AE-FEAT-IMPORT 11-family taxonomy.
AE-FEAT-IMPORT-006R,individual_feature_log_odds_rebuild_20260602_gbm,fund,dynamic_csi,roll_trend_5y_net_debt_ebitda,403,231,mapped,10,rolling_window_statistics,computed,143173,0.0018883532856007936,bounded GBM-only predictor workspace; not full final model-suite importance,mapped,Feature mapped to the canonical AE-FEAT-IMPORT 11-family taxonomy.
AE-FEAT-IMPORT-006R,individual_feature_log_odds_rebuild_20260602_gbm,fund,dynamic_csi,roll_sd_3y_current_ratio,300,232,mapped,10,rolling_window_statistics,computed,143173,0.0018678352065539272,bounded GBM-only predictor workspace; not full final model-suite importance,mapped,Feature mapped to the canonical AE-FEAT-IMPORT 11-family taxonomy.
AE-FEAT-IMPORT-006R,individual_feature_log_odds_rebuild_20260602_gbm,fund,dynamic_csi,acct_mom_log_mkvalt,246,233,mapped,9,accounting_momentum,computed,143173,0.0018591165565109665,bounded GBM-only predictor workspace; not full final model-suite importance,mapped,Feature mapped to the canonical AE-FEAT-IMPORT 11-family taxonomy.
AE-FEAT-IMPORT-006R,individual_feature_log_odds_rebuild_20260602_gbm,fund,dynamic_csi,roll_max_5y_ebitda_margin,380,234,mapped,10,rolling_window_statistics,computed,143173,0.001846964240241064,bounded GBM-only predictor workspace; not full final model-suite importance,mapped,Feature mapped to the canonical AE-FEAT-IMPORT 11-family taxonomy.
AE-FEAT-IMPORT-006R,individual_feature_log_odds_rebuild_20260602_gbm,fund,dynamic_csi,interact_cov_rate,429,235,mapped,11,price_momentum_volatility_and_macro_interactions,computed,143173,0.0018454055608467938,bounded GBM-only predictor workspace; not full final model-suite importance,mapped,Feature mapped to the canonical AE-FEAT-IMPORT 11-family taxonomy.
AE-FEAT-IMPORT-006R,individual_feature_log_odds_rebuild_20260602_gbm,fund,dynamic_csi,expmean_invest_st_ratio,159,236,mapped,4,expanding_mean,computed,143173,0.0018214354680779778,bounded GBM-only predictor workspace; not full final model-suite importance,mapped,Feature mapped to the canonical AE-FEAT-IMPORT 11-family taxonomy.
AE-FEAT-IMPORT-006R,individual_feature_log_odds_rebuild_20260602_gbm,fund,dynamic_csi,roll_max_3y_roa,280,237,mapped,10,rolling_window_statistics,computed,143173,0.0018043743431469012,bounded GBM-only predictor workspace; not full final model-suite importance,mapped,Feature mapped to the canonical AE-FEAT-IMPORT 11-family taxonomy.
AE-FEAT-IMPORT-006R,individual_feature_log_odds_rebuild_20260602_gbm,fund,dynamic_csi,min_int_tcap,40,238,mapped,1,point_in_time_ratios,computed,143173,0.0017918827728011445,bounded GBM-only predictor workspace; not full final model-suite importance,mapped,Feature mapped to the canonical AE-FEAT-IMPORT 11-family taxonomy.
AE-FEAT-IMPORT-006R,individual_feature_log_odds_rebuild_20260602_gbm,fund,dynamic_csi,roll_max_5y_current_ratio,375,239,mapped,10,rolling_window_statistics,computed,143173,0.0017918693496621768,bounded GBM-only predictor workspace; not full final model-suite importance,mapped,Feature mapped to the canonical AE-FEAT-IMPORT 11-family taxonomy.
AE-FEAT-IMPORT-006R,individual_feature_log_odds_rebuild_20260602_gbm,fund,dynamic_csi,expvol_cash_pct_act,177,240,mapped,5,expanding_volatility,computed,143173,0.0017901284382591948,bounded GBM-only predictor workspace; not full final model-suite importance,mapped,Feature mapped to the canonical AE-FEAT-IMPORT 11-family taxonomy.
AE-FEAT-IMPORT-006R,individual_feature_log_odds_rebuild_20260602_gbm,fund,dynamic_csi,expmean_wcap_ratio,140,241,mapped,4,expanding_mean,computed,143173,0.0017833857896682721,bounded GBM-only predictor workspace; not full final model-suite importance,mapped,Feature mapped to the canonical AE-FEAT-IMPORT 11-family taxonomy.
AE-FEAT-IMPORT-006R,individual_feature_log_odds_rebuild_20260602_gbm,fund,dynamic_csi,accel_roe,87,242,mapped,3,acceleration,computed,143173,0.0017785347616572813,bounded GBM-only predictor workspace; not full final model-suite importance,mapped,Feature mapped to the canonical AE-FEAT-IMPORT 11-family taxonomy.
AE-FEAT-IMPORT-006R,individual_feature_log_odds_rebuild_20260602_gbm,fund,dynamic_csi,yoy_reinvest_rate,73,243,mapped,2,yoy_changes,computed,143173,0.0017437811939711937,bounded GBM-only predictor workspace; not full final model-suite importance,mapped,Feature mapped to the canonical AE-FEAT-IMPORT 11-family taxonomy.
AE-FEAT-IMPORT-006R,individual_feature_log_odds_rebuild_20260602_gbm,fund,dynamic_csi,roll_mean_5y_gross_margin,349,244,mapped,10,rolling_window_statistics,computed,143173,0.001721553605824788,bounded GBM-only predictor workspace; not full final model-suite importance,mapped,Feature mapped to the canonical AE-FEAT-IMPORT 11-family taxonomy.
AE-FEAT-IMPORT-006R,individual_feature_log_odds_rebuild_20260602_gbm,fund,dynamic_csi,roll_autocorr_3y_roa,325,245,mapped,10,rolling_window_statistics,computed,143173,0.0017048140423441213,bounded GBM-only predictor workspace; not full final model-suite importance,mapped,Feature mapped to the canonical AE-FEAT-IMPORT 11-family taxonomy.
AE-FEAT-IMPORT-006R,individual_feature_log_odds_rebuild_20260602_gbm,fund,dynamic_csi,expmean_net_debt_ebitda,132,246,mapped,4,expanding_mean,computed,143173,0.0016477035690816882,bounded GBM-only predictor workspace; not full final model-suite importance,mapped,Feature mapped to the canonical AE-FEAT-IMPORT 11-family taxonomy.
AE-FEAT-IMPORT-006R,individual_feature_log_odds_rebuild_20260602_gbm,fund,dynamic_csi,accel_leverage,93,247,mapped,3,acceleration,computed,143173,0.0016438532817462472,bounded GBM-only predictor workspace; not full final model-suite importance,mapped,Feature mapped to the canonical AE-FEAT-IMPORT 11-family taxonomy.
AE-FEAT-IMPORT-006R,individual_feature_log_odds_rebuild_20260602_gbm,fund,dynamic_csi,roll_trend_3y_cash_pct_act,316,248,mapped,10,rolling_window_statistics,computed,143173,0.0016394156415030395,bounded GBM-only predictor workspace; not full final model-suite importance,mapped,Feature mapped to the canonical AE-FEAT-IMPORT 11-family taxonomy.
AE-FEAT-IMPORT-006R,individual_feature_log_odds_rebuild_20260602_gbm,fund,dynamic_csi,yoy_eff_int_rate,58,249,mapped,2,yoy_changes,computed,143173,0.001637437180870639,bounded GBM-only predictor workspace; not full final model-suite importance,mapped,Feature mapped to the canonical AE-FEAT-IMPORT 11-family taxonomy.
AE-FEAT-IMPORT-006R,individual_feature_log_odds_rebuild_20260602_gbm,fund,dynamic_csi,expmean_eff_int_rate,134,250,mapped,4,expanding_mean,computed,143173,0.0016260196588983122,bounded GBM-only predictor workspace; not full final model-suite importance,mapped,Feature mapped to the canonical AE-FEAT-IMPORT 11-family taxonomy.
AE-FEAT-IMPORT-006R,individual_feature_log_odds_rebuild_20260602_gbm,fund,dynamic_csi,accel_ebitda_margin,91,251,mapped,3,acceleration,computed,143173,0.0016099718170357292,bounded GBM-only predictor workspace; not full final model-suite importance,mapped,Feature mapped to the canonical AE-FEAT-IMPORT 11-family taxonomy.
AE-FEAT-IMPORT-006R,individual_feature_log_odds_rebuild_20260602_gbm,fund,dynamic_csi,yoy_assets_per_emp,78,252,mapped,2,yoy_changes,computed,143173,0.0015886078066899702,bounded GBM-only predictor workspace; not full final model-suite importance,mapped,Feature mapped to the canonical AE-FEAT-IMPORT 11-family taxonomy.
AE-FEAT-IMPORT-006R,individual_feature_log_odds_rebuild_20260602_gbm,fund,dynamic_csi,yoy_rd_intensity,72,253,mapped,2,yoy_changes,computed,143173,0.001578141250253825,bounded GBM-only predictor workspace; not full final model-suite importance,mapped,Feature mapped to the canonical AE-FEAT-IMPORT 11-family taxonomy.
AE-FEAT-IMPORT-006R,individual_feature_log_odds_rebuild_20260602_gbm,fund,dynamic_csi,roll_autocorr_3y_roic,326,254,mapped,10,rolling_window_statistics,computed,143173,0.0015751037346535097,bounded GBM-only predictor workspace; not full final model-suite importance,mapped,Feature mapped to the canonical AE-FEAT-IMPORT 11-family taxonomy.
AE-FEAT-IMPORT-006R,individual_feature_log_odds_rebuild_20260602_gbm,fund,dynamic_csi,expvol_ocf_margin,168,255,mapped,5,expanding_volatility,computed,143173,0.0015451482731686607,bounded GBM-only predictor workspace; not full final model-suite importance,mapped,Feature mapped to the canonical AE-FEAT-IMPORT 11-family taxonomy.
AE-FEAT-IMPORT-006R,individual_feature_log_odds_rebuild_20260602_gbm,fund,dynamic_csi,acct_mom_leverage,237,256,mapped,9,accounting_momentum,computed,143173,0.0015422524365124389,bounded GBM-only predictor workspace; not full final model-suite importance,mapped,Feature mapped to the canonical AE-FEAT-IMPORT 11-family taxonomy.
AE-FEAT-IMPORT-006R,individual_feature_log_odds_rebuild_20260602_gbm,fund,dynamic_csi,yoy_gross_margin,52,257,mapped,2,yoy_changes,computed,143173,0.0015367300979826522,bounded GBM-only predictor workspace; not full final model-suite importance,mapped,Feature mapped to the canonical AE-FEAT-IMPORT 11-family taxonomy.
AE-FEAT-IMPORT-006R,individual_feature_log_odds_rebuild_20260602_gbm,fund,dynamic_csi,roll_max_5y_asset_turnover,378,258,mapped,10,rolling_window_statistics,computed,143173,0.001509381318883401,bounded GBM-only predictor workspace; not full final model-suite importance,mapped,Feature mapped to the canonical AE-FEAT-IMPORT 11-family taxonomy.
AE-FEAT-IMPORT-006R,individual_feature_log_odds_rebuild_20260602_gbm,fund,dynamic_csi,yoy_std_debt_pct,57,259,mapped,2,yoy_changes,computed,143173,0.001504028518254434,bounded GBM-only predictor workspace; not full final model-suite importance,mapped,Feature mapped to the canonical AE-FEAT-IMPORT 11-family taxonomy.
AE-FEAT-IMPORT-006R,individual_feature_log_odds_rebuild_20260602_gbm,fund,dynamic_csi,yoy_roic,50,260,mapped,2,yoy_changes,computed,143173,0.0014928865587291072,bounded GBM-only predictor workspace; not full final model-suite importance,mapped,Feature mapped to the canonical AE-FEAT-IMPORT 11-family taxonomy.
AE-FEAT-IMPORT-006R,individual_feature_log_odds_rebuild_20260602_gbm,fund,dynamic_csi,roll_mean_3y_current_ratio,255,261,mapped,10,rolling_window_statistics,computed,143173,0.0014915575742206657,bounded GBM-only predictor workspace; not full final model-suite importance,mapped,Feature mapped to the canonical AE-FEAT-IMPORT 11-family taxonomy.
AE-FEAT-IMPORT-006R,individual_feature_log_odds_rebuild_20260602_gbm,fund,dynamic_csi,roll_autocorr_5y_current_ratio,420,262,mapped,10,rolling_window_statistics,computed,143173,0.0014792038660098037,bounded GBM-only predictor workspace; not full final model-suite importance,mapped,Feature mapped to the canonical AE-FEAT-IMPORT 11-family taxonomy.
AE-FEAT-IMPORT-006R,individual_feature_log_odds_rebuild_20260602_gbm,fund,dynamic_csi,accel_rd_intensity,110,263,mapped,3,acceleration,computed,143173,0.0014636427478870477,bounded GBM-only predictor workspace; not full final model-suite importance,mapped,Feature mapped to the canonical AE-FEAT-IMPORT 11-family taxonomy.
AE-FEAT-IMPORT-006R,individual_feature_log_odds_rebuild_20260602_gbm,fund,dynamic_csi,roll_autocorr_5y_roic,416,264,mapped,10,rolling_window_statistics,computed,143173,0.0014502720436532213,bounded GBM-only predictor workspace; not full final model-suite importance,mapped,Feature mapped to the canonical AE-FEAT-IMPORT 11-family taxonomy.
AE-FEAT-IMPORT-006R,individual_feature_log_odds_rebuild_20260602_gbm,fund,dynamic_csi,yoy_roe,49,265,mapped,2,yoy_changes,computed,143173,0.00144956914078673,bounded GBM-only predictor workspace; not full final model-suite importance,mapped,Feature mapped to the canonical AE-FEAT-IMPORT 11-family taxonomy.
AE-FEAT-IMPORT-006R,individual_feature_log_odds_rebuild_20260602_gbm,fund,dynamic_csi,expmean_assets_per_emp,154,266,mapped,4,expanding_mean,computed,143173,0.0014479110855151625,bounded GBM-only predictor workspace; not full final model-suite importance,mapped,Feature mapped to the canonical AE-FEAT-IMPORT 11-family taxonomy.
AE-FEAT-IMPORT-006R,individual_feature_log_odds_rebuild_20260602_gbm,fund,dynamic_csi,roll_autocorr_5y_gross_margin,424,267,mapped,10,rolling_window_statistics,computed,143173,0.0014332945232660463,bounded GBM-only predictor workspace; not full final model-suite importance,mapped,Feature mapped to the canonical AE-FEAT-IMPORT 11-family taxonomy.
AE-FEAT-IMPORT-006R,individual_feature_log_odds_rebuild_20260602_gbm,fund,dynamic_csi,roll_mean_5y_cash_pct_act,346,268,mapped,10,rolling_window_statistics,computed,143173,0.0014331638132606729,bounded GBM-only predictor workspace; not full final model-suite importance,mapped,Feature mapped to the canonical AE-FEAT-IMPORT 11-family taxonomy.
AE-FEAT-IMPORT-006R,individual_feature_log_odds_rebuild_20260602_gbm,fund,dynamic_csi,roll_sd_5y_current_ratio,390,269,mapped,10,rolling_window_statistics,computed,143173,0.0014267017509277911,bounded GBM-only predictor workspace; not full final model-suite importance,mapped,Feature mapped to the canonical AE-FEAT-IMPORT 11-family taxonomy.
AE-FEAT-IMPORT-006R,individual_feature_log_odds_rebuild_20260602_gbm,fund,dynamic_csi,roll_min_5y_gross_margin,364,270,mapped,10,rolling_window_statistics,computed,143173,0.0014045247427611107,bounded GBM-only predictor workspace; not full final model-suite importance,mapped,Feature mapped to the canonical AE-FEAT-IMPORT 11-family taxonomy.
AE-FEAT-IMPORT-006R,individual_feature_log_odds_rebuild_20260602_gbm,fund,dynamic_csi,expvol_leverage,169,271,mapped,5,expanding_volatility,computed,143173,0.001403357427973215,bounded GBM-only predictor workspace; not full final model-suite importance,mapped,Feature mapped to the canonical AE-FEAT-IMPORT 11-family taxonomy.
AE-FEAT-IMPORT-006R,individual_feature_log_odds_rebuild_20260602_gbm,fund,dynamic_csi,roll_sd_5y_net_debt_ebitda,388,272,mapped,10,rolling_window_statistics,computed,143173,0.0013962506454459347,bounded GBM-only predictor workspace; not full final model-suite importance,mapped,Feature mapped to the canonical AE-FEAT-IMPORT 11-family taxonomy.
AE-FEAT-IMPORT-006R,individual_feature_log_odds_rebuild_20260602_gbm,fund,dynamic_csi,roll_autocorr_5y_cash_pct_act,421,273,mapped,10,rolling_window_statistics,computed,143173,0.001362286907534238,bounded GBM-only predictor workspace; not full final model-suite importance,mapped,Feature mapped to the canonical AE-FEAT-IMPORT 11-family taxonomy.
AE-FEAT-IMPORT-006R,individual_feature_log_odds_rebuild_20260602_gbm,fund,dynamic_csi,interact_nde_hyspr,430,274,mapped,11,price_momentum_volatility_and_macro_interactions,computed,143173,0.0013556222664507678,bounded GBM-only predictor workspace; not full final model-suite importance,mapped,Feature mapped to the canonical AE-FEAT-IMPORT 11-family taxonomy.
AE-FEAT-IMPORT-006R,individual_feature_log_odds_rebuild_20260602_gbm,fund,dynamic_csi,expmean_gross_margin,128,275,mapped,4,expanding_mean,computed,143173,0.0013542288377510878,bounded GBM-only predictor workspace; not full final model-suite importance,mapped,Feature mapped to the canonical AE-FEAT-IMPORT 11-family taxonomy.
AE-FEAT-IMPORT-006R,individual_feature_log_odds_rebuild_20260602_gbm,fund,dynamic_csi,roll_max_5y_roa,370,276,mapped,10,rolling_window_statistics,computed,143173,0.0013510506123574357,bounded GBM-only predictor workspace; not full final model-suite importance,mapped,Feature mapped to the canonical AE-FEAT-IMPORT 11-family taxonomy.
AE-FEAT-IMPORT-006R,individual_feature_log_odds_rebuild_20260602_gbm,fund,dynamic_csi,roll_trend_3y_ocf_per_share,309,277,mapped,10,rolling_window_statistics,computed,143173,0.0013494284682224608,bounded GBM-only predictor workspace; not full final model-suite importance,mapped,Feature mapped to the canonical AE-FEAT-IMPORT 11-family taxonomy.
AE-FEAT-IMPORT-006R,individual_feature_log_odds_rebuild_20260602_gbm,fund,dynamic_csi,roll_max_5y_interest_cov,374,278,mapped,10,rolling_window_statistics,computed,143173,0.001346641341558633,bounded GBM-only predictor workspace; not full final model-suite importance,mapped,Feature mapped to the canonical AE-FEAT-IMPORT 11-family taxonomy.
AE-FEAT-IMPORT-006R,individual_feature_log_odds_rebuild_20260602_gbm,fund,dynamic_csi,roll_max_3y_roic,281,279,mapped,10,rolling_window_statistics,computed,143173,0.001342198768952202,bounded GBM-only predictor workspace; not full final model-suite importance,mapped,Feature mapped to the canonical AE-FEAT-IMPORT 11-family taxonomy.
AE-FEAT-IMPORT-006R,individual_feature_log_odds_rebuild_20260602_gbm,fund,dynamic_csi,roll_sd_3y_interest_cov,299,280,mapped,10,rolling_window_statistics,computed,143173,0.00134017843127632,bounded GBM-only predictor workspace; not full final model-suite importance,mapped,Feature mapped to the canonical AE-FEAT-IMPORT 11-family taxonomy.
AE-FEAT-IMPORT-006R,individual_feature_log_odds_rebuild_20260602_gbm,fund,dynamic_csi,roll_min_5y_leverage,357,281,mapped,10,rolling_window_statistics,computed,143173,0.0013299232032060264,bounded GBM-only predictor workspace; not full final model-suite importance,mapped,Feature mapped to the canonical AE-FEAT-IMPORT 11-family taxonomy.
AE-FEAT-IMPORT-006R,individual_feature_log_odds_rebuild_20260602_gbm,fund,dynamic_csi,trough_rise_std_debt_pct,218,282,mapped,7,trough_rise,computed,143173,0.0012934523653799095,bounded GBM-only predictor workspace; not full final model-suite importance,mapped,Feature mapped to the canonical AE-FEAT-IMPORT 11-family taxonomy.
AE-FEAT-IMPORT-006R,individual_feature_log_odds_rebuild_20260602_gbm,fund,dynamic_csi,roll_min_5y_accruals_ratio,362,283,mapped,10,rolling_window_statistics,computed,143173,0.0012883218591418528,bounded GBM-only predictor workspace; not full final model-suite importance,mapped,Feature mapped to the canonical AE-FEAT-IMPORT 11-family taxonomy.
AE-FEAT-IMPORT-006R,individual_feature_log_odds_rebuild_20260602_gbm,fund,dynamic_csi,expmean_leverage,131,284,mapped,4,expanding_mean,computed,143173,0.001283525486653164,bounded GBM-only predictor workspace; not full final model-suite importance,mapped,Feature mapped to the canonical AE-FEAT-IMPORT 11-family taxonomy.
AE-FEAT-IMPORT-006R,individual_feature_log_odds_rebuild_20260602_gbm,fund,dynamic_csi,roll_max_3y_net_debt_ebitda,283,285,mapped,10,rolling_window_statistics,computed,143173,0.0012812702217079907,bounded GBM-only predictor workspace; not full final model-suite importance,mapped,Feature mapped to the canonical AE-FEAT-IMPORT 11-family taxonomy.
AE-FEAT-IMPORT-006R,individual_feature_log_odds_rebuild_20260602_gbm,fund,dynamic_csi,yoy_altman_z2,80,286,mapped,2,yoy_changes,computed,143173,0.0012645361407213986,bounded GBM-only predictor workspace; not full final model-suite importance,mapped,Feature mapped to the canonical AE-FEAT-IMPORT 11-family taxonomy.
AE-FEAT-IMPORT-006R,individual_feature_log_odds_rebuild_20260602_gbm,fund,dynamic_csi,roll_trend_3y_net_debt_ebitda,313,287,mapped,10,rolling_window_statistics,computed,143173,0.0012623705973928531,bounded GBM-only predictor workspace; not full final model-suite importance,mapped,Feature mapped to the canonical AE-FEAT-IMPORT 11-family taxonomy.
AE-FEAT-IMPORT-006R,individual_feature_log_odds_rebuild_20260602_gbm,fund,dynamic_csi,expmean_interest_cov,135,288,mapped,4,expanding_mean,computed,143173,0.001262291246308888,bounded GBM-only predictor workspace; not full final model-suite importance,mapped,Feature mapped to the canonical AE-FEAT-IMPORT 11-family taxonomy.
AE-FEAT-IMPORT-006R,individual_feature_log_odds_rebuild_20260602_gbm,fund,dynamic_csi,roll_autocorr_3y_earn_yld,323,289,mapped,10,rolling_window_statistics,computed,143173,0.001254650313610892,bounded GBM-only predictor workspace; not full final model-suite importance,mapped,Feature mapped to the canonical AE-FEAT-IMPORT 11-family taxonomy.
AE-FEAT-IMPORT-006R,individual_feature_log_odds_rebuild_20260602_gbm,fund,dynamic_csi,acct_mom_log_at,247,290,mapped,9,accounting_momentum,computed,143173,0.0012137226006108978,bounded GBM-only predictor workspace; not full final model-suite importance,mapped,Feature mapped to the canonical AE-FEAT-IMPORT 11-family taxonomy.
AE-FEAT-IMPORT-006R,individual_feature_log_odds_rebuild_20260602_gbm,fund,dynamic_csi,yoy_div_yield,67,291,mapped,2,yoy_changes,computed,143173,0.0012091543829781282,bounded GBM-only predictor workspace; not full final model-suite importance,mapped,Feature mapped to the canonical AE-FEAT-IMPORT 11-family taxonomy.
AE-FEAT-IMPORT-006R,individual_feature_log_odds_rebuild_20260602_gbm,fund,dynamic_csi,roll_mean_3y_log_at,262,292,mapped,10,rolling_window_statistics,computed,143173,0.0012031879670689621,bounded GBM-only predictor workspace; not full final model-suite importance,mapped,Feature mapped to the canonical AE-FEAT-IMPORT 11-family taxonomy.
AE-FEAT-IMPORT-006R,individual_feature_log_odds_rebuild_20260602_gbm,fund,dynamic_csi,expvol_ev_to_sales,180,293,mapped,5,expanding_volatility,computed,143173,0.0011832764950942519,bounded GBM-only predictor workspace; not full final model-suite importance,mapped,Feature mapped to the canonical AE-FEAT-IMPORT 11-family taxonomy.
AE-FEAT-IMPORT-006R,individual_feature_log_odds_rebuild_20260602_gbm,fund,dynamic_csi,roll_autocorr_5y_leverage,417,294,mapped,10,rolling_window_statistics,computed,143173,0.001170757913786461,bounded GBM-only predictor workspace; not full final model-suite importance,mapped,Feature mapped to the canonical AE-FEAT-IMPORT 11-family taxonomy.
AE-FEAT-IMPORT-006R,individual_feature_log_odds_rebuild_20260602_gbm,fund,dynamic_csi,expmean_ni_per_emp,155,295,mapped,4,expanding_mean,computed,143173,0.0011682212307798279,bounded GBM-only predictor workspace; not full final model-suite importance,mapped,Feature mapped to the canonical AE-FEAT-IMPORT 11-family taxonomy.
AE-FEAT-IMPORT-006R,individual_feature_log_odds_rebuild_20260602_gbm,fund,dynamic_csi,roll_autocorr_3y_leverage,327,296,mapped,10,rolling_window_statistics,computed,143173,0.001165427318988863,bounded GBM-only predictor workspace; not full final model-suite importance,mapped,Feature mapped to the canonical AE-FEAT-IMPORT 11-family taxonomy.
AE-FEAT-IMPORT-006R,individual_feature_log_odds_rebuild_20260602_gbm,fund,dynamic_csi,yoy_accruals_ratio,69,297,mapped,2,yoy_changes,computed,143173,0.0011512710054447368,bounded GBM-only predictor workspace; not full final model-suite importance,mapped,Feature mapped to the canonical AE-FEAT-IMPORT 11-family taxonomy.
AE-FEAT-IMPORT-006R,individual_feature_log_odds_rebuild_20260602_gbm,fund,dynamic_csi,roll_sd_3y_cash_pct_act,301,298,mapped,10,rolling_window_statistics,computed,143173,0.001143285911251889,bounded GBM-only predictor workspace; not full final model-suite importance,mapped,Feature mapped to the canonical AE-FEAT-IMPORT 11-family taxonomy.
AE-FEAT-IMPORT-006R,individual_feature_log_odds_rebuild_20260602_gbm,fund,dynamic_csi,roll_sd_5y_interest_cov,389,299,mapped,10,rolling_window_statistics,computed,143173,0.0011425170951474622,bounded GBM-only predictor workspace; not full final model-suite importance,mapped,Feature mapped to the canonical AE-FEAT-IMPORT 11-family taxonomy.
AE-FEAT-IMPORT-006R,individual_feature_log_odds_rebuild_20260602_gbm,fund,dynamic_csi,roll_autocorr_3y_log_at,337,300,mapped,10,rolling_window_statistics,computed,143173,0.0011419028900913769,bounded GBM-only predictor workspace; not full final model-suite importance,mapped,Feature mapped to the canonical AE-FEAT-IMPORT 11-family taxonomy.
AE-FEAT-IMPORT-006R,individual_feature_log_odds_rebuild_20260602_gbm,fund,dynamic_csi,roll_mean_5y_net_debt_ebitda,343,301,mapped,10,rolling_window_statistics,computed,143173,0.0011210037009489141,bounded GBM-only predictor workspace; not full final model-suite importance,mapped,Feature mapped to the canonical AE-FEAT-IMPORT 11-family taxonomy.
AE-FEAT-IMPORT-006R,individual_feature_log_odds_rebuild_20260602_gbm,fund,dynamic_csi,expmean_bp_ratio,141,302,mapped,4,expanding_mean,computed,143173,0.0011094214260726784,bounded GBM-only predictor workspace; not full final model-suite importance,mapped,Feature mapped to the canonical AE-FEAT-IMPORT 11-family taxonomy.
AE-FEAT-IMPORT-006R,individual_feature_log_odds_rebuild_20260602_gbm,fund,dynamic_csi,yoy_net_debt_ebitda,56,303,mapped,2,yoy_changes,computed,143173,0.0010792033869072206,bounded GBM-only predictor workspace; not full final model-suite importance,mapped,Feature mapped to the canonical AE-FEAT-IMPORT 11-family taxonomy.
AE-FEAT-IMPORT-006R,individual_feature_log_odds_rebuild_20260602_gbm,fund,dynamic_csi,yoy_roa,48,304,mapped,2,yoy_changes,computed,143173,0.0010731069661377044,bounded GBM-only predictor workspace; not full final model-suite importance,mapped,Feature mapped to the canonical AE-FEAT-IMPORT 11-family taxonomy.
AE-FEAT-IMPORT-006R,individual_feature_log_odds_rebuild_20260602_gbm,fund,dynamic_csi,yoy_ocf_per_share,47,305,mapped,2,yoy_changes,computed,143173,0.0010368638528684218,bounded GBM-only predictor workspace; not full final model-suite importance,mapped,Feature mapped to the canonical AE-FEAT-IMPORT 11-family taxonomy.
AE-FEAT-IMPORT-006R,individual_feature_log_odds_rebuild_20260602_gbm,fund,dynamic_csi,yoy_ocf_margin,54,306,mapped,2,yoy_changes,computed,143173,0.0010361857829179967,bounded GBM-only predictor workspace; not full final model-suite importance,mapped,Feature mapped to the canonical AE-FEAT-IMPORT 11-family taxonomy.
AE-FEAT-IMPORT-006R,individual_feature_log_odds_rebuild_20260602_gbm,fund,dynamic_csi,consec_decline_wcap_ratio,232,307,mapped,8,consecutive_declines,computed,143173,0.0010257370225639673,bounded GBM-only predictor workspace; not full final model-suite importance,mapped,Feature mapped to the canonical AE-FEAT-IMPORT 11-family taxonomy.
AE-FEAT-IMPORT-006R,individual_feature_log_odds_rebuild_20260602_gbm,fund,dynamic_csi,accel_assets_per_emp,116,308,mapped,3,acceleration,computed,143173,0.0010149110309937213,bounded GBM-only predictor workspace; not full final model-suite importance,mapped,Feature mapped to the canonical AE-FEAT-IMPORT 11-family taxonomy.
AE-FEAT-IMPORT-006R,individual_feature_log_odds_rebuild_20260602_gbm,fund,dynamic_csi,roll_min_5y_log_mkvalt,366,309,mapped,10,rolling_window_statistics,computed,143173,0.0010145728101299688,bounded GBM-only predictor workspace; not full final model-suite importance,mapped,Feature mapped to the canonical AE-FEAT-IMPORT 11-family taxonomy.
AE-FEAT-IMPORT-006R,individual_feature_log_odds_rebuild_20260602_gbm,fund,dynamic_csi,accel_bp_ratio,103,310,mapped,3,acceleration,computed,143173,0.0009891398598441176,bounded GBM-only predictor workspace; not full final model-suite importance,mapped,Feature mapped to the canonical AE-FEAT-IMPORT 11-family taxonomy.
AE-FEAT-IMPORT-006R,individual_feature_log_odds_rebuild_20260602_gbm,fund,dynamic_csi,eff_int_rate,17,311,mapped,1,point_in_time_ratios,computed,143173,0.000976705175945018,bounded GBM-only predictor workspace; not full final model-suite importance,mapped,Feature mapped to the canonical AE-FEAT-IMPORT 11-family taxonomy.
AE-FEAT-IMPORT-006R,individual_feature_log_odds_rebuild_20260602_gbm,fund,dynamic_csi,yoy_asset_turnover,70,312,mapped,2,yoy_changes,computed,143173,0.0009706771642118017,bounded GBM-only predictor workspace; not full final model-suite importance,mapped,Feature mapped to the canonical AE-FEAT-IMPORT 11-family taxonomy.
AE-FEAT-IMPORT-006R,individual_feature_log_odds_rebuild_20260602_gbm,fund,dynamic_csi,accel_altman_z,120,313,mapped,3,acceleration,computed,143173,0.0009660759497417445,bounded GBM-only predictor workspace; not full final model-suite importance,mapped,Feature mapped to the canonical AE-FEAT-IMPORT 11-family taxonomy.
AE-FEAT-IMPORT-006R,individual_feature_log_odds_rebuild_20260602_gbm,fund,dynamic_csi,accel_roic,88,314,mapped,3,acceleration,computed,143173,0.0009559579985727634,bounded GBM-only predictor workspace; not full final model-suite importance,mapped,Feature mapped to the canonical AE-FEAT-IMPORT 11-family taxonomy.
AE-FEAT-IMPORT-006R,individual_feature_log_odds_rebuild_20260602_gbm,fund,dynamic_csi,accel_gross_margin,90,315,mapped,3,acceleration,computed,143173,0.0009397946846095675,bounded GBM-only predictor workspace; not full final model-suite importance,mapped,Feature mapped to the canonical AE-FEAT-IMPORT 11-family taxonomy.
AE-FEAT-IMPORT-006R,individual_feature_log_odds_rebuild_20260602_gbm,fund,dynamic_csi,expmean_roa,124,316,mapped,4,expanding_mean,computed,143173,0.0009329722879942069,bounded GBM-only predictor workspace; not full final model-suite importance,mapped,Feature mapped to the canonical AE-FEAT-IMPORT 11-family taxonomy.
AE-FEAT-IMPORT-006R,individual_feature_log_odds_rebuild_20260602_gbm,fund,dynamic_csi,roll_trend_5y_ocf_per_share,399,317,mapped,10,rolling_window_statistics,computed,143173,0.0009309581702107097,bounded GBM-only predictor workspace; not full final model-suite importance,mapped,Feature mapped to the canonical AE-FEAT-IMPORT 11-family taxonomy.
AE-FEAT-IMPORT-006R,individual_feature_log_odds_rebuild_20260602_gbm,fund,dynamic_csi,peak_drop_ocf_per_share,199,318,mapped,6,peak_deterioration,computed,143173,0.0009204102922118707,bounded GBM-only predictor workspace; not full final model-suite importance,mapped,Feature mapped to the canonical AE-FEAT-IMPORT 11-family taxonomy.
AE-FEAT-IMPORT-006R,individual_feature_log_odds_rebuild_20260602_gbm,fund,dynamic_csi,expmean_dd1_ratio,136,319,mapped,4,expanding_mean,computed,143173,0.0009151565680520984,bounded GBM-only predictor workspace; not full final model-suite importance,mapped,Feature mapped to the canonical AE-FEAT-IMPORT 11-family taxonomy.
AE-FEAT-IMPORT-006R,individual_feature_log_odds_rebuild_20260602_gbm,fund,dynamic_csi,expvol_dd1_ratio,174,320,mapped,5,expanding_volatility,computed,143173,0.0009117225314832219,bounded GBM-only predictor workspace; not full final model-suite importance,mapped,Feature mapped to the canonical AE-FEAT-IMPORT 11-family taxonomy.
AE-FEAT-IMPORT-006R,individual_feature_log_odds_rebuild_20260602_gbm,fund,dynamic_csi,expvol_quick_ratio,176,321,mapped,5,expanding_volatility,computed,143173,0.000909935527126865,bounded GBM-only predictor workspace; not full final model-suite importance,mapped,Feature mapped to the canonical AE-FEAT-IMPORT 11-family taxonomy.
AE-FEAT-IMPORT-006R,individual_feature_log_odds_rebuild_20260602_gbm,fund,dynamic_csi,yoy_ni_per_emp,79,322,mapped,2,yoy_changes,computed,143173,0.0009087631467332934,bounded GBM-only predictor workspace; not full final model-suite importance,mapped,Feature mapped to the canonical AE-FEAT-IMPORT 11-family taxonomy.
AE-FEAT-IMPORT-006R,individual_feature_log_odds_rebuild_20260602_gbm,fund,dynamic_csi,roll_trend_5y_accruals_ratio,407,323,mapped,10,rolling_window_statistics,computed,143173,0.0009051754680813746,bounded GBM-only predictor workspace; not full final model-suite importance,mapped,Feature mapped to the canonical AE-FEAT-IMPORT 11-family taxonomy.
AE-FEAT-IMPORT-006R,individual_feature_log_odds_rebuild_20260602_gbm,fund,dynamic_csi,accel_roa,86,324,mapped,3,acceleration,computed,143173,0.0009013256198529328,bounded GBM-only predictor workspace; not full final model-suite importance,mapped,Feature mapped to the canonical AE-FEAT-IMPORT 11-family taxonomy.
AE-FEAT-IMPORT-006R,individual_feature_log_odds_rebuild_20260602_gbm,fund,dynamic_csi,expmean_cash_pct_act,139,325,mapped,4,expanding_mean,computed,143173,0.0008964232633867733,bounded GBM-only predictor workspace; not full final model-suite importance,mapped,Feature mapped to the canonical AE-FEAT-IMPORT 11-family taxonomy.
AE-FEAT-IMPORT-006R,individual_feature_log_odds_rebuild_20260602_gbm,fund,dynamic_csi,expmean_std_debt_pct,133,326,mapped,4,expanding_mean,computed,143173,0.0008942142575783721,bounded GBM-only predictor workspace; not full final model-suite importance,mapped,Feature mapped to the canonical AE-FEAT-IMPORT 11-family taxonomy.
AE-FEAT-IMPORT-006R,individual_feature_log_odds_rebuild_20260602_gbm,fund,dynamic_csi,roll_max_5y_earn_yld,368,327,mapped,10,rolling_window_statistics,computed,143173,0.0008941028011860323,bounded GBM-only predictor workspace; not full final model-suite importance,mapped,Feature mapped to the canonical AE-FEAT-IMPORT 11-family taxonomy.
AE-FEAT-IMPORT-006R,individual_feature_log_odds_rebuild_20260602_gbm,fund,dynamic_csi,yoy_quick_ratio,62,328,mapped,2,yoy_changes,computed,143173,0.0008773924680347694,bounded GBM-only predictor workspace; not full final model-suite importance,mapped,Feature mapped to the canonical AE-FEAT-IMPORT 11-family taxonomy.
AE-FEAT-IMPORT-006R,individual_feature_log_odds_rebuild_20260602_gbm,fund,dynamic_csi,expvol_log_mkvalt,189,329,mapped,5,expanding_volatility,computed,143173,0.0008550172944525372,bounded GBM-only predictor workspace; not full final model-suite importance,mapped,Feature mapped to the canonical AE-FEAT-IMPORT 11-family taxonomy.
AE-FEAT-IMPORT-006R,individual_feature_log_odds_rebuild_20260602_gbm,fund,dynamic_csi,expvol_reinvest_rate,187,330,mapped,5,expanding_volatility,computed,143173,0.0008520080241965056,bounded GBM-only predictor workspace; not full final model-suite importance,mapped,Feature mapped to the canonical AE-FEAT-IMPORT 11-family taxonomy.
AE-FEAT-IMPORT-006R,individual_feature_log_odds_rebuild_20260602_gbm,fund,dynamic_csi,roll_autocorr_3y_asset_turnover,333,331,mapped,10,rolling_window_statistics,computed,143173,0.0008511939434311808,bounded GBM-only predictor workspace; not full final model-suite importance,mapped,Feature mapped to the canonical AE-FEAT-IMPORT 11-family taxonomy.
AE-FEAT-IMPORT-006R,individual_feature_log_odds_rebuild_20260602_gbm,fund,dynamic_csi,expmean_asset_turnover,146,332,mapped,4,expanding_mean,computed,143173,0.0008292253291819607,bounded GBM-only predictor workspace; not full final model-suite importance,mapped,Feature mapped to the canonical AE-FEAT-IMPORT 11-family taxonomy.
AE-FEAT-IMPORT-006R,individual_feature_log_odds_rebuild_20260602_gbm,fund,dynamic_csi,roll_autocorr_5y_ocf_per_share,414,333,mapped,10,rolling_window_statistics,computed,143173,0.0008208930671334843,bounded GBM-only predictor workspace; not full final model-suite importance,mapped,Feature mapped to the canonical AE-FEAT-IMPORT 11-family taxonomy.
AE-FEAT-IMPORT-006R,individual_feature_log_odds_rebuild_20260602_gbm,fund,dynamic_csi,roll_min_3y_net_debt_ebitda,268,334,mapped,10,rolling_window_statistics,computed,143173,0.0008203870147129569,bounded GBM-only predictor workspace; not full final model-suite importance,mapped,Feature mapped to the canonical AE-FEAT-IMPORT 11-family taxonomy.
AE-FEAT-IMPORT-006R,individual_feature_log_odds_rebuild_20260602_gbm,fund,dynamic_csi,accel_dd1_ratio,98,335,mapped,3,acceleration,computed,143173,0.0008090342000693891,bounded GBM-only predictor workspace; not full final model-suite importance,mapped,Feature mapped to the canonical AE-FEAT-IMPORT 11-family taxonomy.
AE-FEAT-IMPORT-006R,individual_feature_log_odds_rebuild_20260602_gbm,fund,dynamic_csi,roll_sd_3y_net_debt_ebitda,298,336,mapped,10,rolling_window_statistics,computed,143173,0.0008083469830660031,bounded GBM-only predictor workspace; not full final model-suite importance,mapped,Feature mapped to the canonical AE-FEAT-IMPORT 11-family taxonomy.
AE-FEAT-IMPORT-006R,individual_feature_log_odds_rebuild_20260602_gbm,fund,dynamic_csi,roll_trend_3y_asset_turnover,318,337,mapped,10,rolling_window_statistics,computed,143173,0.0008071291108861056,bounded GBM-only predictor workspace; not full final model-suite importance,mapped,Feature mapped to the canonical AE-FEAT-IMPORT 11-family taxonomy.
AE-FEAT-IMPORT-006R,individual_feature_log_odds_rebuild_20260602_gbm,fund,dynamic_csi,roll_autocorr_5y_roa,415,338,mapped,10,rolling_window_statistics,computed,143173,0.0007812365079848211,bounded GBM-only predictor workspace; not full final model-suite importance,mapped,Feature mapped to the canonical AE-FEAT-IMPORT 11-family taxonomy.
AE-FEAT-IMPORT-006R,individual_feature_log_odds_rebuild_20260602_gbm,fund,dynamic_csi,dd1_ratio,19,339,mapped,1,point_in_time_ratios,computed,143173,0.0007765030689461747,bounded GBM-only predictor workspace; not full final model-suite importance,mapped,Feature mapped to the canonical AE-FEAT-IMPORT 11-family taxonomy.
AE-FEAT-IMPORT-006R,individual_feature_log_odds_rebuild_20260602_gbm,fund,dynamic_csi,roll_autocorr_3y_current_ratio,330,340,mapped,10,rolling_window_statistics,computed,143173,0.0007748065526170945,bounded GBM-only predictor workspace; not full final model-suite importance,mapped,Feature mapped to the canonical AE-FEAT-IMPORT 11-family taxonomy.
AE-FEAT-IMPORT-006R,individual_feature_log_odds_rebuild_20260602_gbm,fund,dynamic_csi,peak_drop_interest_cov,211,341,mapped,6,peak_deterioration,computed,143173,0.0007711471465916715,bounded GBM-only predictor workspace; not full final model-suite importance,mapped,Feature mapped to the canonical AE-FEAT-IMPORT 11-family taxonomy.
AE-FEAT-IMPORT-006R,individual_feature_log_odds_rebuild_20260602_gbm,fund,dynamic_csi,acct_mom_accruals_ratio,242,342,mapped,9,accounting_momentum,computed,143173,0.0007689902084764829,bounded GBM-only predictor workspace; not full final model-suite importance,mapped,Feature mapped to the canonical AE-FEAT-IMPORT 11-family taxonomy.
AE-FEAT-IMPORT-006R,individual_feature_log_odds_rebuild_20260602_gbm,fund,dynamic_csi,expmean_ev_to_sales,142,343,mapped,4,expanding_mean,computed,143173,0.000763177928803423,bounded GBM-only predictor workspace; not full final model-suite importance,mapped,Feature mapped to the canonical AE-FEAT-IMPORT 11-family taxonomy.
AE-FEAT-IMPORT-006R,individual_feature_log_odds_rebuild_20260602_gbm,fund,dynamic_csi,roll_autocorr_5y_accruals_ratio,422,344,mapped,10,rolling_window_statistics,computed,143173,0.0007628195550701298,bounded GBM-only predictor workspace; not full final model-suite importance,mapped,Feature mapped to the canonical AE-FEAT-IMPORT 11-family taxonomy.
AE-FEAT-IMPORT-006R,individual_feature_log_odds_rebuild_20260602_gbm,fund,dynamic_csi,roll_mean_5y_ebitda_margin,350,345,mapped,10,rolling_window_statistics,computed,143173,0.0007596905157922774,bounded GBM-only predictor workspace; not full final model-suite importance,mapped,Feature mapped to the canonical AE-FEAT-IMPORT 11-family taxonomy.
AE-FEAT-IMPORT-006R,individual_feature_log_odds_rebuild_20260602_gbm,fund,dynamic_csi,roll_trend_3y_current_ratio,315,346,mapped,10,rolling_window_statistics,computed,143173,0.0007588026614137413,bounded GBM-only predictor workspace; not full final model-suite importance,mapped,Feature mapped to the canonical AE-FEAT-IMPORT 11-family taxonomy.
AE-FEAT-IMPORT-006R,individual_feature_log_odds_rebuild_20260602_gbm,fund,dynamic_csi,consec_decline_gross_margin,227,347,mapped,8,consecutive_declines,computed,143173,0.0007571811053592216,bounded GBM-only predictor workspace; not full final model-suite importance,mapped,Feature mapped to the canonical AE-FEAT-IMPORT 11-family taxonomy.
AE-FEAT-IMPORT-006R,individual_feature_log_odds_rebuild_20260602_gbm,fund,dynamic_csi,accel_cash_pct_act,101,348,mapped,3,acceleration,computed,143173,0.0007504271310435072,bounded GBM-only predictor workspace; not full final model-suite importance,mapped,Feature mapped to the canonical AE-FEAT-IMPORT 11-family taxonomy.
AE-FEAT-IMPORT-006R,individual_feature_log_odds_rebuild_20260602_gbm,fund,dynamic_csi,accel_log_at,112,349,mapped,3,acceleration,computed,143173,0.0007422842158760757,bounded GBM-only predictor workspace; not full final model-suite importance,mapped,Feature mapped to the canonical AE-FEAT-IMPORT 11-family taxonomy.
AE-FEAT-IMPORT-006R,individual_feature_log_odds_rebuild_20260602_gbm,fund,dynamic_csi,expvol_ebitda_margin,167,350,mapped,5,expanding_volatility,computed,143173,0.0007384058980765169,bounded GBM-only predictor workspace; not full final model-suite importance,mapped,Feature mapped to the canonical AE-FEAT-IMPORT 11-family taxonomy.
AE-FEAT-IMPORT-006R,individual_feature_log_odds_rebuild_20260602_gbm,fund,dynamic_csi,roll_max_3y_cash_pct_act,286,351,mapped,10,rolling_window_statistics,computed,143173,0.0007117022870610833,bounded GBM-only predictor workspace; not full final model-suite importance,mapped,Feature mapped to the canonical AE-FEAT-IMPORT 11-family taxonomy.
AE-FEAT-IMPORT-006R,individual_feature_log_odds_rebuild_20260602_gbm,fund,dynamic_csi,expvol_assets_per_emp,192,352,mapped,5,expanding_volatility,computed,143173,0.000685902978909634,bounded GBM-only predictor workspace; not full final model-suite importance,mapped,Feature mapped to the canonical AE-FEAT-IMPORT 11-family taxonomy.
AE-FEAT-IMPORT-006R,individual_feature_log_odds_rebuild_20260602_gbm,fund,dynamic_csi,roll_trend_5y_roa,400,353,mapped,10,rolling_window_statistics,computed,143173,0.0006827244469794151,bounded GBM-only predictor workspace; not full final model-suite importance,mapped,Feature mapped to the canonical AE-FEAT-IMPORT 11-family taxonomy.
AE-FEAT-IMPORT-006R,individual_feature_log_odds_rebuild_20260602_gbm,fund,dynamic_csi,accel_asset_turnover,108,354,mapped,3,acceleration,computed,143173,0.0006767847138506513,bounded GBM-only predictor workspace; not full final model-suite importance,mapped,Feature mapped to the canonical AE-FEAT-IMPORT 11-family taxonomy.
AE-FEAT-IMPORT-006R,individual_feature_log_odds_rebuild_20260602_gbm,fund,dynamic_csi,accel_rental_ratio,115,355,mapped,3,acceleration,computed,143173,0.0006746069072625503,bounded GBM-only predictor workspace; not full final model-suite importance,mapped,Feature mapped to the canonical AE-FEAT-IMPORT 11-family taxonomy.
AE-FEAT-IMPORT-006R,individual_feature_log_odds_rebuild_20260602_gbm,fund,dynamic_csi,expvol_ocf_per_share,161,356,mapped,5,expanding_volatility,computed,143173,0.0006726117864646516,bounded GBM-only predictor workspace; not full final model-suite importance,mapped,Feature mapped to the canonical AE-FEAT-IMPORT 11-family taxonomy.
AE-FEAT-IMPORT-006R,individual_feature_log_odds_rebuild_20260602_gbm,fund,dynamic_csi,roll_autocorr_3y_accruals_ratio,332,357,mapped,10,rolling_window_statistics,computed,143173,0.0006681591208972099,bounded GBM-only predictor workspace; not full final model-suite importance,mapped,Feature mapped to the canonical AE-FEAT-IMPORT 11-family taxonomy.
AE-FEAT-IMPORT-006R,individual_feature_log_odds_rebuild_20260602_gbm,fund,dynamic_csi,roll_autocorr_3y_ocf_per_share,324,358,mapped,10,rolling_window_statistics,computed,143173,0.0006676370166332812,bounded GBM-only predictor workspace; not full final model-suite importance,mapped,Feature mapped to the canonical AE-FEAT-IMPORT 11-family taxonomy.
AE-FEAT-IMPORT-006R,individual_feature_log_odds_rebuild_20260602_gbm,fund,dynamic_csi,trough_rise_net_debt_ebitda,217,359,mapped,7,trough_rise,computed,143173,0.0006631287929016816,bounded GBM-only predictor workspace; not full final model-suite importance,mapped,Feature mapped to the canonical AE-FEAT-IMPORT 11-family taxonomy.
AE-FEAT-IMPORT-006R,individual_feature_log_odds_rebuild_20260602_gbm,fund,dynamic_csi,peak_drop_roa,200,360,mapped,6,peak_deterioration,computed,143173,0.0006574316946790821,bounded GBM-only predictor workspace; not full final model-suite importance,mapped,Feature mapped to the canonical AE-FEAT-IMPORT 11-family taxonomy.
AE-FEAT-IMPORT-006R,individual_feature_log_odds_rebuild_20260602_gbm,fund,dynamic_csi,roll_autocorr_3y_ebitda_margin,335,361,mapped,10,rolling_window_statistics,computed,143173,0.0006385196826701947,bounded GBM-only predictor workspace; not full final model-suite importance,mapped,Feature mapped to the canonical AE-FEAT-IMPORT 11-family taxonomy.
AE-FEAT-IMPORT-006R,individual_feature_log_odds_rebuild_20260602_gbm,fund,dynamic_csi,yoy_capex_intensity,71,362,mapped,2,yoy_changes,computed,143173,0.0006375767502773895,bounded GBM-only predictor workspace; not full final model-suite importance,mapped,Feature mapped to the canonical AE-FEAT-IMPORT 11-family taxonomy.
AE-FEAT-IMPORT-006R,individual_feature_log_odds_rebuild_20260602_gbm,fund,dynamic_csi,roll_min_3y_cash_pct_act,271,363,mapped,10,rolling_window_statistics,computed,143173,0.0006249824308314471,bounded GBM-only predictor workspace; not full final model-suite importance,mapped,Feature mapped to the canonical AE-FEAT-IMPORT 11-family taxonomy.
AE-FEAT-IMPORT-006R,individual_feature_log_odds_rebuild_20260602_gbm,fund,dynamic_csi,roll_mean_5y_asset_turnover,348,364,mapped,10,rolling_window_statistics,computed,143173,0.0006216432875320837,bounded GBM-only predictor workspace; not full final model-suite importance,mapped,Feature mapped to the canonical AE-FEAT-IMPORT 11-family taxonomy.
AE-FEAT-IMPORT-006R,individual_feature_log_odds_rebuild_20260602_gbm,fund,dynamic_csi,roll_trend_3y_interest_cov,314,365,mapped,10,rolling_window_statistics,computed,143173,0.0006160128934015368,bounded GBM-only predictor workspace; not full final model-suite importance,mapped,Feature mapped to the canonical AE-FEAT-IMPORT 11-family taxonomy.
AE-FEAT-IMPORT-006R,individual_feature_log_odds_rebuild_20260602_gbm,fund,dynamic_csi,roll_autocorr_3y_net_debt_ebitda,328,366,mapped,10,rolling_window_statistics,computed,143173,0.0006065408827366067,bounded GBM-only predictor workspace; not full final model-suite importance,mapped,Feature mapped to the canonical AE-FEAT-IMPORT 11-family taxonomy.
AE-FEAT-IMPORT-006R,individual_feature_log_odds_rebuild_20260602_gbm,fund,dynamic_csi,accel_accruals_ratio,107,367,mapped,3,acceleration,computed,143173,0.0006003559156453371,bounded GBM-only predictor workspace; not full final model-suite importance,mapped,Feature mapped to the canonical AE-FEAT-IMPORT 11-family taxonomy.
AE-FEAT-IMPORT-006R,individual_feature_log_odds_rebuild_20260602_gbm,fund,dynamic_csi,roll_autocorr_5y_ebitda_margin,425,368,mapped,10,rolling_window_statistics,computed,143173,0.0005867548176950451,bounded GBM-only predictor workspace; not full final model-suite importance,mapped,Feature mapped to the canonical AE-FEAT-IMPORT 11-family taxonomy.
AE-FEAT-IMPORT-006R,individual_feature_log_odds_rebuild_20260602_gbm,fund,dynamic_csi,roll_autocorr_3y_interest_cov,329,369,mapped,10,rolling_window_statistics,computed,143173,0.0005759674430926372,bounded GBM-only predictor workspace; not full final model-suite importance,mapped,Feature mapped to the canonical AE-FEAT-IMPORT 11-family taxonomy.
AE-FEAT-IMPORT-006R,individual_feature_log_odds_rebuild_20260602_gbm,fund,dynamic_csi,yoy_wcap_ratio,64,370,mapped,2,yoy_changes,computed,143173,0.000575618300670127,bounded GBM-only predictor workspace; not full final model-suite importance,mapped,Feature mapped to the canonical AE-FEAT-IMPORT 11-family taxonomy.
AE-FEAT-IMPORT-006R,individual_feature_log_odds_rebuild_20260602_gbm,fund,dynamic_csi,peak_drop_quick_ratio,208,371,mapped,6,peak_deterioration,computed,143173,0.0005722280490519864,bounded GBM-only predictor workspace; not full final model-suite importance,mapped,Feature mapped to the canonical AE-FEAT-IMPORT 11-family taxonomy.
AE-FEAT-IMPORT-006R,individual_feature_log_odds_rebuild_20260602_gbm,fund,dynamic_csi,acct_mom_ocf_per_share,234,372,mapped,9,accounting_momentum,computed,143173,0.0005601877330766346,bounded GBM-only predictor workspace; not full final model-suite importance,mapped,Feature mapped to the canonical AE-FEAT-IMPORT 11-family taxonomy.
AE-FEAT-IMPORT-006R,individual_feature_log_odds_rebuild_20260602_gbm,fund,dynamic_csi,roll_sd_5y_cash_pct_act,391,373,mapped,10,rolling_window_statistics,computed,143173,0.0005487677953455184,bounded GBM-only predictor workspace; not full final model-suite importance,mapped,Feature mapped to the canonical AE-FEAT-IMPORT 11-family taxonomy.
AE-FEAT-IMPORT-006R,individual_feature_log_odds_rebuild_20260602_gbm,fund,dynamic_csi,peak_drop_asset_turnover,212,374,mapped,6,peak_deterioration,computed,143173,0.0005433793650626227,bounded GBM-only predictor workspace; not full final model-suite importance,mapped,Feature mapped to the canonical AE-FEAT-IMPORT 11-family taxonomy.
AE-FEAT-IMPORT-006R,individual_feature_log_odds_rebuild_20260602_gbm,fund,dynamic_csi,roll_autocorr_5y_log_at,427,375,mapped,10,rolling_window_statistics,computed,143173,0.0005337767564021801,bounded GBM-only predictor workspace; not full final model-suite importance,mapped,Feature mapped to the canonical AE-FEAT-IMPORT 11-family taxonomy.
AE-FEAT-IMPORT-006R,individual_feature_log_odds_rebuild_20260602_gbm,fund,dynamic_csi,accel_earn_yld,84,376,mapped,3,acceleration,computed,143173,0.0005296151945011899,bounded GBM-only predictor workspace; not full final model-suite importance,mapped,Feature mapped to the canonical AE-FEAT-IMPORT 11-family taxonomy.
AE-FEAT-IMPORT-006R,individual_feature_log_odds_rebuild_20260602_gbm,fund,dynamic_csi,accel_wcap_ratio,102,377,mapped,3,acceleration,computed,143173,0.0005233812437767599,bounded GBM-only predictor workspace; not full final model-suite importance,mapped,Feature mapped to the canonical AE-FEAT-IMPORT 11-family taxonomy.
AE-FEAT-IMPORT-006R,individual_feature_log_odds_rebuild_20260602_gbm,fund,dynamic_csi,expmean_altman_z4,157,378,mapped,4,expanding_mean,computed,143173,0.0005179249440273601,bounded GBM-only predictor workspace; not full final model-suite importance,mapped,Feature mapped to the canonical AE-FEAT-IMPORT 11-family taxonomy.
AE-FEAT-IMPORT-006R,individual_feature_log_odds_rebuild_20260602_gbm,fund,dynamic_csi,expmean_altman_z,158,379,mapped,4,expanding_mean,computed,143173,0.0005042171878138829,bounded GBM-only predictor workspace; not full final model-suite importance,mapped,Feature mapped to the canonical AE-FEAT-IMPORT 11-family taxonomy.
AE-FEAT-IMPORT-006R,individual_feature_log_odds_rebuild_20260602_gbm,fund,dynamic_csi,expvol_net_debt_ebitda,170,380,mapped,5,expanding_volatility,computed,143173,0.0005031662020310822,bounded GBM-only predictor workspace; not full final model-suite importance,mapped,Feature mapped to the canonical AE-FEAT-IMPORT 11-family taxonomy.
AE-FEAT-IMPORT-006R,individual_feature_log_odds_rebuild_20260602_gbm,fund,dynamic_csi,accel_log_emp,114,381,mapped,3,acceleration,computed,143173,0.00048786607897991077,bounded GBM-only predictor workspace; not full final model-suite importance,mapped,Feature mapped to the canonical AE-FEAT-IMPORT 11-family taxonomy.
AE-FEAT-IMPORT-006R,individual_feature_log_odds_rebuild_20260602_gbm,fund,dynamic_csi,rental_ratio,37,382,mapped,1,point_in_time_ratios,computed,143173,0.0004858036298059567,bounded GBM-only predictor workspace; not full final model-suite importance,mapped,Feature mapped to the canonical AE-FEAT-IMPORT 11-family taxonomy.
AE-FEAT-IMPORT-006R,individual_feature_log_odds_rebuild_20260602_gbm,fund,dynamic_csi,accel_ebit_roa,89,383,mapped,3,acceleration,computed,143173,0.00048022327467989065,bounded GBM-only predictor workspace; not full final model-suite importance,mapped,Feature mapped to the canonical AE-FEAT-IMPORT 11-family taxonomy.
AE-FEAT-IMPORT-006R,individual_feature_log_odds_rebuild_20260602_gbm,fund,dynamic_csi,accel_current_ratio,99,384,mapped,3,acceleration,computed,143173,0.0004798764282284195,bounded GBM-only predictor workspace; not full final model-suite importance,mapped,Feature mapped to the canonical AE-FEAT-IMPORT 11-family taxonomy.
AE-FEAT-IMPORT-006R,individual_feature_log_odds_rebuild_20260602_gbm,fund,dynamic_csi,consec_decline_roa,225,385,mapped,8,consecutive_declines,computed,143173,0.000472054564554693,bounded GBM-only predictor workspace; not full final model-suite importance,mapped,Feature mapped to the canonical AE-FEAT-IMPORT 11-family taxonomy.
AE-FEAT-IMPORT-006R,individual_feature_log_odds_rebuild_20260602_gbm,fund,dynamic_csi,roll_max_5y_gross_margin,379,386,mapped,10,rolling_window_statistics,computed,143173,0.00045780929764939346,bounded GBM-only predictor workspace; not full final model-suite importance,mapped,Feature mapped to the canonical AE-FEAT-IMPORT 11-family taxonomy.
AE-FEAT-IMPORT-006R,individual_feature_log_odds_rebuild_20260602_gbm,fund,dynamic_csi,roll_min_3y_ebitda_margin,275,387,mapped,10,rolling_window_statistics,computed,143173,0.00045407713150488467,bounded GBM-only predictor workspace; not full final model-suite importance,mapped,Feature mapped to the canonical AE-FEAT-IMPORT 11-family taxonomy.
AE-FEAT-IMPORT-006R,individual_feature_log_odds_rebuild_20260602_gbm,fund,dynamic_csi,yoy_invest_st_ratio,83,388,mapped,2,yoy_changes,computed,143173,0.0004538780609231,bounded GBM-only predictor workspace; not full final model-suite importance,mapped,Feature mapped to the canonical AE-FEAT-IMPORT 11-family taxonomy.
AE-FEAT-IMPORT-006R,individual_feature_log_odds_rebuild_20260602_gbm,fund,dynamic_csi,expvol_gross_margin,166,389,mapped,5,expanding_volatility,computed,143173,0.0004407468099128157,bounded GBM-only predictor workspace; not full final model-suite importance,mapped,Feature mapped to the canonical AE-FEAT-IMPORT 11-family taxonomy.
AE-FEAT-IMPORT-006R,individual_feature_log_odds_rebuild_20260602_gbm,fund,dynamic_csi,expmean_mkt_to_book,144,390,mapped,4,expanding_mean,computed,143173,0.00043100255097545785,bounded GBM-only predictor workspace; not full final model-suite importance,mapped,Feature mapped to the canonical AE-FEAT-IMPORT 11-family taxonomy.
AE-FEAT-IMPORT-006R,individual_feature_log_odds_rebuild_20260602_gbm,fund,dynamic_csi,roll_trend_3y_leverage,312,391,mapped,10,rolling_window_statistics,computed,143173,0.0004177975396355886,bounded GBM-only predictor workspace; not full final model-suite importance,mapped,Feature mapped to the canonical AE-FEAT-IMPORT 11-family taxonomy.
AE-FEAT-IMPORT-006R,individual_feature_log_odds_rebuild_20260602_gbm,fund,dynamic_csi,roll_mean_3y_interest_cov,254,392,mapped,10,rolling_window_statistics,computed,143173,0.00040068510631689595,bounded GBM-only predictor workspace; not full final model-suite importance,mapped,Feature mapped to the canonical AE-FEAT-IMPORT 11-family taxonomy.
AE-FEAT-IMPORT-006R,individual_feature_log_odds_rebuild_20260602_gbm,fund,dynamic_csi,roll_mean_5y_interest_cov,344,393,mapped,10,rolling_window_statistics,computed,143173,0.0004005757152048383,bounded GBM-only predictor workspace; not full final model-suite importance,mapped,Feature mapped to the canonical AE-FEAT-IMPORT 11-family taxonomy.
AE-FEAT-IMPORT-006R,individual_feature_log_odds_rebuild_20260602_gbm,fund,dynamic_csi,expvol_std_debt_pct,171,394,mapped,5,expanding_volatility,computed,143173,0.0003945539646997736,bounded GBM-only predictor workspace; not full final model-suite importance,mapped,Feature mapped to the canonical AE-FEAT-IMPORT 11-family taxonomy.
AE-FEAT-IMPORT-006R,individual_feature_log_odds_rebuild_20260602_gbm,fund,dynamic_csi,roll_autocorr_5y_interest_cov,419,395,mapped,10,rolling_window_statistics,computed,143173,0.00037631879763316617,bounded GBM-only predictor workspace; not full final model-suite importance,mapped,Feature mapped to the canonical AE-FEAT-IMPORT 11-family taxonomy.
AE-FEAT-IMPORT-006R,individual_feature_log_odds_rebuild_20260602_gbm,fund,dynamic_csi,expmean_rental_ratio,153,396,mapped,4,expanding_mean,computed,143173,0.00037034592335415687,bounded GBM-only predictor workspace; not full final model-suite importance,mapped,Feature mapped to the canonical AE-FEAT-IMPORT 11-family taxonomy.
AE-FEAT-IMPORT-006R,individual_feature_log_odds_rebuild_20260602_gbm,fund,dynamic_csi,roll_trend_3y_roa,310,397,mapped,10,rolling_window_statistics,computed,143173,0.00033615317203657385,bounded GBM-only predictor workspace; not full final model-suite importance,mapped,Feature mapped to the canonical AE-FEAT-IMPORT 11-family taxonomy.
AE-FEAT-IMPORT-006R,individual_feature_log_odds_rebuild_20260602_gbm,fund,dynamic_csi,roll_min_5y_asset_turnover,363,398,mapped,10,rolling_window_statistics,computed,143173,0.0003327361568398372,bounded GBM-only predictor workspace; not full final model-suite importance,mapped,Feature mapped to the canonical AE-FEAT-IMPORT 11-family taxonomy.
AE-FEAT-IMPORT-006R,individual_feature_log_odds_rebuild_20260602_gbm,fund,dynamic_csi,trough_rise_dd1_ratio,220,399,mapped,7,trough_rise,computed,143173,0.0003172514557283666,bounded GBM-only predictor workspace; not full final model-suite importance,mapped,Feature mapped to the canonical AE-FEAT-IMPORT 11-family taxonomy.
AE-FEAT-IMPORT-006R,individual_feature_log_odds_rebuild_20260602_gbm,fund,dynamic_csi,roll_autocorr_5y_earn_yld,413,400,mapped,10,rolling_window_statistics,computed,143173,0.0003137642131088516,bounded GBM-only predictor workspace; not full final model-suite importance,mapped,Feature mapped to the canonical AE-FEAT-IMPORT 11-family taxonomy.
AE-FEAT-IMPORT-006R,individual_feature_log_odds_rebuild_20260602_gbm,fund,dynamic_csi,roll_autocorr_3y_cash_pct_act,331,401,mapped,10,rolling_window_statistics,computed,143173,0.00030141091545794887,bounded GBM-only predictor workspace; not full final model-suite importance,mapped,Feature mapped to the canonical AE-FEAT-IMPORT 11-family taxonomy.
AE-FEAT-IMPORT-006R,individual_feature_log_odds_rebuild_20260602_gbm,fund,dynamic_csi,roll_max_3y_gross_margin,289,402,mapped,10,rolling_window_statistics,computed,143173,0.0002962739777412607,bounded GBM-only predictor workspace; not full final model-suite importance,mapped,Feature mapped to the canonical AE-FEAT-IMPORT 11-family taxonomy.
AE-FEAT-IMPORT-006R,individual_feature_log_odds_rebuild_20260602_gbm,fund,dynamic_csi,roll_max_5y_log_mkvalt,381,403,mapped,10,rolling_window_statistics,computed,143173,0.0002853506509054154,bounded GBM-only predictor workspace; not full final model-suite importance,mapped,Feature mapped to the canonical AE-FEAT-IMPORT 11-family taxonomy.
AE-FEAT-IMPORT-006R,individual_feature_log_odds_rebuild_20260602_gbm,fund,dynamic_csi,expvol_mkt_to_book,182,404,mapped,5,expanding_volatility,computed,143173,0.00027561291019310893,bounded GBM-only predictor workspace; not full final model-suite importance,mapped,Feature mapped to the canonical AE-FEAT-IMPORT 11-family taxonomy.
AE-FEAT-IMPORT-006R,individual_feature_log_odds_rebuild_20260602_gbm,fund,dynamic_csi,yoy_dd1_ratio,60,405,mapped,2,yoy_changes,computed,143173,0.0002742981737701634,bounded GBM-only predictor workspace; not full final model-suite importance,mapped,Feature mapped to the canonical AE-FEAT-IMPORT 11-family taxonomy.
AE-FEAT-IMPORT-006R,individual_feature_log_odds_rebuild_20260602_gbm,fund,dynamic_csi,roll_trend_5y_interest_cov,404,406,mapped,10,rolling_window_statistics,computed,143173,0.00026944082640585767,bounded GBM-only predictor workspace; not full final model-suite importance,mapped,Feature mapped to the canonical AE-FEAT-IMPORT 11-family taxonomy.
AE-FEAT-IMPORT-006R,individual_feature_log_odds_rebuild_20260602_gbm,fund,dynamic_csi,peak_drop_current_ratio,207,407,mapped,6,peak_deterioration,computed,143173,0.0002673333445847248,bounded GBM-only predictor workspace; not full final model-suite importance,mapped,Feature mapped to the canonical AE-FEAT-IMPORT 11-family taxonomy.
AE-FEAT-IMPORT-006R,individual_feature_log_odds_rebuild_20260602_gbm,fund,dynamic_csi,compr_inc_ratio,41,408,mapped,1,point_in_time_ratios,computed,143173,0.00026256441472693,bounded GBM-only predictor workspace; not full final model-suite importance,mapped,Feature mapped to the canonical AE-FEAT-IMPORT 11-family taxonomy.
AE-FEAT-IMPORT-006R,individual_feature_log_odds_rebuild_20260602_gbm,fund,dynamic_csi,accel_interest_cov,97,409,mapped,3,acceleration,computed,143173,0.00024445556912409836,bounded GBM-only predictor workspace; not full final model-suite importance,mapped,Feature mapped to the canonical AE-FEAT-IMPORT 11-family taxonomy.
AE-FEAT-IMPORT-006R,individual_feature_log_odds_rebuild_20260602_gbm,fund,dynamic_csi,accel_ocf_per_share,85,410,mapped,3,acceleration,computed,143173,0.00024103922399205778,bounded GBM-only predictor workspace; not full final model-suite importance,mapped,Feature mapped to the canonical AE-FEAT-IMPORT 11-family taxonomy.
AE-FEAT-IMPORT-006R,individual_feature_log_odds_rebuild_20260602_gbm,fund,dynamic_csi,acct_mom_current_ratio,240,411,mapped,9,accounting_momentum,computed,143173,0.00023234647946717514,bounded GBM-only predictor workspace; not full final model-suite importance,mapped,Feature mapped to the canonical AE-FEAT-IMPORT 11-family taxonomy.
AE-FEAT-IMPORT-006R,individual_feature_log_odds_rebuild_20260602_gbm,fund,dynamic_csi,expvol_interest_cov,173,412,mapped,5,expanding_volatility,computed,143173,0.00022780814505183998,bounded GBM-only predictor workspace; not full final model-suite importance,mapped,Feature mapped to the canonical AE-FEAT-IMPORT 11-family taxonomy.
AE-FEAT-IMPORT-006R,individual_feature_log_odds_rebuild_20260602_gbm,fund,dynamic_csi,consec_decline_current_ratio,231,413,mapped,8,consecutive_declines,computed,143173,0.00022694135777893694,bounded GBM-only predictor workspace; not full final model-suite importance,mapped,Feature mapped to the canonical AE-FEAT-IMPORT 11-family taxonomy.
AE-FEAT-IMPORT-006R,individual_feature_log_odds_rebuild_20260602_gbm,fund,dynamic_csi,accel_eff_int_rate,96,414,mapped,3,acceleration,computed,143173,0.00022249778736948298,bounded GBM-only predictor workspace; not full final model-suite importance,mapped,Feature mapped to the canonical AE-FEAT-IMPORT 11-family taxonomy.
AE-FEAT-IMPORT-006R,individual_feature_log_odds_rebuild_20260602_gbm,fund,dynamic_csi,consec_decline_ocf_per_share,224,415,mapped,8,consecutive_declines,computed,143173,0.00022207743057304369,bounded GBM-only predictor workspace; not full final model-suite importance,mapped,Feature mapped to the canonical AE-FEAT-IMPORT 11-family taxonomy.
AE-FEAT-IMPORT-006R,individual_feature_log_odds_rebuild_20260602_gbm,fund,dynamic_csi,roll_trend_5y_leverage,402,416,mapped,10,rolling_window_statistics,computed,143173,0.00021742257468064085,bounded GBM-only predictor workspace; not full final model-suite importance,mapped,Feature mapped to the canonical AE-FEAT-IMPORT 11-family taxonomy.
AE-FEAT-IMPORT-006R,individual_feature_log_odds_rebuild_20260602_gbm,fund,dynamic_csi,roll_trend_5y_current_ratio,405,417,mapped,10,rolling_window_statistics,computed,143173,0.0002116314233318561,bounded GBM-only predictor workspace; not full final model-suite importance,mapped,Feature mapped to the canonical AE-FEAT-IMPORT 11-family taxonomy.
AE-FEAT-IMPORT-006R,individual_feature_log_odds_rebuild_20260602_gbm,fund,dynamic_csi,accel_net_debt_ebitda,94,418,mapped,3,acceleration,computed,143173,0.00019990403045819208,bounded GBM-only predictor workspace; not full final model-suite importance,mapped,Feature mapped to the canonical AE-FEAT-IMPORT 11-family taxonomy.
AE-FEAT-IMPORT-006R,individual_feature_log_odds_rebuild_20260602_gbm,fund,dynamic_csi,expmean_current_ratio,137,419,mapped,4,expanding_mean,computed,143173,0.00018362855941274394,bounded GBM-only predictor workspace; not full final model-suite importance,mapped,Feature mapped to the canonical AE-FEAT-IMPORT 11-family taxonomy.
AE-FEAT-IMPORT-006R,individual_feature_log_odds_rebuild_20260602_gbm,fund,dynamic_csi,accel_quick_ratio,100,420,mapped,3,acceleration,computed,143173,0.00018036204767407093,bounded GBM-only predictor workspace; not full final model-suite importance,mapped,Feature mapped to the canonical AE-FEAT-IMPORT 11-family taxonomy.
AE-FEAT-IMPORT-006R,individual_feature_log_odds_rebuild_20260602_gbm,fund,dynamic_csi,roll_autocorr_5y_asset_turnover,423,421,mapped,10,rolling_window_statistics,computed,143173,0.000168416900629017,bounded GBM-only predictor workspace; not full final model-suite importance,mapped,Feature mapped to the canonical AE-FEAT-IMPORT 11-family taxonomy.
AE-FEAT-IMPORT-006R,individual_feature_log_odds_rebuild_20260602_gbm,fund,dynamic_csi,consec_decline_earn_yld,223,422,mapped,8,consecutive_declines,computed,143173,0.00015410165313056633,bounded GBM-only predictor workspace; not full final model-suite importance,mapped,Feature mapped to the canonical AE-FEAT-IMPORT 11-family taxonomy.
AE-FEAT-IMPORT-006R,individual_feature_log_odds_rebuild_20260602_gbm,fund,dynamic_csi,expvol_current_ratio,175,423,mapped,5,expanding_volatility,computed,143173,0.0001505216310176653,bounded GBM-only predictor workspace; not full final model-suite importance,mapped,Feature mapped to the canonical AE-FEAT-IMPORT 11-family taxonomy.
AE-FEAT-IMPORT-006R,individual_feature_log_odds_rebuild_20260602_gbm,fund,dynamic_csi,accel_invest_st_ratio,121,424,mapped,3,acceleration,computed,143173,0.00014999733342321506,bounded GBM-only predictor workspace; not full final model-suite importance,mapped,Feature mapped to the canonical AE-FEAT-IMPORT 11-family taxonomy.
AE-FEAT-IMPORT-006R,individual_feature_log_odds_rebuild_20260602_gbm,fund,dynamic_csi,accel_ev_to_sales,104,425,mapped,3,acceleration,computed,143173,0.00014438806337228636,bounded GBM-only predictor workspace; not full final model-suite importance,mapped,Feature mapped to the canonical AE-FEAT-IMPORT 11-family taxonomy.
AE-FEAT-IMPORT-006R,individual_feature_log_odds_rebuild_20260602_gbm,fund,dynamic_csi,expvol_altman_z,196,426,mapped,5,expanding_volatility,computed,143173,0.000133489846033283,bounded GBM-only predictor workspace; not full final model-suite importance,mapped,Feature mapped to the canonical AE-FEAT-IMPORT 11-family taxonomy.
AE-FEAT-IMPORT-006R,individual_feature_log_odds_rebuild_20260602_gbm,fund,dynamic_csi,expmean_log_mkvalt,151,427,mapped,4,expanding_mean,computed,143173,8.087942081136615e-05,bounded GBM-only predictor workspace; not full final model-suite importance,mapped,Feature mapped to the canonical AE-FEAT-IMPORT 11-family taxonomy.
AE-FEAT-IMPORT-006R,individual_feature_log_odds_rebuild_20260602_gbm,fund,dynamic_csi,accel_mkt_to_book,106,428,mapped,3,acceleration,computed,143173,7.241892278664607e-05,bounded GBM-only predictor workspace; not full final model-suite importance,mapped,Feature mapped to the canonical AE-FEAT-IMPORT 11-family taxonomy.
AE-FEAT-IMPORT-006R,individual_feature_log_odds_rebuild_20260602_gbm,fund,dynamic_csi,consec_decline_log_mkvalt,229,429,mapped,8,consecutive_declines,computed,143173,7.120646653049156e-05,bounded GBM-only predictor workspace; not full final model-suite importance,mapped,Feature mapped to the canonical AE-FEAT-IMPORT 11-family taxonomy.
AE-FEAT-IMPORT-006R,individual_feature_log_odds_rebuild_20260602_gbm,fund,dynamic_csi,roll_max_3y_current_ratio,285,430,mapped,10,rolling_window_statistics,computed,143173,6.640673942704616e-05,bounded GBM-only predictor workspace; not full final model-suite importance,mapped,Feature mapped to the canonical AE-FEAT-IMPORT 11-family taxonomy.
AE-FEAT-IMPORT-006R,individual_feature_log_odds_rebuild_20260602_gbm,fund,dynamic_csi,accel_div_yield,105,431,mapped,3,acceleration,computed,143173,6.312144030736592e-05,bounded GBM-only predictor workspace; not full final model-suite importance,mapped,Feature mapped to the canonical AE-FEAT-IMPORT 11-family taxonomy.
AE-FEAT-IMPORT-006R,individual_feature_log_odds_rebuild_20260602_gbm,fund,dynamic_csi,consec_decline_log_emp,230,432,mapped,8,consecutive_declines,computed,143173,6.226827866087929e-05,bounded GBM-only predictor workspace; not full final model-suite importance,mapped,Feature mapped to the canonical AE-FEAT-IMPORT 11-family taxonomy.
AE-FEAT-IMPORT-006R,individual_feature_log_odds_rebuild_20260602_gbm,fund,dynamic_csi,expvol_div_yield,181,433,mapped,5,expanding_volatility,computed,143173,6.034935974948178e-05,bounded GBM-only predictor workspace; not full final model-suite importance,mapped,Feature mapped to the canonical AE-FEAT-IMPORT 11-family taxonomy.
AE-FEAT-IMPORT-006R,individual_feature_log_odds_rebuild_20260602_gbm,fund,dynamic_csi,expvol_bp_ratio,179,434,mapped,5,expanding_volatility,computed,143173,4.741650733621548e-05,bounded GBM-only predictor workspace; not full final model-suite importance,mapped,Feature mapped to the canonical AE-FEAT-IMPORT 11-family taxonomy.
AE-FEAT-IMPORT-006R,individual_feature_log_odds_rebuild_20260602_gbm,fund,dynamic_csi,roll_max_3y_log_at,292,435,mapped,10,rolling_window_statistics,computed,143173,4.491762686853317e-05,bounded GBM-only predictor workspace; not full final model-suite importance,mapped,Feature mapped to the canonical AE-FEAT-IMPORT 11-family taxonomy.
AE-FEAT-IMPORT-006R,individual_feature_log_odds_rebuild_20260602_gbm,fund,dynamic_csi,acct_mom_interest_cov,239,436,mapped,9,accounting_momentum,computed,143173,3.135300712897264e-05,bounded GBM-only predictor workspace; not full final model-suite importance,mapped,Feature mapped to the canonical AE-FEAT-IMPORT 11-family taxonomy.
AE-FEAT-IMPORT-006R,individual_feature_log_odds_rebuild_20260602_gbm,fund,dynamic_csi,peak_drop_cash_pct_act,209,437,mapped,6,peak_deterioration,computed,143173,3.090990984407136e-05,bounded GBM-only predictor workspace; not full final model-suite importance,mapped,Feature mapped to the canonical AE-FEAT-IMPORT 11-family taxonomy.
AE-FEAT-IMPORT-006R,individual_feature_log_odds_rebuild_20260602_gbm,fund,dynamic_csi,expmean_div_yield,143,438,mapped,4,expanding_mean,computed,143173,0.0,bounded GBM-only predictor workspace; not full final model-suite importance,mapped,Feature mapped to the canonical AE-FEAT-IMPORT 11-family taxonomy.
AE-FEAT-IMPORT-006R,individual_feature_log_odds_rebuild_20260602_gbm,fund,dynamic_csi,expvol_altman_z4,195,439,mapped,5,expanding_volatility,computed,143173,0.0,bounded GBM-only predictor workspace; not full final model-suite importance,mapped,Feature mapped to the canonical AE-FEAT-IMPORT 11-family taxonomy.
AE-FEAT-IMPORT-006R,individual_feature_log_odds_rebuild_20260602_gbm,fund,dynamic_csi,acct_mom_net_debt_ebitda,238,440,mapped,9,accounting_momentum,computed,143173,0.0,bounded GBM-only predictor workspace; not full final model-suite importance,mapped,Feature mapped to the canonical AE-FEAT-IMPORT 11-family taxonomy.
AE-FEAT-IMPORT-006R,individual_feature_log_odds_rebuild_20260602_gbm,fund,dynamic_csi,roll_sd_5y_accruals_ratio,392,441,mapped,10,rolling_window_statistics,computed,143173,0.0,bounded GBM-only predictor workspace; not full final model-suite importance,mapped,Feature mapped to the canonical AE-FEAT-IMPORT 11-family taxonomy.
AE-FEAT-IMPORT-006R,individual_feature_log_odds_rebuild_20260602_gbm,latent_raw,dynamic_csi,z4,4,1,latent_vae,latent_vae,vae_latent_features,computed,143173,1.224502213357824,bounded GBM-only predictor workspace; not full final model-suite importance,latent_vae,VAE latent dimension or reconstruction error; outside canonical raw/engineered family taxonomy.
AE-FEAT-IMPORT-006R,individual_feature_log_odds_rebuild_20260602_gbm,latent_raw,dynamic_csi,z13,13,2,latent_vae,latent_vae,vae_latent_features,computed,143173,0.6249105817318119,bounded GBM-only predictor workspace; not full final model-suite importance,latent_vae,VAE latent dimension or reconstruction error; outside canonical raw/engineered family taxonomy.
AE-FEAT-IMPORT-006R,individual_feature_log_odds_rebuild_20260602_gbm,latent_raw,dynamic_csi,z14,14,3,latent_vae,latent_vae,vae_latent_features,computed,143173,0.3759732916121942,bounded GBM-only predictor workspace; not full final model-suite importance,latent_vae,VAE latent dimension or reconstruction error; outside canonical raw/engineered family taxonomy.
AE-FEAT-IMPORT-006R,individual_feature_log_odds_rebuild_20260602_gbm,latent_raw,dynamic_csi,vae_recon_error,25,4,latent_vae,latent_vae,vae_latent_features,computed,143173,0.3336340740887999,bounded GBM-only predictor workspace; not full final model-suite importance,latent_vae,VAE latent dimension or reconstruction error; outside canonical raw/engineered family taxonomy.
AE-FEAT-IMPORT-006R,individual_feature_log_odds_rebuild_20260602_gbm,latent_raw,dynamic_csi,z1,1,5,latent_vae,latent_vae,vae_latent_features,computed,143173,0.29625822817660885,bounded GBM-only predictor workspace; not full final model-suite importance,latent_vae,VAE latent dimension or reconstruction error; outside canonical raw/engineered family taxonomy.
AE-FEAT-IMPORT-006R,individual_feature_log_odds_rebuild_20260602_gbm,latent_raw,dynamic_csi,z22,22,6,latent_vae,latent_vae,vae_latent_features,computed,143173,0.1559619202102561,bounded GBM-only predictor workspace; not full final model-suite importance,latent_vae,VAE latent dimension or reconstruction error; outside canonical raw/engineered family taxonomy.
AE-FEAT-IMPORT-006R,individual_feature_log_odds_rebuild_20260602_gbm,latent_raw,dynamic_csi,z21,21,7,latent_vae,latent_vae,vae_latent_features,computed,143173,0.12820722523987055,bounded GBM-only predictor workspace; not full final model-suite importance,latent_vae,VAE latent dimension or reconstruction error; outside canonical raw/engineered family taxonomy.
AE-FEAT-IMPORT-006R,individual_feature_log_odds_rebuild_20260602_gbm,latent_raw,dynamic_csi,z10,10,8,latent_vae,latent_vae,vae_latent_features,computed,143173,0.12205285285984578,bounded GBM-only predictor workspace; not full final model-suite importance,latent_vae,VAE latent dimension or reconstruction error; outside canonical raw/engineered family taxonomy.
AE-FEAT-IMPORT-006R,individual_feature_log_odds_rebuild_20260602_gbm,latent_raw,dynamic_csi,z20,20,9,latent_vae,latent_vae,vae_latent_features,computed,143173,0.11413725907402207,bounded GBM-only predictor workspace; not full final model-suite importance,latent_vae,VAE latent dimension or reconstruction error; outside canonical raw/engineered family taxonomy.
AE-FEAT-IMPORT-006R,individual_feature_log_odds_rebuild_20260602_gbm,latent_raw,dynamic_csi,z23,23,10,latent_vae,latent_vae,vae_latent_features,computed,143173,0.09880887947087898,bounded GBM-only predictor workspace; not full final model-suite importance,latent_vae,VAE latent dimension or reconstruction error; outside canonical raw/engineered family taxonomy.
AE-FEAT-IMPORT-006R,individual_feature_log_odds_rebuild_20260602_gbm,latent_raw,dynamic_csi,z24,24,11,latent_vae,latent_vae,vae_latent_features,computed,143173,0.08199397655622759,bounded GBM-only predictor workspace; not full final model-suite importance,latent_vae,VAE latent dimension or reconstruction error; outside canonical raw/engineered family taxonomy.
AE-FEAT-IMPORT-006R,individual_feature_log_odds_rebuild_20260602_gbm,latent_raw,dynamic_csi,z12,12,12,latent_vae,latent_vae,vae_latent_features,computed,143173,0.07605121608920846,bounded GBM-only predictor workspace; not full final model-suite importance,latent_vae,VAE latent dimension or reconstruction error; outside canonical raw/engineered family taxonomy.
AE-FEAT-IMPORT-006R,individual_feature_log_odds_rebuild_20260602_gbm,latent_raw,dynamic_csi,z15,15,13,latent_vae,latent_vae,vae_latent_features,computed,143173,0.07409443698811424,bounded GBM-only predictor workspace; not full final model-suite importance,latent_vae,VAE latent dimension or reconstruction error; outside canonical raw/engineered family taxonomy.
AE-FEAT-IMPORT-006R,individual_feature_log_odds_rebuild_20260602_gbm,latent_raw,dynamic_csi,z6,6,14,latent_vae,latent_vae,vae_latent_features,computed,143173,0.06125255320221376,bounded GBM-only predictor workspace; not full final model-suite importance,latent_vae,VAE latent dimension or reconstruction error; outside canonical raw/engineered family taxonomy.
AE-FEAT-IMPORT-006R,individual_feature_log_odds_rebuild_20260602_gbm,latent_raw,dynamic_csi,z18,18,15,latent_vae,latent_vae,vae_latent_features,computed,143173,0.05921684473725891,bounded GBM-only predictor workspace; not full final model-suite importance,latent_vae,VAE latent dimension or reconstruction error; outside canonical raw/engineered family taxonomy.
AE-FEAT-IMPORT-006R,individual_feature_log_odds_rebuild_20260602_gbm,latent_raw,dynamic_csi,z3,3,16,latent_vae,latent_vae,vae_latent_features,computed,143173,0.05463218337590706,bounded GBM-only predictor workspace; not full final model-suite importance,latent_vae,VAE latent dimension or reconstruction error; outside canonical raw/engineered family taxonomy.
AE-FEAT-IMPORT-006R,individual_feature_log_odds_rebuild_20260602_gbm,latent_raw,dynamic_csi,z8,8,17,latent_vae,latent_vae,vae_latent_features,computed,143173,0.047601794609911326,bounded GBM-only predictor workspace; not full final model-suite importance,latent_vae,VAE latent dimension or reconstruction error; outside canonical raw/engineered family taxonomy.
AE-FEAT-IMPORT-006R,individual_feature_log_odds_rebuild_20260602_gbm,latent_raw,dynamic_csi,z7,7,18,latent_vae,latent_vae,vae_latent_features,computed,143173,0.045003518113140246,bounded GBM-only predictor workspace; not full final model-suite importance,latent_vae,VAE latent dimension or reconstruction error; outside canonical raw/engineered family taxonomy.
AE-FEAT-IMPORT-006R,individual_feature_log_odds_rebuild_20260602_gbm,latent_raw,dynamic_csi,z17,17,19,latent_vae,latent_vae,vae_latent_features,computed,143173,0.04267960852363267,bounded GBM-only predictor workspace; not full final model-suite importance,latent_vae,VAE latent dimension or reconstruction error; outside canonical raw/engineered family taxonomy.
AE-FEAT-IMPORT-006R,individual_feature_log_odds_rebuild_20260602_gbm,latent_raw,dynamic_csi,z19,19,20,latent_vae,latent_vae,vae_latent_features,computed,143173,0.03782074898310446,bounded GBM-only predictor workspace; not full final model-suite importance,latent_vae,VAE latent dimension or reconstruction error; outside canonical raw/engineered family taxonomy.
AE-FEAT-IMPORT-006R,individual_feature_log_odds_rebuild_20260602_gbm,latent_raw,dynamic_csi,z9,9,21,latent_vae,latent_vae,vae_latent_features,computed,143173,0.03437458331048798,bounded GBM-only predictor workspace; not full final model-suite importance,latent_vae,VAE latent dimension or reconstruction error; outside canonical raw/engineered family taxonomy.
AE-FEAT-IMPORT-006R,individual_feature_log_odds_rebuild_20260602_gbm,latent_raw,dynamic_csi,z2,2,22,latent_vae,latent_vae,vae_latent_features,computed,143173,0.03410155230814868,bounded GBM-only predictor workspace; not full final model-suite importance,latent_vae,VAE latent dimension or reconstruction error; outside canonical raw/engineered family taxonomy.
AE-FEAT-IMPORT-006R,individual_feature_log_odds_rebuild_20260602_gbm,latent_raw,dynamic_csi,z16,16,23,latent_vae,latent_vae,vae_latent_features,computed,143173,0.031020271255049036,bounded GBM-only predictor workspace; not full final model-suite importance,latent_vae,VAE latent dimension or reconstruction error; outside canonical raw/engineered family taxonomy.
AE-FEAT-IMPORT-006R,individual_feature_log_odds_rebuild_20260602_gbm,latent_raw,dynamic_csi,z5,5,24,latent_vae,latent_vae,vae_latent_features,computed,143173,0.028867348679185258,bounded GBM-only predictor workspace; not full final model-suite importance,latent_vae,VAE latent dimension or reconstruction error; outside canonical raw/engineered family taxonomy.
AE-FEAT-IMPORT-006R,individual_feature_log_odds_rebuild_20260602_gbm,latent_raw,dynamic_csi,z11,11,25,latent_vae,latent_vae,vae_latent_features,computed,143173,0.026081993461117215,bounded GBM-only predictor workspace; not full final model-suite importance,latent_vae,VAE latent dimension or reconstruction error; outside canonical raw/engineered family taxonomy.
AE-FEAT-IMPORT-006R,individual_feature_log_odds_rebuild_20260602_gbm,raw,dynamic_csi,max_dd_12m,442,1,mapped,11,price_momentum_volatility_and_macro_interactions,computed,143173,0.5143284088801406,bounded GBM-only predictor workspace; not full final model-suite importance,mapped,Feature mapped to the canonical AE-FEAT-IMPORT 11-family taxonomy.
AE-FEAT-IMPORT-006R,individual_feature_log_odds_rebuild_20260602_gbm,raw,dynamic_csi,vol_60m,444,2,mapped,11,price_momentum_volatility_and_macro_interactions,computed,143173,0.16843804537532506,bounded GBM-only predictor workspace; not full final model-suite importance,mapped,Feature mapped to the canonical AE-FEAT-IMPORT 11-family taxonomy.
AE-FEAT-IMPORT-006R,individual_feature_log_odds_rebuild_20260602_gbm,raw,dynamic_csi,unrate,454,3,mapped,1,point_in_time_ratios,computed,143173,0.1427261530762876,bounded GBM-only predictor workspace; not full final model-suite importance,mapped,Feature mapped to the canonical AE-FEAT-IMPORT 11-family taxonomy.
AE-FEAT-IMPORT-006R,individual_feature_log_odds_rebuild_20260602_gbm,raw,dynamic_csi,earn_yld,7,4,mapped,1,point_in_time_ratios,computed,143173,0.11690389570138267,bounded GBM-only predictor workspace; not full final model-suite importance,mapped,Feature mapped to the canonical AE-FEAT-IMPORT 11-family taxonomy.
AE-FEAT-IMPORT-006R,individual_feature_log_odds_rebuild_20260602_gbm,raw,dynamic_csi,max_dd_60m,445,5,mapped,11,price_momentum_volatility_and_macro_interactions,computed,143173,0.10926170685516523,bounded GBM-only predictor workspace; not full final model-suite importance,mapped,Feature mapped to the canonical AE-FEAT-IMPORT 11-family taxonomy.
AE-FEAT-IMPORT-006R,individual_feature_log_odds_rebuild_20260602_gbm,raw,dynamic_csi,altman_z2,44,6,mapped,1,point_in_time_ratios,computed,143173,0.10126621644973635,bounded GBM-only predictor workspace; not full final model-suite importance,mapped,Feature mapped to the canonical AE-FEAT-IMPORT 11-family taxonomy.
AE-FEAT-IMPORT-006R,individual_feature_log_odds_rebuild_20260602_gbm,raw,dynamic_csi,ocf_per_share,8,7,mapped,1,point_in_time_ratios,computed,143173,0.10082818707073149,bounded GBM-only predictor workspace; not full final model-suite importance,mapped,Feature mapped to the canonical AE-FEAT-IMPORT 11-family taxonomy.
AE-FEAT-IMPORT-006R,individual_feature_log_odds_rebuild_20260602_gbm,raw,dynamic_csi,vol_12m,441,8,mapped,11,price_momentum_volatility_and_macro_interactions,computed,143173,0.09137213401203186,bounded GBM-only predictor workspace; not full final model-suite importance,mapped,Feature mapped to the canonical AE-FEAT-IMPORT 11-family taxonomy.
AE-FEAT-IMPORT-006R,individual_feature_log_odds_rebuild_20260602_gbm,raw,dynamic_csi,ann_return,4,9,mapped,11,price_momentum_volatility_and_macro_interactions,computed,143173,0.08864436484108654,bounded GBM-only predictor workspace; not full final model-suite importance,mapped,Feature mapped to the canonical AE-FEAT-IMPORT 11-family taxonomy.
AE-FEAT-IMPORT-006R,individual_feature_log_odds_rebuild_20260602_gbm,raw,dynamic_csi,mom_6m,440,10,mapped,11,price_momentum_volatility_and_macro_interactions,computed,143173,0.08031035952614578,bounded GBM-only predictor workspace; not full final model-suite importance,mapped,Feature mapped to the canonical AE-FEAT-IMPORT 11-family taxonomy.
AE-FEAT-IMPORT-006R,individual_feature_log_odds_rebuild_20260602_gbm,raw,dynamic_csi,roll_min_3y_earn_yld,273,11,mapped,10,rolling_window_statistics,computed,143173,0.07147240000475075,bounded GBM-only predictor workspace; not full final model-suite importance,mapped,Feature mapped to the canonical AE-FEAT-IMPORT 11-family taxonomy.
AE-FEAT-IMPORT-006R,individual_feature_log_odds_rebuild_20260602_gbm,raw,dynamic_csi,roll_min_5y_earn_yld,363,12,mapped,10,rolling_window_statistics,computed,143173,0.06716243935811729,bounded GBM-only predictor workspace; not full final model-suite importance,mapped,Feature mapped to the canonical AE-FEAT-IMPORT 11-family taxonomy.
AE-FEAT-IMPORT-006R,individual_feature_log_odds_rebuild_20260602_gbm,raw,dynamic_csi,roll_mean_3y_ocf_per_share,259,13,mapped,10,rolling_window_statistics,computed,143173,0.06319428767088206,bounded GBM-only predictor workspace; not full final model-suite importance,mapped,Feature mapped to the canonical AE-FEAT-IMPORT 11-family taxonomy.
AE-FEAT-IMPORT-006R,individual_feature_log_odds_rebuild_20260602_gbm,raw,dynamic_csi,term_spread,452,14,mapped,1,point_in_time_ratios,computed,143173,0.06124125339452761,bounded GBM-only predictor workspace; not full final model-suite importance,mapped,Feature mapped to the canonical AE-FEAT-IMPORT 11-family taxonomy.
AE-FEAT-IMPORT-006R,individual_feature_log_odds_rebuild_20260602_gbm,raw,dynamic_csi,roa,9,15,mapped,1,point_in_time_ratios,computed,143173,0.06028719765750996,bounded GBM-only predictor workspace; not full final model-suite importance,mapped,Feature mapped to the canonical AE-FEAT-IMPORT 11-family taxonomy.
AE-FEAT-IMPORT-006R,individual_feature_log_odds_rebuild_20260602_gbm,raw,dynamic_csi,mom_3m,439,16,mapped,11,price_momentum_volatility_and_macro_interactions,computed,143173,0.0537657026038956,bounded GBM-only predictor workspace; not full final model-suite importance,mapped,Feature mapped to the canonical AE-FEAT-IMPORT 11-family taxonomy.
AE-FEAT-IMPORT-006R,individual_feature_log_odds_rebuild_20260602_gbm,raw,dynamic_csi,log_return,5,17,mapped,11,price_momentum_volatility_and_macro_interactions,computed,143173,0.04715324746825141,bounded GBM-only predictor workspace; not full final model-suite importance,mapped,Feature mapped to the canonical AE-FEAT-IMPORT 11-family taxonomy.
AE-FEAT-IMPORT-006R,individual_feature_log_odds_rebuild_20260602_gbm,raw,dynamic_csi,expvol_log_return,206,18,mapped,5,expanding_volatility,computed,143173,0.04610247113496911,bounded GBM-only predictor workspace; not full final model-suite importance,mapped,Feature mapped to the canonical AE-FEAT-IMPORT 11-family taxonomy.
AE-FEAT-IMPORT-006R,individual_feature_log_odds_rebuild_20260602_gbm,raw,dynamic_csi,mom_24m,443,19,mapped,11,price_momentum_volatility_and_macro_interactions,computed,143173,0.04357309591059809,bounded GBM-only predictor workspace; not full final model-suite importance,mapped,Feature mapped to the canonical AE-FEAT-IMPORT 11-family taxonomy.
AE-FEAT-IMPORT-006R,individual_feature_log_odds_rebuild_20260602_gbm,raw,dynamic_csi,vix,456,20,mapped,1,point_in_time_ratios,computed,143173,0.04312030862151152,bounded GBM-only predictor workspace; not full final model-suite importance,mapped,Feature mapped to the canonical AE-FEAT-IMPORT 11-family taxonomy.
AE-FEAT-IMPORT-006R,individual_feature_log_odds_rebuild_20260602_gbm,raw,dynamic_csi,ocf_margin,15,21,mapped,1,point_in_time_ratios,computed,143173,0.042607948735193545,bounded GBM-only predictor workspace; not full final model-suite importance,mapped,Feature mapped to the canonical AE-FEAT-IMPORT 11-family taxonomy.
AE-FEAT-IMPORT-006R,individual_feature_log_odds_rebuild_20260602_gbm,raw,dynamic_csi,roic,11,22,mapped,1,point_in_time_ratios,computed,143173,0.03989240184707984,bounded GBM-only predictor workspace; not full final model-suite importance,mapped,Feature mapped to the canonical AE-FEAT-IMPORT 11-family taxonomy.
AE-FEAT-IMPORT-006R,individual_feature_log_odds_rebuild_20260602_gbm,raw,dynamic_csi,roll_mean_5y_earn_yld,348,23,mapped,10,rolling_window_statistics,computed,143173,0.03955837121762503,bounded GBM-only predictor workspace; not full final model-suite importance,mapped,Feature mapped to the canonical AE-FEAT-IMPORT 11-family taxonomy.
AE-FEAT-IMPORT-006R,individual_feature_log_odds_rebuild_20260602_gbm,raw,dynamic_csi,interact_ret_vix,450,24,mapped,11,price_momentum_volatility_and_macro_interactions,computed,143173,0.03930952257836157,bounded GBM-only predictor workspace; not full final model-suite importance,mapped,Feature mapped to the canonical AE-FEAT-IMPORT 11-family taxonomy.
AE-FEAT-IMPORT-006R,individual_feature_log_odds_rebuild_20260602_gbm,raw,dynamic_csi,roll_mean_5y_ocf_per_share,349,25,mapped,10,rolling_window_statistics,computed,143173,0.0380012431389061,bounded GBM-only predictor workspace; not full final model-suite importance,mapped,Feature mapped to the canonical AE-FEAT-IMPORT 11-family taxonomy.
AE-FEAT-IMPORT-006R,individual_feature_log_odds_rebuild_20260602_gbm,raw,dynamic_csi,cpi_inflation,457,26,mapped,1,point_in_time_ratios,computed,143173,0.036885349646616016,bounded GBM-only predictor workspace; not full final model-suite importance,mapped,Feature mapped to the canonical AE-FEAT-IMPORT 11-family taxonomy.
AE-FEAT-IMPORT-006R,individual_feature_log_odds_rebuild_20260602_gbm,raw,dynamic_csi,roll_min_3y_roic,276,27,mapped,10,rolling_window_statistics,computed,143173,0.0350152085749978,bounded GBM-only predictor workspace; not full final model-suite importance,mapped,Feature mapped to the canonical AE-FEAT-IMPORT 11-family taxonomy.
AE-FEAT-IMPORT-006R,individual_feature_log_odds_rebuild_20260602_gbm,raw,dynamic_csi,roll_min_3y_ocf_per_share,274,28,mapped,10,rolling_window_statistics,computed,143173,0.029408841847025358,bounded GBM-only predictor workspace; not full final model-suite importance,mapped,Feature mapped to the canonical AE-FEAT-IMPORT 11-family taxonomy.
AE-FEAT-IMPORT-006R,individual_feature_log_odds_rebuild_20260602_gbm,raw,dynamic_csi,roll_mean_3y_earn_yld,258,29,mapped,10,rolling_window_statistics,computed,143173,0.027980273154374583,bounded GBM-only predictor workspace; not full final model-suite importance,mapped,Feature mapped to the canonical AE-FEAT-IMPORT 11-family taxonomy.
AE-FEAT-IMPORT-006R,individual_feature_log_odds_rebuild_20260602_gbm,raw,dynamic_csi,interest_cov,20,30,mapped,1,point_in_time_ratios,computed,143173,0.02727123882555453,bounded GBM-only predictor workspace; not full final model-suite importance,mapped,Feature mapped to the canonical AE-FEAT-IMPORT 11-family taxonomy.
AE-FEAT-IMPORT-006R,individual_feature_log_odds_rebuild_20260602_gbm,raw,dynamic_csi,hy_spread,453,31,mapped,1,point_in_time_ratios,computed,143173,0.026104689850521372,bounded GBM-only predictor workspace; not full final model-suite importance,mapped,Feature mapped to the canonical AE-FEAT-IMPORT 11-family taxonomy.
AE-FEAT-IMPORT-006R,individual_feature_log_odds_rebuild_20260602_gbm,raw,dynamic_csi,indpro_growth,459,32,mapped,1,point_in_time_ratios,computed,143173,0.025419293209972847,bounded GBM-only predictor workspace; not full final model-suite importance,mapped,Feature mapped to the canonical AE-FEAT-IMPORT 11-family taxonomy.
AE-FEAT-IMPORT-006R,individual_feature_log_odds_rebuild_20260602_gbm,raw,dynamic_csi,roll_min_5y_roa,365,33,mapped,10,rolling_window_statistics,computed,143173,0.02500672636539656,bounded GBM-only predictor workspace; not full final model-suite importance,mapped,Feature mapped to the canonical AE-FEAT-IMPORT 11-family taxonomy.
AE-FEAT-IMPORT-006R,individual_feature_log_odds_rebuild_20260602_gbm,raw,dynamic_csi,roll_min_5y_interest_cov,369,34,mapped,10,rolling_window_statistics,computed,143173,0.02336249185564729,bounded GBM-only predictor workspace; not full final model-suite importance,mapped,Feature mapped to the canonical AE-FEAT-IMPORT 11-family taxonomy.
AE-FEAT-IMPORT-006R,individual_feature_log_odds_rebuild_20260602_gbm,raw,dynamic_csi,d_vix,3,35,mapped,1,point_in_time_ratios,computed,143173,0.02175367082012909,bounded GBM-only predictor workspace; not full final model-suite importance,mapped,Feature mapped to the canonical AE-FEAT-IMPORT 11-family taxonomy.
AE-FEAT-IMPORT-006R,individual_feature_log_odds_rebuild_20260602_gbm,raw,dynamic_csi,expvol_log_at,196,36,mapped,5,expanding_volatility,computed,143173,0.02129787227173203,bounded GBM-only predictor workspace; not full final model-suite importance,mapped,Feature mapped to the canonical AE-FEAT-IMPORT 11-family taxonomy.
AE-FEAT-IMPORT-006R,individual_feature_log_odds_rebuild_20260602_gbm,raw,dynamic_csi,peak_drop_log_mkvalt,224,37,mapped,6,peak_deterioration,computed,143173,0.019301747152637078,bounded GBM-only predictor workspace; not full final model-suite importance,mapped,Feature mapped to the canonical AE-FEAT-IMPORT 11-family taxonomy.
AE-FEAT-IMPORT-006R,individual_feature_log_odds_rebuild_20260602_gbm,raw,dynamic_csi,wcap_ratio,25,38,mapped,1,point_in_time_ratios,computed,143173,0.01862748246595809,bounded GBM-only predictor workspace; not full final model-suite importance,mapped,Feature mapped to the canonical AE-FEAT-IMPORT 11-family taxonomy.
AE-FEAT-IMPORT-006R,individual_feature_log_odds_rebuild_20260602_gbm,raw,dynamic_csi,roll_sd_5y_log_at,407,39,mapped,10,rolling_window_statistics,computed,143173,0.01811391477111834,bounded GBM-only predictor workspace; not full final model-suite importance,mapped,Feature mapped to the canonical AE-FEAT-IMPORT 11-family taxonomy.
AE-FEAT-IMPORT-006R,individual_feature_log_odds_rebuild_20260602_gbm,raw,dynamic_csi,gdp_growth,458,40,mapped,1,point_in_time_ratios,computed,143173,0.01676380924821759,bounded GBM-only predictor workspace; not full final model-suite importance,mapped,Feature mapped to the canonical AE-FEAT-IMPORT 11-family taxonomy.
AE-FEAT-IMPORT-006R,individual_feature_log_odds_rebuild_20260602_gbm,raw,dynamic_csi,yoy_log_at,76,41,mapped,2,yoy_changes,computed,143173,0.016436851719479513,bounded GBM-only predictor workspace; not full final model-suite importance,mapped,Feature mapped to the canonical AE-FEAT-IMPORT 11-family taxonomy.
AE-FEAT-IMPORT-006R,individual_feature_log_odds_rebuild_20260602_gbm,raw,dynamic_csi,mom_1m,438,42,mapped,11,price_momentum_volatility_and_macro_interactions,computed,143173,0.01622030205243476,bounded GBM-only predictor workspace; not full final model-suite importance,mapped,Feature mapped to the canonical AE-FEAT-IMPORT 11-family taxonomy.
AE-FEAT-IMPORT-006R,individual_feature_log_odds_rebuild_20260602_gbm,raw,dynamic_csi,roll_mean_5y_roa,350,43,mapped,10,rolling_window_statistics,computed,143173,0.01576328888219681,bounded GBM-only predictor workspace; not full final model-suite importance,mapped,Feature mapped to the canonical AE-FEAT-IMPORT 11-family taxonomy.
AE-FEAT-IMPORT-006R,individual_feature_log_odds_rebuild_20260602_gbm,raw,dynamic_csi,ni_per_emp,41,44,mapped,1,point_in_time_ratios,computed,143173,0.015340813645380712,bounded GBM-only predictor workspace; not full final model-suite importance,mapped,Feature mapped to the canonical AE-FEAT-IMPORT 11-family taxonomy.
AE-FEAT-IMPORT-006R,individual_feature_log_odds_rebuild_20260602_gbm,raw,dynamic_csi,trough_rise_accruals_ratio,232,45,mapped,7,trough_rise,computed,143173,0.015256797229265963,bounded GBM-only predictor workspace; not full final model-suite importance,mapped,Feature mapped to the canonical AE-FEAT-IMPORT 11-family taxonomy.
AE-FEAT-IMPORT-006R,individual_feature_log_odds_rebuild_20260602_gbm,raw,dynamic_csi,quick_ratio,23,46,mapped,1,point_in_time_ratios,computed,143173,0.01513102854415658,bounded GBM-only predictor workspace; not full final model-suite importance,mapped,Feature mapped to the canonical AE-FEAT-IMPORT 11-family taxonomy.
AE-FEAT-IMPORT-006R,individual_feature_log_odds_rebuild_20260602_gbm,raw,dynamic_csi,d_unrate,1,47,mapped,1,point_in_time_ratios,computed,143173,0.014874739067077704,bounded GBM-only predictor workspace; not full final model-suite importance,mapped,Feature mapped to the canonical AE-FEAT-IMPORT 11-family taxonomy.
AE-FEAT-IMPORT-006R,individual_feature_log_odds_rebuild_20260602_gbm,raw,dynamic_csi,roe,10,48,mapped,1,point_in_time_ratios,computed,143173,0.014839328847555825,bounded GBM-only predictor workspace; not full final model-suite importance,mapped,Feature mapped to the canonical AE-FEAT-IMPORT 11-family taxonomy.
AE-FEAT-IMPORT-006R,individual_feature_log_odds_rebuild_20260602_gbm,raw,dynamic_csi,d_hy_spread,2,49,mapped,1,point_in_time_ratios,computed,143173,0.014334522654786973,bounded GBM-only predictor workspace; not full final model-suite importance,mapped,Feature mapped to the canonical AE-FEAT-IMPORT 11-family taxonomy.
AE-FEAT-IMPORT-006R,individual_feature_log_odds_rebuild_20260602_gbm,raw,dynamic_csi,roll_sd_3y_earn_yld,303,50,mapped,10,rolling_window_statistics,computed,143173,0.014058058404009102,bounded GBM-only predictor workspace; not full final model-suite importance,mapped,Feature mapped to the canonical AE-FEAT-IMPORT 11-family taxonomy.
AE-FEAT-IMPORT-006R,individual_feature_log_odds_rebuild_20260602_gbm,raw,dynamic_csi,roll_min_3y_roa,275,51,mapped,10,rolling_window_statistics,computed,143173,0.0134212115255151,bounded GBM-only predictor workspace; not full final model-suite importance,mapped,Feature mapped to the canonical AE-FEAT-IMPORT 11-family taxonomy.
AE-FEAT-IMPORT-006R,individual_feature_log_odds_rebuild_20260602_gbm,raw,dynamic_csi,roll_sd_5y_earn_yld,393,52,mapped,10,rolling_window_statistics,computed,143173,0.012408249439175692,bounded GBM-only predictor workspace; not full final model-suite importance,mapped,Feature mapped to the canonical AE-FEAT-IMPORT 11-family taxonomy.
AE-FEAT-IMPORT-006R,individual_feature_log_odds_rebuild_20260602_gbm,raw,dynamic_csi,log_mkvalt,37,53,mapped,1,point_in_time_ratios,computed,143173,0.01151372042108283,bounded GBM-only predictor workspace; not full final model-suite importance,mapped,Feature mapped to the canonical AE-FEAT-IMPORT 11-family taxonomy.
AE-FEAT-IMPORT-006R,individual_feature_log_odds_rebuild_20260602_gbm,raw,dynamic_csi,siccd,6,54,unmapped,,,computed,143173,0.011333701369553133,bounded GBM-only predictor workspace; not full final model-suite importance,unmapped,Required predictor feature did not match canonical family mapping rules.
AE-FEAT-IMPORT-006R,individual_feature_log_odds_rebuild_20260602_gbm,raw,dynamic_csi,altman_z4,45,55,mapped,1,point_in_time_ratios,computed,143173,0.011268476756124133,bounded GBM-only predictor workspace; not full final model-suite importance,mapped,Feature mapped to the canonical AE-FEAT-IMPORT 11-family taxonomy.
AE-FEAT-IMPORT-006R,individual_feature_log_odds_rebuild_20260602_gbm,raw,dynamic_csi,reinvest_rate,35,56,mapped,1,point_in_time_ratios,computed,143173,0.01099362697136576,bounded GBM-only predictor workspace; not full final model-suite importance,mapped,Feature mapped to the canonical AE-FEAT-IMPORT 11-family taxonomy.
AE-FEAT-IMPORT-006R,individual_feature_log_odds_rebuild_20260602_gbm,raw,dynamic_csi,peak_drop_bp_ratio,223,57,mapped,6,peak_deterioration,computed,143173,0.01048876860412855,bounded GBM-only predictor workspace; not full final model-suite importance,mapped,Feature mapped to the canonical AE-FEAT-IMPORT 11-family taxonomy.
AE-FEAT-IMPORT-006R,individual_feature_log_odds_rebuild_20260602_gbm,raw,dynamic_csi,interact_roa_gdp,449,58,mapped,11,price_momentum_volatility_and_macro_interactions,computed,143173,0.010208335957490504,bounded GBM-only predictor workspace; not full final model-suite importance,mapped,Feature mapped to the canonical AE-FEAT-IMPORT 11-family taxonomy.
AE-FEAT-IMPORT-006R,individual_feature_log_odds_rebuild_20260602_gbm,raw,dynamic_csi,roll_min_3y_interest_cov,279,59,mapped,10,rolling_window_statistics,computed,143173,0.01013072496732347,bounded GBM-only predictor workspace; not full final model-suite importance,mapped,Feature mapped to the canonical AE-FEAT-IMPORT 11-family taxonomy.
AE-FEAT-IMPORT-006R,individual_feature_log_odds_rebuild_20260602_gbm,raw,dynamic_csi,altman_z,46,60,mapped,1,point_in_time_ratios,computed,143173,0.010110104775115217,bounded GBM-only predictor workspace; not full final model-suite importance,mapped,Feature mapped to the canonical AE-FEAT-IMPORT 11-family taxonomy.
AE-FEAT-IMPORT-006R,individual_feature_log_odds_rebuild_20260602_gbm,raw,dynamic_csi,rd_intensity,34,61,mapped,1,point_in_time_ratios,computed,143173,0.010103213935572772,bounded GBM-only predictor workspace; not full final model-suite importance,mapped,Feature mapped to the canonical AE-FEAT-IMPORT 11-family taxonomy.
AE-FEAT-IMPORT-006R,individual_feature_log_odds_rebuild_20260602_gbm,raw,dynamic_csi,peak_drop_earn_yld,208,62,mapped,6,peak_deterioration,computed,143173,0.009668114722612132,bounded GBM-only predictor workspace; not full final model-suite importance,mapped,Feature mapped to the canonical AE-FEAT-IMPORT 11-family taxonomy.
AE-FEAT-IMPORT-006R,individual_feature_log_odds_rebuild_20260602_gbm,raw,dynamic_csi,expmean_earn_yld,128,63,mapped,4,expanding_mean,computed,143173,0.00966440566507287,bounded GBM-only predictor workspace; not full final model-suite importance,mapped,Feature mapped to the canonical AE-FEAT-IMPORT 11-family taxonomy.
AE-FEAT-IMPORT-006R,individual_feature_log_odds_rebuild_20260602_gbm,raw,dynamic_csi,roll_min_5y_current_ratio,370,64,mapped,10,rolling_window_statistics,computed,143173,0.009344967514137966,bounded GBM-only predictor workspace; not full final model-suite importance,mapped,Feature mapped to the canonical AE-FEAT-IMPORT 11-family taxonomy.
AE-FEAT-IMPORT-006R,individual_feature_log_odds_rebuild_20260602_gbm,raw,dynamic_csi,roll_max_3y_leverage,292,65,mapped,10,rolling_window_statistics,computed,143173,0.009271271187807902,bounded GBM-only predictor workspace; not full final model-suite importance,mapped,Feature mapped to the canonical AE-FEAT-IMPORT 11-family taxonomy.
AE-FEAT-IMPORT-006R,individual_feature_log_odds_rebuild_20260602_gbm,raw,dynamic_csi,interact_acc_hyspr,451,66,mapped,11,price_momentum_volatility_and_macro_interactions,computed,143173,0.009195201911720382,bounded GBM-only predictor workspace; not full final model-suite importance,mapped,Feature mapped to the canonical AE-FEAT-IMPORT 11-family taxonomy.
AE-FEAT-IMPORT-006R,individual_feature_log_odds_rebuild_20260602_gbm,raw,dynamic_csi,roll_mean_3y_roa,260,67,mapped,10,rolling_window_statistics,computed,143173,0.008929067698925677,bounded GBM-only predictor workspace; not full final model-suite importance,mapped,Feature mapped to the canonical AE-FEAT-IMPORT 11-family taxonomy.
AE-FEAT-IMPORT-006R,individual_feature_log_odds_rebuild_20260602_gbm,raw,dynamic_csi,expmean_log_return,166,68,mapped,4,expanding_mean,computed,143173,0.008861939621193922,bounded GBM-only predictor workspace; not full final model-suite importance,mapped,Feature mapped to the canonical AE-FEAT-IMPORT 11-family taxonomy.
AE-FEAT-IMPORT-006R,individual_feature_log_odds_rebuild_20260602_gbm,raw,dynamic_csi,fedfunds,455,69,mapped,1,point_in_time_ratios,computed,143173,0.008746413540362536,bounded GBM-only predictor workspace; not full final model-suite importance,mapped,Feature mapped to the canonical AE-FEAT-IMPORT 11-family taxonomy.
AE-FEAT-IMPORT-006R,individual_feature_log_odds_rebuild_20260602_gbm,raw,dynamic_csi,expmean_altman_z2,162,70,mapped,4,expanding_mean,computed,143173,0.00820622594308309,bounded GBM-only predictor workspace; not full final model-suite importance,mapped,Feature mapped to the canonical AE-FEAT-IMPORT 11-family taxonomy.
AE-FEAT-IMPORT-006R,individual_feature_log_odds_rebuild_20260602_gbm,raw,dynamic_csi,roll_max_3y_ocf_per_share,289,71,mapped,10,rolling_window_statistics,computed,143173,0.007667583641453517,bounded GBM-only predictor workspace; not full final model-suite importance,mapped,Feature mapped to the canonical AE-FEAT-IMPORT 11-family taxonomy.
AE-FEAT-IMPORT-006R,individual_feature_log_odds_rebuild_20260602_gbm,raw,dynamic_csi,interact_lev_rate,446,72,mapped,11,price_momentum_volatility_and_macro_interactions,computed,143173,0.007663957555121425,bounded GBM-only predictor workspace; not full final model-suite importance,mapped,Feature mapped to the canonical AE-FEAT-IMPORT 11-family taxonomy.
AE-FEAT-IMPORT-006R,individual_feature_log_odds_rebuild_20260602_gbm,raw,dynamic_csi,trough_rise_leverage,226,73,mapped,7,trough_rise,computed,143173,0.007634927676586338,bounded GBM-only predictor workspace; not full final model-suite importance,mapped,Feature mapped to the canonical AE-FEAT-IMPORT 11-family taxonomy.
AE-FEAT-IMPORT-006R,individual_feature_log_odds_rebuild_20260602_gbm,raw,dynamic_csi,expvol_wcap_ratio,186,74,mapped,5,expanding_volatility,computed,143173,0.007603606510296021,bounded GBM-only predictor workspace; not full final model-suite importance,mapped,Feature mapped to the canonical AE-FEAT-IMPORT 11-family taxonomy.
AE-FEAT-IMPORT-006R,individual_feature_log_odds_rebuild_20260602_gbm,raw,dynamic_csi,mkt_to_book,30,75,mapped,1,point_in_time_ratios,computed,143173,0.007039021003791305,bounded GBM-only predictor workspace; not full final model-suite importance,mapped,Feature mapped to the canonical AE-FEAT-IMPORT 11-family taxonomy.
AE-FEAT-IMPORT-006R,individual_feature_log_odds_rebuild_20260602_gbm,raw,dynamic_csi,ebitda_margin,14,76,mapped,1,point_in_time_ratios,computed,143173,0.006882576770526874,bounded GBM-only predictor workspace; not full final model-suite importance,mapped,Feature mapped to the canonical AE-FEAT-IMPORT 11-family taxonomy.
AE-FEAT-IMPORT-006R,individual_feature_log_odds_rebuild_20260602_gbm,raw,dynamic_csi,yoy_log_emp,78,77,mapped,2,yoy_changes,computed,143173,0.006869082910955267,bounded GBM-only predictor workspace; not full final model-suite importance,mapped,Feature mapped to the canonical AE-FEAT-IMPORT 11-family taxonomy.
AE-FEAT-IMPORT-006R,individual_feature_log_odds_rebuild_20260602_gbm,raw,dynamic_csi,roll_max_3y_roa,290,78,mapped,10,rolling_window_statistics,computed,143173,0.00671134073214149,bounded GBM-only predictor workspace; not full final model-suite importance,mapped,Feature mapped to the canonical AE-FEAT-IMPORT 11-family taxonomy.
AE-FEAT-IMPORT-006R,individual_feature_log_odds_rebuild_20260602_gbm,raw,dynamic_csi,expvol_roe,171,79,mapped,5,expanding_volatility,computed,143173,0.006622070993614997,bounded GBM-only predictor workspace; not full final model-suite importance,mapped,Feature mapped to the canonical AE-FEAT-IMPORT 11-family taxonomy.
AE-FEAT-IMPORT-006R,individual_feature_log_odds_rebuild_20260602_gbm,raw,dynamic_csi,ev_to_sales,27,80,mapped,1,point_in_time_ratios,computed,143173,0.006603770385657033,bounded GBM-only predictor workspace; not full final model-suite importance,mapped,Feature mapped to the canonical AE-FEAT-IMPORT 11-family taxonomy.
AE-FEAT-IMPORT-006R,individual_feature_log_odds_rebuild_20260602_gbm,raw,dynamic_csi,invest_st_ratio,47,81,mapped,1,point_in_time_ratios,computed,143173,0.00642439982410986,bounded GBM-only predictor workspace; not full final model-suite importance,mapped,Feature mapped to the canonical AE-FEAT-IMPORT 11-family taxonomy.
AE-FEAT-IMPORT-006R,individual_feature_log_odds_rebuild_20260602_gbm,raw,dynamic_csi,expvol_log_emp,198,82,mapped,5,expanding_volatility,computed,143173,0.006295887404863464,bounded GBM-only predictor workspace; not full final model-suite importance,mapped,Feature mapped to the canonical AE-FEAT-IMPORT 11-family taxonomy.
AE-FEAT-IMPORT-006R,individual_feature_log_odds_rebuild_20260602_gbm,raw,dynamic_csi,roll_min_3y_gross_margin,284,83,mapped,10,rolling_window_statistics,computed,143173,0.006107111921326052,bounded GBM-only predictor workspace; not full final model-suite importance,mapped,Feature mapped to the canonical AE-FEAT-IMPORT 11-family taxonomy.
AE-FEAT-IMPORT-006R,individual_feature_log_odds_rebuild_20260602_gbm,raw,dynamic_csi,expmean_ocf_per_share,129,84,mapped,4,expanding_mean,computed,143173,0.005981529417209363,bounded GBM-only predictor workspace; not full final model-suite importance,mapped,Feature mapped to the canonical AE-FEAT-IMPORT 11-family taxonomy.
AE-FEAT-IMPORT-006R,individual_feature_log_odds_rebuild_20260602_gbm,raw,dynamic_csi,roll_max_3y_interest_cov,294,85,mapped,10,rolling_window_statistics,computed,143173,0.005817315664706219,bounded GBM-only predictor workspace; not full final model-suite importance,mapped,Feature mapped to the canonical AE-FEAT-IMPORT 11-family taxonomy.
AE-FEAT-IMPORT-006R,individual_feature_log_odds_rebuild_20260602_gbm,raw,dynamic_csi,yoy_bp_ratio,67,86,mapped,2,yoy_changes,computed,143173,0.005506004277415189,bounded GBM-only predictor workspace; not full final model-suite importance,mapped,Feature mapped to the canonical AE-FEAT-IMPORT 11-family taxonomy.
AE-FEAT-IMPORT-006R,individual_feature_log_odds_rebuild_20260602_gbm,raw,dynamic_csi,yoy_log_return,86,87,mapped,2,yoy_changes,computed,143173,0.005439855454050372,bounded GBM-only predictor workspace; not full final model-suite importance,mapped,Feature mapped to the canonical AE-FEAT-IMPORT 11-family taxonomy.
AE-FEAT-IMPORT-006R,individual_feature_log_odds_rebuild_20260602_gbm,raw,dynamic_csi,roll_trend_3y_log_at,332,88,mapped,10,rolling_window_statistics,computed,143173,0.005342183460876903,bounded GBM-only predictor workspace; not full final model-suite importance,mapped,Feature mapped to the canonical AE-FEAT-IMPORT 11-family taxonomy.
AE-FEAT-IMPORT-006R,individual_feature_log_odds_rebuild_20260602_gbm,raw,dynamic_csi,roll_autocorr_5y_log_mkvalt,436,89,mapped,10,rolling_window_statistics,computed,143173,0.00532881953541392,bounded GBM-only predictor workspace; not full final model-suite importance,mapped,Feature mapped to the canonical AE-FEAT-IMPORT 11-family taxonomy.
AE-FEAT-IMPORT-006R,individual_feature_log_odds_rebuild_20260602_gbm,raw,dynamic_csi,roll_trend_5y_asset_turnover,418,90,mapped,10,rolling_window_statistics,computed,143173,0.005173637024086597,bounded GBM-only predictor workspace; not full final model-suite importance,mapped,Feature mapped to the canonical AE-FEAT-IMPORT 11-family taxonomy.
AE-FEAT-IMPORT-006R,individual_feature_log_odds_rebuild_20260602_gbm,raw,dynamic_csi,roll_min_5y_asset_turnover,373,91,mapped,10,rolling_window_statistics,computed,143173,0.00489827907786012,bounded GBM-only predictor workspace; not full final model-suite importance,mapped,Feature mapped to the canonical AE-FEAT-IMPORT 11-family taxonomy.
AE-FEAT-IMPORT-006R,individual_feature_log_odds_rebuild_20260602_gbm,raw,dynamic_csi,roll_max_5y_leverage,382,92,mapped,10,rolling_window_statistics,computed,143173,0.004861125858165821,bounded GBM-only predictor workspace; not full final model-suite importance,mapped,Feature mapped to the canonical AE-FEAT-IMPORT 11-family taxonomy.
AE-FEAT-IMPORT-006R,individual_feature_log_odds_rebuild_20260602_gbm,raw,dynamic_csi,roll_mean_3y_ebitda_margin,270,93,mapped,10,rolling_window_statistics,computed,143173,0.004792951022042514,bounded GBM-only predictor workspace; not full final model-suite importance,mapped,Feature mapped to the canonical AE-FEAT-IMPORT 11-family taxonomy.
AE-FEAT-IMPORT-006R,individual_feature_log_odds_rebuild_20260602_gbm,raw,dynamic_csi,yoy_ann_return,87,94,mapped,2,yoy_changes,computed,143173,0.004675064249543461,bounded GBM-only predictor workspace; not full final model-suite importance,mapped,Feature mapped to the canonical AE-FEAT-IMPORT 11-family taxonomy.
AE-FEAT-IMPORT-006R,individual_feature_log_odds_rebuild_20260602_gbm,raw,dynamic_csi,roll_sd_5y_net_debt_ebitda,398,95,mapped,10,rolling_window_statistics,computed,143173,0.004542165401909838,bounded GBM-only predictor workspace; not full final model-suite importance,mapped,Feature mapped to the canonical AE-FEAT-IMPORT 11-family taxonomy.
AE-FEAT-IMPORT-006R,individual_feature_log_odds_rebuild_20260602_gbm,raw,dynamic_csi,roll_mean_3y_accruals_ratio,267,96,mapped,10,rolling_window_statistics,computed,143173,0.00453876898334382,bounded GBM-only predictor workspace; not full final model-suite importance,mapped,Feature mapped to the canonical AE-FEAT-IMPORT 11-family taxonomy.
AE-FEAT-IMPORT-006R,individual_feature_log_odds_rebuild_20260602_gbm,raw,dynamic_csi,expmean_ocf_margin,136,97,mapped,4,expanding_mean,computed,143173,0.004503036029813899,bounded GBM-only predictor workspace; not full final model-suite importance,mapped,Feature mapped to the canonical AE-FEAT-IMPORT 11-family taxonomy.
AE-FEAT-IMPORT-006R,individual_feature_log_odds_rebuild_20260602_gbm,raw,dynamic_csi,roll_mean_5y_ebitda_margin,360,98,mapped,10,rolling_window_statistics,computed,143173,0.004456236460115898,bounded GBM-only predictor workspace; not full final model-suite importance,mapped,Feature mapped to the canonical AE-FEAT-IMPORT 11-family taxonomy.
AE-FEAT-IMPORT-006R,individual_feature_log_odds_rebuild_20260602_gbm,raw,dynamic_csi,recession,460,99,mapped,1,point_in_time_ratios,computed,143173,0.004438696984184301,bounded GBM-only predictor workspace; not full final model-suite importance,mapped,Feature mapped to the canonical AE-FEAT-IMPORT 11-family taxonomy.
AE-FEAT-IMPORT-006R,individual_feature_log_odds_rebuild_20260602_gbm,raw,dynamic_csi,roll_mean_3y_interest_cov,264,100,mapped,10,rolling_window_statistics,computed,143173,0.004373023973955509,bounded GBM-only predictor workspace; not full final model-suite importance,mapped,Feature mapped to the canonical AE-FEAT-IMPORT 11-family taxonomy.
AE-FEAT-IMPORT-006R,individual_feature_log_odds_rebuild_20260602_gbm,raw,dynamic_csi,roll_max_5y_ocf_per_share,379,101,mapped,10,rolling_window_statistics,computed,143173,0.004153324719848894,bounded GBM-only predictor workspace; not full final model-suite importance,mapped,Feature mapped to the canonical AE-FEAT-IMPORT 11-family taxonomy.
AE-FEAT-IMPORT-006R,individual_feature_log_odds_rebuild_20260602_gbm,raw,dynamic_csi,roll_min_5y_log_mkvalt,376,102,mapped,10,rolling_window_statistics,computed,143173,0.004127939939197539,bounded GBM-only predictor workspace; not full final model-suite importance,mapped,Feature mapped to the canonical AE-FEAT-IMPORT 11-family taxonomy.
AE-FEAT-IMPORT-006R,individual_feature_log_odds_rebuild_20260602_gbm,raw,dynamic_csi,ebit_roa,12,103,mapped,1,point_in_time_ratios,computed,143173,0.00408326843176284,bounded GBM-only predictor workspace; not full final model-suite importance,mapped,Feature mapped to the canonical AE-FEAT-IMPORT 11-family taxonomy.
AE-FEAT-IMPORT-006R,individual_feature_log_odds_rebuild_20260602_gbm,raw,dynamic_csi,peak_drop_gross_margin,214,104,mapped,6,peak_deterioration,computed,143173,0.004071724049621316,bounded GBM-only predictor workspace; not full final model-suite importance,mapped,Feature mapped to the canonical AE-FEAT-IMPORT 11-family taxonomy.
AE-FEAT-IMPORT-006R,individual_feature_log_odds_rebuild_20260602_gbm,raw,dynamic_csi,cash_pct_act,24,105,mapped,1,point_in_time_ratios,computed,143173,0.004012701949225848,bounded GBM-only predictor workspace; not full final model-suite importance,mapped,Feature mapped to the canonical AE-FEAT-IMPORT 11-family taxonomy.
AE-FEAT-IMPORT-006R,individual_feature_log_odds_rebuild_20260602_gbm,raw,dynamic_csi,roll_sd_5y_ebitda_margin,405,106,mapped,10,rolling_window_statistics,computed,143173,0.003850924125439983,bounded GBM-only predictor workspace; not full final model-suite importance,mapped,Feature mapped to the canonical AE-FEAT-IMPORT 11-family taxonomy.
AE-FEAT-IMPORT-006R,individual_feature_log_odds_rebuild_20260602_gbm,raw,dynamic_csi,std_debt_pct,18,107,mapped,1,point_in_time_ratios,computed,143173,0.003837127722960304,bounded GBM-only predictor workspace; not full final model-suite importance,mapped,Feature mapped to the canonical AE-FEAT-IMPORT 11-family taxonomy.
AE-FEAT-IMPORT-006R,individual_feature_log_odds_rebuild_20260602_gbm,raw,dynamic_csi,expmean_net_debt_ebitda,138,108,mapped,4,expanding_mean,computed,143173,0.003777046135167725,bounded GBM-only predictor workspace; not full final model-suite importance,mapped,Feature mapped to the canonical AE-FEAT-IMPORT 11-family taxonomy.
AE-FEAT-IMPORT-006R,individual_feature_log_odds_rebuild_20260602_gbm,raw,dynamic_csi,expmean_rd_intensity,154,109,mapped,4,expanding_mean,computed,143173,0.003743339768096013,bounded GBM-only predictor workspace; not full final model-suite importance,mapped,Feature mapped to the canonical AE-FEAT-IMPORT 11-family taxonomy.
AE-FEAT-IMPORT-006R,individual_feature_log_odds_rebuild_20260602_gbm,raw,dynamic_csi,accruals_ratio,31,110,mapped,1,point_in_time_ratios,computed,143173,0.0037387588822428933,bounded GBM-only predictor workspace; not full final model-suite importance,mapped,Feature mapped to the canonical AE-FEAT-IMPORT 11-family taxonomy.
AE-FEAT-IMPORT-006R,individual_feature_log_odds_rebuild_20260602_gbm,raw,dynamic_csi,log_emp,38,111,mapped,1,point_in_time_ratios,computed,143173,0.0036662139357144714,bounded GBM-only predictor workspace; not full final model-suite importance,mapped,Feature mapped to the canonical AE-FEAT-IMPORT 11-family taxonomy.
AE-FEAT-IMPORT-006R,individual_feature_log_odds_rebuild_20260602_gbm,raw,dynamic_csi,roll_sd_3y_log_at,317,112,mapped,10,rolling_window_statistics,computed,143173,0.003633501576058827,bounded GBM-only predictor workspace; not full final model-suite importance,mapped,Feature mapped to the canonical AE-FEAT-IMPORT 11-family taxonomy.
AE-FEAT-IMPORT-006R,individual_feature_log_odds_rebuild_20260602_gbm,raw,dynamic_csi,roll_min_3y_current_ratio,280,113,mapped,10,rolling_window_statistics,computed,143173,0.00362602593004098,bounded GBM-only predictor workspace; not full final model-suite importance,mapped,Feature mapped to the canonical AE-FEAT-IMPORT 11-family taxonomy.
AE-FEAT-IMPORT-006R,individual_feature_log_odds_rebuild_20260602_gbm,raw,dynamic_csi,bp_ratio,26,114,mapped,1,point_in_time_ratios,computed,143173,0.0035933640559218686,bounded GBM-only predictor workspace; not full final model-suite importance,mapped,Feature mapped to the canonical AE-FEAT-IMPORT 11-family taxonomy.
AE-FEAT-IMPORT-006R,individual_feature_log_odds_rebuild_20260602_gbm,raw,dynamic_csi,roll_trend_3y_gross_margin,329,115,mapped,10,rolling_window_statistics,computed,143173,0.0035332502147986714,bounded GBM-only predictor workspace; not full final model-suite importance,mapped,Feature mapped to the canonical AE-FEAT-IMPORT 11-family taxonomy.
AE-FEAT-IMPORT-006R,individual_feature_log_odds_rebuild_20260602_gbm,raw,dynamic_csi,roll_max_5y_roic,381,116,mapped,10,rolling_window_statistics,computed,143173,0.0035178928373318626,bounded GBM-only predictor workspace; not full final model-suite importance,mapped,Feature mapped to the canonical AE-FEAT-IMPORT 11-family taxonomy.
AE-FEAT-IMPORT-006R,individual_feature_log_odds_rebuild_20260602_gbm,raw,dynamic_csi,expmean_asset_turnover,152,117,mapped,4,expanding_mean,computed,143173,0.0034895245871162084,bounded GBM-only predictor workspace; not full final model-suite importance,mapped,Feature mapped to the canonical AE-FEAT-IMPORT 11-family taxonomy.
AE-FEAT-IMPORT-006R,individual_feature_log_odds_rebuild_20260602_gbm,raw,dynamic_csi,expmean_accruals_ratio,151,118,mapped,4,expanding_mean,computed,143173,0.0034753330799137355,bounded GBM-only predictor workspace; not full final model-suite importance,mapped,Feature mapped to the canonical AE-FEAT-IMPORT 11-family taxonomy.
AE-FEAT-IMPORT-006R,individual_feature_log_odds_rebuild_20260602_gbm,raw,dynamic_csi,roll_sd_3y_net_debt_ebitda,308,119,mapped,10,rolling_window_statistics,computed,143173,0.003394521246953396,bounded GBM-only predictor workspace; not full final model-suite importance,mapped,Feature mapped to the canonical AE-FEAT-IMPORT 11-family taxonomy.
AE-FEAT-IMPORT-006R,individual_feature_log_odds_rebuild_20260602_gbm,raw,dynamic_csi,yoy_log_mkvalt,77,120,mapped,2,yoy_changes,computed,143173,0.003323668812511989,bounded GBM-only predictor workspace; not full final model-suite importance,mapped,Feature mapped to the canonical AE-FEAT-IMPORT 11-family taxonomy.
AE-FEAT-IMPORT-006R,individual_feature_log_odds_rebuild_20260602_gbm,raw,dynamic_csi,gross_margin,13,121,mapped,1,point_in_time_ratios,computed,143173,0.003320915534892509,bounded GBM-only predictor workspace; not full final model-suite importance,mapped,Feature mapped to the canonical AE-FEAT-IMPORT 11-family taxonomy.
AE-FEAT-IMPORT-006R,individual_feature_log_odds_rebuild_20260602_gbm,raw,dynamic_csi,acct_mom_ebitda_margin,255,122,mapped,9,accounting_momentum,computed,143173,0.003309585834341043,bounded GBM-only predictor workspace; not full final model-suite importance,mapped,Feature mapped to the canonical AE-FEAT-IMPORT 11-family taxonomy.
AE-FEAT-IMPORT-006R,individual_feature_log_odds_rebuild_20260602_gbm,raw,dynamic_csi,roll_max_3y_log_mkvalt,301,123,mapped,10,rolling_window_statistics,computed,143173,0.0032041623353873893,bounded GBM-only predictor workspace; not full final model-suite importance,mapped,Feature mapped to the canonical AE-FEAT-IMPORT 11-family taxonomy.
AE-FEAT-IMPORT-006R,individual_feature_log_odds_rebuild_20260602_gbm,raw,dynamic_csi,acct_mom_earn_yld,243,124,mapped,9,accounting_momentum,computed,143173,0.0032002230480389104,bounded GBM-only predictor workspace; not full final model-suite importance,mapped,Feature mapped to the canonical AE-FEAT-IMPORT 11-family taxonomy.
AE-FEAT-IMPORT-006R,individual_feature_log_odds_rebuild_20260602_gbm,raw,dynamic_csi,peak_drop_roe,211,125,mapped,6,peak_deterioration,computed,143173,0.003144443413468226,bounded GBM-only predictor workspace; not full final model-suite importance,mapped,Feature mapped to the canonical AE-FEAT-IMPORT 11-family taxonomy.
AE-FEAT-IMPORT-006R,individual_feature_log_odds_rebuild_20260602_gbm,raw,dynamic_csi,peak_drop_roic,212,126,mapped,6,peak_deterioration,computed,143173,0.003125201097620134,bounded GBM-only predictor workspace; not full final model-suite importance,mapped,Feature mapped to the canonical AE-FEAT-IMPORT 11-family taxonomy.
AE-FEAT-IMPORT-006R,individual_feature_log_odds_rebuild_20260602_gbm,raw,dynamic_csi,expvol_rd_intensity,194,127,mapped,5,expanding_volatility,computed,143173,0.003065501038371226,bounded GBM-only predictor workspace; not full final model-suite importance,mapped,Feature mapped to the canonical AE-FEAT-IMPORT 11-family taxonomy.
AE-FEAT-IMPORT-006R,individual_feature_log_odds_rebuild_20260602_gbm,raw,dynamic_csi,leverage,16,128,mapped,1,point_in_time_ratios,computed,143173,0.00304121867211828,bounded GBM-only predictor workspace; not full final model-suite importance,mapped,Feature mapped to the canonical AE-FEAT-IMPORT 11-family taxonomy.
AE-FEAT-IMPORT-006R,individual_feature_log_odds_rebuild_20260602_gbm,raw,dynamic_csi,peak_drop_ocf_margin,216,129,mapped,6,peak_deterioration,computed,143173,0.0030038497593849007,bounded GBM-only predictor workspace; not full final model-suite importance,mapped,Feature mapped to the canonical AE-FEAT-IMPORT 11-family taxonomy.
AE-FEAT-IMPORT-006R,individual_feature_log_odds_rebuild_20260602_gbm,raw,dynamic_csi,current_ratio,22,130,mapped,1,point_in_time_ratios,computed,143173,0.0029920926327888803,bounded GBM-only predictor workspace; not full final model-suite importance,mapped,Feature mapped to the canonical AE-FEAT-IMPORT 11-family taxonomy.
AE-FEAT-IMPORT-006R,individual_feature_log_odds_rebuild_20260602_gbm,raw,dynamic_csi,roll_min_3y_accruals_ratio,282,131,mapped,10,rolling_window_statistics,computed,143173,0.002977062424572571,bounded GBM-only predictor workspace; not full final model-suite importance,mapped,Feature mapped to the canonical AE-FEAT-IMPORT 11-family taxonomy.
AE-FEAT-IMPORT-006R,individual_feature_log_odds_rebuild_20260602_gbm,raw,dynamic_csi,roll_mean_5y_log_mkvalt,361,132,mapped,10,rolling_window_statistics,computed,143173,0.0029756052696212343,bounded GBM-only predictor workspace; not full final model-suite importance,mapped,Feature mapped to the canonical AE-FEAT-IMPORT 11-family taxonomy.
AE-FEAT-IMPORT-006R,individual_feature_log_odds_rebuild_20260602_gbm,raw,dynamic_csi,roll_sd_5y_leverage,397,133,mapped,10,rolling_window_statistics,computed,143173,0.002939842676239861,bounded GBM-only predictor workspace; not full final model-suite importance,mapped,Feature mapped to the canonical AE-FEAT-IMPORT 11-family taxonomy.
AE-FEAT-IMPORT-006R,individual_feature_log_odds_rebuild_20260602_gbm,raw,dynamic_csi,yoy_cash_pct_act,65,134,mapped,2,yoy_changes,computed,143173,0.002904131031713159,bounded GBM-only predictor workspace; not full final model-suite importance,mapped,Feature mapped to the canonical AE-FEAT-IMPORT 11-family taxonomy.
AE-FEAT-IMPORT-006R,individual_feature_log_odds_rebuild_20260602_gbm,raw,dynamic_csi,peak_drop_roa,210,135,mapped,6,peak_deterioration,computed,143173,0.0027846771590451617,bounded GBM-only predictor workspace; not full final model-suite importance,mapped,Feature mapped to the canonical AE-FEAT-IMPORT 11-family taxonomy.
AE-FEAT-IMPORT-006R,individual_feature_log_odds_rebuild_20260602_gbm,raw,dynamic_csi,roll_min_3y_log_at,287,136,mapped,10,rolling_window_statistics,computed,143173,0.0027537295003693778,bounded GBM-only predictor workspace; not full final model-suite importance,mapped,Feature mapped to the canonical AE-FEAT-IMPORT 11-family taxonomy.
AE-FEAT-IMPORT-006R,individual_feature_log_odds_rebuild_20260602_gbm,raw,dynamic_csi,roll_sd_5y_cash_pct_act,401,137,mapped,10,rolling_window_statistics,computed,143173,0.002717980048664893,bounded GBM-only predictor workspace; not full final model-suite importance,mapped,Feature mapped to the canonical AE-FEAT-IMPORT 11-family taxonomy.
AE-FEAT-IMPORT-006R,individual_feature_log_odds_rebuild_20260602_gbm,raw,dynamic_csi,yoy_roic,52,138,mapped,2,yoy_changes,computed,143173,0.0027123435719207415,bounded GBM-only predictor workspace; not full final model-suite importance,mapped,Feature mapped to the canonical AE-FEAT-IMPORT 11-family taxonomy.
AE-FEAT-IMPORT-006R,individual_feature_log_odds_rebuild_20260602_gbm,raw,dynamic_csi,yoy_assets_per_emp,80,139,mapped,2,yoy_changes,computed,143173,0.0026734837053612186,bounded GBM-only predictor workspace; not full final model-suite importance,mapped,Feature mapped to the canonical AE-FEAT-IMPORT 11-family taxonomy.
AE-FEAT-IMPORT-006R,individual_feature_log_odds_rebuild_20260602_gbm,raw,dynamic_csi,net_debt_ebitda,17,140,mapped,1,point_in_time_ratios,computed,143173,0.002613165170424392,bounded GBM-only predictor workspace; not full final model-suite importance,mapped,Feature mapped to the canonical AE-FEAT-IMPORT 11-family taxonomy.
AE-FEAT-IMPORT-006R,individual_feature_log_odds_rebuild_20260602_gbm,raw,dynamic_csi,roll_trend_5y_log_at,422,141,mapped,10,rolling_window_statistics,computed,143173,0.0025883237890092555,bounded GBM-only predictor workspace; not full final model-suite importance,mapped,Feature mapped to the canonical AE-FEAT-IMPORT 11-family taxonomy.
AE-FEAT-IMPORT-006R,individual_feature_log_odds_rebuild_20260602_gbm,raw,dynamic_csi,roll_trend_5y_cash_pct_act,416,142,mapped,10,rolling_window_statistics,computed,143173,0.002566305650188602,bounded GBM-only predictor workspace; not full final model-suite importance,mapped,Feature mapped to the canonical AE-FEAT-IMPORT 11-family taxonomy.
AE-FEAT-IMPORT-006R,individual_feature_log_odds_rebuild_20260602_gbm,raw,dynamic_csi,roll_sd_3y_ebitda_margin,315,143,mapped,10,rolling_window_statistics,computed,143173,0.0025650267424878856,bounded GBM-only predictor workspace; not full final model-suite importance,mapped,Feature mapped to the canonical AE-FEAT-IMPORT 11-family taxonomy.
AE-FEAT-IMPORT-006R,individual_feature_log_odds_rebuild_20260602_gbm,raw,dynamic_csi,roll_min_5y_roic,366,144,mapped,10,rolling_window_statistics,computed,143173,0.0025606273106350843,bounded GBM-only predictor workspace; not full final model-suite importance,mapped,Feature mapped to the canonical AE-FEAT-IMPORT 11-family taxonomy.
AE-FEAT-IMPORT-006R,individual_feature_log_odds_rebuild_20260602_gbm,raw,dynamic_csi,acct_mom_log_mkvalt,256,145,mapped,9,accounting_momentum,computed,143173,0.0025600170407750118,bounded GBM-only predictor workspace; not full final model-suite importance,mapped,Feature mapped to the canonical AE-FEAT-IMPORT 11-family taxonomy.
AE-FEAT-IMPORT-006R,individual_feature_log_odds_rebuild_20260602_gbm,raw,dynamic_csi,roll_max_3y_asset_turnover,298,146,mapped,10,rolling_window_statistics,computed,143173,0.0025458377991959416,bounded GBM-only predictor workspace; not full final model-suite importance,mapped,Feature mapped to the canonical AE-FEAT-IMPORT 11-family taxonomy.
AE-FEAT-IMPORT-006R,individual_feature_log_odds_rebuild_20260602_gbm,raw,dynamic_csi,expvol_leverage,177,147,mapped,5,expanding_volatility,computed,143173,0.002450667853033433,bounded GBM-only predictor workspace; not full final model-suite importance,mapped,Feature mapped to the canonical AE-FEAT-IMPORT 11-family taxonomy.
AE-FEAT-IMPORT-006R,individual_feature_log_odds_rebuild_20260602_gbm,raw,dynamic_csi,compr_inc_ratio,43,148,mapped,1,point_in_time_ratios,computed,143173,0.0024464973819684687,bounded GBM-only predictor workspace; not full final model-suite importance,mapped,Feature mapped to the canonical AE-FEAT-IMPORT 11-family taxonomy.
AE-FEAT-IMPORT-006R,individual_feature_log_odds_rebuild_20260602_gbm,raw,dynamic_csi,yoy_leverage,57,149,mapped,2,yoy_changes,computed,143173,0.002393380720916354,bounded GBM-only predictor workspace; not full final model-suite importance,mapped,Feature mapped to the canonical AE-FEAT-IMPORT 11-family taxonomy.
AE-FEAT-IMPORT-006R,individual_feature_log_odds_rebuild_20260602_gbm,raw,dynamic_csi,roll_trend_5y_gross_margin,419,150,mapped,10,rolling_window_statistics,computed,143173,0.002386244870048041,bounded GBM-only predictor workspace; not full final model-suite importance,mapped,Feature mapped to the canonical AE-FEAT-IMPORT 11-family taxonomy.
AE-FEAT-IMPORT-006R,individual_feature_log_odds_rebuild_20260602_gbm,raw,dynamic_csi,expvol_net_debt_ebitda,178,151,mapped,5,expanding_volatility,computed,143173,0.002359463535033327,bounded GBM-only predictor workspace; not full final model-suite importance,mapped,Feature mapped to the canonical AE-FEAT-IMPORT 11-family taxonomy.
AE-FEAT-IMPORT-006R,individual_feature_log_odds_rebuild_20260602_gbm,raw,dynamic_csi,roll_max_5y_ebitda_margin,390,152,mapped,10,rolling_window_statistics,computed,143173,0.0023586201249499884,bounded GBM-only predictor workspace; not full final model-suite importance,mapped,Feature mapped to the canonical AE-FEAT-IMPORT 11-family taxonomy.
AE-FEAT-IMPORT-006R,individual_feature_log_odds_rebuild_20260602_gbm,raw,dynamic_csi,roll_mean_3y_roic,261,153,mapped,10,rolling_window_statistics,computed,143173,0.0023398218748855774,bounded GBM-only predictor workspace; not full final model-suite importance,mapped,Feature mapped to the canonical AE-FEAT-IMPORT 11-family taxonomy.
AE-FEAT-IMPORT-006R,individual_feature_log_odds_rebuild_20260602_gbm,raw,dynamic_csi,expmean_cash_pct_act,145,154,mapped,4,expanding_mean,computed,143173,0.002332618663993902,bounded GBM-only predictor workspace; not full final model-suite importance,mapped,Feature mapped to the canonical AE-FEAT-IMPORT 11-family taxonomy.
AE-FEAT-IMPORT-006R,individual_feature_log_odds_rebuild_20260602_gbm,raw,dynamic_csi,roll_autocorr_5y_gross_margin,434,155,mapped,10,rolling_window_statistics,computed,143173,0.002314409337271573,bounded GBM-only predictor workspace; not full final model-suite importance,mapped,Feature mapped to the canonical AE-FEAT-IMPORT 11-family taxonomy.
AE-FEAT-IMPORT-006R,individual_feature_log_odds_rebuild_20260602_gbm,raw,dynamic_csi,roll_max_3y_log_at,302,156,mapped,10,rolling_window_statistics,computed,143173,0.0023082725648563493,bounded GBM-only predictor workspace; not full final model-suite importance,mapped,Feature mapped to the canonical AE-FEAT-IMPORT 11-family taxonomy.
AE-FEAT-IMPORT-006R,individual_feature_log_odds_rebuild_20260602_gbm,raw,dynamic_csi,peak_drop_log_emp,225,157,mapped,6,peak_deterioration,computed,143173,0.0022853957366039965,bounded GBM-only predictor workspace; not full final model-suite importance,mapped,Feature mapped to the canonical AE-FEAT-IMPORT 11-family taxonomy.
AE-FEAT-IMPORT-006R,individual_feature_log_odds_rebuild_20260602_gbm,raw,dynamic_csi,capex_intensity,33,158,mapped,1,point_in_time_ratios,computed,143173,0.0022410575022259703,bounded GBM-only predictor workspace; not full final model-suite importance,mapped,Feature mapped to the canonical AE-FEAT-IMPORT 11-family taxonomy.
AE-FEAT-IMPORT-006R,individual_feature_log_odds_rebuild_20260602_gbm,raw,dynamic_csi,yoy_mkt_to_book,70,159,mapped,2,yoy_changes,computed,143173,0.002237780456659076,bounded GBM-only predictor workspace; not full final model-suite importance,mapped,Feature mapped to the canonical AE-FEAT-IMPORT 11-family taxonomy.
AE-FEAT-IMPORT-006R,individual_feature_log_odds_rebuild_20260602_gbm,raw,dynamic_csi,expvol_ann_return,207,160,mapped,5,expanding_volatility,computed,143173,0.0022253142442589446,bounded GBM-only predictor workspace; not full final model-suite importance,mapped,Feature mapped to the canonical AE-FEAT-IMPORT 11-family taxonomy.
AE-FEAT-IMPORT-006R,individual_feature_log_odds_rebuild_20260602_gbm,raw,dynamic_csi,expmean_roa,130,161,mapped,4,expanding_mean,computed,143173,0.0022120188678695705,bounded GBM-only predictor workspace; not full final model-suite importance,mapped,Feature mapped to the canonical AE-FEAT-IMPORT 11-family taxonomy.
AE-FEAT-IMPORT-006R,individual_feature_log_odds_rebuild_20260602_gbm,raw,dynamic_csi,roll_trend_5y_ebitda_margin,420,162,mapped,10,rolling_window_statistics,computed,143173,0.0021798082061518873,bounded GBM-only predictor workspace; not full final model-suite importance,mapped,Feature mapped to the canonical AE-FEAT-IMPORT 11-family taxonomy.
AE-FEAT-IMPORT-006R,individual_feature_log_odds_rebuild_20260602_gbm,raw,dynamic_csi,acct_mom_roic,246,163,mapped,9,accounting_momentum,computed,143173,0.0021765258754346357,bounded GBM-only predictor workspace; not full final model-suite importance,mapped,Feature mapped to the canonical AE-FEAT-IMPORT 11-family taxonomy.
AE-FEAT-IMPORT-006R,individual_feature_log_odds_rebuild_20260602_gbm,raw,dynamic_csi,expmean_reinvest_rate,155,164,mapped,4,expanding_mean,computed,143173,0.002173031004725686,bounded GBM-only predictor workspace; not full final model-suite importance,mapped,Feature mapped to the canonical AE-FEAT-IMPORT 11-family taxonomy.
AE-FEAT-IMPORT-006R,individual_feature_log_odds_rebuild_20260602_gbm,raw,dynamic_csi,roll_min_5y_ebitda_margin,375,165,mapped,10,rolling_window_statistics,computed,143173,0.0021641317126937275,bounded GBM-only predictor workspace; not full final model-suite importance,mapped,Feature mapped to the canonical AE-FEAT-IMPORT 11-family taxonomy.
AE-FEAT-IMPORT-006R,individual_feature_log_odds_rebuild_20260602_gbm,raw,dynamic_csi,roll_mean_3y_asset_turnover,268,166,mapped,10,rolling_window_statistics,computed,143173,0.00213829342143069,bounded GBM-only predictor workspace; not full final model-suite importance,mapped,Feature mapped to the canonical AE-FEAT-IMPORT 11-family taxonomy.
AE-FEAT-IMPORT-006R,individual_feature_log_odds_rebuild_20260602_gbm,raw,dynamic_csi,acct_mom_leverage,247,167,mapped,9,accounting_momentum,computed,143173,0.002074572020917931,bounded GBM-only predictor workspace; not full final model-suite importance,mapped,Feature mapped to the canonical AE-FEAT-IMPORT 11-family taxonomy.
AE-FEAT-IMPORT-006R,individual_feature_log_odds_rebuild_20260602_gbm,raw,dynamic_csi,accel_cash_pct_act,105,168,mapped,3,acceleration,computed,143173,0.0020626532111009677,bounded GBM-only predictor workspace; not full final model-suite importance,mapped,Feature mapped to the canonical AE-FEAT-IMPORT 11-family taxonomy.
AE-FEAT-IMPORT-006R,individual_feature_log_odds_rebuild_20260602_gbm,raw,dynamic_csi,roll_min_3y_cash_pct_act,281,169,mapped,10,rolling_window_statistics,computed,143173,0.002059037890870936,bounded GBM-only predictor workspace; not full final model-suite importance,mapped,Feature mapped to the canonical AE-FEAT-IMPORT 11-family taxonomy.
AE-FEAT-IMPORT-006R,individual_feature_log_odds_rebuild_20260602_gbm,raw,dynamic_csi,trough_rise_net_debt_ebitda,227,170,mapped,7,trough_rise,computed,143173,0.002009644877369984,bounded GBM-only predictor workspace; not full final model-suite importance,mapped,Feature mapped to the canonical AE-FEAT-IMPORT 11-family taxonomy.
AE-FEAT-IMPORT-006R,individual_feature_log_odds_rebuild_20260602_gbm,raw,dynamic_csi,consec_decline_log_mkvalt,239,171,mapped,8,consecutive_declines,computed,143173,0.001990613289859543,bounded GBM-only predictor workspace; not full final model-suite importance,mapped,Feature mapped to the canonical AE-FEAT-IMPORT 11-family taxonomy.
AE-FEAT-IMPORT-006R,individual_feature_log_odds_rebuild_20260602_gbm,raw,dynamic_csi,dd1_ratio,21,172,mapped,1,point_in_time_ratios,computed,143173,0.0019694538071265435,bounded GBM-only predictor workspace; not full final model-suite importance,mapped,Feature mapped to the canonical AE-FEAT-IMPORT 11-family taxonomy.
AE-FEAT-IMPORT-006R,individual_feature_log_odds_rebuild_20260602_gbm,raw,dynamic_csi,roll_trend_3y_roic,321,173,mapped,10,rolling_window_statistics,computed,143173,0.0019649515124517776,bounded GBM-only predictor workspace; not full final model-suite importance,mapped,Feature mapped to the canonical AE-FEAT-IMPORT 11-family taxonomy.
AE-FEAT-IMPORT-006R,individual_feature_log_odds_rebuild_20260602_gbm,raw,dynamic_csi,expvol_dd1_ratio,182,174,mapped,5,expanding_volatility,computed,143173,0.0019436133052396396,bounded GBM-only predictor workspace; not full final model-suite importance,mapped,Feature mapped to the canonical AE-FEAT-IMPORT 11-family taxonomy.
AE-FEAT-IMPORT-006R,individual_feature_log_odds_rebuild_20260602_gbm,raw,dynamic_csi,peak_drop_ebitda_margin,215,175,mapped,6,peak_deterioration,computed,143173,0.0019430758475068375,bounded GBM-only predictor workspace; not full final model-suite importance,mapped,Feature mapped to the canonical AE-FEAT-IMPORT 11-family taxonomy.
AE-FEAT-IMPORT-006R,individual_feature_log_odds_rebuild_20260602_gbm,raw,dynamic_csi,expmean_dd1_ratio,142,176,mapped,4,expanding_mean,computed,143173,0.0019283537933012106,bounded GBM-only predictor workspace; not full final model-suite importance,mapped,Feature mapped to the canonical AE-FEAT-IMPORT 11-family taxonomy.
AE-FEAT-IMPORT-006R,individual_feature_log_odds_rebuild_20260602_gbm,raw,dynamic_csi,roll_max_5y_log_mkvalt,391,177,mapped,10,rolling_window_statistics,computed,143173,0.001900542226973073,bounded GBM-only predictor workspace; not full final model-suite importance,mapped,Feature mapped to the canonical AE-FEAT-IMPORT 11-family taxonomy.
AE-FEAT-IMPORT-006R,individual_feature_log_odds_rebuild_20260602_gbm,raw,dynamic_csi,interact_cov_rate,447,178,mapped,11,price_momentum_volatility_and_macro_interactions,computed,143173,0.0018293932304850632,bounded GBM-only predictor workspace; not full final model-suite importance,mapped,Feature mapped to the canonical AE-FEAT-IMPORT 11-family taxonomy.
AE-FEAT-IMPORT-006R,individual_feature_log_odds_rebuild_20260602_gbm,raw,dynamic_csi,roll_trend_5y_net_debt_ebitda,413,179,mapped,10,rolling_window_statistics,computed,143173,0.0018255049057169632,bounded GBM-only predictor workspace; not full final model-suite importance,mapped,Feature mapped to the canonical AE-FEAT-IMPORT 11-family taxonomy.
AE-FEAT-IMPORT-006R,individual_feature_log_odds_rebuild_20260602_gbm,raw,dynamic_csi,roll_mean_5y_leverage,352,180,mapped,10,rolling_window_statistics,computed,143173,0.0018206169849438114,bounded GBM-only predictor workspace; not full final model-suite importance,mapped,Feature mapped to the canonical AE-FEAT-IMPORT 11-family taxonomy.
AE-FEAT-IMPORT-006R,individual_feature_log_odds_rebuild_20260602_gbm,raw,dynamic_csi,expmean_invest_st_ratio,165,181,mapped,4,expanding_mean,computed,143173,0.0018125338403399973,bounded GBM-only predictor workspace; not full final model-suite importance,mapped,Feature mapped to the canonical AE-FEAT-IMPORT 11-family taxonomy.
AE-FEAT-IMPORT-006R,individual_feature_log_odds_rebuild_20260602_gbm,raw,dynamic_csi,roll_mean_5y_roic,351,182,mapped,10,rolling_window_statistics,computed,143173,0.0017814971607640706,bounded GBM-only predictor workspace; not full final model-suite importance,mapped,Feature mapped to the canonical AE-FEAT-IMPORT 11-family taxonomy.
AE-FEAT-IMPORT-006R,individual_feature_log_odds_rebuild_20260602_gbm,raw,dynamic_csi,roll_sd_5y_interest_cov,399,183,mapped,10,rolling_window_statistics,computed,143173,0.0017798761922943622,bounded GBM-only predictor workspace; not full final model-suite importance,mapped,Feature mapped to the canonical AE-FEAT-IMPORT 11-family taxonomy.
AE-FEAT-IMPORT-006R,individual_feature_log_odds_rebuild_20260602_gbm,raw,dynamic_csi,roll_max_5y_asset_turnover,388,184,mapped,10,rolling_window_statistics,computed,143173,0.0017657763275135629,bounded GBM-only predictor workspace; not full final model-suite importance,mapped,Feature mapped to the canonical AE-FEAT-IMPORT 11-family taxonomy.
AE-FEAT-IMPORT-006R,individual_feature_log_odds_rebuild_20260602_gbm,raw,dynamic_csi,yoy_gross_margin,54,185,mapped,2,yoy_changes,computed,143173,0.001752897303669189,bounded GBM-only predictor workspace; not full final model-suite importance,mapped,Feature mapped to the canonical AE-FEAT-IMPORT 11-family taxonomy.
AE-FEAT-IMPORT-006R,individual_feature_log_odds_rebuild_20260602_gbm,raw,dynamic_csi,roll_min_3y_asset_turnover,283,186,mapped,10,rolling_window_statistics,computed,143173,0.0017381913599419272,bounded GBM-only predictor workspace; not full final model-suite importance,mapped,Feature mapped to the canonical AE-FEAT-IMPORT 11-family taxonomy.
AE-FEAT-IMPORT-006R,individual_feature_log_odds_rebuild_20260602_gbm,raw,dynamic_csi,expmean_log_at,156,187,mapped,4,expanding_mean,computed,143173,0.001705691808934081,bounded GBM-only predictor workspace; not full final model-suite importance,mapped,Feature mapped to the canonical AE-FEAT-IMPORT 11-family taxonomy.
AE-FEAT-IMPORT-006R,individual_feature_log_odds_rebuild_20260602_gbm,raw,dynamic_csi,roll_max_5y_earn_yld,378,188,mapped,10,rolling_window_statistics,computed,143173,0.0017033593354229227,bounded GBM-only predictor workspace; not full final model-suite importance,mapped,Feature mapped to the canonical AE-FEAT-IMPORT 11-family taxonomy.
AE-FEAT-IMPORT-006R,individual_feature_log_odds_rebuild_20260602_gbm,raw,dynamic_csi,accel_ann_return,127,189,mapped,3,acceleration,computed,143173,0.001670559205891627,bounded GBM-only predictor workspace; not full final model-suite importance,mapped,Feature mapped to the canonical AE-FEAT-IMPORT 11-family taxonomy.
AE-FEAT-IMPORT-006R,individual_feature_log_odds_rebuild_20260602_gbm,raw,dynamic_csi,roll_min_5y_leverage,367,190,mapped,10,rolling_window_statistics,computed,143173,0.0016705439775395545,bounded GBM-only predictor workspace; not full final model-suite importance,mapped,Feature mapped to the canonical AE-FEAT-IMPORT 11-family taxonomy.
AE-FEAT-IMPORT-006R,individual_feature_log_odds_rebuild_20260602_gbm,raw,dynamic_csi,roll_min_3y_log_mkvalt,286,191,mapped,10,rolling_window_statistics,computed,143173,0.0016589266418422161,bounded GBM-only predictor workspace; not full final model-suite importance,mapped,Feature mapped to the canonical AE-FEAT-IMPORT 11-family taxonomy.
AE-FEAT-IMPORT-006R,individual_feature_log_odds_rebuild_20260602_gbm,raw,dynamic_csi,roll_autocorr_5y_asset_turnover,433,192,mapped,10,rolling_window_statistics,computed,143173,0.0016548081051267606,bounded GBM-only predictor workspace; not full final model-suite importance,mapped,Feature mapped to the canonical AE-FEAT-IMPORT 11-family taxonomy.
AE-FEAT-IMPORT-006R,individual_feature_log_odds_rebuild_20260602_gbm,raw,dynamic_csi,expmean_quick_ratio,144,193,mapped,4,expanding_mean,computed,143173,0.001581627840091613,bounded GBM-only predictor workspace; not full final model-suite importance,mapped,Feature mapped to the canonical AE-FEAT-IMPORT 11-family taxonomy.
AE-FEAT-IMPORT-006R,individual_feature_log_odds_rebuild_20260602_gbm,raw,dynamic_csi,expvol_roa,170,194,mapped,5,expanding_volatility,computed,143173,0.001563929488412867,bounded GBM-only predictor workspace; not full final model-suite importance,mapped,Feature mapped to the canonical AE-FEAT-IMPORT 11-family taxonomy.
AE-FEAT-IMPORT-006R,individual_feature_log_odds_rebuild_20260602_gbm,raw,dynamic_csi,roll_trend_3y_current_ratio,325,195,mapped,10,rolling_window_statistics,computed,143173,0.0015604036598209357,bounded GBM-only predictor workspace; not full final model-suite importance,mapped,Feature mapped to the canonical AE-FEAT-IMPORT 11-family taxonomy.
AE-FEAT-IMPORT-006R,individual_feature_log_odds_rebuild_20260602_gbm,raw,dynamic_csi,roll_autocorr_5y_log_at,437,196,mapped,10,rolling_window_statistics,computed,143173,0.0015195638544588264,bounded GBM-only predictor workspace; not full final model-suite importance,mapped,Feature mapped to the canonical AE-FEAT-IMPORT 11-family taxonomy.
AE-FEAT-IMPORT-006R,individual_feature_log_odds_rebuild_20260602_gbm,raw,dynamic_csi,roll_mean_5y_accruals_ratio,357,197,mapped,10,rolling_window_statistics,computed,143173,0.001510847782955192,bounded GBM-only predictor workspace; not full final model-suite importance,mapped,Feature mapped to the canonical AE-FEAT-IMPORT 11-family taxonomy.
AE-FEAT-IMPORT-006R,individual_feature_log_odds_rebuild_20260602_gbm,raw,dynamic_csi,expvol_earn_yld,168,198,mapped,5,expanding_volatility,computed,143173,0.0014905354753793616,bounded GBM-only predictor workspace; not full final model-suite importance,mapped,Feature mapped to the canonical AE-FEAT-IMPORT 11-family taxonomy.
AE-FEAT-IMPORT-006R,individual_feature_log_odds_rebuild_20260602_gbm,raw,dynamic_csi,expmean_wcap_ratio,146,199,mapped,4,expanding_mean,computed,143173,0.001450052928618216,bounded GBM-only predictor workspace; not full final model-suite importance,mapped,Feature mapped to the canonical AE-FEAT-IMPORT 11-family taxonomy.
AE-FEAT-IMPORT-006R,individual_feature_log_odds_rebuild_20260602_gbm,raw,dynamic_csi,roll_sd_3y_roa,305,200,mapped,10,rolling_window_statistics,computed,143173,0.0014057839355153042,bounded GBM-only predictor workspace; not full final model-suite importance,mapped,Feature mapped to the canonical AE-FEAT-IMPORT 11-family taxonomy.
AE-FEAT-IMPORT-006R,individual_feature_log_odds_rebuild_20260602_gbm,raw,dynamic_csi,expvol_cash_pct_act,185,201,mapped,5,expanding_volatility,computed,143173,0.0013804131257007261,bounded GBM-only predictor workspace; not full final model-suite importance,mapped,Feature mapped to the canonical AE-FEAT-IMPORT 11-family taxonomy.
AE-FEAT-IMPORT-006R,individual_feature_log_odds_rebuild_20260602_gbm,raw,dynamic_csi,peak_drop_ebit_roa,213,202,mapped,6,peak_deterioration,computed,143173,0.0013760296054827936,bounded GBM-only predictor workspace; not full final model-suite importance,mapped,Feature mapped to the canonical AE-FEAT-IMPORT 11-family taxonomy.
AE-FEAT-IMPORT-006R,individual_feature_log_odds_rebuild_20260602_gbm,raw,dynamic_csi,expmean_altman_z4,163,203,mapped,4,expanding_mean,computed,143173,0.0013729364855732849,bounded GBM-only predictor workspace; not full final model-suite importance,mapped,Feature mapped to the canonical AE-FEAT-IMPORT 11-family taxonomy.
AE-FEAT-IMPORT-006R,individual_feature_log_odds_rebuild_20260602_gbm,raw,dynamic_csi,expmean_interest_cov,141,204,mapped,4,expanding_mean,computed,143173,0.001368955615088748,bounded GBM-only predictor workspace; not full final model-suite importance,mapped,Feature mapped to the canonical AE-FEAT-IMPORT 11-family taxonomy.
AE-FEAT-IMPORT-006R,individual_feature_log_odds_rebuild_20260602_gbm,raw,dynamic_csi,roll_max_5y_interest_cov,384,205,mapped,10,rolling_window_statistics,computed,143173,0.0013586635057440534,bounded GBM-only predictor workspace; not full final model-suite importance,mapped,Feature mapped to the canonical AE-FEAT-IMPORT 11-family taxonomy.
AE-FEAT-IMPORT-006R,individual_feature_log_odds_rebuild_20260602_gbm,raw,dynamic_csi,expvol_capex_intensity,193,206,mapped,5,expanding_volatility,computed,143173,0.0013563801447729798,bounded GBM-only predictor workspace; not full final model-suite importance,mapped,Feature mapped to the canonical AE-FEAT-IMPORT 11-family taxonomy.
AE-FEAT-IMPORT-006R,individual_feature_log_odds_rebuild_20260602_gbm,raw,dynamic_csi,roll_mean_3y_net_debt_ebitda,263,207,mapped,10,rolling_window_statistics,computed,143173,0.0013498791106264594,bounded GBM-only predictor workspace; not full final model-suite importance,mapped,Feature mapped to the canonical AE-FEAT-IMPORT 11-family taxonomy.
AE-FEAT-IMPORT-006R,individual_feature_log_odds_rebuild_20260602_gbm,raw,dynamic_csi,roll_sd_3y_leverage,307,208,mapped,10,rolling_window_statistics,computed,143173,0.0013336729378432568,bounded GBM-only predictor workspace; not full final model-suite importance,mapped,Feature mapped to the canonical AE-FEAT-IMPORT 11-family taxonomy.
AE-FEAT-IMPORT-006R,individual_feature_log_odds_rebuild_20260602_gbm,raw,dynamic_csi,roll_trend_3y_accruals_ratio,327,209,mapped,10,rolling_window_statistics,computed,143173,0.001320852557235129,bounded GBM-only predictor workspace; not full final model-suite importance,mapped,Feature mapped to the canonical AE-FEAT-IMPORT 11-family taxonomy.
AE-FEAT-IMPORT-006R,individual_feature_log_odds_rebuild_20260602_gbm,raw,dynamic_csi,roll_autocorr_5y_current_ratio,430,210,mapped,10,rolling_window_statistics,computed,143173,0.0013185061818655147,bounded GBM-only predictor workspace; not full final model-suite importance,mapped,Feature mapped to the canonical AE-FEAT-IMPORT 11-family taxonomy.
AE-FEAT-IMPORT-006R,individual_feature_log_odds_rebuild_20260602_gbm,raw,dynamic_csi,expvol_reinvest_rate,195,211,mapped,5,expanding_volatility,computed,143173,0.0013018855718759672,bounded GBM-only predictor workspace; not full final model-suite importance,mapped,Feature mapped to the canonical AE-FEAT-IMPORT 11-family taxonomy.
AE-FEAT-IMPORT-006R,individual_feature_log_odds_rebuild_20260602_gbm,raw,dynamic_csi,roll_min_3y_ebitda_margin,285,212,mapped,10,rolling_window_statistics,computed,143173,0.0012989691618557017,bounded GBM-only predictor workspace; not full final model-suite importance,mapped,Feature mapped to the canonical AE-FEAT-IMPORT 11-family taxonomy.
AE-FEAT-IMPORT-006R,individual_feature_log_odds_rebuild_20260602_gbm,raw,dynamic_csi,expmean_assets_per_emp,160,213,mapped,4,expanding_mean,computed,143173,0.0012933808630626808,bounded GBM-only predictor workspace; not full final model-suite importance,mapped,Feature mapped to the canonical AE-FEAT-IMPORT 11-family taxonomy.
AE-FEAT-IMPORT-006R,individual_feature_log_odds_rebuild_20260602_gbm,raw,dynamic_csi,roll_trend_5y_log_mkvalt,421,214,mapped,10,rolling_window_statistics,computed,143173,0.0012873113543784816,bounded GBM-only predictor workspace; not full final model-suite importance,mapped,Feature mapped to the canonical AE-FEAT-IMPORT 11-family taxonomy.
AE-FEAT-IMPORT-006R,individual_feature_log_odds_rebuild_20260602_gbm,raw,dynamic_csi,accel_wcap_ratio,106,215,mapped,3,acceleration,computed,143173,0.0012671234701235675,bounded GBM-only predictor workspace; not full final model-suite importance,mapped,Feature mapped to the canonical AE-FEAT-IMPORT 11-family taxonomy.
AE-FEAT-IMPORT-006R,individual_feature_log_odds_rebuild_20260602_gbm,raw,dynamic_csi,asset_turnover,32,216,mapped,1,point_in_time_ratios,computed,143173,0.0012569103500218593,bounded GBM-only predictor workspace; not full final model-suite importance,mapped,Feature mapped to the canonical AE-FEAT-IMPORT 11-family taxonomy.
AE-FEAT-IMPORT-006R,individual_feature_log_odds_rebuild_20260602_gbm,raw,dynamic_csi,accel_log_return,126,217,mapped,3,acceleration,computed,143173,0.0012538403833049483,bounded GBM-only predictor workspace; not full final model-suite importance,mapped,Feature mapped to the canonical AE-FEAT-IMPORT 11-family taxonomy.
AE-FEAT-IMPORT-006R,individual_feature_log_odds_rebuild_20260602_gbm,raw,dynamic_csi,roll_min_3y_leverage,277,218,mapped,10,rolling_window_statistics,computed,143173,0.0012407749035655321,bounded GBM-only predictor workspace; not full final model-suite importance,mapped,Feature mapped to the canonical AE-FEAT-IMPORT 11-family taxonomy.
AE-FEAT-IMPORT-006R,individual_feature_log_odds_rebuild_20260602_gbm,raw,dynamic_csi,peak_drop_cash_pct_act,219,219,mapped,6,peak_deterioration,computed,143173,0.0012051217594187269,bounded GBM-only predictor workspace; not full final model-suite importance,mapped,Feature mapped to the canonical AE-FEAT-IMPORT 11-family taxonomy.
AE-FEAT-IMPORT-006R,individual_feature_log_odds_rebuild_20260602_gbm,raw,dynamic_csi,roll_max_3y_earn_yld,288,220,mapped,10,rolling_window_statistics,computed,143173,0.0012048818921123173,bounded GBM-only predictor workspace; not full final model-suite importance,mapped,Feature mapped to the canonical AE-FEAT-IMPORT 11-family taxonomy.
AE-FEAT-IMPORT-006R,individual_feature_log_odds_rebuild_20260602_gbm,raw,dynamic_csi,log_at,36,221,mapped,1,point_in_time_ratios,computed,143173,0.0011931751575404437,bounded GBM-only predictor workspace; not full final model-suite importance,mapped,Feature mapped to the canonical AE-FEAT-IMPORT 11-family taxonomy.
AE-FEAT-IMPORT-006R,individual_feature_log_odds_rebuild_20260602_gbm,raw,dynamic_csi,acct_mom_gross_margin,254,222,mapped,9,accounting_momentum,computed,143173,0.001184345437095437,bounded GBM-only predictor workspace; not full final model-suite importance,mapped,Feature mapped to the canonical AE-FEAT-IMPORT 11-family taxonomy.
AE-FEAT-IMPORT-006R,individual_feature_log_odds_rebuild_20260602_gbm,raw,dynamic_csi,yoy_rd_intensity,74,223,mapped,2,yoy_changes,computed,143173,0.0011772757103311838,bounded GBM-only predictor workspace; not full final model-suite importance,mapped,Feature mapped to the canonical AE-FEAT-IMPORT 11-family taxonomy.
AE-FEAT-IMPORT-006R,individual_feature_log_odds_rebuild_20260602_gbm,raw,dynamic_csi,roll_mean_3y_log_mkvalt,271,224,mapped,10,rolling_window_statistics,computed,143173,0.0011704567340900288,bounded GBM-only predictor workspace; not full final model-suite importance,mapped,Feature mapped to the canonical AE-FEAT-IMPORT 11-family taxonomy.
AE-FEAT-IMPORT-006R,individual_feature_log_odds_rebuild_20260602_gbm,raw,dynamic_csi,trough_rise_std_debt_pct,228,225,mapped,7,trough_rise,computed,143173,0.0011516554259274356,bounded GBM-only predictor workspace; not full final model-suite importance,mapped,Feature mapped to the canonical AE-FEAT-IMPORT 11-family taxonomy.
AE-FEAT-IMPORT-006R,individual_feature_log_odds_rebuild_20260602_gbm,raw,dynamic_csi,roll_sd_5y_gross_margin,404,226,mapped,10,rolling_window_statistics,computed,143173,0.0011452063955691265,bounded GBM-only predictor workspace; not full final model-suite importance,mapped,Feature mapped to the canonical AE-FEAT-IMPORT 11-family taxonomy.
AE-FEAT-IMPORT-006R,individual_feature_log_odds_rebuild_20260602_gbm,raw,dynamic_csi,yoy_quick_ratio,64,227,mapped,2,yoy_changes,computed,143173,0.0011434862089757334,bounded GBM-only predictor workspace; not full final model-suite importance,mapped,Feature mapped to the canonical AE-FEAT-IMPORT 11-family taxonomy.
AE-FEAT-IMPORT-006R,individual_feature_log_odds_rebuild_20260602_gbm,raw,dynamic_csi,roll_max_3y_accruals_ratio,297,228,mapped,10,rolling_window_statistics,computed,143173,0.0011263880469848443,bounded GBM-only predictor workspace; not full final model-suite importance,mapped,Feature mapped to the canonical AE-FEAT-IMPORT 11-family taxonomy.
AE-FEAT-IMPORT-006R,individual_feature_log_odds_rebuild_20260602_gbm,raw,dynamic_csi,roll_autocorr_3y_cash_pct_act,341,229,mapped,10,rolling_window_statistics,computed,143173,0.0011262744738170982,bounded GBM-only predictor workspace; not full final model-suite importance,mapped,Feature mapped to the canonical AE-FEAT-IMPORT 11-family taxonomy.
AE-FEAT-IMPORT-006R,individual_feature_log_odds_rebuild_20260602_gbm,raw,dynamic_csi,yoy_ebitda_margin,55,230,mapped,2,yoy_changes,computed,143173,0.0011172573789877622,bounded GBM-only predictor workspace; not full final model-suite importance,mapped,Feature mapped to the canonical AE-FEAT-IMPORT 11-family taxonomy.
AE-FEAT-IMPORT-006R,individual_feature_log_odds_rebuild_20260602_gbm,raw,dynamic_csi,roll_trend_5y_roic,411,231,mapped,10,rolling_window_statistics,computed,143173,0.0011155168248967024,bounded GBM-only predictor workspace; not full final model-suite importance,mapped,Feature mapped to the canonical AE-FEAT-IMPORT 11-family taxonomy.
AE-FEAT-IMPORT-006R,individual_feature_log_odds_rebuild_20260602_gbm,raw,dynamic_csi,roll_min_5y_log_at,377,232,mapped,10,rolling_window_statistics,computed,143173,0.0011145507382472719,bounded GBM-only predictor workspace; not full final model-suite importance,mapped,Feature mapped to the canonical AE-FEAT-IMPORT 11-family taxonomy.
AE-FEAT-IMPORT-006R,individual_feature_log_odds_rebuild_20260602_gbm,raw,dynamic_csi,expmean_ebitda_margin,135,233,mapped,4,expanding_mean,computed,143173,0.0011030458100626534,bounded GBM-only predictor workspace; not full final model-suite importance,mapped,Feature mapped to the canonical AE-FEAT-IMPORT 11-family taxonomy.
AE-FEAT-IMPORT-006R,individual_feature_log_odds_rebuild_20260602_gbm,raw,dynamic_csi,expmean_ni_per_emp,161,234,mapped,4,expanding_mean,computed,143173,0.001101888939920726,bounded GBM-only predictor workspace; not full final model-suite importance,mapped,Feature mapped to the canonical AE-FEAT-IMPORT 11-family taxonomy.
AE-FEAT-IMPORT-006R,individual_feature_log_odds_rebuild_20260602_gbm,raw,dynamic_csi,expvol_std_debt_pct,179,235,mapped,5,expanding_volatility,computed,143173,0.0010907026756756916,bounded GBM-only predictor workspace; not full final model-suite importance,mapped,Feature mapped to the canonical AE-FEAT-IMPORT 11-family taxonomy.
AE-FEAT-IMPORT-006R,individual_feature_log_odds_rebuild_20260602_gbm,raw,dynamic_csi,acct_mom_ocf_per_share,244,236,mapped,9,accounting_momentum,computed,143173,0.0010885857840376527,bounded GBM-only predictor workspace; not full final model-suite importance,mapped,Feature mapped to the canonical AE-FEAT-IMPORT 11-family taxonomy.
AE-FEAT-IMPORT-006R,individual_feature_log_odds_rebuild_20260602_gbm,raw,dynamic_csi,expmean_ebit_roa,133,237,mapped,4,expanding_mean,computed,143173,0.0010798384695173636,bounded GBM-only predictor workspace; not full final model-suite importance,mapped,Feature mapped to the canonical AE-FEAT-IMPORT 11-family taxonomy.
AE-FEAT-IMPORT-006R,individual_feature_log_odds_rebuild_20260602_gbm,raw,dynamic_csi,roll_mean_5y_asset_turnover,358,238,mapped,10,rolling_window_statistics,computed,143173,0.001078008607888089,bounded GBM-only predictor workspace; not full final model-suite importance,mapped,Feature mapped to the canonical AE-FEAT-IMPORT 11-family taxonomy.
AE-FEAT-IMPORT-006R,individual_feature_log_odds_rebuild_20260602_gbm,raw,dynamic_csi,roll_sd_5y_log_mkvalt,406,239,mapped,10,rolling_window_statistics,computed,143173,0.001074141277908675,bounded GBM-only predictor workspace; not full final model-suite importance,mapped,Feature mapped to the canonical AE-FEAT-IMPORT 11-family taxonomy.
AE-FEAT-IMPORT-006R,individual_feature_log_odds_rebuild_20260602_gbm,raw,dynamic_csi,expmean_leverage,137,240,mapped,4,expanding_mean,computed,143173,0.001051640893590796,bounded GBM-only predictor workspace; not full final model-suite importance,mapped,Feature mapped to the canonical AE-FEAT-IMPORT 11-family taxonomy.
AE-FEAT-IMPORT-006R,individual_feature_log_odds_rebuild_20260602_gbm,raw,dynamic_csi,roll_max_5y_cash_pct_act,386,241,mapped,10,rolling_window_statistics,computed,143173,0.001038402355010902,bounded GBM-only predictor workspace; not full final model-suite importance,mapped,Feature mapped to the canonical AE-FEAT-IMPORT 11-family taxonomy.
AE-FEAT-IMPORT-006R,individual_feature_log_odds_rebuild_20260602_gbm,raw,dynamic_csi,yoy_ev_to_sales,68,242,mapped,2,yoy_changes,computed,143173,0.001037550888257983,bounded GBM-only predictor workspace; not full final model-suite importance,mapped,Feature mapped to the canonical AE-FEAT-IMPORT 11-family taxonomy.
AE-FEAT-IMPORT-006R,individual_feature_log_odds_rebuild_20260602_gbm,raw,dynamic_csi,trough_rise_rental_ratio,231,243,mapped,7,trough_rise,computed,143173,0.001022039625219715,bounded GBM-only predictor workspace; not full final model-suite importance,mapped,Feature mapped to the canonical AE-FEAT-IMPORT 11-family taxonomy.
AE-FEAT-IMPORT-006R,individual_feature_log_odds_rebuild_20260602_gbm,raw,dynamic_csi,roll_max_5y_accruals_ratio,387,244,mapped,10,rolling_window_statistics,computed,143173,0.0010082217804615096,bounded GBM-only predictor workspace; not full final model-suite importance,mapped,Feature mapped to the canonical AE-FEAT-IMPORT 11-family taxonomy.
AE-FEAT-IMPORT-006R,individual_feature_log_odds_rebuild_20260602_gbm,raw,dynamic_csi,acct_mom_roa,245,245,mapped,9,accounting_momentum,computed,143173,0.0010014028996449666,bounded GBM-only predictor workspace; not full final model-suite importance,mapped,Feature mapped to the canonical AE-FEAT-IMPORT 11-family taxonomy.
AE-FEAT-IMPORT-006R,individual_feature_log_odds_rebuild_20260602_gbm,raw,dynamic_csi,expmean_altman_z,164,246,mapped,4,expanding_mean,computed,143173,0.00097279927908248,bounded GBM-only predictor workspace; not full final model-suite importance,mapped,Feature mapped to the canonical AE-FEAT-IMPORT 11-family taxonomy.
AE-FEAT-IMPORT-006R,individual_feature_log_odds_rebuild_20260602_gbm,raw,dynamic_csi,yoy_invest_st_ratio,85,247,mapped,2,yoy_changes,computed,143173,0.000946243946830193,bounded GBM-only predictor workspace; not full final model-suite importance,mapped,Feature mapped to the canonical AE-FEAT-IMPORT 11-family taxonomy.
AE-FEAT-IMPORT-006R,individual_feature_log_odds_rebuild_20260602_gbm,raw,dynamic_csi,accel_ebitda_margin,95,248,mapped,3,acceleration,computed,143173,0.0009415153942713145,bounded GBM-only predictor workspace; not full final model-suite importance,mapped,Feature mapped to the canonical AE-FEAT-IMPORT 11-family taxonomy.
AE-FEAT-IMPORT-006R,individual_feature_log_odds_rebuild_20260602_gbm,raw,dynamic_csi,expvol_gross_margin,174,249,mapped,5,expanding_volatility,computed,143173,0.0009348433983071014,bounded GBM-only predictor workspace; not full final model-suite importance,mapped,Feature mapped to the canonical AE-FEAT-IMPORT 11-family taxonomy.
AE-FEAT-IMPORT-006R,individual_feature_log_odds_rebuild_20260602_gbm,raw,dynamic_csi,yoy_net_debt_ebitda,58,250,mapped,2,yoy_changes,computed,143173,0.0009328352409286852,bounded GBM-only predictor workspace; not full final model-suite importance,mapped,Feature mapped to the canonical AE-FEAT-IMPORT 11-family taxonomy.
AE-FEAT-IMPORT-006R,individual_feature_log_odds_rebuild_20260602_gbm,raw,dynamic_csi,roll_min_5y_net_debt_ebitda,368,251,mapped,10,rolling_window_statistics,computed,143173,0.0009313805369599931,bounded GBM-only predictor workspace; not full final model-suite importance,mapped,Feature mapped to the canonical AE-FEAT-IMPORT 11-family taxonomy.
AE-FEAT-IMPORT-006R,individual_feature_log_odds_rebuild_20260602_gbm,raw,dynamic_csi,roll_mean_3y_leverage,262,252,mapped,10,rolling_window_statistics,computed,143173,0.0009280930778741768,bounded GBM-only predictor workspace; not full final model-suite importance,mapped,Feature mapped to the canonical AE-FEAT-IMPORT 11-family taxonomy.
AE-FEAT-IMPORT-006R,individual_feature_log_odds_rebuild_20260602_gbm,raw,dynamic_csi,roll_trend_5y_roa,410,253,mapped,10,rolling_window_statistics,computed,143173,0.0009249419341171578,bounded GBM-only predictor workspace; not full final model-suite importance,mapped,Feature mapped to the canonical AE-FEAT-IMPORT 11-family taxonomy.
AE-FEAT-IMPORT-006R,individual_feature_log_odds_rebuild_20260602_gbm,raw,dynamic_csi,yoy_ebit_roa,53,254,mapped,2,yoy_changes,computed,143173,0.0009135619339005069,bounded GBM-only predictor workspace; not full final model-suite importance,mapped,Feature mapped to the canonical AE-FEAT-IMPORT 11-family taxonomy.
AE-FEAT-IMPORT-006R,individual_feature_log_odds_rebuild_20260602_gbm,raw,dynamic_csi,expmean_current_ratio,143,255,mapped,4,expanding_mean,computed,143173,0.0009118463291541806,bounded GBM-only predictor workspace; not full final model-suite importance,mapped,Feature mapped to the canonical AE-FEAT-IMPORT 11-family taxonomy.
AE-FEAT-IMPORT-006R,individual_feature_log_odds_rebuild_20260602_gbm,raw,dynamic_csi,roll_trend_3y_earn_yld,318,256,mapped,10,rolling_window_statistics,computed,143173,0.0008941071622739122,bounded GBM-only predictor workspace; not full final model-suite importance,mapped,Feature mapped to the canonical AE-FEAT-IMPORT 11-family taxonomy.
AE-FEAT-IMPORT-006R,individual_feature_log_odds_rebuild_20260602_gbm,raw,dynamic_csi,expvol_ocf_per_share,169,257,mapped,5,expanding_volatility,computed,143173,0.0008767316123675826,bounded GBM-only predictor workspace; not full final model-suite importance,mapped,Feature mapped to the canonical AE-FEAT-IMPORT 11-family taxonomy.
AE-FEAT-IMPORT-006R,individual_feature_log_odds_rebuild_20260602_gbm,raw,dynamic_csi,expvol_ebit_roa,173,258,mapped,5,expanding_volatility,computed,143173,0.0008749127601799669,bounded GBM-only predictor workspace; not full final model-suite importance,mapped,Feature mapped to the canonical AE-FEAT-IMPORT 11-family taxonomy.
AE-FEAT-IMPORT-006R,individual_feature_log_odds_rebuild_20260602_gbm,raw,dynamic_csi,roll_max_5y_log_at,392,259,mapped,10,rolling_window_statistics,computed,143173,0.0008708698757027036,bounded GBM-only predictor workspace; not full final model-suite importance,mapped,Feature mapped to the canonical AE-FEAT-IMPORT 11-family taxonomy.
AE-FEAT-IMPORT-006R,individual_feature_log_odds_rebuild_20260602_gbm,raw,dynamic_csi,accel_earn_yld,88,260,mapped,3,acceleration,computed,143173,0.0008615636120454217,bounded GBM-only predictor workspace; not full final model-suite importance,mapped,Feature mapped to the canonical AE-FEAT-IMPORT 11-family taxonomy.
AE-FEAT-IMPORT-006R,individual_feature_log_odds_rebuild_20260602_gbm,raw,dynamic_csi,accel_log_mkvalt,117,261,mapped,3,acceleration,computed,143173,0.0008577594120181,bounded GBM-only predictor workspace; not full final model-suite importance,mapped,Feature mapped to the canonical AE-FEAT-IMPORT 11-family taxonomy.
AE-FEAT-IMPORT-006R,individual_feature_log_odds_rebuild_20260602_gbm,raw,dynamic_csi,peak_drop_ocf_per_share,209,262,mapped,6,peak_deterioration,computed,143173,0.0008521050484469462,bounded GBM-only predictor workspace; not full final model-suite importance,mapped,Feature mapped to the canonical AE-FEAT-IMPORT 11-family taxonomy.
AE-FEAT-IMPORT-006R,individual_feature_log_odds_rebuild_20260602_gbm,raw,dynamic_csi,roll_min_5y_gross_margin,374,263,mapped,10,rolling_window_statistics,computed,143173,0.0008513821590682113,bounded GBM-only predictor workspace; not full final model-suite importance,mapped,Feature mapped to the canonical AE-FEAT-IMPORT 11-family taxonomy.
AE-FEAT-IMPORT-006R,individual_feature_log_odds_rebuild_20260602_gbm,raw,dynamic_csi,roll_trend_3y_asset_turnover,328,264,mapped,10,rolling_window_statistics,computed,143173,0.0008474303374756485,bounded GBM-only predictor workspace; not full final model-suite importance,mapped,Feature mapped to the canonical AE-FEAT-IMPORT 11-family taxonomy.
AE-FEAT-IMPORT-006R,individual_feature_log_odds_rebuild_20260602_gbm,raw,dynamic_csi,cash_div_cf,29,265,mapped,1,point_in_time_ratios,computed,143173,0.0008430547759956178,bounded GBM-only predictor workspace; not full final model-suite importance,mapped,Feature mapped to the canonical AE-FEAT-IMPORT 11-family taxonomy.
AE-FEAT-IMPORT-006R,individual_feature_log_odds_rebuild_20260602_gbm,raw,dynamic_csi,expmean_roe,131,266,mapped,4,expanding_mean,computed,143173,0.0008420942101305883,bounded GBM-only predictor workspace; not full final model-suite importance,mapped,Feature mapped to the canonical AE-FEAT-IMPORT 11-family taxonomy.
AE-FEAT-IMPORT-006R,individual_feature_log_odds_rebuild_20260602_gbm,raw,dynamic_csi,peak_drop_interest_cov,221,267,mapped,6,peak_deterioration,computed,143173,0.0008402713345025907,bounded GBM-only predictor workspace; not full final model-suite importance,mapped,Feature mapped to the canonical AE-FEAT-IMPORT 11-family taxonomy.
AE-FEAT-IMPORT-006R,individual_feature_log_odds_rebuild_20260602_gbm,raw,dynamic_csi,acct_mom_log_at,257,268,mapped,9,accounting_momentum,computed,143173,0.0008162147995009134,bounded GBM-only predictor workspace; not full final model-suite importance,mapped,Feature mapped to the canonical AE-FEAT-IMPORT 11-family taxonomy.
AE-FEAT-IMPORT-006R,individual_feature_log_odds_rebuild_20260602_gbm,raw,dynamic_csi,acct_mom_current_ratio,250,269,mapped,9,accounting_momentum,computed,143173,0.000812388753858743,bounded GBM-only predictor workspace; not full final model-suite importance,mapped,Feature mapped to the canonical AE-FEAT-IMPORT 11-family taxonomy.
AE-FEAT-IMPORT-006R,individual_feature_log_odds_rebuild_20260602_gbm,raw,dynamic_csi,roll_sd_3y_log_mkvalt,316,270,mapped,10,rolling_window_statistics,computed,143173,0.0007959093072197321,bounded GBM-only predictor workspace; not full final model-suite importance,mapped,Feature mapped to the canonical AE-FEAT-IMPORT 11-family taxonomy.
AE-FEAT-IMPORT-006R,individual_feature_log_odds_rebuild_20260602_gbm,raw,dynamic_csi,roll_autocorr_3y_earn_yld,333,271,mapped,10,rolling_window_statistics,computed,143173,0.0007925135111146654,bounded GBM-only predictor workspace; not full final model-suite importance,mapped,Feature mapped to the canonical AE-FEAT-IMPORT 11-family taxonomy.
AE-FEAT-IMPORT-006R,individual_feature_log_odds_rebuild_20260602_gbm,raw,dynamic_csi,expvol_altman_z,204,272,mapped,5,expanding_volatility,computed,143173,0.0007756573554080355,bounded GBM-only predictor workspace; not full final model-suite importance,mapped,Feature mapped to the canonical AE-FEAT-IMPORT 11-family taxonomy.
AE-FEAT-IMPORT-006R,individual_feature_log_odds_rebuild_20260602_gbm,raw,dynamic_csi,accel_rd_intensity,114,273,mapped,3,acceleration,computed,143173,0.0007564030648979268,bounded GBM-only predictor workspace; not full final model-suite importance,mapped,Feature mapped to the canonical AE-FEAT-IMPORT 11-family taxonomy.
AE-FEAT-IMPORT-006R,individual_feature_log_odds_rebuild_20260602_gbm,raw,dynamic_csi,accel_assets_per_emp,120,274,mapped,3,acceleration,computed,143173,0.000752852152368245,bounded GBM-only predictor workspace; not full final model-suite importance,mapped,Feature mapped to the canonical AE-FEAT-IMPORT 11-family taxonomy.
AE-FEAT-IMPORT-006R,individual_feature_log_odds_rebuild_20260602_gbm,raw,dynamic_csi,roll_max_5y_gross_margin,389,275,mapped,10,rolling_window_statistics,computed,143173,0.0007498850395781757,bounded GBM-only predictor workspace; not full final model-suite importance,mapped,Feature mapped to the canonical AE-FEAT-IMPORT 11-family taxonomy.
AE-FEAT-IMPORT-006R,individual_feature_log_odds_rebuild_20260602_gbm,raw,dynamic_csi,accel_current_ratio,103,276,mapped,3,acceleration,computed,143173,0.0007475013930796643,bounded GBM-only predictor workspace; not full final model-suite importance,mapped,Feature mapped to the canonical AE-FEAT-IMPORT 11-family taxonomy.
AE-FEAT-IMPORT-006R,individual_feature_log_odds_rebuild_20260602_gbm,raw,dynamic_csi,roll_autocorr_3y_log_mkvalt,346,277,mapped,10,rolling_window_statistics,computed,143173,0.0007406284641408233,bounded GBM-only predictor workspace; not full final model-suite importance,mapped,Feature mapped to the canonical AE-FEAT-IMPORT 11-family taxonomy.
AE-FEAT-IMPORT-006R,individual_feature_log_odds_rebuild_20260602_gbm,raw,dynamic_csi,roll_autocorr_3y_ocf_per_share,334,278,mapped,10,rolling_window_statistics,computed,143173,0.0007335682422751797,bounded GBM-only predictor workspace; not full final model-suite importance,mapped,Feature mapped to the canonical AE-FEAT-IMPORT 11-family taxonomy.
AE-FEAT-IMPORT-006R,individual_feature_log_odds_rebuild_20260602_gbm,raw,dynamic_csi,roll_sd_3y_ocf_per_share,304,279,mapped,10,rolling_window_statistics,computed,143173,0.0007329223494924591,bounded GBM-only predictor workspace; not full final model-suite importance,mapped,Feature mapped to the canonical AE-FEAT-IMPORT 11-family taxonomy.
AE-FEAT-IMPORT-006R,individual_feature_log_odds_rebuild_20260602_gbm,raw,dynamic_csi,yoy_earn_yld,48,280,mapped,2,yoy_changes,computed,143173,0.0007321889384192873,bounded GBM-only predictor workspace; not full final model-suite importance,mapped,Feature mapped to the canonical AE-FEAT-IMPORT 11-family taxonomy.
AE-FEAT-IMPORT-006R,individual_feature_log_odds_rebuild_20260602_gbm,raw,dynamic_csi,accel_dd1_ratio,102,281,mapped,3,acceleration,computed,143173,0.0007281152006067043,bounded GBM-only predictor workspace; not full final model-suite importance,mapped,Feature mapped to the canonical AE-FEAT-IMPORT 11-family taxonomy.
AE-FEAT-IMPORT-006R,individual_feature_log_odds_rebuild_20260602_gbm,raw,dynamic_csi,roll_mean_5y_net_debt_ebitda,353,282,mapped,10,rolling_window_statistics,computed,143173,0.0007188815701579343,bounded GBM-only predictor workspace; not full final model-suite importance,mapped,Feature mapped to the canonical AE-FEAT-IMPORT 11-family taxonomy.
AE-FEAT-IMPORT-006R,individual_feature_log_odds_rebuild_20260602_gbm,raw,dynamic_csi,roll_mean_5y_gross_margin,359,283,mapped,10,rolling_window_statistics,computed,143173,0.0007163193811872386,bounded GBM-only predictor workspace; not full final model-suite importance,mapped,Feature mapped to the canonical AE-FEAT-IMPORT 11-family taxonomy.
AE-FEAT-IMPORT-006R,individual_feature_log_odds_rebuild_20260602_gbm,raw,dynamic_csi,peak_drop_wcap_ratio,220,284,mapped,6,peak_deterioration,computed,143173,0.0007160958987932465,bounded GBM-only predictor workspace; not full final model-suite importance,mapped,Feature mapped to the canonical AE-FEAT-IMPORT 11-family taxonomy.
AE-FEAT-IMPORT-006R,individual_feature_log_odds_rebuild_20260602_gbm,raw,dynamic_csi,roll_min_5y_cash_pct_act,371,285,mapped,10,rolling_window_statistics,computed,143173,0.0006936456711051401,bounded GBM-only predictor workspace; not full final model-suite importance,mapped,Feature mapped to the canonical AE-FEAT-IMPORT 11-family taxonomy.
AE-FEAT-IMPORT-006R,individual_feature_log_odds_rebuild_20260602_gbm,raw,dynamic_csi,roll_trend_5y_ocf_per_share,409,286,mapped,10,rolling_window_statistics,computed,143173,0.0006923957582518178,bounded GBM-only predictor workspace; not full final model-suite importance,mapped,Feature mapped to the canonical AE-FEAT-IMPORT 11-family taxonomy.
AE-FEAT-IMPORT-006R,individual_feature_log_odds_rebuild_20260602_gbm,raw,dynamic_csi,roll_trend_3y_net_debt_ebitda,323,287,mapped,10,rolling_window_statistics,computed,143173,0.0006872358489726113,bounded GBM-only predictor workspace; not full final model-suite importance,mapped,Feature mapped to the canonical AE-FEAT-IMPORT 11-family taxonomy.
AE-FEAT-IMPORT-006R,individual_feature_log_odds_rebuild_20260602_gbm,raw,dynamic_csi,roll_autocorr_5y_ebitda_margin,435,288,mapped,10,rolling_window_statistics,computed,143173,0.0006823476030882274,bounded GBM-only predictor workspace; not full final model-suite importance,mapped,Feature mapped to the canonical AE-FEAT-IMPORT 11-family taxonomy.
AE-FEAT-IMPORT-006R,individual_feature_log_odds_rebuild_20260602_gbm,raw,dynamic_csi,roll_autocorr_3y_log_at,347,289,mapped,10,rolling_window_statistics,computed,143173,0.000672349071484774,bounded GBM-only predictor workspace; not full final model-suite importance,mapped,Feature mapped to the canonical AE-FEAT-IMPORT 11-family taxonomy.
AE-FEAT-IMPORT-006R,individual_feature_log_odds_rebuild_20260602_gbm,raw,dynamic_csi,roll_mean_5y_current_ratio,355,290,mapped,10,rolling_window_statistics,computed,143173,0.0006442920615924267,bounded GBM-only predictor workspace; not full final model-suite importance,mapped,Feature mapped to the canonical AE-FEAT-IMPORT 11-family taxonomy.
AE-FEAT-IMPORT-006R,individual_feature_log_odds_rebuild_20260602_gbm,raw,dynamic_csi,roll_trend_5y_leverage,412,291,mapped,10,rolling_window_statistics,computed,143173,0.0006431683398120279,bounded GBM-only predictor workspace; not full final model-suite importance,mapped,Feature mapped to the canonical AE-FEAT-IMPORT 11-family taxonomy.
AE-FEAT-IMPORT-006R,individual_feature_log_odds_rebuild_20260602_gbm,raw,dynamic_csi,accel_gross_margin,94,292,mapped,3,acceleration,computed,143173,0.0006422039181250928,bounded GBM-only predictor workspace; not full final model-suite importance,mapped,Feature mapped to the canonical AE-FEAT-IMPORT 11-family taxonomy.
AE-FEAT-IMPORT-006R,individual_feature_log_odds_rebuild_20260602_gbm,raw,dynamic_csi,roll_max_5y_roa,380,293,mapped,10,rolling_window_statistics,computed,143173,0.0006370339807995319,bounded GBM-only predictor workspace; not full final model-suite importance,mapped,Feature mapped to the canonical AE-FEAT-IMPORT 11-family taxonomy.
AE-FEAT-IMPORT-006R,individual_feature_log_odds_rebuild_20260602_gbm,raw,dynamic_csi,roll_autocorr_3y_accruals_ratio,342,294,mapped,10,rolling_window_statistics,computed,143173,0.0006341152667807654,bounded GBM-only predictor workspace; not full final model-suite importance,mapped,Feature mapped to the canonical AE-FEAT-IMPORT 11-family taxonomy.
AE-FEAT-IMPORT-006R,individual_feature_log_odds_rebuild_20260602_gbm,raw,dynamic_csi,expvol_asset_turnover,192,295,mapped,5,expanding_volatility,computed,143173,0.0006328097247704473,bounded GBM-only predictor workspace; not full final model-suite importance,mapped,Feature mapped to the canonical AE-FEAT-IMPORT 11-family taxonomy.
AE-FEAT-IMPORT-006R,individual_feature_log_odds_rebuild_20260602_gbm,raw,dynamic_csi,accel_altman_z,124,296,mapped,3,acceleration,computed,143173,0.0006229745370002887,bounded GBM-only predictor workspace; not full final model-suite importance,mapped,Feature mapped to the canonical AE-FEAT-IMPORT 11-family taxonomy.
AE-FEAT-IMPORT-006R,individual_feature_log_odds_rebuild_20260602_gbm,raw,dynamic_csi,expvol_eff_int_rate,180,297,mapped,5,expanding_volatility,computed,143173,0.000616230538295278,bounded GBM-only predictor workspace; not full final model-suite importance,mapped,Feature mapped to the canonical AE-FEAT-IMPORT 11-family taxonomy.
AE-FEAT-IMPORT-006R,individual_feature_log_odds_rebuild_20260602_gbm,raw,dynamic_csi,expvol_altman_z2,202,298,mapped,5,expanding_volatility,computed,143173,0.0006135555297166107,bounded GBM-only predictor workspace; not full final model-suite importance,mapped,Feature mapped to the canonical AE-FEAT-IMPORT 11-family taxonomy.
AE-FEAT-IMPORT-006R,individual_feature_log_odds_rebuild_20260602_gbm,raw,dynamic_csi,yoy_roe,51,299,mapped,2,yoy_changes,computed,143173,0.0006107160926828683,bounded GBM-only predictor workspace; not full final model-suite importance,mapped,Feature mapped to the canonical AE-FEAT-IMPORT 11-family taxonomy.
AE-FEAT-IMPORT-006R,individual_feature_log_odds_rebuild_20260602_gbm,raw,dynamic_csi,roll_sd_5y_roa,395,300,mapped,10,rolling_window_statistics,computed,143173,0.0006105370710315557,bounded GBM-only predictor workspace; not full final model-suite importance,mapped,Feature mapped to the canonical AE-FEAT-IMPORT 11-family taxonomy.
AE-FEAT-IMPORT-006R,individual_feature_log_odds_rebuild_20260602_gbm,raw,dynamic_csi,accel_leverage,97,301,mapped,3,acceleration,computed,143173,0.0006014037573888335,bounded GBM-only predictor workspace; not full final model-suite importance,mapped,Feature mapped to the canonical AE-FEAT-IMPORT 11-family taxonomy.
AE-FEAT-IMPORT-006R,individual_feature_log_odds_rebuild_20260602_gbm,raw,dynamic_csi,expmean_ann_return,167,302,mapped,4,expanding_mean,computed,143173,0.0006006672743031691,bounded GBM-only predictor workspace; not full final model-suite importance,mapped,Feature mapped to the canonical AE-FEAT-IMPORT 11-family taxonomy.
AE-FEAT-IMPORT-006R,individual_feature_log_odds_rebuild_20260602_gbm,raw,dynamic_csi,roll_autocorr_5y_leverage,427,303,mapped,10,rolling_window_statistics,computed,143173,0.0005998396612164279,bounded GBM-only predictor workspace; not full final model-suite importance,mapped,Feature mapped to the canonical AE-FEAT-IMPORT 11-family taxonomy.
AE-FEAT-IMPORT-006R,individual_feature_log_odds_rebuild_20260602_gbm,raw,dynamic_csi,roll_sd_5y_accruals_ratio,402,304,mapped,10,rolling_window_statistics,computed,143173,0.0005860691082874078,bounded GBM-only predictor workspace; not full final model-suite importance,mapped,Feature mapped to the canonical AE-FEAT-IMPORT 11-family taxonomy.
AE-FEAT-IMPORT-006R,individual_feature_log_odds_rebuild_20260602_gbm,raw,dynamic_csi,expmean_std_debt_pct,139,305,mapped,4,expanding_mean,computed,143173,0.0005845251145080049,bounded GBM-only predictor workspace; not full final model-suite importance,mapped,Feature mapped to the canonical AE-FEAT-IMPORT 11-family taxonomy.
AE-FEAT-IMPORT-006R,individual_feature_log_odds_rebuild_20260602_gbm,raw,dynamic_csi,roll_max_3y_roic,291,306,mapped,10,rolling_window_statistics,computed,143173,0.0005832755953955796,bounded GBM-only predictor workspace; not full final model-suite importance,mapped,Feature mapped to the canonical AE-FEAT-IMPORT 11-family taxonomy.
AE-FEAT-IMPORT-006R,individual_feature_log_odds_rebuild_20260602_gbm,raw,dynamic_csi,expmean_log_emp,158,307,mapped,4,expanding_mean,computed,143173,0.0005771930147366943,bounded GBM-only predictor workspace; not full final model-suite importance,mapped,Feature mapped to the canonical AE-FEAT-IMPORT 11-family taxonomy.
AE-FEAT-IMPORT-006R,individual_feature_log_odds_rebuild_20260602_gbm,raw,dynamic_csi,roll_trend_3y_log_mkvalt,331,308,mapped,10,rolling_window_statistics,computed,143173,0.0005735426261016707,bounded GBM-only predictor workspace; not full final model-suite importance,mapped,Feature mapped to the canonical AE-FEAT-IMPORT 11-family taxonomy.
AE-FEAT-IMPORT-006R,individual_feature_log_odds_rebuild_20260602_gbm,raw,dynamic_csi,roll_max_3y_gross_margin,299,309,mapped,10,rolling_window_statistics,computed,143173,0.0005703608525564162,bounded GBM-only predictor workspace; not full final model-suite importance,mapped,Feature mapped to the canonical AE-FEAT-IMPORT 11-family taxonomy.
AE-FEAT-IMPORT-006R,individual_feature_log_odds_rebuild_20260602_gbm,raw,dynamic_csi,roll_autocorr_3y_asset_turnover,343,310,mapped,10,rolling_window_statistics,computed,143173,0.000570079118060939,bounded GBM-only predictor workspace; not full final model-suite importance,mapped,Feature mapped to the canonical AE-FEAT-IMPORT 11-family taxonomy.
AE-FEAT-IMPORT-006R,individual_feature_log_odds_rebuild_20260602_gbm,raw,dynamic_csi,roll_autocorr_5y_accruals_ratio,432,311,mapped,10,rolling_window_statistics,computed,143173,0.0005686111796442294,bounded GBM-only predictor workspace; not full final model-suite importance,mapped,Feature mapped to the canonical AE-FEAT-IMPORT 11-family taxonomy.
AE-FEAT-IMPORT-006R,individual_feature_log_odds_rebuild_20260602_gbm,raw,dynamic_csi,roll_trend_5y_current_ratio,415,312,mapped,10,rolling_window_statistics,computed,143173,0.0005596552380685381,bounded GBM-only predictor workspace; not full final model-suite importance,mapped,Feature mapped to the canonical AE-FEAT-IMPORT 11-family taxonomy.
AE-FEAT-IMPORT-006R,individual_feature_log_odds_rebuild_20260602_gbm,raw,dynamic_csi,roll_autocorr_3y_gross_margin,344,313,mapped,10,rolling_window_statistics,computed,143173,0.0005547705320350195,bounded GBM-only predictor workspace; not full final model-suite importance,mapped,Feature mapped to the canonical AE-FEAT-IMPORT 11-family taxonomy.
AE-FEAT-IMPORT-006R,individual_feature_log_odds_rebuild_20260602_gbm,raw,dynamic_csi,yoy_ni_per_emp,81,314,mapped,2,yoy_changes,computed,143173,0.0005498893571834794,bounded GBM-only predictor workspace; not full final model-suite importance,mapped,Feature mapped to the canonical AE-FEAT-IMPORT 11-family taxonomy.
AE-FEAT-IMPORT-006R,individual_feature_log_odds_rebuild_20260602_gbm,raw,dynamic_csi,accel_asset_turnover,112,315,mapped,3,acceleration,computed,143173,0.000539033744335916,bounded GBM-only predictor workspace; not full final model-suite importance,mapped,Feature mapped to the canonical AE-FEAT-IMPORT 11-family taxonomy.
AE-FEAT-IMPORT-006R,individual_feature_log_odds_rebuild_20260602_gbm,raw,dynamic_csi,roll_autocorr_3y_roic,336,316,mapped,10,rolling_window_statistics,computed,143173,0.0005377581700405522,bounded GBM-only predictor workspace; not full final model-suite importance,mapped,Feature mapped to the canonical AE-FEAT-IMPORT 11-family taxonomy.
AE-FEAT-IMPORT-006R,individual_feature_log_odds_rebuild_20260602_gbm,raw,dynamic_csi,eff_int_rate,19,317,mapped,1,point_in_time_ratios,computed,143173,0.0005357014028192699,bounded GBM-only predictor workspace; not full final model-suite importance,mapped,Feature mapped to the canonical AE-FEAT-IMPORT 11-family taxonomy.
AE-FEAT-IMPORT-006R,individual_feature_log_odds_rebuild_20260602_gbm,raw,dynamic_csi,trough_rise_eff_int_rate,229,318,mapped,7,trough_rise,computed,143173,0.0005192030321032503,bounded GBM-only predictor workspace; not full final model-suite importance,mapped,Feature mapped to the canonical AE-FEAT-IMPORT 11-family taxonomy.
AE-FEAT-IMPORT-006R,individual_feature_log_odds_rebuild_20260602_gbm,raw,dynamic_csi,roll_mean_5y_cash_pct_act,356,319,mapped,10,rolling_window_statistics,computed,143173,0.0005065610260470382,bounded GBM-only predictor workspace; not full final model-suite importance,mapped,Feature mapped to the canonical AE-FEAT-IMPORT 11-family taxonomy.
AE-FEAT-IMPORT-006R,individual_feature_log_odds_rebuild_20260602_gbm,raw,dynamic_csi,yoy_reinvest_rate,75,320,mapped,2,yoy_changes,computed,143173,0.0005039162000293898,bounded GBM-only predictor workspace; not full final model-suite importance,mapped,Feature mapped to the canonical AE-FEAT-IMPORT 11-family taxonomy.
AE-FEAT-IMPORT-006R,individual_feature_log_odds_rebuild_20260602_gbm,raw,dynamic_csi,expmean_roic,132,321,mapped,4,expanding_mean,computed,143173,0.0004928014507203684,bounded GBM-only predictor workspace; not full final model-suite importance,mapped,Feature mapped to the canonical AE-FEAT-IMPORT 11-family taxonomy.
AE-FEAT-IMPORT-006R,individual_feature_log_odds_rebuild_20260602_gbm,raw,dynamic_csi,yoy_altman_z4,83,322,mapped,2,yoy_changes,computed,143173,0.0004872511062449164,bounded GBM-only predictor workspace; not full final model-suite importance,mapped,Feature mapped to the canonical AE-FEAT-IMPORT 11-family taxonomy.
AE-FEAT-IMPORT-006R,individual_feature_log_odds_rebuild_20260602_gbm,raw,dynamic_csi,accel_interest_cov,101,323,mapped,3,acceleration,computed,143173,0.00048718867429463185,bounded GBM-only predictor workspace; not full final model-suite importance,mapped,Feature mapped to the canonical AE-FEAT-IMPORT 11-family taxonomy.
AE-FEAT-IMPORT-006R,individual_feature_log_odds_rebuild_20260602_gbm,raw,dynamic_csi,expmean_eff_int_rate,140,324,mapped,4,expanding_mean,computed,143173,0.00047237058096019977,bounded GBM-only predictor workspace; not full final model-suite importance,mapped,Feature mapped to the canonical AE-FEAT-IMPORT 11-family taxonomy.
AE-FEAT-IMPORT-006R,individual_feature_log_odds_rebuild_20260602_gbm,raw,dynamic_csi,peak_drop_current_ratio,217,325,mapped,6,peak_deterioration,computed,143173,0.0004596161805093551,bounded GBM-only predictor workspace; not full final model-suite importance,mapped,Feature mapped to the canonical AE-FEAT-IMPORT 11-family taxonomy.
AE-FEAT-IMPORT-006R,individual_feature_log_odds_rebuild_20260602_gbm,raw,dynamic_csi,yoy_ocf_per_share,49,326,mapped,2,yoy_changes,computed,143173,0.0004467293189395922,bounded GBM-only predictor workspace; not full final model-suite importance,mapped,Feature mapped to the canonical AE-FEAT-IMPORT 11-family taxonomy.
AE-FEAT-IMPORT-006R,individual_feature_log_odds_rebuild_20260602_gbm,raw,dynamic_csi,yoy_div_yield,69,327,mapped,2,yoy_changes,computed,143173,0.00044239425589364994,bounded GBM-only predictor workspace; not full final model-suite importance,mapped,Feature mapped to the canonical AE-FEAT-IMPORT 11-family taxonomy.
AE-FEAT-IMPORT-006R,individual_feature_log_odds_rebuild_20260602_gbm,raw,dynamic_csi,accel_roic,92,328,mapped,3,acceleration,computed,143173,0.0004364229837347977,bounded GBM-only predictor workspace; not full final model-suite importance,mapped,Feature mapped to the canonical AE-FEAT-IMPORT 11-family taxonomy.
AE-FEAT-IMPORT-006R,individual_feature_log_odds_rebuild_20260602_gbm,raw,dynamic_csi,accel_ocf_margin,96,329,mapped,3,acceleration,computed,143173,0.00043437170232058593,bounded GBM-only predictor workspace; not full final model-suite importance,mapped,Feature mapped to the canonical AE-FEAT-IMPORT 11-family taxonomy.
AE-FEAT-IMPORT-006R,individual_feature_log_odds_rebuild_20260602_gbm,raw,dynamic_csi,roll_autocorr_5y_roic,426,330,mapped,10,rolling_window_statistics,computed,143173,0.00043319872652982863,bounded GBM-only predictor workspace; not full final model-suite importance,mapped,Feature mapped to the canonical AE-FEAT-IMPORT 11-family taxonomy.
AE-FEAT-IMPORT-006R,individual_feature_log_odds_rebuild_20260602_gbm,raw,dynamic_csi,roll_trend_3y_leverage,322,331,mapped,10,rolling_window_statistics,computed,143173,0.000428419247829978,bounded GBM-only predictor workspace; not full final model-suite importance,mapped,Feature mapped to the canonical AE-FEAT-IMPORT 11-family taxonomy.
AE-FEAT-IMPORT-006R,individual_feature_log_odds_rebuild_20260602_gbm,raw,dynamic_csi,roll_min_5y_ocf_per_share,364,332,mapped,10,rolling_window_statistics,computed,143173,0.0004225456364327474,bounded GBM-only predictor workspace; not full final model-suite importance,mapped,Feature mapped to the canonical AE-FEAT-IMPORT 11-family taxonomy.
AE-FEAT-IMPORT-006R,individual_feature_log_odds_rebuild_20260602_gbm,raw,dynamic_csi,yoy_current_ratio,63,333,mapped,2,yoy_changes,computed,143173,0.00041624907083924516,bounded GBM-only predictor workspace; not full final model-suite importance,mapped,Feature mapped to the canonical AE-FEAT-IMPORT 11-family taxonomy.
AE-FEAT-IMPORT-006R,individual_feature_log_odds_rebuild_20260602_gbm,raw,dynamic_csi,yoy_eff_int_rate,60,334,mapped,2,yoy_changes,computed,143173,0.00039816677975208824,bounded GBM-only predictor workspace; not full final model-suite importance,mapped,Feature mapped to the canonical AE-FEAT-IMPORT 11-family taxonomy.
AE-FEAT-IMPORT-006R,individual_feature_log_odds_rebuild_20260602_gbm,raw,dynamic_csi,accel_invest_st_ratio,125,335,mapped,3,acceleration,computed,143173,0.00039411796748666693,bounded GBM-only predictor workspace; not full final model-suite importance,mapped,Feature mapped to the canonical AE-FEAT-IMPORT 11-family taxonomy.
AE-FEAT-IMPORT-006R,individual_feature_log_odds_rebuild_20260602_gbm,raw,dynamic_csi,accel_eff_int_rate,100,336,mapped,3,acceleration,computed,143173,0.000390968638102248,bounded GBM-only predictor workspace; not full final model-suite importance,mapped,Feature mapped to the canonical AE-FEAT-IMPORT 11-family taxonomy.
AE-FEAT-IMPORT-006R,individual_feature_log_odds_rebuild_20260602_gbm,raw,dynamic_csi,yoy_altman_z,84,337,mapped,2,yoy_changes,computed,143173,0.00038976074142232854,bounded GBM-only predictor workspace; not full final model-suite importance,mapped,Feature mapped to the canonical AE-FEAT-IMPORT 11-family taxonomy.
AE-FEAT-IMPORT-006R,individual_feature_log_odds_rebuild_20260602_gbm,raw,dynamic_csi,yoy_std_debt_pct,59,338,mapped,2,yoy_changes,computed,143173,0.00038072903906085823,bounded GBM-only predictor workspace; not full final model-suite importance,mapped,Feature mapped to the canonical AE-FEAT-IMPORT 11-family taxonomy.
AE-FEAT-IMPORT-006R,individual_feature_log_odds_rebuild_20260602_gbm,raw,dynamic_csi,yoy_capex_intensity,73,339,mapped,2,yoy_changes,computed,143173,0.0003709557991727502,bounded GBM-only predictor workspace; not full final model-suite importance,mapped,Feature mapped to the canonical AE-FEAT-IMPORT 11-family taxonomy.
AE-FEAT-IMPORT-006R,individual_feature_log_odds_rebuild_20260602_gbm,raw,dynamic_csi,accel_log_emp,118,340,mapped,3,acceleration,computed,143173,0.00035931291894722304,bounded GBM-only predictor workspace; not full final model-suite importance,mapped,Feature mapped to the canonical AE-FEAT-IMPORT 11-family taxonomy.
AE-FEAT-IMPORT-006R,individual_feature_log_odds_rebuild_20260602_gbm,raw,dynamic_csi,roll_mean_3y_log_at,272,341,mapped,10,rolling_window_statistics,computed,143173,0.00035369791935603085,bounded GBM-only predictor workspace; not full final model-suite importance,mapped,Feature mapped to the canonical AE-FEAT-IMPORT 11-family taxonomy.
AE-FEAT-IMPORT-006R,individual_feature_log_odds_rebuild_20260602_gbm,raw,dynamic_csi,roll_max_5y_net_debt_ebitda,383,342,mapped,10,rolling_window_statistics,computed,143173,0.0003508423482659034,bounded GBM-only predictor workspace; not full final model-suite importance,mapped,Feature mapped to the canonical AE-FEAT-IMPORT 11-family taxonomy.
AE-FEAT-IMPORT-006R,individual_feature_log_odds_rebuild_20260602_gbm,raw,dynamic_csi,trough_rise_dd1_ratio,230,343,mapped,7,trough_rise,computed,143173,0.000349731702293222,bounded GBM-only predictor workspace; not full final model-suite importance,mapped,Feature mapped to the canonical AE-FEAT-IMPORT 11-family taxonomy.
AE-FEAT-IMPORT-006R,individual_feature_log_odds_rebuild_20260602_gbm,raw,dynamic_csi,expmean_gross_margin,134,344,mapped,4,expanding_mean,computed,143173,0.00034750163313794675,bounded GBM-only predictor workspace; not full final model-suite importance,mapped,Feature mapped to the canonical AE-FEAT-IMPORT 11-family taxonomy.
AE-FEAT-IMPORT-006R,individual_feature_log_odds_rebuild_20260602_gbm,raw,dynamic_csi,acct_mom_asset_turnover,253,345,mapped,9,accounting_momentum,computed,143173,0.00034459563370633193,bounded GBM-only predictor workspace; not full final model-suite importance,mapped,Feature mapped to the canonical AE-FEAT-IMPORT 11-family taxonomy.
AE-FEAT-IMPORT-006R,individual_feature_log_odds_rebuild_20260602_gbm,raw,dynamic_csi,accel_ocf_per_share,89,346,mapped,3,acceleration,computed,143173,0.000344121198647332,bounded GBM-only predictor workspace; not full final model-suite importance,mapped,Feature mapped to the canonical AE-FEAT-IMPORT 11-family taxonomy.
AE-FEAT-IMPORT-006R,individual_feature_log_odds_rebuild_20260602_gbm,raw,dynamic_csi,roll_max_3y_ebitda_margin,300,347,mapped,10,rolling_window_statistics,computed,143173,0.00034309087432788786,bounded GBM-only predictor workspace; not full final model-suite importance,mapped,Feature mapped to the canonical AE-FEAT-IMPORT 11-family taxonomy.
AE-FEAT-IMPORT-006R,individual_feature_log_odds_rebuild_20260602_gbm,raw,dynamic_csi,roll_autocorr_3y_leverage,337,348,mapped,10,rolling_window_statistics,computed,143173,0.00033269634190038653,bounded GBM-only predictor workspace; not full final model-suite importance,mapped,Feature mapped to the canonical AE-FEAT-IMPORT 11-family taxonomy.
AE-FEAT-IMPORT-006R,individual_feature_log_odds_rebuild_20260602_gbm,raw,dynamic_csi,accel_ebit_roa,93,349,mapped,3,acceleration,computed,143173,0.00033219391773546065,bounded GBM-only predictor workspace; not full final model-suite importance,mapped,Feature mapped to the canonical AE-FEAT-IMPORT 11-family taxonomy.
AE-FEAT-IMPORT-006R,individual_feature_log_odds_rebuild_20260602_gbm,raw,dynamic_csi,roll_sd_3y_gross_margin,314,350,mapped,10,rolling_window_statistics,computed,143173,0.0003288339390679995,bounded GBM-only predictor workspace; not full final model-suite importance,mapped,Feature mapped to the canonical AE-FEAT-IMPORT 11-family taxonomy.
AE-FEAT-IMPORT-006R,individual_feature_log_odds_rebuild_20260602_gbm,raw,dynamic_csi,roll_trend_5y_earn_yld,408,351,mapped,10,rolling_window_statistics,computed,143173,0.0003287014118012444,bounded GBM-only predictor workspace; not full final model-suite importance,mapped,Feature mapped to the canonical AE-FEAT-IMPORT 11-family taxonomy.
AE-FEAT-IMPORT-006R,individual_feature_log_odds_rebuild_20260602_gbm,raw,dynamic_csi,roll_autocorr_5y_earn_yld,423,352,mapped,10,rolling_window_statistics,computed,143173,0.0003273203806680306,bounded GBM-only predictor workspace; not full final model-suite importance,mapped,Feature mapped to the canonical AE-FEAT-IMPORT 11-family taxonomy.
AE-FEAT-IMPORT-006R,individual_feature_log_odds_rebuild_20260602_gbm,raw,dynamic_csi,roll_autocorr_3y_current_ratio,340,353,mapped,10,rolling_window_statistics,computed,143173,0.00032710285391880227,bounded GBM-only predictor workspace; not full final model-suite importance,mapped,Feature mapped to the canonical AE-FEAT-IMPORT 11-family taxonomy.
AE-FEAT-IMPORT-006R,individual_feature_log_odds_rebuild_20260602_gbm,raw,dynamic_csi,accel_rental_ratio,119,354,mapped,3,acceleration,computed,143173,0.0003264407428310647,bounded GBM-only predictor workspace; not full final model-suite importance,mapped,Feature mapped to the canonical AE-FEAT-IMPORT 11-family taxonomy.
AE-FEAT-IMPORT-006R,individual_feature_log_odds_rebuild_20260602_gbm,raw,dynamic_csi,accel_mkt_to_book,110,355,mapped,3,acceleration,computed,143173,0.0003263337709894173,bounded GBM-only predictor workspace; not full final model-suite importance,mapped,Feature mapped to the canonical AE-FEAT-IMPORT 11-family taxonomy.
AE-FEAT-IMPORT-006R,individual_feature_log_odds_rebuild_20260602_gbm,raw,dynamic_csi,accel_altman_z4,123,356,mapped,3,acceleration,computed,143173,0.000321753884406353,bounded GBM-only predictor workspace; not full final model-suite importance,mapped,Feature mapped to the canonical AE-FEAT-IMPORT 11-family taxonomy.
AE-FEAT-IMPORT-006R,individual_feature_log_odds_rebuild_20260602_gbm,raw,dynamic_csi,consec_decline_log_emp,240,357,mapped,8,consecutive_declines,computed,143173,0.0003053280377436612,bounded GBM-only predictor workspace; not full final model-suite importance,mapped,Feature mapped to the canonical AE-FEAT-IMPORT 11-family taxonomy.
AE-FEAT-IMPORT-006R,individual_feature_log_odds_rebuild_20260602_gbm,raw,dynamic_csi,yoy_wcap_ratio,66,358,mapped,2,yoy_changes,computed,143173,0.0003007721050478933,bounded GBM-only predictor workspace; not full final model-suite importance,mapped,Feature mapped to the canonical AE-FEAT-IMPORT 11-family taxonomy.
AE-FEAT-IMPORT-006R,individual_feature_log_odds_rebuild_20260602_gbm,raw,dynamic_csi,expvol_altman_z4,203,359,mapped,5,expanding_volatility,computed,143173,0.0003002013547587592,bounded GBM-only predictor workspace; not full final model-suite importance,mapped,Feature mapped to the canonical AE-FEAT-IMPORT 11-family taxonomy.
AE-FEAT-IMPORT-006R,individual_feature_log_odds_rebuild_20260602_gbm,raw,dynamic_csi,roll_trend_3y_ocf_per_share,319,360,mapped,10,rolling_window_statistics,computed,143173,0.0002982988846996915,bounded GBM-only predictor workspace; not full final model-suite importance,mapped,Feature mapped to the canonical AE-FEAT-IMPORT 11-family taxonomy.
AE-FEAT-IMPORT-006R,individual_feature_log_odds_rebuild_20260602_gbm,raw,dynamic_csi,accel_quick_ratio,104,361,mapped,3,acceleration,computed,143173,0.0002920161583864506,bounded GBM-only predictor workspace; not full final model-suite importance,mapped,Feature mapped to the canonical AE-FEAT-IMPORT 11-family taxonomy.
AE-FEAT-IMPORT-006R,individual_feature_log_odds_rebuild_20260602_gbm,raw,dynamic_csi,roll_sd_3y_accruals_ratio,312,362,mapped,10,rolling_window_statistics,computed,143173,0.00028858719778487044,bounded GBM-only predictor workspace; not full final model-suite importance,mapped,Feature mapped to the canonical AE-FEAT-IMPORT 11-family taxonomy.
AE-FEAT-IMPORT-006R,individual_feature_log_odds_rebuild_20260602_gbm,raw,dynamic_csi,roll_trend_5y_accruals_ratio,417,363,mapped,10,rolling_window_statistics,computed,143173,0.0002880331495161495,bounded GBM-only predictor workspace; not full final model-suite importance,mapped,Feature mapped to the canonical AE-FEAT-IMPORT 11-family taxonomy.
AE-FEAT-IMPORT-006R,individual_feature_log_odds_rebuild_20260602_gbm,raw,dynamic_csi,roll_sd_5y_roic,396,364,mapped,10,rolling_window_statistics,computed,143173,0.0002822396605567819,bounded GBM-only predictor workspace; not full final model-suite importance,mapped,Feature mapped to the canonical AE-FEAT-IMPORT 11-family taxonomy.
AE-FEAT-IMPORT-006R,individual_feature_log_odds_rebuild_20260602_gbm,raw,dynamic_csi,roll_autocorr_5y_net_debt_ebitda,428,365,mapped,10,rolling_window_statistics,computed,143173,0.0002821219762364737,bounded GBM-only predictor workspace; not full final model-suite importance,mapped,Feature mapped to the canonical AE-FEAT-IMPORT 11-family taxonomy.
AE-FEAT-IMPORT-006R,individual_feature_log_odds_rebuild_20260602_gbm,raw,dynamic_csi,roll_sd_3y_roic,306,366,mapped,10,rolling_window_statistics,computed,143173,0.00027711866460724,bounded GBM-only predictor workspace; not full final model-suite importance,mapped,Feature mapped to the canonical AE-FEAT-IMPORT 11-family taxonomy.
AE-FEAT-IMPORT-006R,individual_feature_log_odds_rebuild_20260602_gbm,raw,dynamic_csi,roll_sd_3y_interest_cov,309,367,mapped,10,rolling_window_statistics,computed,143173,0.0002706976226092257,bounded GBM-only predictor workspace; not full final model-suite importance,mapped,Feature mapped to the canonical AE-FEAT-IMPORT 11-family taxonomy.
AE-FEAT-IMPORT-006R,individual_feature_log_odds_rebuild_20260602_gbm,raw,dynamic_csi,consec_decline_gross_margin,237,368,mapped,8,consecutive_declines,computed,143173,0.00026820104497610474,bounded GBM-only predictor workspace; not full final model-suite importance,mapped,Feature mapped to the canonical AE-FEAT-IMPORT 11-family taxonomy.
AE-FEAT-IMPORT-006R,individual_feature_log_odds_rebuild_20260602_gbm,raw,dynamic_csi,yoy_ocf_margin,56,369,mapped,2,yoy_changes,computed,143173,0.0002669572988505687,bounded GBM-only predictor workspace; not full final model-suite importance,mapped,Feature mapped to the canonical AE-FEAT-IMPORT 11-family taxonomy.
AE-FEAT-IMPORT-006R,individual_feature_log_odds_rebuild_20260602_gbm,raw,dynamic_csi,roll_trend_5y_interest_cov,414,370,mapped,10,rolling_window_statistics,computed,143173,0.0002647117173877633,bounded GBM-only predictor workspace; not full final model-suite importance,mapped,Feature mapped to the canonical AE-FEAT-IMPORT 11-family taxonomy.
AE-FEAT-IMPORT-006R,individual_feature_log_odds_rebuild_20260602_gbm,raw,dynamic_csi,consec_decline_interest_cov,238,371,mapped,8,consecutive_declines,computed,143173,0.00025797379065564566,bounded GBM-only predictor workspace; not full final model-suite importance,mapped,Feature mapped to the canonical AE-FEAT-IMPORT 11-family taxonomy.
AE-FEAT-IMPORT-006R,individual_feature_log_odds_rebuild_20260602_gbm,raw,dynamic_csi,roll_mean_3y_gross_margin,269,372,mapped,10,rolling_window_statistics,computed,143173,0.00025326865436186825,bounded GBM-only predictor workspace; not full final model-suite importance,mapped,Feature mapped to the canonical AE-FEAT-IMPORT 11-family taxonomy.
AE-FEAT-IMPORT-006R,individual_feature_log_odds_rebuild_20260602_gbm,raw,dynamic_csi,yoy_rental_ratio,79,373,mapped,2,yoy_changes,computed,143173,0.0002500821277717173,bounded GBM-only predictor workspace; not full final model-suite importance,mapped,Feature mapped to the canonical AE-FEAT-IMPORT 11-family taxonomy.
AE-FEAT-IMPORT-006R,individual_feature_log_odds_rebuild_20260602_gbm,raw,dynamic_csi,roll_trend_3y_roa,320,374,mapped,10,rolling_window_statistics,computed,143173,0.00024942134774316087,bounded GBM-only predictor workspace; not full final model-suite importance,mapped,Feature mapped to the canonical AE-FEAT-IMPORT 11-family taxonomy.
AE-FEAT-IMPORT-006R,individual_feature_log_odds_rebuild_20260602_gbm,raw,dynamic_csi,roll_min_3y_net_debt_ebitda,278,375,mapped,10,rolling_window_statistics,computed,143173,0.0002461473310494657,bounded GBM-only predictor workspace; not full final model-suite importance,mapped,Feature mapped to the canonical AE-FEAT-IMPORT 11-family taxonomy.
AE-FEAT-IMPORT-006R,individual_feature_log_odds_rebuild_20260602_gbm,raw,dynamic_csi,roll_mean_5y_interest_cov,354,376,mapped,10,rolling_window_statistics,computed,143173,0.0002387636834715189,bounded GBM-only predictor workspace; not full final model-suite importance,mapped,Feature mapped to the canonical AE-FEAT-IMPORT 11-family taxonomy.
AE-FEAT-IMPORT-006R,individual_feature_log_odds_rebuild_20260602_gbm,raw,dynamic_csi,accel_altman_z2,122,377,mapped,3,acceleration,computed,143173,0.00023574354375067698,bounded GBM-only predictor workspace; not full final model-suite importance,mapped,Feature mapped to the canonical AE-FEAT-IMPORT 11-family taxonomy.
AE-FEAT-IMPORT-006R,individual_feature_log_odds_rebuild_20260602_gbm,raw,dynamic_csi,roll_sd_5y_ocf_per_share,394,378,mapped,10,rolling_window_statistics,computed,143173,0.0002351960811179643,bounded GBM-only predictor workspace; not full final model-suite importance,mapped,Feature mapped to the canonical AE-FEAT-IMPORT 11-family taxonomy.
AE-FEAT-IMPORT-006R,individual_feature_log_odds_rebuild_20260602_gbm,raw,dynamic_csi,roll_sd_3y_current_ratio,310,379,mapped,10,rolling_window_statistics,computed,143173,0.00023409532851976594,bounded GBM-only predictor workspace; not full final model-suite importance,mapped,Feature mapped to the canonical AE-FEAT-IMPORT 11-family taxonomy.
AE-FEAT-IMPORT-006R,individual_feature_log_odds_rebuild_20260602_gbm,raw,dynamic_csi,yoy_altman_z2,82,380,mapped,2,yoy_changes,computed,143173,0.00022237846281682029,bounded GBM-only predictor workspace; not full final model-suite importance,mapped,Feature mapped to the canonical AE-FEAT-IMPORT 11-family taxonomy.
AE-FEAT-IMPORT-006R,individual_feature_log_odds_rebuild_20260602_gbm,raw,dynamic_csi,expmean_bp_ratio,147,381,mapped,4,expanding_mean,computed,143173,0.00021964812684816437,bounded GBM-only predictor workspace; not full final model-suite importance,mapped,Feature mapped to the canonical AE-FEAT-IMPORT 11-family taxonomy.
AE-FEAT-IMPORT-006R,individual_feature_log_odds_rebuild_20260602_gbm,raw,dynamic_csi,roll_max_3y_current_ratio,295,382,mapped,10,rolling_window_statistics,computed,143173,0.00021923626788684767,bounded GBM-only predictor workspace; not full final model-suite importance,mapped,Feature mapped to the canonical AE-FEAT-IMPORT 11-family taxonomy.
AE-FEAT-IMPORT-006R,individual_feature_log_odds_rebuild_20260602_gbm,raw,dynamic_csi,consec_decline_earn_yld,233,383,mapped,8,consecutive_declines,computed,143173,0.00021396676403634895,bounded GBM-only predictor workspace; not full final model-suite importance,mapped,Feature mapped to the canonical AE-FEAT-IMPORT 11-family taxonomy.
AE-FEAT-IMPORT-006R,individual_feature_log_odds_rebuild_20260602_gbm,raw,dynamic_csi,yoy_interest_cov,61,384,mapped,2,yoy_changes,computed,143173,0.00021274193571045285,bounded GBM-only predictor workspace; not full final model-suite importance,mapped,Feature mapped to the canonical AE-FEAT-IMPORT 11-family taxonomy.
AE-FEAT-IMPORT-006R,individual_feature_log_odds_rebuild_20260602_gbm,raw,dynamic_csi,roll_max_3y_cash_pct_act,296,385,mapped,10,rolling_window_statistics,computed,143173,0.00021258430164351497,bounded GBM-only predictor workspace; not full final model-suite importance,mapped,Feature mapped to the canonical AE-FEAT-IMPORT 11-family taxonomy.
AE-FEAT-IMPORT-006R,individual_feature_log_odds_rebuild_20260602_gbm,raw,dynamic_csi,expvol_roic,172,386,mapped,5,expanding_volatility,computed,143173,0.00020696407784302163,bounded GBM-only predictor workspace; not full final model-suite importance,mapped,Feature mapped to the canonical AE-FEAT-IMPORT 11-family taxonomy.
AE-FEAT-IMPORT-006R,individual_feature_log_odds_rebuild_20260602_gbm,raw,dynamic_csi,roll_trend_3y_cash_pct_act,326,387,mapped,10,rolling_window_statistics,computed,143173,0.0001934112827812279,bounded GBM-only predictor workspace; not full final model-suite importance,mapped,Feature mapped to the canonical AE-FEAT-IMPORT 11-family taxonomy.
AE-FEAT-IMPORT-006R,individual_feature_log_odds_rebuild_20260602_gbm,raw,dynamic_csi,expvol_ni_per_emp,201,388,mapped,5,expanding_volatility,computed,143173,0.00018815023938255378,bounded GBM-only predictor workspace; not full final model-suite importance,mapped,Feature mapped to the canonical AE-FEAT-IMPORT 11-family taxonomy.
AE-FEAT-IMPORT-006R,individual_feature_log_odds_rebuild_20260602_gbm,raw,dynamic_csi,roll_autocorr_3y_net_debt_ebitda,338,389,mapped,10,rolling_window_statistics,computed,143173,0.00018716587961504607,bounded GBM-only predictor workspace; not full final model-suite importance,mapped,Feature mapped to the canonical AE-FEAT-IMPORT 11-family taxonomy.
AE-FEAT-IMPORT-006R,individual_feature_log_odds_rebuild_20260602_gbm,raw,dynamic_csi,accel_ev_to_sales,108,390,mapped,3,acceleration,computed,143173,0.00017987499699741814,bounded GBM-only predictor workspace; not full final model-suite importance,mapped,Feature mapped to the canonical AE-FEAT-IMPORT 11-family taxonomy.
AE-FEAT-IMPORT-006R,individual_feature_log_odds_rebuild_20260602_gbm,raw,dynamic_csi,consec_decline_roa,235,391,mapped,8,consecutive_declines,computed,143173,0.00017844370652364452,bounded GBM-only predictor workspace; not full final model-suite importance,mapped,Feature mapped to the canonical AE-FEAT-IMPORT 11-family taxonomy.
AE-FEAT-IMPORT-006R,individual_feature_log_odds_rebuild_20260602_gbm,raw,dynamic_csi,expmean_mkt_to_book,150,392,mapped,4,expanding_mean,computed,143173,0.00017837473917959643,bounded GBM-only predictor workspace; not full final model-suite importance,mapped,Feature mapped to the canonical AE-FEAT-IMPORT 11-family taxonomy.
AE-FEAT-IMPORT-006R,individual_feature_log_odds_rebuild_20260602_gbm,raw,dynamic_csi,roll_autocorr_5y_cash_pct_act,431,393,mapped,10,rolling_window_statistics,computed,143173,0.0001775521269158541,bounded GBM-only predictor workspace; not full final model-suite importance,mapped,Feature mapped to the canonical AE-FEAT-IMPORT 11-family taxonomy.
AE-FEAT-IMPORT-006R,individual_feature_log_odds_rebuild_20260602_gbm,raw,dynamic_csi,accel_reinvest_rate,115,394,mapped,3,acceleration,computed,143173,0.0001742331364365172,bounded GBM-only predictor workspace; not full final model-suite importance,mapped,Feature mapped to the canonical AE-FEAT-IMPORT 11-family taxonomy.
AE-FEAT-IMPORT-006R,individual_feature_log_odds_rebuild_20260602_gbm,raw,dynamic_csi,acct_mom_accruals_ratio,252,395,mapped,9,accounting_momentum,computed,143173,0.00017210554227746784,bounded GBM-only predictor workspace; not full final model-suite importance,mapped,Feature mapped to the canonical AE-FEAT-IMPORT 11-family taxonomy.
AE-FEAT-IMPORT-006R,individual_feature_log_odds_rebuild_20260602_gbm,raw,dynamic_csi,expmean_capex_intensity,153,396,mapped,4,expanding_mean,computed,143173,0.00017042307328415688,bounded GBM-only predictor workspace; not full final model-suite importance,mapped,Feature mapped to the canonical AE-FEAT-IMPORT 11-family taxonomy.
AE-FEAT-IMPORT-006R,individual_feature_log_odds_rebuild_20260602_gbm,raw,dynamic_csi,expmean_ev_to_sales,148,397,mapped,4,expanding_mean,computed,143173,0.00016983951785957466,bounded GBM-only predictor workspace; not full final model-suite importance,mapped,Feature mapped to the canonical AE-FEAT-IMPORT 11-family taxonomy.
AE-FEAT-IMPORT-006R,individual_feature_log_odds_rebuild_20260602_gbm,raw,dynamic_csi,expvol_interest_cov,181,398,mapped,5,expanding_volatility,computed,143173,0.00016864609011258335,bounded GBM-only predictor workspace; not full final model-suite importance,mapped,Feature mapped to the canonical AE-FEAT-IMPORT 11-family taxonomy.
AE-FEAT-IMPORT-006R,individual_feature_log_odds_rebuild_20260602_gbm,raw,dynamic_csi,roll_max_5y_current_ratio,385,399,mapped,10,rolling_window_statistics,computed,143173,0.00015817822799155042,bounded GBM-only predictor workspace; not full final model-suite importance,mapped,Feature mapped to the canonical AE-FEAT-IMPORT 11-family taxonomy.
AE-FEAT-IMPORT-006R,individual_feature_log_odds_rebuild_20260602_gbm,raw,dynamic_csi,expvol_rental_ratio,199,400,mapped,5,expanding_volatility,computed,143173,0.0001552548028031996,bounded GBM-only predictor workspace; not full final model-suite importance,mapped,Feature mapped to the canonical AE-FEAT-IMPORT 11-family taxonomy.
AE-FEAT-IMPORT-006R,individual_feature_log_odds_rebuild_20260602_gbm,raw,dynamic_csi,assets_per_emp,40,401,mapped,1,point_in_time_ratios,computed,143173,0.00015453987619657944,bounded GBM-only predictor workspace; not full final model-suite importance,mapped,Feature mapped to the canonical AE-FEAT-IMPORT 11-family taxonomy.
AE-FEAT-IMPORT-006R,individual_feature_log_odds_rebuild_20260602_gbm,raw,dynamic_csi,accel_capex_intensity,113,402,mapped,3,acceleration,computed,143173,0.0001542438106743833,bounded GBM-only predictor workspace; not full final model-suite importance,mapped,Feature mapped to the canonical AE-FEAT-IMPORT 11-family taxonomy.
AE-FEAT-IMPORT-006R,individual_feature_log_odds_rebuild_20260602_gbm,raw,dynamic_csi,acct_mom_net_debt_ebitda,248,403,mapped,9,accounting_momentum,computed,143173,0.00015408750407443155,bounded GBM-only predictor workspace; not full final model-suite importance,mapped,Feature mapped to the canonical AE-FEAT-IMPORT 11-family taxonomy.
AE-FEAT-IMPORT-006R,individual_feature_log_odds_rebuild_20260602_gbm,raw,dynamic_csi,expvol_accruals_ratio,191,404,mapped,5,expanding_volatility,computed,143173,0.00015279900109899745,bounded GBM-only predictor workspace; not full final model-suite importance,mapped,Feature mapped to the canonical AE-FEAT-IMPORT 11-family taxonomy.
AE-FEAT-IMPORT-006R,individual_feature_log_odds_rebuild_20260602_gbm,raw,dynamic_csi,accel_bp_ratio,107,405,mapped,3,acceleration,computed,143173,0.00013783523655991686,bounded GBM-only predictor workspace; not full final model-suite importance,mapped,Feature mapped to the canonical AE-FEAT-IMPORT 11-family taxonomy.
AE-FEAT-IMPORT-006R,individual_feature_log_odds_rebuild_20260602_gbm,raw,dynamic_csi,roll_sd_5y_current_ratio,400,406,mapped,10,rolling_window_statistics,computed,143173,0.00013780385608742606,bounded GBM-only predictor workspace; not full final model-suite importance,mapped,Feature mapped to the canonical AE-FEAT-IMPORT 11-family taxonomy.
AE-FEAT-IMPORT-006R,individual_feature_log_odds_rebuild_20260602_gbm,raw,dynamic_csi,roll_trend_3y_ebitda_margin,330,407,mapped,10,rolling_window_statistics,computed,143173,0.00013731506844589212,bounded GBM-only predictor workspace; not full final model-suite importance,mapped,Feature mapped to the canonical AE-FEAT-IMPORT 11-family taxonomy.
AE-FEAT-IMPORT-006R,individual_feature_log_odds_rebuild_20260602_gbm,raw,dynamic_csi,expvol_assets_per_emp,200,408,mapped,5,expanding_volatility,computed,143173,0.00013504506774655148,bounded GBM-only predictor workspace; not full final model-suite importance,mapped,Feature mapped to the canonical AE-FEAT-IMPORT 11-family taxonomy.
AE-FEAT-IMPORT-006R,individual_feature_log_odds_rebuild_20260602_gbm,raw,dynamic_csi,yoy_dd1_ratio,62,409,mapped,2,yoy_changes,computed,143173,0.00012608074933910334,bounded GBM-only predictor workspace; not full final model-suite importance,mapped,Feature mapped to the canonical AE-FEAT-IMPORT 11-family taxonomy.
AE-FEAT-IMPORT-006R,individual_feature_log_odds_rebuild_20260602_gbm,raw,dynamic_csi,roll_sd_3y_asset_turnover,313,410,mapped,10,rolling_window_statistics,computed,143173,0.0001260409137702119,bounded GBM-only predictor workspace; not full final model-suite importance,mapped,Feature mapped to the canonical AE-FEAT-IMPORT 11-family taxonomy.
AE-FEAT-IMPORT-006R,individual_feature_log_odds_rebuild_20260602_gbm,raw,dynamic_csi,expvol_bp_ratio,187,411,mapped,5,expanding_volatility,computed,143173,0.00012491569860061517,bounded GBM-only predictor workspace; not full final model-suite importance,mapped,Feature mapped to the canonical AE-FEAT-IMPORT 11-family taxonomy.
AE-FEAT-IMPORT-006R,individual_feature_log_odds_rebuild_20260602_gbm,raw,dynamic_csi,roll_sd_3y_cash_pct_act,311,412,mapped,10,rolling_window_statistics,computed,143173,0.00011928952216977852,bounded GBM-only predictor workspace; not full final model-suite importance,mapped,Feature mapped to the canonical AE-FEAT-IMPORT 11-family taxonomy.
AE-FEAT-IMPORT-006R,individual_feature_log_odds_rebuild_20260602_gbm,raw,dynamic_csi,yoy_asset_turnover,72,413,mapped,2,yoy_changes,computed,143173,0.00011775684118533547,bounded GBM-only predictor workspace; not full final model-suite importance,mapped,Feature mapped to the canonical AE-FEAT-IMPORT 11-family taxonomy.
AE-FEAT-IMPORT-006R,individual_feature_log_odds_rebuild_20260602_gbm,raw,dynamic_csi,roll_sd_5y_asset_turnover,403,414,mapped,10,rolling_window_statistics,computed,143173,0.0001119798522010467,bounded GBM-only predictor workspace; not full final model-suite importance,mapped,Feature mapped to the canonical AE-FEAT-IMPORT 11-family taxonomy.
AE-FEAT-IMPORT-006R,individual_feature_log_odds_rebuild_20260602_gbm,raw,dynamic_csi,acct_mom_interest_cov,249,415,mapped,9,accounting_momentum,computed,143173,0.00010814385185568474,bounded GBM-only predictor workspace; not full final model-suite importance,mapped,Feature mapped to the canonical AE-FEAT-IMPORT 11-family taxonomy.
AE-FEAT-IMPORT-006R,individual_feature_log_odds_rebuild_20260602_gbm,raw,dynamic_csi,roll_autocorr_3y_ebitda_margin,345,416,mapped,10,rolling_window_statistics,computed,143173,0.00010778993604090668,bounded GBM-only predictor workspace; not full final model-suite importance,mapped,Feature mapped to the canonical AE-FEAT-IMPORT 11-family taxonomy.
AE-FEAT-IMPORT-006R,individual_feature_log_odds_rebuild_20260602_gbm,raw,dynamic_csi,expvol_log_mkvalt,197,417,mapped,5,expanding_volatility,computed,143173,0.00010242395688469682,bounded GBM-only predictor workspace; not full final model-suite importance,mapped,Feature mapped to the canonical AE-FEAT-IMPORT 11-family taxonomy.
AE-FEAT-IMPORT-006R,individual_feature_log_odds_rebuild_20260602_gbm,raw,dynamic_csi,peak_drop_quick_ratio,218,418,mapped,6,peak_deterioration,computed,143173,9.585864488624436e-05,bounded GBM-only predictor workspace; not full final model-suite importance,mapped,Feature mapped to the canonical AE-FEAT-IMPORT 11-family taxonomy.
AE-FEAT-IMPORT-006R,individual_feature_log_odds_rebuild_20260602_gbm,raw,dynamic_csi,rental_ratio,39,419,mapped,1,point_in_time_ratios,computed,143173,9.552840892779852e-05,bounded GBM-only predictor workspace; not full final model-suite importance,mapped,Feature mapped to the canonical AE-FEAT-IMPORT 11-family taxonomy.
AE-FEAT-IMPORT-006R,individual_feature_log_odds_rebuild_20260602_gbm,raw,dynamic_csi,roll_autocorr_3y_roa,335,420,mapped,10,rolling_window_statistics,computed,143173,9.467680846624809e-05,bounded GBM-only predictor workspace; not full final model-suite importance,mapped,Feature mapped to the canonical AE-FEAT-IMPORT 11-family taxonomy.
AE-FEAT-IMPORT-006R,individual_feature_log_odds_rebuild_20260602_gbm,raw,dynamic_csi,roll_mean_3y_cash_pct_act,266,421,mapped,10,rolling_window_statistics,computed,143173,9.428482928865251e-05,bounded GBM-only predictor workspace; not full final model-suite importance,mapped,Feature mapped to the canonical AE-FEAT-IMPORT 11-family taxonomy.
AE-FEAT-IMPORT-006R,individual_feature_log_odds_rebuild_20260602_gbm,raw,dynamic_csi,accel_std_debt_pct,99,422,mapped,3,acceleration,computed,143173,9.398827079132698e-05,bounded GBM-only predictor workspace; not full final model-suite importance,mapped,Feature mapped to the canonical AE-FEAT-IMPORT 11-family taxonomy.
AE-FEAT-IMPORT-006R,individual_feature_log_odds_rebuild_20260602_gbm,raw,dynamic_csi,expvol_div_yield,189,423,mapped,5,expanding_volatility,computed,143173,8.920965958756984e-05,bounded GBM-only predictor workspace; not full final model-suite importance,mapped,Feature mapped to the canonical AE-FEAT-IMPORT 11-family taxonomy.
AE-FEAT-IMPORT-006R,individual_feature_log_odds_rebuild_20260602_gbm,raw,dynamic_csi,accel_log_at,116,424,mapped,3,acceleration,computed,143173,8.417689168778616e-05,bounded GBM-only predictor workspace; not full final model-suite importance,mapped,Feature mapped to the canonical AE-FEAT-IMPORT 11-family taxonomy.
AE-FEAT-IMPORT-006R,individual_feature_log_odds_rebuild_20260602_gbm,raw,dynamic_csi,expvol_ocf_margin,176,425,mapped,5,expanding_volatility,computed,143173,8.086638869574963e-05,bounded GBM-only predictor workspace; not full final model-suite importance,mapped,Feature mapped to the canonical AE-FEAT-IMPORT 11-family taxonomy.
AE-FEAT-IMPORT-006R,individual_feature_log_odds_rebuild_20260602_gbm,raw,dynamic_csi,roll_trend_3y_interest_cov,324,426,mapped,10,rolling_window_statistics,computed,143173,8.002346883272009e-05,bounded GBM-only predictor workspace; not full final model-suite importance,mapped,Feature mapped to the canonical AE-FEAT-IMPORT 11-family taxonomy.
AE-FEAT-IMPORT-006R,individual_feature_log_odds_rebuild_20260602_gbm,raw,dynamic_csi,interact_nde_hyspr,448,427,mapped,11,price_momentum_volatility_and_macro_interactions,computed,143173,7.846421199137846e-05,bounded GBM-only predictor workspace; not full final model-suite importance,mapped,Feature mapped to the canonical AE-FEAT-IMPORT 11-family taxonomy.
AE-FEAT-IMPORT-006R,individual_feature_log_odds_rebuild_20260602_gbm,raw,dynamic_csi,consec_decline_ocf_per_share,234,428,mapped,8,consecutive_declines,computed,143173,6.590136367777614e-05,bounded GBM-only predictor workspace; not full final model-suite importance,mapped,Feature mapped to the canonical AE-FEAT-IMPORT 11-family taxonomy.
AE-FEAT-IMPORT-006R,individual_feature_log_odds_rebuild_20260602_gbm,raw,dynamic_csi,roll_autocorr_5y_ocf_per_share,424,429,mapped,10,rolling_window_statistics,computed,143173,5.989867827832505e-05,bounded GBM-only predictor workspace; not full final model-suite importance,mapped,Feature mapped to the canonical AE-FEAT-IMPORT 11-family taxonomy.
AE-FEAT-IMPORT-006R,individual_feature_log_odds_rebuild_20260602_gbm,raw,dynamic_csi,accel_accruals_ratio,111,430,mapped,3,acceleration,computed,143173,5.77376769742192e-05,bounded GBM-only predictor workspace; not full final model-suite importance,mapped,Feature mapped to the canonical AE-FEAT-IMPORT 11-family taxonomy.
AE-FEAT-IMPORT-006R,individual_feature_log_odds_rebuild_20260602_gbm,raw,dynamic_csi,roll_autocorr_3y_interest_cov,339,431,mapped,10,rolling_window_statistics,computed,143173,5.018590483668951e-05,bounded GBM-only predictor workspace; not full final model-suite importance,mapped,Feature mapped to the canonical AE-FEAT-IMPORT 11-family taxonomy.
AE-FEAT-IMPORT-006R,individual_feature_log_odds_rebuild_20260602_gbm,raw,dynamic_csi,consec_decline_roic,236,432,mapped,8,consecutive_declines,computed,143173,4.832804929687257e-05,bounded GBM-only predictor workspace; not full final model-suite importance,mapped,Feature mapped to the canonical AE-FEAT-IMPORT 11-family taxonomy.
AE-FEAT-IMPORT-006R,individual_feature_log_odds_rebuild_20260602_gbm,raw,dynamic_csi,roll_min_5y_accruals_ratio,372,433,mapped,10,rolling_window_statistics,computed,143173,3.0364812930153226e-05,bounded GBM-only predictor workspace; not full final model-suite importance,mapped,Feature mapped to the canonical AE-FEAT-IMPORT 11-family taxonomy.
AE-FEAT-IMPORT-006R,individual_feature_log_odds_rebuild_20260602_gbm,raw,dynamic_csi,roll_max_3y_net_debt_ebitda,293,434,mapped,10,rolling_window_statistics,computed,143173,2.862667226612095e-05,bounded GBM-only predictor workspace; not full final model-suite importance,mapped,Feature mapped to the canonical AE-FEAT-IMPORT 11-family taxonomy.
AE-FEAT-IMPORT-006R,individual_feature_log_odds_rebuild_20260602_gbm,raw,dynamic_csi,yoy_accruals_ratio,71,435,mapped,2,yoy_changes,computed,143173,2.049824142117737e-05,bounded GBM-only predictor workspace; not full final model-suite importance,mapped,Feature mapped to the canonical AE-FEAT-IMPORT 11-family taxonomy.
AE-FEAT-IMPORT-006R,individual_feature_log_odds_rebuild_20260602_gbm,raw,dynamic_csi,expmean_rental_ratio,159,436,mapped,4,expanding_mean,computed,143173,1.9243803935423683e-05,bounded GBM-only predictor workspace; not full final model-suite importance,mapped,Feature mapped to the canonical AE-FEAT-IMPORT 11-family taxonomy.
AE-FEAT-IMPORT-006R,individual_feature_log_odds_rebuild_20260602_gbm,raw,dynamic_csi,peak_drop_asset_turnover,222,437,mapped,6,peak_deterioration,computed,143173,1.8497368904992043e-05,bounded GBM-only predictor workspace; not full final model-suite importance,mapped,Feature mapped to the canonical AE-FEAT-IMPORT 11-family taxonomy.
AE-FEAT-IMPORT-006R,individual_feature_log_odds_rebuild_20260602_gbm,raw,dynamic_csi,expvol_mkt_to_book,190,438,mapped,5,expanding_volatility,computed,143173,1.7499215480356326e-05,bounded GBM-only predictor workspace; not full final model-suite importance,mapped,Feature mapped to the canonical AE-FEAT-IMPORT 11-family taxonomy.
AE-FEAT-IMPORT-006R,individual_feature_log_odds_rebuild_20260602_gbm,raw,dynamic_csi,roll_autocorr_5y_roa,425,439,mapped,10,rolling_window_statistics,computed,143173,7.980481230179593e-06,bounded GBM-only predictor workspace; not full final model-suite importance,mapped,Feature mapped to the canonical AE-FEAT-IMPORT 11-family taxonomy.
AE-FEAT-IMPORT-006R,individual_feature_log_odds_rebuild_20260602_gbm,raw,dynamic_csi,accel_net_debt_ebitda,98,440,mapped,3,acceleration,computed,143173,7.076857534640229e-06,bounded GBM-only predictor workspace; not full final model-suite importance,mapped,Feature mapped to the canonical AE-FEAT-IMPORT 11-family taxonomy.
AE-FEAT-IMPORT-006R,individual_feature_log_odds_rebuild_20260602_gbm,raw,dynamic_csi,roll_mean_5y_log_at,362,441,mapped,10,rolling_window_statistics,computed,143173,6.77970271165273e-06,bounded GBM-only predictor workspace; not full final model-suite importance,mapped,Feature mapped to the canonical AE-FEAT-IMPORT 11-family taxonomy.
AE-FEAT-IMPORT-006R,individual_feature_log_odds_rebuild_20260602_gbm,raw,dynamic_csi,yoy_roa,50,442,mapped,2,yoy_changes,computed,143173,5.778257803371369e-06,bounded GBM-only predictor workspace; not full final model-suite importance,mapped,Feature mapped to the canonical AE-FEAT-IMPORT 11-family taxonomy.
AE-FEAT-IMPORT-006R,individual_feature_log_odds_rebuild_20260602_gbm,raw,dynamic_csi,accel_ni_per_emp,121,443,mapped,3,acceleration,computed,143173,2.1003968445079384e-06,bounded GBM-only predictor workspace; not full final model-suite importance,mapped,Feature mapped to the canonical AE-FEAT-IMPORT 11-family taxonomy.
AE-FEAT-IMPORT-006R,individual_feature_log_odds_rebuild_20260602_gbm,raw,dynamic_csi,div_yield,28,444,mapped,1,point_in_time_ratios,computed,143173,0.0,bounded GBM-only predictor workspace; not full final model-suite importance,mapped,Feature mapped to the canonical AE-FEAT-IMPORT 11-family taxonomy.
AE-FEAT-IMPORT-006R,individual_feature_log_odds_rebuild_20260602_gbm,raw,dynamic_csi,min_int_tcap,42,445,mapped,1,point_in_time_ratios,computed,143173,0.0,bounded GBM-only predictor workspace; not full final model-suite importance,mapped,Feature mapped to the canonical AE-FEAT-IMPORT 11-family taxonomy.
AE-FEAT-IMPORT-006R,individual_feature_log_odds_rebuild_20260602_gbm,raw,dynamic_csi,accel_roa,90,446,mapped,3,acceleration,computed,143173,0.0,bounded GBM-only predictor workspace; not full final model-suite importance,mapped,Feature mapped to the canonical AE-FEAT-IMPORT 11-family taxonomy.
AE-FEAT-IMPORT-006R,individual_feature_log_odds_rebuild_20260602_gbm,raw,dynamic_csi,accel_roe,91,447,mapped,3,acceleration,computed,143173,0.0,bounded GBM-only predictor workspace; not full final model-suite importance,mapped,Feature mapped to the canonical AE-FEAT-IMPORT 11-family taxonomy.
AE-FEAT-IMPORT-006R,individual_feature_log_odds_rebuild_20260602_gbm,raw,dynamic_csi,accel_div_yield,109,448,mapped,3,acceleration,computed,143173,0.0,bounded GBM-only predictor workspace; not full final model-suite importance,mapped,Feature mapped to the canonical AE-FEAT-IMPORT 11-family taxonomy.
AE-FEAT-IMPORT-006R,individual_feature_log_odds_rebuild_20260602_gbm,raw,dynamic_csi,expmean_div_yield,149,449,mapped,4,expanding_mean,computed,143173,0.0,bounded GBM-only predictor workspace; not full final model-suite importance,mapped,Feature mapped to the canonical AE-FEAT-IMPORT 11-family taxonomy.
AE-FEAT-IMPORT-006R,individual_feature_log_odds_rebuild_20260602_gbm,raw,dynamic_csi,expmean_log_mkvalt,157,450,mapped,4,expanding_mean,computed,143173,0.0,bounded GBM-only predictor workspace; not full final model-suite importance,mapped,Feature mapped to the canonical AE-FEAT-IMPORT 11-family taxonomy.
AE-FEAT-IMPORT-006R,individual_feature_log_odds_rebuild_20260602_gbm,raw,dynamic_csi,expvol_ebitda_margin,175,451,mapped,5,expanding_volatility,computed,143173,0.0,bounded GBM-only predictor workspace; not full final model-suite importance,mapped,Feature mapped to the canonical AE-FEAT-IMPORT 11-family taxonomy.
AE-FEAT-IMPORT-006R,individual_feature_log_odds_rebuild_20260602_gbm,raw,dynamic_csi,expvol_current_ratio,183,452,mapped,5,expanding_volatility,computed,143173,0.0,bounded GBM-only predictor workspace; not full final model-suite importance,mapped,Feature mapped to the canonical AE-FEAT-IMPORT 11-family taxonomy.
AE-FEAT-IMPORT-006R,individual_feature_log_odds_rebuild_20260602_gbm,raw,dynamic_csi,expvol_quick_ratio,184,453,mapped,5,expanding_volatility,computed,143173,0.0,bounded GBM-only predictor workspace; not full final model-suite importance,mapped,Feature mapped to the canonical AE-FEAT-IMPORT 11-family taxonomy.
AE-FEAT-IMPORT-006R,individual_feature_log_odds_rebuild_20260602_gbm,raw,dynamic_csi,expvol_ev_to_sales,188,454,mapped,5,expanding_volatility,computed,143173,0.0,bounded GBM-only predictor workspace; not full final model-suite importance,mapped,Feature mapped to the canonical AE-FEAT-IMPORT 11-family taxonomy.
AE-FEAT-IMPORT-006R,individual_feature_log_odds_rebuild_20260602_gbm,raw,dynamic_csi,expvol_invest_st_ratio,205,455,mapped,5,expanding_volatility,computed,143173,0.0,bounded GBM-only predictor workspace; not full final model-suite importance,mapped,Feature mapped to the canonical AE-FEAT-IMPORT 11-family taxonomy.
AE-FEAT-IMPORT-006R,individual_feature_log_odds_rebuild_20260602_gbm,raw,dynamic_csi,consec_decline_current_ratio,241,456,mapped,8,consecutive_declines,computed,143173,0.0,bounded GBM-only predictor workspace; not full final model-suite importance,mapped,Feature mapped to the canonical AE-FEAT-IMPORT 11-family taxonomy.
AE-FEAT-IMPORT-006R,individual_feature_log_odds_rebuild_20260602_gbm,raw,dynamic_csi,consec_decline_wcap_ratio,242,457,mapped,8,consecutive_declines,computed,143173,0.0,bounded GBM-only predictor workspace; not full final model-suite importance,mapped,Feature mapped to the canonical AE-FEAT-IMPORT 11-family taxonomy.
AE-FEAT-IMPORT-006R,individual_feature_log_odds_rebuild_20260602_gbm,raw,dynamic_csi,acct_mom_cash_pct_act,251,458,mapped,9,accounting_momentum,computed,143173,0.0,bounded GBM-only predictor workspace; not full final model-suite importance,mapped,Feature mapped to the canonical AE-FEAT-IMPORT 11-family taxonomy.
AE-FEAT-IMPORT-006R,individual_feature_log_odds_rebuild_20260602_gbm,raw,dynamic_csi,roll_mean_3y_current_ratio,265,459,mapped,10,rolling_window_statistics,computed,143173,0.0,bounded GBM-only predictor workspace; not full final model-suite importance,mapped,Feature mapped to the canonical AE-FEAT-IMPORT 11-family taxonomy.
AE-FEAT-IMPORT-006R,individual_feature_log_odds_rebuild_20260602_gbm,raw,dynamic_csi,roll_autocorr_5y_interest_cov,429,460,mapped,10,rolling_window_statistics,computed,143173,0.0,bounded GBM-only predictor workspace; not full final model-suite importance,mapped,Feature mapped to the canonical AE-FEAT-IMPORT 11-family taxonomy.
AE-FEAT-IMPORT-006R,individual_feature_log_odds_rebuild_20260602_gbm,raw_plus_latent,dynamic_csi,max_dd_12m,443,1,mapped,11,price_momentum_volatility_and_macro_interactions,computed,143173,0.15703383595938333,bounded GBM-only predictor workspace; not full final model-suite importance,mapped,Feature mapped to the canonical AE-FEAT-IMPORT 11-family taxonomy.
AE-FEAT-IMPORT-006R,individual_feature_log_odds_rebuild_20260602_gbm,raw_plus_latent,dynamic_csi,unrate,455,2,mapped,1,point_in_time_ratios,computed,143173,0.04559396739373817,bounded GBM-only predictor workspace; not full final model-suite importance,mapped,Feature mapped to the canonical AE-FEAT-IMPORT 11-family taxonomy.
AE-FEAT-IMPORT-006R,individual_feature_log_odds_rebuild_20260602_gbm,raw_plus_latent,dynamic_csi,roll_mean_3y_earn_yld,259,3,mapped,10,rolling_window_statistics,computed,143173,0.04531134036354927,bounded GBM-only predictor workspace; not full final model-suite importance,mapped,Feature mapped to the canonical AE-FEAT-IMPORT 11-family taxonomy.
AE-FEAT-IMPORT-006R,individual_feature_log_odds_rebuild_20260602_gbm,raw_plus_latent,dynamic_csi,earn_yld,8,4,mapped,1,point_in_time_ratios,computed,143173,0.03633466530901925,bounded GBM-only predictor workspace; not full final model-suite importance,mapped,Feature mapped to the canonical AE-FEAT-IMPORT 11-family taxonomy.
AE-FEAT-IMPORT-006R,individual_feature_log_odds_rebuild_20260602_gbm,raw_plus_latent,dynamic_csi,roa,10,5,mapped,1,point_in_time_ratios,computed,143173,0.03583238619244052,bounded GBM-only predictor workspace; not full final model-suite importance,mapped,Feature mapped to the canonical AE-FEAT-IMPORT 11-family taxonomy.
AE-FEAT-IMPORT-006R,individual_feature_log_odds_rebuild_20260602_gbm,raw_plus_latent,dynamic_csi,roll_mean_5y_earn_yld,349,6,mapped,10,rolling_window_statistics,computed,143173,0.029655713064110273,bounded GBM-only predictor workspace; not full final model-suite importance,mapped,Feature mapped to the canonical AE-FEAT-IMPORT 11-family taxonomy.
AE-FEAT-IMPORT-006R,individual_feature_log_odds_rebuild_20260602_gbm,raw_plus_latent,dynamic_csi,roll_min_3y_earn_yld,274,7,mapped,10,rolling_window_statistics,computed,143173,0.02340775128464325,bounded GBM-only predictor workspace; not full final model-suite importance,mapped,Feature mapped to the canonical AE-FEAT-IMPORT 11-family taxonomy.
AE-FEAT-IMPORT-006R,individual_feature_log_odds_rebuild_20260602_gbm,raw_plus_latent,dynamic_csi,term_spread,453,8,mapped,1,point_in_time_ratios,computed,143173,0.02340267182950712,bounded GBM-only predictor workspace; not full final model-suite importance,mapped,Feature mapped to the canonical AE-FEAT-IMPORT 11-family taxonomy.
AE-FEAT-IMPORT-006R,individual_feature_log_odds_rebuild_20260602_gbm,raw_plus_latent,dynamic_csi,interact_roa_gdp,450,9,mapped,11,price_momentum_volatility_and_macro_interactions,computed,143173,0.02332004510311123,bounded GBM-only predictor workspace; not full final model-suite importance,mapped,Feature mapped to the canonical AE-FEAT-IMPORT 11-family taxonomy.
AE-FEAT-IMPORT-006R,individual_feature_log_odds_rebuild_20260602_gbm,raw_plus_latent,dynamic_csi,roll_mean_3y_roa,261,10,mapped,10,rolling_window_statistics,computed,143173,0.020745163831278318,bounded GBM-only predictor workspace; not full final model-suite importance,mapped,Feature mapped to the canonical AE-FEAT-IMPORT 11-family taxonomy.
AE-FEAT-IMPORT-006R,individual_feature_log_odds_rebuild_20260602_gbm,raw_plus_latent,dynamic_csi,roll_min_3y_roic,277,11,mapped,10,rolling_window_statistics,computed,143173,0.01842315589829455,bounded GBM-only predictor workspace; not full final model-suite importance,mapped,Feature mapped to the canonical AE-FEAT-IMPORT 11-family taxonomy.
AE-FEAT-IMPORT-006R,individual_feature_log_odds_rebuild_20260602_gbm,raw_plus_latent,dynamic_csi,log_return,6,12,mapped,11,price_momentum_volatility_and_macro_interactions,computed,143173,0.0170826808408548,bounded GBM-only predictor workspace; not full final model-suite importance,mapped,Feature mapped to the canonical AE-FEAT-IMPORT 11-family taxonomy.
AE-FEAT-IMPORT-006R,individual_feature_log_odds_rebuild_20260602_gbm,raw_plus_latent,dynamic_csi,roll_min_3y_ocf_per_share,275,13,mapped,10,rolling_window_statistics,computed,143173,0.015935476240309193,bounded GBM-only predictor workspace; not full final model-suite importance,mapped,Feature mapped to the canonical AE-FEAT-IMPORT 11-family taxonomy.
AE-FEAT-IMPORT-006R,individual_feature_log_odds_rebuild_20260602_gbm,raw_plus_latent,dynamic_csi,ocf_per_share,9,14,mapped,1,point_in_time_ratios,computed,143173,0.014427666390499411,bounded GBM-only predictor workspace; not full final model-suite importance,mapped,Feature mapped to the canonical AE-FEAT-IMPORT 11-family taxonomy.
AE-FEAT-IMPORT-006R,individual_feature_log_odds_rebuild_20260602_gbm,raw_plus_latent,dynamic_csi,roll_min_5y_earn_yld,364,15,mapped,10,rolling_window_statistics,computed,143173,0.012000125617715244,bounded GBM-only predictor workspace; not full final model-suite importance,mapped,Feature mapped to the canonical AE-FEAT-IMPORT 11-family taxonomy.
AE-FEAT-IMPORT-006R,individual_feature_log_odds_rebuild_20260602_gbm,raw_plus_latent,dynamic_csi,ann_return,5,16,mapped,11,price_momentum_volatility_and_macro_interactions,computed,143173,0.01099783420615537,bounded GBM-only predictor workspace; not full final model-suite importance,mapped,Feature mapped to the canonical AE-FEAT-IMPORT 11-family taxonomy.
AE-FEAT-IMPORT-006R,individual_feature_log_odds_rebuild_20260602_gbm,raw_plus_latent,dynamic_csi,indpro_growth,460,17,mapped,1,point_in_time_ratios,computed,143173,0.01057130256884057,bounded GBM-only predictor workspace; not full final model-suite importance,mapped,Feature mapped to the canonical AE-FEAT-IMPORT 11-family taxonomy.
AE-FEAT-IMPORT-006R,individual_feature_log_odds_rebuild_20260602_gbm,raw_plus_latent,dynamic_csi,altman_z2,45,18,mapped,1,point_in_time_ratios,computed,143173,0.010290902534649683,bounded GBM-only predictor workspace; not full final model-suite importance,mapped,Feature mapped to the canonical AE-FEAT-IMPORT 11-family taxonomy.
AE-FEAT-IMPORT-006R,individual_feature_log_odds_rebuild_20260602_gbm,raw_plus_latent,dynamic_csi,max_dd_60m,446,19,mapped,11,price_momentum_volatility_and_macro_interactions,computed,143173,0.010015548451782581,bounded GBM-only predictor workspace; not full final model-suite importance,mapped,Feature mapped to the canonical AE-FEAT-IMPORT 11-family taxonomy.
AE-FEAT-IMPORT-006R,individual_feature_log_odds_rebuild_20260602_gbm,raw_plus_latent,dynamic_csi,ni_per_emp,42,20,mapped,1,point_in_time_ratios,computed,143173,0.008539379870365783,bounded GBM-only predictor workspace; not full final model-suite importance,mapped,Feature mapped to the canonical AE-FEAT-IMPORT 11-family taxonomy.
AE-FEAT-IMPORT-006R,individual_feature_log_odds_rebuild_20260602_gbm,raw_plus_latent,dynamic_csi,roic,12,21,mapped,1,point_in_time_ratios,computed,143173,0.008307570485664197,bounded GBM-only predictor workspace; not full final model-suite importance,mapped,Feature mapped to the canonical AE-FEAT-IMPORT 11-family taxonomy.
AE-FEAT-IMPORT-006R,individual_feature_log_odds_rebuild_20260602_gbm,raw_plus_latent,dynamic_csi,cpi_inflation,458,22,mapped,1,point_in_time_ratios,computed,143173,0.008190432129388584,bounded GBM-only predictor workspace; not full final model-suite importance,mapped,Feature mapped to the canonical AE-FEAT-IMPORT 11-family taxonomy.
AE-FEAT-IMPORT-006R,individual_feature_log_odds_rebuild_20260602_gbm,raw_plus_latent,dynamic_csi,mom_6m,441,23,mapped,11,price_momentum_volatility_and_macro_interactions,computed,143173,0.007958174577275209,bounded GBM-only predictor workspace; not full final model-suite importance,mapped,Feature mapped to the canonical AE-FEAT-IMPORT 11-family taxonomy.
AE-FEAT-IMPORT-006R,individual_feature_log_odds_rebuild_20260602_gbm,raw_plus_latent,dynamic_csi,roll_mean_3y_ocf_per_share,260,24,mapped,10,rolling_window_statistics,computed,143173,0.007248319785410423,bounded GBM-only predictor workspace; not full final model-suite importance,mapped,Feature mapped to the canonical AE-FEAT-IMPORT 11-family taxonomy.
AE-FEAT-IMPORT-006R,individual_feature_log_odds_rebuild_20260602_gbm,raw_plus_latent,dynamic_csi,ebit_roa,13,25,mapped,1,point_in_time_ratios,computed,143173,0.006281841295449562,bounded GBM-only predictor workspace; not full final model-suite importance,mapped,Feature mapped to the canonical AE-FEAT-IMPORT 11-family taxonomy.
AE-FEAT-IMPORT-006R,individual_feature_log_odds_rebuild_20260602_gbm,raw_plus_latent,dynamic_csi,roe,11,26,mapped,1,point_in_time_ratios,computed,143173,0.006240320296131158,bounded GBM-only predictor workspace; not full final model-suite importance,mapped,Feature mapped to the canonical AE-FEAT-IMPORT 11-family taxonomy.
AE-FEAT-IMPORT-006R,individual_feature_log_odds_rebuild_20260602_gbm,raw_plus_latent,dynamic_csi,vol_60m,445,27,mapped,11,price_momentum_volatility_and_macro_interactions,computed,143173,0.005510587988608096,bounded GBM-only predictor workspace; not full final model-suite importance,mapped,Feature mapped to the canonical AE-FEAT-IMPORT 11-family taxonomy.
AE-FEAT-IMPORT-006R,individual_feature_log_odds_rebuild_20260602_gbm,raw_plus_latent,dynamic_csi,vix,457,28,mapped,1,point_in_time_ratios,computed,143173,0.004707592901852411,bounded GBM-only predictor workspace; not full final model-suite importance,mapped,Feature mapped to the canonical AE-FEAT-IMPORT 11-family taxonomy.
AE-FEAT-IMPORT-006R,individual_feature_log_odds_rebuild_20260602_gbm,raw_plus_latent,dynamic_csi,interest_cov,21,29,mapped,1,point_in_time_ratios,computed,143173,0.004232369844245591,bounded GBM-only predictor workspace; not full final model-suite importance,mapped,Feature mapped to the canonical AE-FEAT-IMPORT 11-family taxonomy.
AE-FEAT-IMPORT-006R,individual_feature_log_odds_rebuild_20260602_gbm,raw_plus_latent,dynamic_csi,roll_max_3y_roa,291,30,mapped,10,rolling_window_statistics,computed,143173,0.004123844833561157,bounded GBM-only predictor workspace; not full final model-suite importance,mapped,Feature mapped to the canonical AE-FEAT-IMPORT 11-family taxonomy.
AE-FEAT-IMPORT-006R,individual_feature_log_odds_rebuild_20260602_gbm,raw_plus_latent,dynamic_csi,d_vix,4,31,mapped,1,point_in_time_ratios,computed,143173,0.004078331326932158,bounded GBM-only predictor workspace; not full final model-suite importance,mapped,Feature mapped to the canonical AE-FEAT-IMPORT 11-family taxonomy.
AE-FEAT-IMPORT-006R,individual_feature_log_odds_rebuild_20260602_gbm,raw_plus_latent,dynamic_csi,ocf_margin,16,32,mapped,1,point_in_time_ratios,computed,143173,0.0033978306271383427,bounded GBM-only predictor workspace; not full final model-suite importance,mapped,Feature mapped to the canonical AE-FEAT-IMPORT 11-family taxonomy.
AE-FEAT-IMPORT-006R,individual_feature_log_odds_rebuild_20260602_gbm,raw_plus_latent,dynamic_csi,fyear,1,33,unmapped,,,computed,143173,0.0032751022941240582,bounded GBM-only predictor workspace; not full final model-suite importance,unmapped,Required predictor feature did not match canonical family mapping rules.
AE-FEAT-IMPORT-006R,individual_feature_log_odds_rebuild_20260602_gbm,raw_plus_latent,dynamic_csi,hy_spread,454,34,mapped,1,point_in_time_ratios,computed,143173,0.0029889822154142123,bounded GBM-only predictor workspace; not full final model-suite importance,mapped,Feature mapped to the canonical AE-FEAT-IMPORT 11-family taxonomy.
AE-FEAT-IMPORT-006R,individual_feature_log_odds_rebuild_20260602_gbm,raw_plus_latent,dynamic_csi,yoy_log_at,77,35,mapped,2,yoy_changes,computed,143173,0.0029647808622806386,bounded GBM-only predictor workspace; not full final model-suite importance,mapped,Feature mapped to the canonical AE-FEAT-IMPORT 11-family taxonomy.
AE-FEAT-IMPORT-006R,individual_feature_log_odds_rebuild_20260602_gbm,raw_plus_latent,dynamic_csi,reinvest_rate,36,36,mapped,1,point_in_time_ratios,computed,143173,0.0028469642467980312,bounded GBM-only predictor workspace; not full final model-suite importance,mapped,Feature mapped to the canonical AE-FEAT-IMPORT 11-family taxonomy.
AE-FEAT-IMPORT-006R,individual_feature_log_odds_rebuild_20260602_gbm,raw_plus_latent,dynamic_csi,roll_mean_5y_ocf_per_share,350,37,mapped,10,rolling_window_statistics,computed,143173,0.0028262988104820167,bounded GBM-only predictor workspace; not full final model-suite importance,mapped,Feature mapped to the canonical AE-FEAT-IMPORT 11-family taxonomy.
AE-FEAT-IMPORT-006R,individual_feature_log_odds_rebuild_20260602_gbm,raw_plus_latent,dynamic_csi,d_hy_spread,3,38,mapped,1,point_in_time_ratios,computed,143173,0.002602663696719707,bounded GBM-only predictor workspace; not full final model-suite importance,mapped,Feature mapped to the canonical AE-FEAT-IMPORT 11-family taxonomy.
AE-FEAT-IMPORT-006R,individual_feature_log_odds_rebuild_20260602_gbm,raw_plus_latent,dynamic_csi,mom_3m,440,39,mapped,11,price_momentum_volatility_and_macro_interactions,computed,143173,0.00241294384310518,bounded GBM-only predictor workspace; not full final model-suite importance,mapped,Feature mapped to the canonical AE-FEAT-IMPORT 11-family taxonomy.
AE-FEAT-IMPORT-006R,individual_feature_log_odds_rebuild_20260602_gbm,raw_plus_latent,dynamic_csi,yoy_ann_return,88,40,mapped,2,yoy_changes,computed,143173,0.0023750595162074254,bounded GBM-only predictor workspace; not full final model-suite importance,mapped,Feature mapped to the canonical AE-FEAT-IMPORT 11-family taxonomy.
AE-FEAT-IMPORT-006R,individual_feature_log_odds_rebuild_20260602_gbm,raw_plus_latent,dynamic_csi,roll_min_3y_log_mkvalt,287,41,mapped,10,rolling_window_statistics,computed,143173,0.0022748747623028446,bounded GBM-only predictor workspace; not full final model-suite importance,mapped,Feature mapped to the canonical AE-FEAT-IMPORT 11-family taxonomy.
AE-FEAT-IMPORT-006R,individual_feature_log_odds_rebuild_20260602_gbm,raw_plus_latent,dynamic_csi,mom_24m,444,42,mapped,11,price_momentum_volatility_and_macro_interactions,computed,143173,0.002238826989353124,bounded GBM-only predictor workspace; not full final model-suite importance,mapped,Feature mapped to the canonical AE-FEAT-IMPORT 11-family taxonomy.
AE-FEAT-IMPORT-006R,individual_feature_log_odds_rebuild_20260602_gbm,raw_plus_latent,dynamic_csi,d_unrate,2,43,mapped,1,point_in_time_ratios,computed,143173,0.002235597060605831,bounded GBM-only predictor workspace; not full final model-suite importance,mapped,Feature mapped to the canonical AE-FEAT-IMPORT 11-family taxonomy.
AE-FEAT-IMPORT-006R,individual_feature_log_odds_rebuild_20260602_gbm,raw_plus_latent,dynamic_csi,roll_mean_5y_roa,351,44,mapped,10,rolling_window_statistics,computed,143173,0.002195963127561421,bounded GBM-only predictor workspace; not full final model-suite importance,mapped,Feature mapped to the canonical AE-FEAT-IMPORT 11-family taxonomy.
AE-FEAT-IMPORT-006R,individual_feature_log_odds_rebuild_20260602_gbm,raw_plus_latent,dynamic_csi,fedfunds,456,45,mapped,1,point_in_time_ratios,computed,143173,0.0021360229019603692,bounded GBM-only predictor workspace; not full final model-suite importance,mapped,Feature mapped to the canonical AE-FEAT-IMPORT 11-family taxonomy.
AE-FEAT-IMPORT-006R,individual_feature_log_odds_rebuild_20260602_gbm,raw_plus_latent,dynamic_csi,roll_sd_5y_roic,397,46,mapped,10,rolling_window_statistics,computed,143173,0.0021150576863429964,bounded GBM-only predictor workspace; not full final model-suite importance,mapped,Feature mapped to the canonical AE-FEAT-IMPORT 11-family taxonomy.
AE-FEAT-IMPORT-006R,individual_feature_log_odds_rebuild_20260602_gbm,raw_plus_latent,dynamic_csi,wcap_ratio,26,47,mapped,1,point_in_time_ratios,computed,143173,0.00209547494002016,bounded GBM-only predictor workspace; not full final model-suite importance,mapped,Feature mapped to the canonical AE-FEAT-IMPORT 11-family taxonomy.
AE-FEAT-IMPORT-006R,individual_feature_log_odds_rebuild_20260602_gbm,raw_plus_latent,dynamic_csi,roll_sd_5y_earn_yld,394,48,mapped,10,rolling_window_statistics,computed,143173,0.0020691658167738838,bounded GBM-only predictor workspace; not full final model-suite importance,mapped,Feature mapped to the canonical AE-FEAT-IMPORT 11-family taxonomy.
AE-FEAT-IMPORT-006R,individual_feature_log_odds_rebuild_20260602_gbm,raw_plus_latent,dynamic_csi,ebitda_margin,15,49,mapped,1,point_in_time_ratios,computed,143173,0.002032624757445118,bounded GBM-only predictor workspace; not full final model-suite importance,mapped,Feature mapped to the canonical AE-FEAT-IMPORT 11-family taxonomy.
AE-FEAT-IMPORT-006R,individual_feature_log_odds_rebuild_20260602_gbm,raw_plus_latent,dynamic_csi,interact_ret_vix,451,50,mapped,11,price_momentum_volatility_and_macro_interactions,computed,143173,0.0016647334755419284,bounded GBM-only predictor workspace; not full final model-suite importance,mapped,Feature mapped to the canonical AE-FEAT-IMPORT 11-family taxonomy.
AE-FEAT-IMPORT-006R,individual_feature_log_odds_rebuild_20260602_gbm,raw_plus_latent,dynamic_csi,ev_to_sales,28,51,mapped,1,point_in_time_ratios,computed,143173,0.0015901080698863847,bounded GBM-only predictor workspace; not full final model-suite importance,mapped,Feature mapped to the canonical AE-FEAT-IMPORT 11-family taxonomy.
AE-FEAT-IMPORT-006R,individual_feature_log_odds_rebuild_20260602_gbm,raw_plus_latent,dynamic_csi,z14,475,52,latent_vae,latent_vae,vae_latent_features,computed,143173,0.0015155003783398739,bounded GBM-only predictor workspace; not full final model-suite importance,latent_vae,VAE latent dimension or reconstruction error; outside canonical raw/engineered family taxonomy.
AE-FEAT-IMPORT-006R,individual_feature_log_odds_rebuild_20260602_gbm,raw_plus_latent,dynamic_csi,yoy_log_mkvalt,78,53,mapped,2,yoy_changes,computed,143173,0.001500474398313425,bounded GBM-only predictor workspace; not full final model-suite importance,mapped,Feature mapped to the canonical AE-FEAT-IMPORT 11-family taxonomy.
AE-FEAT-IMPORT-006R,individual_feature_log_odds_rebuild_20260602_gbm,raw_plus_latent,dynamic_csi,expvol_accruals_ratio,192,54,mapped,5,expanding_volatility,computed,143173,0.0014905678127094327,bounded GBM-only predictor workspace; not full final model-suite importance,mapped,Feature mapped to the canonical AE-FEAT-IMPORT 11-family taxonomy.
AE-FEAT-IMPORT-006R,individual_feature_log_odds_rebuild_20260602_gbm,raw_plus_latent,dynamic_csi,roll_max_3y_leverage,293,55,mapped,10,rolling_window_statistics,computed,143173,0.0014503974023246373,bounded GBM-only predictor workspace; not full final model-suite importance,mapped,Feature mapped to the canonical AE-FEAT-IMPORT 11-family taxonomy.
AE-FEAT-IMPORT-006R,individual_feature_log_odds_rebuild_20260602_gbm,raw_plus_latent,dynamic_csi,interact_acc_hyspr,452,56,mapped,11,price_momentum_volatility_and_macro_interactions,computed,143173,0.0014350825226861269,bounded GBM-only predictor workspace; not full final model-suite importance,mapped,Feature mapped to the canonical AE-FEAT-IMPORT 11-family taxonomy.
AE-FEAT-IMPORT-006R,individual_feature_log_odds_rebuild_20260602_gbm,raw_plus_latent,dynamic_csi,roll_min_5y_roic,367,57,mapped,10,rolling_window_statistics,computed,143173,0.0013745677329548079,bounded GBM-only predictor workspace; not full final model-suite importance,mapped,Feature mapped to the canonical AE-FEAT-IMPORT 11-family taxonomy.
AE-FEAT-IMPORT-006R,individual_feature_log_odds_rebuild_20260602_gbm,raw_plus_latent,dynamic_csi,trough_rise_leverage,227,58,mapped,7,trough_rise,computed,143173,0.0013529033816717974,bounded GBM-only predictor workspace; not full final model-suite importance,mapped,Feature mapped to the canonical AE-FEAT-IMPORT 11-family taxonomy.
AE-FEAT-IMPORT-006R,individual_feature_log_odds_rebuild_20260602_gbm,raw_plus_latent,dynamic_csi,peak_drop_roe,212,59,mapped,6,peak_deterioration,computed,143173,0.0013418931074792978,bounded GBM-only predictor workspace; not full final model-suite importance,mapped,Feature mapped to the canonical AE-FEAT-IMPORT 11-family taxonomy.
AE-FEAT-IMPORT-006R,individual_feature_log_odds_rebuild_20260602_gbm,raw_plus_latent,dynamic_csi,roll_max_3y_net_debt_ebitda,294,60,mapped,10,rolling_window_statistics,computed,143173,0.0013302997871122494,bounded GBM-only predictor workspace; not full final model-suite importance,mapped,Feature mapped to the canonical AE-FEAT-IMPORT 11-family taxonomy.
AE-FEAT-IMPORT-006R,individual_feature_log_odds_rebuild_20260602_gbm,raw_plus_latent,dynamic_csi,gdp_growth,459,61,mapped,1,point_in_time_ratios,computed,143173,0.0012370182773346287,bounded GBM-only predictor workspace; not full final model-suite importance,mapped,Feature mapped to the canonical AE-FEAT-IMPORT 11-family taxonomy.
AE-FEAT-IMPORT-006R,individual_feature_log_odds_rebuild_20260602_gbm,raw_plus_latent,dynamic_csi,siccd,7,62,unmapped,,,computed,143173,0.0012153664955337515,bounded GBM-only predictor workspace; not full final model-suite importance,unmapped,Required predictor feature did not match canonical family mapping rules.
AE-FEAT-IMPORT-006R,individual_feature_log_odds_rebuild_20260602_gbm,raw_plus_latent,dynamic_csi,altman_z,47,63,mapped,1,point_in_time_ratios,computed,143173,0.0011959029542243935,bounded GBM-only predictor workspace; not full final model-suite importance,mapped,Feature mapped to the canonical AE-FEAT-IMPORT 11-family taxonomy.
AE-FEAT-IMPORT-006R,individual_feature_log_odds_rebuild_20260602_gbm,raw_plus_latent,dynamic_csi,expmean_earn_yld,129,64,mapped,4,expanding_mean,computed,143173,0.001191357388865541,bounded GBM-only predictor workspace; not full final model-suite importance,mapped,Feature mapped to the canonical AE-FEAT-IMPORT 11-family taxonomy.
AE-FEAT-IMPORT-006R,individual_feature_log_odds_rebuild_20260602_gbm,raw_plus_latent,dynamic_csi,expvol_roe,172,65,mapped,5,expanding_volatility,computed,143173,0.0011486246928843508,bounded GBM-only predictor workspace; not full final model-suite importance,mapped,Feature mapped to the canonical AE-FEAT-IMPORT 11-family taxonomy.
AE-FEAT-IMPORT-006R,individual_feature_log_odds_rebuild_20260602_gbm,raw_plus_latent,dynamic_csi,yoy_bp_ratio,68,66,mapped,2,yoy_changes,computed,143173,0.0010969269338109281,bounded GBM-only predictor workspace; not full final model-suite importance,mapped,Feature mapped to the canonical AE-FEAT-IMPORT 11-family taxonomy.
AE-FEAT-IMPORT-006R,individual_feature_log_odds_rebuild_20260602_gbm,raw_plus_latent,dynamic_csi,roll_min_5y_net_debt_ebitda,369,67,mapped,10,rolling_window_statistics,computed,143173,0.001057067547442209,bounded GBM-only predictor workspace; not full final model-suite importance,mapped,Feature mapped to the canonical AE-FEAT-IMPORT 11-family taxonomy.
AE-FEAT-IMPORT-006R,individual_feature_log_odds_rebuild_20260602_gbm,raw_plus_latent,dynamic_csi,roll_sd_3y_roic,307,68,mapped,10,rolling_window_statistics,computed,143173,0.0010222863130956734,bounded GBM-only predictor workspace; not full final model-suite importance,mapped,Feature mapped to the canonical AE-FEAT-IMPORT 11-family taxonomy.
AE-FEAT-IMPORT-006R,individual_feature_log_odds_rebuild_20260602_gbm,raw_plus_latent,dynamic_csi,roll_mean_5y_roic,352,69,mapped,10,rolling_window_statistics,computed,143173,0.0009664471394268108,bounded GBM-only predictor workspace; not full final model-suite importance,mapped,Feature mapped to the canonical AE-FEAT-IMPORT 11-family taxonomy.
AE-FEAT-IMPORT-006R,individual_feature_log_odds_rebuild_20260602_gbm,raw_plus_latent,dynamic_csi,mkt_to_book,31,70,mapped,1,point_in_time_ratios,computed,143173,0.0009328674496072764,bounded GBM-only predictor workspace; not full final model-suite importance,mapped,Feature mapped to the canonical AE-FEAT-IMPORT 11-family taxonomy.
AE-FEAT-IMPORT-006R,individual_feature_log_odds_rebuild_20260602_gbm,raw_plus_latent,dynamic_csi,z24,485,71,latent_vae,latent_vae,vae_latent_features,computed,143173,0.0008452334186827813,bounded GBM-only predictor workspace; not full final model-suite importance,latent_vae,VAE latent dimension or reconstruction error; outside canonical raw/engineered family taxonomy.
AE-FEAT-IMPORT-006R,individual_feature_log_odds_rebuild_20260602_gbm,raw_plus_latent,dynamic_csi,expmean_asset_turnover,153,72,mapped,4,expanding_mean,computed,143173,0.0008376799797313502,bounded GBM-only predictor workspace; not full final model-suite importance,mapped,Feature mapped to the canonical AE-FEAT-IMPORT 11-family taxonomy.
AE-FEAT-IMPORT-006R,individual_feature_log_odds_rebuild_20260602_gbm,raw_plus_latent,dynamic_csi,recession,461,73,mapped,1,point_in_time_ratios,computed,143173,0.0008087077826394542,bounded GBM-only predictor workspace; not full final model-suite importance,mapped,Feature mapped to the canonical AE-FEAT-IMPORT 11-family taxonomy.
AE-FEAT-IMPORT-006R,individual_feature_log_odds_rebuild_20260602_gbm,raw_plus_latent,dynamic_csi,interact_nde_hyspr,449,74,mapped,11,price_momentum_volatility_and_macro_interactions,computed,143173,0.0007996915587446727,bounded GBM-only predictor workspace; not full final model-suite importance,mapped,Feature mapped to the canonical AE-FEAT-IMPORT 11-family taxonomy.
AE-FEAT-IMPORT-006R,individual_feature_log_odds_rebuild_20260602_gbm,raw_plus_latent,dynamic_csi,roll_max_3y_earn_yld,289,75,mapped,10,rolling_window_statistics,computed,143173,0.0007905105837217845,bounded GBM-only predictor workspace; not full final model-suite importance,mapped,Feature mapped to the canonical AE-FEAT-IMPORT 11-family taxonomy.
AE-FEAT-IMPORT-006R,individual_feature_log_odds_rebuild_20260602_gbm,raw_plus_latent,dynamic_csi,roll_sd_5y_log_at,408,76,mapped,10,rolling_window_statistics,computed,143173,0.000780260659342644,bounded GBM-only predictor workspace; not full final model-suite importance,mapped,Feature mapped to the canonical AE-FEAT-IMPORT 11-family taxonomy.
AE-FEAT-IMPORT-006R,individual_feature_log_odds_rebuild_20260602_gbm,raw_plus_latent,dynamic_csi,yoy_altman_z4,84,77,mapped,2,yoy_changes,computed,143173,0.0007756742301966332,bounded GBM-only predictor workspace; not full final model-suite importance,mapped,Feature mapped to the canonical AE-FEAT-IMPORT 11-family taxonomy.
AE-FEAT-IMPORT-006R,individual_feature_log_odds_rebuild_20260602_gbm,raw_plus_latent,dynamic_csi,roll_max_5y_log_mkvalt,392,78,mapped,10,rolling_window_statistics,computed,143173,0.0007525228715050471,bounded GBM-only predictor workspace; not full final model-suite importance,mapped,Feature mapped to the canonical AE-FEAT-IMPORT 11-family taxonomy.
AE-FEAT-IMPORT-006R,individual_feature_log_odds_rebuild_20260602_gbm,raw_plus_latent,dynamic_csi,log_mkvalt,38,79,mapped,1,point_in_time_ratios,computed,143173,0.0007476976832865994,bounded GBM-only predictor workspace; not full final model-suite importance,mapped,Feature mapped to the canonical AE-FEAT-IMPORT 11-family taxonomy.
AE-FEAT-IMPORT-006R,individual_feature_log_odds_rebuild_20260602_gbm,raw_plus_latent,dynamic_csi,compr_inc_ratio,44,80,mapped,1,point_in_time_ratios,computed,143173,0.0007151468165015884,bounded GBM-only predictor workspace; not full final model-suite importance,mapped,Feature mapped to the canonical AE-FEAT-IMPORT 11-family taxonomy.
AE-FEAT-IMPORT-006R,individual_feature_log_odds_rebuild_20260602_gbm,raw_plus_latent,dynamic_csi,expmean_current_ratio,144,81,mapped,4,expanding_mean,computed,143173,0.0007123100294657903,bounded GBM-only predictor workspace; not full final model-suite importance,mapped,Feature mapped to the canonical AE-FEAT-IMPORT 11-family taxonomy.
AE-FEAT-IMPORT-006R,individual_feature_log_odds_rebuild_20260602_gbm,raw_plus_latent,dynamic_csi,interact_lev_rate,447,82,mapped,11,price_momentum_volatility_and_macro_interactions,computed,143173,0.0006762305921034088,bounded GBM-only predictor workspace; not full final model-suite importance,mapped,Feature mapped to the canonical AE-FEAT-IMPORT 11-family taxonomy.
AE-FEAT-IMPORT-006R,individual_feature_log_odds_rebuild_20260602_gbm,raw_plus_latent,dynamic_csi,roll_mean_5y_ebitda_margin,361,83,mapped,10,rolling_window_statistics,computed,143173,0.0006669623114914517,bounded GBM-only predictor workspace; not full final model-suite importance,mapped,Feature mapped to the canonical AE-FEAT-IMPORT 11-family taxonomy.
AE-FEAT-IMPORT-006R,individual_feature_log_odds_rebuild_20260602_gbm,raw_plus_latent,dynamic_csi,yoy_ev_to_sales,69,84,mapped,2,yoy_changes,computed,143173,0.0006582680706828379,bounded GBM-only predictor workspace; not full final model-suite importance,mapped,Feature mapped to the canonical AE-FEAT-IMPORT 11-family taxonomy.
AE-FEAT-IMPORT-006R,individual_feature_log_odds_rebuild_20260602_gbm,raw_plus_latent,dynamic_csi,roll_min_5y_log_at,378,85,mapped,10,rolling_window_statistics,computed,143173,0.0006052158986367811,bounded GBM-only predictor workspace; not full final model-suite importance,mapped,Feature mapped to the canonical AE-FEAT-IMPORT 11-family taxonomy.
AE-FEAT-IMPORT-006R,individual_feature_log_odds_rebuild_20260602_gbm,raw_plus_latent,dynamic_csi,vae_recon_error,486,86,latent_vae,latent_vae,vae_latent_features,computed,143173,0.0006023321204393256,bounded GBM-only predictor workspace; not full final model-suite importance,latent_vae,VAE latent dimension or reconstruction error; outside canonical raw/engineered family taxonomy.
AE-FEAT-IMPORT-006R,individual_feature_log_odds_rebuild_20260602_gbm,raw_plus_latent,dynamic_csi,roll_mean_5y_gross_margin,360,87,mapped,10,rolling_window_statistics,computed,143173,0.0005933269634227171,bounded GBM-only predictor workspace; not full final model-suite importance,mapped,Feature mapped to the canonical AE-FEAT-IMPORT 11-family taxonomy.
AE-FEAT-IMPORT-006R,individual_feature_log_odds_rebuild_20260602_gbm,raw_plus_latent,dynamic_csi,expmean_cash_pct_act,146,88,mapped,4,expanding_mean,computed,143173,0.0005927195500617406,bounded GBM-only predictor workspace; not full final model-suite importance,mapped,Feature mapped to the canonical AE-FEAT-IMPORT 11-family taxonomy.
AE-FEAT-IMPORT-006R,individual_feature_log_odds_rebuild_20260602_gbm,raw_plus_latent,dynamic_csi,roll_sd_5y_log_mkvalt,407,89,mapped,10,rolling_window_statistics,computed,143173,0.0005828627455698067,bounded GBM-only predictor workspace; not full final model-suite importance,mapped,Feature mapped to the canonical AE-FEAT-IMPORT 11-family taxonomy.
AE-FEAT-IMPORT-006R,individual_feature_log_odds_rebuild_20260602_gbm,raw_plus_latent,dynamic_csi,roll_mean_5y_log_mkvalt,362,90,mapped,10,rolling_window_statistics,computed,143173,0.0005291843002074581,bounded GBM-only predictor workspace; not full final model-suite importance,mapped,Feature mapped to the canonical AE-FEAT-IMPORT 11-family taxonomy.
AE-FEAT-IMPORT-006R,individual_feature_log_odds_rebuild_20260602_gbm,raw_plus_latent,dynamic_csi,roll_mean_3y_net_debt_ebitda,264,91,mapped,10,rolling_window_statistics,computed,143173,0.0005171113679013993,bounded GBM-only predictor workspace; not full final model-suite importance,mapped,Feature mapped to the canonical AE-FEAT-IMPORT 11-family taxonomy.
AE-FEAT-IMPORT-006R,individual_feature_log_odds_rebuild_20260602_gbm,raw_plus_latent,dynamic_csi,peak_drop_log_emp,226,92,mapped,6,peak_deterioration,computed,143173,0.000501485955345479,bounded GBM-only predictor workspace; not full final model-suite importance,mapped,Feature mapped to the canonical AE-FEAT-IMPORT 11-family taxonomy.
AE-FEAT-IMPORT-006R,individual_feature_log_odds_rebuild_20260602_gbm,raw_plus_latent,dynamic_csi,roll_sd_3y_log_mkvalt,317,93,mapped,10,rolling_window_statistics,computed,143173,0.0004843806017103067,bounded GBM-only predictor workspace; not full final model-suite importance,mapped,Feature mapped to the canonical AE-FEAT-IMPORT 11-family taxonomy.
AE-FEAT-IMPORT-006R,individual_feature_log_odds_rebuild_20260602_gbm,raw_plus_latent,dynamic_csi,invest_st_ratio,48,94,mapped,1,point_in_time_ratios,computed,143173,0.0004547420979843584,bounded GBM-only predictor workspace; not full final model-suite importance,mapped,Feature mapped to the canonical AE-FEAT-IMPORT 11-family taxonomy.
AE-FEAT-IMPORT-006R,individual_feature_log_odds_rebuild_20260602_gbm,raw_plus_latent,dynamic_csi,expmean_reinvest_rate,156,95,mapped,4,expanding_mean,computed,143173,0.00044156562122168763,bounded GBM-only predictor workspace; not full final model-suite importance,mapped,Feature mapped to the canonical AE-FEAT-IMPORT 11-family taxonomy.
AE-FEAT-IMPORT-006R,individual_feature_log_odds_rebuild_20260602_gbm,raw_plus_latent,dynamic_csi,expvol_log_at,197,96,mapped,5,expanding_volatility,computed,143173,0.0004384290681606248,bounded GBM-only predictor workspace; not full final model-suite importance,mapped,Feature mapped to the canonical AE-FEAT-IMPORT 11-family taxonomy.
AE-FEAT-IMPORT-006R,individual_feature_log_odds_rebuild_20260602_gbm,raw_plus_latent,dynamic_csi,roll_max_3y_asset_turnover,299,97,mapped,10,rolling_window_statistics,computed,143173,0.0004368375835008649,bounded GBM-only predictor workspace; not full final model-suite importance,mapped,Feature mapped to the canonical AE-FEAT-IMPORT 11-family taxonomy.
AE-FEAT-IMPORT-006R,individual_feature_log_odds_rebuild_20260602_gbm,raw_plus_latent,dynamic_csi,roll_min_5y_current_ratio,371,98,mapped,10,rolling_window_statistics,computed,143173,0.0004084287900097046,bounded GBM-only predictor workspace; not full final model-suite importance,mapped,Feature mapped to the canonical AE-FEAT-IMPORT 11-family taxonomy.
AE-FEAT-IMPORT-006R,individual_feature_log_odds_rebuild_20260602_gbm,raw_plus_latent,dynamic_csi,rd_intensity,35,99,mapped,1,point_in_time_ratios,computed,143173,0.0003851485447054104,bounded GBM-only predictor workspace; not full final model-suite importance,mapped,Feature mapped to the canonical AE-FEAT-IMPORT 11-family taxonomy.
AE-FEAT-IMPORT-006R,individual_feature_log_odds_rebuild_20260602_gbm,raw_plus_latent,dynamic_csi,expmean_rental_ratio,160,100,mapped,4,expanding_mean,computed,143173,0.0003711419088298587,bounded GBM-only predictor workspace; not full final model-suite importance,mapped,Feature mapped to the canonical AE-FEAT-IMPORT 11-family taxonomy.
AE-FEAT-IMPORT-006R,individual_feature_log_odds_rebuild_20260602_gbm,raw_plus_latent,dynamic_csi,roll_trend_3y_log_at,333,101,mapped,10,rolling_window_statistics,computed,143173,0.00034481910714465324,bounded GBM-only predictor workspace; not full final model-suite importance,mapped,Feature mapped to the canonical AE-FEAT-IMPORT 11-family taxonomy.
AE-FEAT-IMPORT-006R,individual_feature_log_odds_rebuild_20260602_gbm,raw_plus_latent,dynamic_csi,altman_z4,46,102,mapped,1,point_in_time_ratios,computed,143173,0.0003246339052408815,bounded GBM-only predictor workspace; not full final model-suite importance,mapped,Feature mapped to the canonical AE-FEAT-IMPORT 11-family taxonomy.
AE-FEAT-IMPORT-006R,individual_feature_log_odds_rebuild_20260602_gbm,raw_plus_latent,dynamic_csi,trough_rise_rental_ratio,232,103,mapped,7,trough_rise,computed,143173,0.00032397134585998176,bounded GBM-only predictor workspace; not full final model-suite importance,mapped,Feature mapped to the canonical AE-FEAT-IMPORT 11-family taxonomy.
AE-FEAT-IMPORT-006R,individual_feature_log_odds_rebuild_20260602_gbm,raw_plus_latent,dynamic_csi,roll_mean_5y_asset_turnover,359,104,mapped,10,rolling_window_statistics,computed,143173,0.00032315050524834833,bounded GBM-only predictor workspace; not full final model-suite importance,mapped,Feature mapped to the canonical AE-FEAT-IMPORT 11-family taxonomy.
AE-FEAT-IMPORT-006R,individual_feature_log_odds_rebuild_20260602_gbm,raw_plus_latent,dynamic_csi,peak_drop_log_mkvalt,225,105,mapped,6,peak_deterioration,computed,143173,0.00031774632634637136,bounded GBM-only predictor workspace; not full final model-suite importance,mapped,Feature mapped to the canonical AE-FEAT-IMPORT 11-family taxonomy.
AE-FEAT-IMPORT-006R,individual_feature_log_odds_rebuild_20260602_gbm,raw_plus_latent,dynamic_csi,expmean_log_return,167,106,mapped,4,expanding_mean,computed,143173,0.00030854566107720016,bounded GBM-only predictor workspace; not full final model-suite importance,mapped,Feature mapped to the canonical AE-FEAT-IMPORT 11-family taxonomy.
AE-FEAT-IMPORT-006R,individual_feature_log_odds_rebuild_20260602_gbm,raw_plus_latent,dynamic_csi,roll_autocorr_3y_ocf_per_share,335,107,mapped,10,rolling_window_statistics,computed,143173,0.0002988069499150501,bounded GBM-only predictor workspace; not full final model-suite importance,mapped,Feature mapped to the canonical AE-FEAT-IMPORT 11-family taxonomy.
AE-FEAT-IMPORT-006R,individual_feature_log_odds_rebuild_20260602_gbm,raw_plus_latent,dynamic_csi,roll_sd_5y_leverage,398,108,mapped,10,rolling_window_statistics,computed,143173,0.00021675372517536852,bounded GBM-only predictor workspace; not full final model-suite importance,mapped,Feature mapped to the canonical AE-FEAT-IMPORT 11-family taxonomy.
AE-FEAT-IMPORT-006R,individual_feature_log_odds_rebuild_20260602_gbm,raw_plus_latent,dynamic_csi,dd1_ratio,22,109,mapped,1,point_in_time_ratios,computed,143173,0.0001899454414887835,bounded GBM-only predictor workspace; not full final model-suite importance,mapped,Feature mapped to the canonical AE-FEAT-IMPORT 11-family taxonomy.
AE-FEAT-IMPORT-006R,individual_feature_log_odds_rebuild_20260602_gbm,raw_plus_latent,dynamic_csi,roll_mean_5y_leverage,353,110,mapped,10,rolling_window_statistics,computed,143173,0.00018729275016654743,bounded GBM-only predictor workspace; not full final model-suite importance,mapped,Feature mapped to the canonical AE-FEAT-IMPORT 11-family taxonomy.
AE-FEAT-IMPORT-006R,individual_feature_log_odds_rebuild_20260602_gbm,raw_plus_latent,dynamic_csi,roll_mean_3y_asset_turnover,269,111,mapped,10,rolling_window_statistics,computed,143173,0.00016532255694023777,bounded GBM-only predictor workspace; not full final model-suite importance,mapped,Feature mapped to the canonical AE-FEAT-IMPORT 11-family taxonomy.
AE-FEAT-IMPORT-006R,individual_feature_log_odds_rebuild_20260602_gbm,raw_plus_latent,dynamic_csi,roll_trend_5y_log_mkvalt,422,112,mapped,10,rolling_window_statistics,computed,143173,0.00014727938332863912,bounded GBM-only predictor workspace; not full final model-suite importance,mapped,Feature mapped to the canonical AE-FEAT-IMPORT 11-family taxonomy.
AE-FEAT-IMPORT-006R,individual_feature_log_odds_rebuild_20260602_gbm,raw_plus_latent,dynamic_csi,asset_turnover,33,113,mapped,1,point_in_time_ratios,computed,143173,0.0001468279273299741,bounded GBM-only predictor workspace; not full final model-suite importance,mapped,Feature mapped to the canonical AE-FEAT-IMPORT 11-family taxonomy.
AE-FEAT-IMPORT-006R,individual_feature_log_odds_rebuild_20260602_gbm,raw_plus_latent,dynamic_csi,roll_max_3y_cash_pct_act,297,114,mapped,10,rolling_window_statistics,computed,143173,0.0001412036100398169,bounded GBM-only predictor workspace; not full final model-suite importance,mapped,Feature mapped to the canonical AE-FEAT-IMPORT 11-family taxonomy.
AE-FEAT-IMPORT-006R,individual_feature_log_odds_rebuild_20260602_gbm,raw_plus_latent,dynamic_csi,peak_drop_bp_ratio,224,115,mapped,6,peak_deterioration,computed,143173,9.490715686603143e-05,bounded GBM-only predictor workspace; not full final model-suite importance,mapped,Feature mapped to the canonical AE-FEAT-IMPORT 11-family taxonomy.
AE-FEAT-IMPORT-006R,individual_feature_log_odds_rebuild_20260602_gbm,raw_plus_latent,dynamic_csi,expmean_bp_ratio,148,116,mapped,4,expanding_mean,computed,143173,8.803967037220526e-05,bounded GBM-only predictor workspace; not full final model-suite importance,mapped,Feature mapped to the canonical AE-FEAT-IMPORT 11-family taxonomy.
AE-FEAT-IMPORT-006R,individual_feature_log_odds_rebuild_20260602_gbm,raw_plus_latent,dynamic_csi,roll_max_3y_gross_margin,300,117,mapped,10,rolling_window_statistics,computed,143173,8.385098709975098e-05,bounded GBM-only predictor workspace; not full final model-suite importance,mapped,Feature mapped to the canonical AE-FEAT-IMPORT 11-family taxonomy.
AE-FEAT-IMPORT-006R,individual_feature_log_odds_rebuild_20260602_gbm,raw_plus_latent,dynamic_csi,cash_pct_act,25,118,mapped,1,point_in_time_ratios,computed,143173,7.556489899775045e-05,bounded GBM-only predictor workspace; not full final model-suite importance,mapped,Feature mapped to the canonical AE-FEAT-IMPORT 11-family taxonomy.
AE-FEAT-IMPORT-006R,individual_feature_log_odds_rebuild_20260602_gbm,raw_plus_latent,dynamic_csi,peak_drop_roa,211,119,mapped,6,peak_deterioration,computed,143173,7.327136641199989e-05,bounded GBM-only predictor workspace; not full final model-suite importance,mapped,Feature mapped to the canonical AE-FEAT-IMPORT 11-family taxonomy.
AE-FEAT-IMPORT-006R,individual_feature_log_odds_rebuild_20260602_gbm,raw_plus_latent,dynamic_csi,gross_margin,14,120,mapped,1,point_in_time_ratios,computed,143173,0.0,bounded GBM-only predictor workspace; not full final model-suite importance,mapped,Feature mapped to the canonical AE-FEAT-IMPORT 11-family taxonomy.
AE-FEAT-IMPORT-006R,individual_feature_log_odds_rebuild_20260602_gbm,raw_plus_latent,dynamic_csi,leverage,17,121,mapped,1,point_in_time_ratios,computed,143173,0.0,bounded GBM-only predictor workspace; not full final model-suite importance,mapped,Feature mapped to the canonical AE-FEAT-IMPORT 11-family taxonomy.
AE-FEAT-IMPORT-006R,individual_feature_log_odds_rebuild_20260602_gbm,raw_plus_latent,dynamic_csi,net_debt_ebitda,18,122,mapped,1,point_in_time_ratios,computed,143173,0.0,bounded GBM-only predictor workspace; not full final model-suite importance,mapped,Feature mapped to the canonical AE-FEAT-IMPORT 11-family taxonomy.
AE-FEAT-IMPORT-006R,individual_feature_log_odds_rebuild_20260602_gbm,raw_plus_latent,dynamic_csi,std_debt_pct,19,123,mapped,1,point_in_time_ratios,computed,143173,0.0,bounded GBM-only predictor workspace; not full final model-suite importance,mapped,Feature mapped to the canonical AE-FEAT-IMPORT 11-family taxonomy.
AE-FEAT-IMPORT-006R,individual_feature_log_odds_rebuild_20260602_gbm,raw_plus_latent,dynamic_csi,eff_int_rate,20,124,mapped,1,point_in_time_ratios,computed,143173,0.0,bounded GBM-only predictor workspace; not full final model-suite importance,mapped,Feature mapped to the canonical AE-FEAT-IMPORT 11-family taxonomy.
AE-FEAT-IMPORT-006R,individual_feature_log_odds_rebuild_20260602_gbm,raw_plus_latent,dynamic_csi,current_ratio,23,125,mapped,1,point_in_time_ratios,computed,143173,0.0,bounded GBM-only predictor workspace; not full final model-suite importance,mapped,Feature mapped to the canonical AE-FEAT-IMPORT 11-family taxonomy.
AE-FEAT-IMPORT-006R,individual_feature_log_odds_rebuild_20260602_gbm,raw_plus_latent,dynamic_csi,quick_ratio,24,126,mapped,1,point_in_time_ratios,computed,143173,0.0,bounded GBM-only predictor workspace; not full final model-suite importance,mapped,Feature mapped to the canonical AE-FEAT-IMPORT 11-family taxonomy.
AE-FEAT-IMPORT-006R,individual_feature_log_odds_rebuild_20260602_gbm,raw_plus_latent,dynamic_csi,bp_ratio,27,127,mapped,1,point_in_time_ratios,computed,143173,0.0,bounded GBM-only predictor workspace; not full final model-suite importance,mapped,Feature mapped to the canonical AE-FEAT-IMPORT 11-family taxonomy.
AE-FEAT-IMPORT-006R,individual_feature_log_odds_rebuild_20260602_gbm,raw_plus_latent,dynamic_csi,div_yield,29,128,mapped,1,point_in_time_ratios,computed,143173,0.0,bounded GBM-only predictor workspace; not full final model-suite importance,mapped,Feature mapped to the canonical AE-FEAT-IMPORT 11-family taxonomy.
AE-FEAT-IMPORT-006R,individual_feature_log_odds_rebuild_20260602_gbm,raw_plus_latent,dynamic_csi,cash_div_cf,30,129,mapped,1,point_in_time_ratios,computed,143173,0.0,bounded GBM-only predictor workspace; not full final model-suite importance,mapped,Feature mapped to the canonical AE-FEAT-IMPORT 11-family taxonomy.
AE-FEAT-IMPORT-006R,individual_feature_log_odds_rebuild_20260602_gbm,raw_plus_latent,dynamic_csi,accruals_ratio,32,130,mapped,1,point_in_time_ratios,computed,143173,0.0,bounded GBM-only predictor workspace; not full final model-suite importance,mapped,Feature mapped to the canonical AE-FEAT-IMPORT 11-family taxonomy.
AE-FEAT-IMPORT-006R,individual_feature_log_odds_rebuild_20260602_gbm,raw_plus_latent,dynamic_csi,capex_intensity,34,131,mapped,1,point_in_time_ratios,computed,143173,0.0,bounded GBM-only predictor workspace; not full final model-suite importance,mapped,Feature mapped to the canonical AE-FEAT-IMPORT 11-family taxonomy.
AE-FEAT-IMPORT-006R,individual_feature_log_odds_rebuild_20260602_gbm,raw_plus_latent,dynamic_csi,log_at,37,132,mapped,1,point_in_time_ratios,computed,143173,0.0,bounded GBM-only predictor workspace; not full final model-suite importance,mapped,Feature mapped to the canonical AE-FEAT-IMPORT 11-family taxonomy.
AE-FEAT-IMPORT-006R,individual_feature_log_odds_rebuild_20260602_gbm,raw_plus_latent,dynamic_csi,log_emp,39,133,mapped,1,point_in_time_ratios,computed,143173,0.0,bounded GBM-only predictor workspace; not full final model-suite importance,mapped,Feature mapped to the canonical AE-FEAT-IMPORT 11-family taxonomy.
AE-FEAT-IMPORT-006R,individual_feature_log_odds_rebuild_20260602_gbm,raw_plus_latent,dynamic_csi,rental_ratio,40,134,mapped,1,point_in_time_ratios,computed,143173,0.0,bounded GBM-only predictor workspace; not full final model-suite importance,mapped,Feature mapped to the canonical AE-FEAT-IMPORT 11-family taxonomy.
AE-FEAT-IMPORT-006R,individual_feature_log_odds_rebuild_20260602_gbm,raw_plus_latent,dynamic_csi,assets_per_emp,41,135,mapped,1,point_in_time_ratios,computed,143173,0.0,bounded GBM-only predictor workspace; not full final model-suite importance,mapped,Feature mapped to the canonical AE-FEAT-IMPORT 11-family taxonomy.
AE-FEAT-IMPORT-006R,individual_feature_log_odds_rebuild_20260602_gbm,raw_plus_latent,dynamic_csi,min_int_tcap,43,136,mapped,1,point_in_time_ratios,computed,143173,0.0,bounded GBM-only predictor workspace; not full final model-suite importance,mapped,Feature mapped to the canonical AE-FEAT-IMPORT 11-family taxonomy.
AE-FEAT-IMPORT-006R,individual_feature_log_odds_rebuild_20260602_gbm,raw_plus_latent,dynamic_csi,yoy_earn_yld,49,137,mapped,2,yoy_changes,computed,143173,0.0,bounded GBM-only predictor workspace; not full final model-suite importance,mapped,Feature mapped to the canonical AE-FEAT-IMPORT 11-family taxonomy.
AE-FEAT-IMPORT-006R,individual_feature_log_odds_rebuild_20260602_gbm,raw_plus_latent,dynamic_csi,yoy_ocf_per_share,50,138,mapped,2,yoy_changes,computed,143173,0.0,bounded GBM-only predictor workspace; not full final model-suite importance,mapped,Feature mapped to the canonical AE-FEAT-IMPORT 11-family taxonomy.
AE-FEAT-IMPORT-006R,individual_feature_log_odds_rebuild_20260602_gbm,raw_plus_latent,dynamic_csi,yoy_roa,51,139,mapped,2,yoy_changes,computed,143173,0.0,bounded GBM-only predictor workspace; not full final model-suite importance,mapped,Feature mapped to the canonical AE-FEAT-IMPORT 11-family taxonomy.
AE-FEAT-IMPORT-006R,individual_feature_log_odds_rebuild_20260602_gbm,raw_plus_latent,dynamic_csi,yoy_roe,52,140,mapped,2,yoy_changes,computed,143173,0.0,bounded GBM-only predictor workspace; not full final model-suite importance,mapped,Feature mapped to the canonical AE-FEAT-IMPORT 11-family taxonomy.
AE-FEAT-IMPORT-006R,individual_feature_log_odds_rebuild_20260602_gbm,raw_plus_latent,dynamic_csi,yoy_roic,53,141,mapped,2,yoy_changes,computed,143173,0.0,bounded GBM-only predictor workspace; not full final model-suite importance,mapped,Feature mapped to the canonical AE-FEAT-IMPORT 11-family taxonomy.
AE-FEAT-IMPORT-006R,individual_feature_log_odds_rebuild_20260602_gbm,raw_plus_latent,dynamic_csi,yoy_ebit_roa,54,142,mapped,2,yoy_changes,computed,143173,0.0,bounded GBM-only predictor workspace; not full final model-suite importance,mapped,Feature mapped to the canonical AE-FEAT-IMPORT 11-family taxonomy.
AE-FEAT-IMPORT-006R,individual_feature_log_odds_rebuild_20260602_gbm,raw_plus_latent,dynamic_csi,yoy_gross_margin,55,143,mapped,2,yoy_changes,computed,143173,0.0,bounded GBM-only predictor workspace; not full final model-suite importance,mapped,Feature mapped to the canonical AE-FEAT-IMPORT 11-family taxonomy.
AE-FEAT-IMPORT-006R,individual_feature_log_odds_rebuild_20260602_gbm,raw_plus_latent,dynamic_csi,yoy_ebitda_margin,56,144,mapped,2,yoy_changes,computed,143173,0.0,bounded GBM-only predictor workspace; not full final model-suite importance,mapped,Feature mapped to the canonical AE-FEAT-IMPORT 11-family taxonomy.
AE-FEAT-IMPORT-006R,individual_feature_log_odds_rebuild_20260602_gbm,raw_plus_latent,dynamic_csi,yoy_ocf_margin,57,145,mapped,2,yoy_changes,computed,143173,0.0,bounded GBM-only predictor workspace; not full final model-suite importance,mapped,Feature mapped to the canonical AE-FEAT-IMPORT 11-family taxonomy.
AE-FEAT-IMPORT-006R,individual_feature_log_odds_rebuild_20260602_gbm,raw_plus_latent,dynamic_csi,yoy_leverage,58,146,mapped,2,yoy_changes,computed,143173,0.0,bounded GBM-only predictor workspace; not full final model-suite importance,mapped,Feature mapped to the canonical AE-FEAT-IMPORT 11-family taxonomy.
AE-FEAT-IMPORT-006R,individual_feature_log_odds_rebuild_20260602_gbm,raw_plus_latent,dynamic_csi,yoy_net_debt_ebitda,59,147,mapped,2,yoy_changes,computed,143173,0.0,bounded GBM-only predictor workspace; not full final model-suite importance,mapped,Feature mapped to the canonical AE-FEAT-IMPORT 11-family taxonomy.
AE-FEAT-IMPORT-006R,individual_feature_log_odds_rebuild_20260602_gbm,raw_plus_latent,dynamic_csi,yoy_std_debt_pct,60,148,mapped,2,yoy_changes,computed,143173,0.0,bounded GBM-only predictor workspace; not full final model-suite importance,mapped,Feature mapped to the canonical AE-FEAT-IMPORT 11-family taxonomy.
AE-FEAT-IMPORT-006R,individual_feature_log_odds_rebuild_20260602_gbm,raw_plus_latent,dynamic_csi,yoy_eff_int_rate,61,149,mapped,2,yoy_changes,computed,143173,0.0,bounded GBM-only predictor workspace; not full final model-suite importance,mapped,Feature mapped to the canonical AE-FEAT-IMPORT 11-family taxonomy.
AE-FEAT-IMPORT-006R,individual_feature_log_odds_rebuild_20260602_gbm,raw_plus_latent,dynamic_csi,yoy_interest_cov,62,150,mapped,2,yoy_changes,computed,143173,0.0,bounded GBM-only predictor workspace; not full final model-suite importance,mapped,Feature mapped to the canonical AE-FEAT-IMPORT 11-family taxonomy.
AE-FEAT-IMPORT-006R,individual_feature_log_odds_rebuild_20260602_gbm,raw_plus_latent,dynamic_csi,yoy_dd1_ratio,63,151,mapped,2,yoy_changes,computed,143173,0.0,bounded GBM-only predictor workspace; not full final model-suite importance,mapped,Feature mapped to the canonical AE-FEAT-IMPORT 11-family taxonomy.
AE-FEAT-IMPORT-006R,individual_feature_log_odds_rebuild_20260602_gbm,raw_plus_latent,dynamic_csi,yoy_current_ratio,64,152,mapped,2,yoy_changes,computed,143173,0.0,bounded GBM-only predictor workspace; not full final model-suite importance,mapped,Feature mapped to the canonical AE-FEAT-IMPORT 11-family taxonomy.
AE-FEAT-IMPORT-006R,individual_feature_log_odds_rebuild_20260602_gbm,raw_plus_latent,dynamic_csi,yoy_quick_ratio,65,153,mapped,2,yoy_changes,computed,143173,0.0,bounded GBM-only predictor workspace; not full final model-suite importance,mapped,Feature mapped to the canonical AE-FEAT-IMPORT 11-family taxonomy.
AE-FEAT-IMPORT-006R,individual_feature_log_odds_rebuild_20260602_gbm,raw_plus_latent,dynamic_csi,yoy_cash_pct_act,66,154,mapped,2,yoy_changes,computed,143173,0.0,bounded GBM-only predictor workspace; not full final model-suite importance,mapped,Feature mapped to the canonical AE-FEAT-IMPORT 11-family taxonomy.
AE-FEAT-IMPORT-006R,individual_feature_log_odds_rebuild_20260602_gbm,raw_plus_latent,dynamic_csi,yoy_wcap_ratio,67,155,mapped,2,yoy_changes,computed,143173,0.0,bounded GBM-only predictor workspace; not full final model-suite importance,mapped,Feature mapped to the canonical AE-FEAT-IMPORT 11-family taxonomy.
AE-FEAT-IMPORT-006R,individual_feature_log_odds_rebuild_20260602_gbm,raw_plus_latent,dynamic_csi,yoy_div_yield,70,156,mapped,2,yoy_changes,computed,143173,0.0,bounded GBM-only predictor workspace; not full final model-suite importance,mapped,Feature mapped to the canonical AE-FEAT-IMPORT 11-family taxonomy.
AE-FEAT-IMPORT-006R,individual_feature_log_odds_rebuild_20260602_gbm,raw_plus_latent,dynamic_csi,yoy_mkt_to_book,71,157,mapped,2,yoy_changes,computed,143173,0.0,bounded GBM-only predictor workspace; not full final model-suite importance,mapped,Feature mapped to the canonical AE-FEAT-IMPORT 11-family taxonomy.
AE-FEAT-IMPORT-006R,individual_feature_log_odds_rebuild_20260602_gbm,raw_plus_latent,dynamic_csi,yoy_accruals_ratio,72,158,mapped,2,yoy_changes,computed,143173,0.0,bounded GBM-only predictor workspace; not full final model-suite importance,mapped,Feature mapped to the canonical AE-FEAT-IMPORT 11-family taxonomy.
AE-FEAT-IMPORT-006R,individual_feature_log_odds_rebuild_20260602_gbm,raw_plus_latent,dynamic_csi,yoy_asset_turnover,73,159,mapped,2,yoy_changes,computed,143173,0.0,bounded GBM-only predictor workspace; not full final model-suite importance,mapped,Feature mapped to the canonical AE-FEAT-IMPORT 11-family taxonomy.
AE-FEAT-IMPORT-006R,individual_feature_log_odds_rebuild_20260602_gbm,raw_plus_latent,dynamic_csi,yoy_capex_intensity,74,160,mapped,2,yoy_changes,computed,143173,0.0,bounded GBM-only predictor workspace; not full final model-suite importance,mapped,Feature mapped to the canonical AE-FEAT-IMPORT 11-family taxonomy.
AE-FEAT-IMPORT-006R,individual_feature_log_odds_rebuild_20260602_gbm,raw_plus_latent,dynamic_csi,yoy_rd_intensity,75,161,mapped,2,yoy_changes,computed,143173,0.0,bounded GBM-only predictor workspace; not full final model-suite importance,mapped,Feature mapped to the canonical AE-FEAT-IMPORT 11-family taxonomy.
AE-FEAT-IMPORT-006R,individual_feature_log_odds_rebuild_20260602_gbm,raw_plus_latent,dynamic_csi,yoy_reinvest_rate,76,162,mapped,2,yoy_changes,computed,143173,0.0,bounded GBM-only predictor workspace; not full final model-suite importance,mapped,Feature mapped to the canonical AE-FEAT-IMPORT 11-family taxonomy.
AE-FEAT-IMPORT-006R,individual_feature_log_odds_rebuild_20260602_gbm,raw_plus_latent,dynamic_csi,yoy_log_emp,79,163,mapped,2,yoy_changes,computed,143173,0.0,bounded GBM-only predictor workspace; not full final model-suite importance,mapped,Feature mapped to the canonical AE-FEAT-IMPORT 11-family taxonomy.
AE-FEAT-IMPORT-006R,individual_feature_log_odds_rebuild_20260602_gbm,raw_plus_latent,dynamic_csi,yoy_rental_ratio,80,164,mapped,2,yoy_changes,computed,143173,0.0,bounded GBM-only predictor workspace; not full final model-suite importance,mapped,Feature mapped to the canonical AE-FEAT-IMPORT 11-family taxonomy.
AE-FEAT-IMPORT-006R,individual_feature_log_odds_rebuild_20260602_gbm,raw_plus_latent,dynamic_csi,yoy_assets_per_emp,81,165,mapped,2,yoy_changes,computed,143173,0.0,bounded GBM-only predictor workspace; not full final model-suite importance,mapped,Feature mapped to the canonical AE-FEAT-IMPORT 11-family taxonomy.
AE-FEAT-IMPORT-006R,individual_feature_log_odds_rebuild_20260602_gbm,raw_plus_latent,dynamic_csi,yoy_ni_per_emp,82,166,mapped,2,yoy_changes,computed,143173,0.0,bounded GBM-only predictor workspace; not full final model-suite importance,mapped,Feature mapped to the canonical AE-FEAT-IMPORT 11-family taxonomy.
AE-FEAT-IMPORT-006R,individual_feature_log_odds_rebuild_20260602_gbm,raw_plus_latent,dynamic_csi,yoy_altman_z2,83,167,mapped,2,yoy_changes,computed,143173,0.0,bounded GBM-only predictor workspace; not full final model-suite importance,mapped,Feature mapped to the canonical AE-FEAT-IMPORT 11-family taxonomy.
AE-FEAT-IMPORT-006R,individual_feature_log_odds_rebuild_20260602_gbm,raw_plus_latent,dynamic_csi,yoy_altman_z,85,168,mapped,2,yoy_changes,computed,143173,0.0,bounded GBM-only predictor workspace; not full final model-suite importance,mapped,Feature mapped to the canonical AE-FEAT-IMPORT 11-family taxonomy.
AE-FEAT-IMPORT-006R,individual_feature_log_odds_rebuild_20260602_gbm,raw_plus_latent,dynamic_csi,yoy_invest_st_ratio,86,169,mapped,2,yoy_changes,computed,143173,0.0,bounded GBM-only predictor workspace; not full final model-suite importance,mapped,Feature mapped to the canonical AE-FEAT-IMPORT 11-family taxonomy.
AE-FEAT-IMPORT-006R,individual_feature_log_odds_rebuild_20260602_gbm,raw_plus_latent,dynamic_csi,yoy_log_return,87,170,mapped,2,yoy_changes,computed,143173,0.0,bounded GBM-only predictor workspace; not full final model-suite importance,mapped,Feature mapped to the canonical AE-FEAT-IMPORT 11-family taxonomy.
AE-FEAT-IMPORT-006R,individual_feature_log_odds_rebuild_20260602_gbm,raw_plus_latent,dynamic_csi,accel_earn_yld,89,171,mapped,3,acceleration,computed,143173,0.0,bounded GBM-only predictor workspace; not full final model-suite importance,mapped,Feature mapped to the canonical AE-FEAT-IMPORT 11-family taxonomy.
AE-FEAT-IMPORT-006R,individual_feature_log_odds_rebuild_20260602_gbm,raw_plus_latent,dynamic_csi,accel_ocf_per_share,90,172,mapped,3,acceleration,computed,143173,0.0,bounded GBM-only predictor workspace; not full final model-suite importance,mapped,Feature mapped to the canonical AE-FEAT-IMPORT 11-family taxonomy.
AE-FEAT-IMPORT-006R,individual_feature_log_odds_rebuild_20260602_gbm,raw_plus_latent,dynamic_csi,accel_roa,91,173,mapped,3,acceleration,computed,143173,0.0,bounded GBM-only predictor workspace; not full final model-suite importance,mapped,Feature mapped to the canonical AE-FEAT-IMPORT 11-family taxonomy.
AE-FEAT-IMPORT-006R,individual_feature_log_odds_rebuild_20260602_gbm,raw_plus_latent,dynamic_csi,accel_roe,92,174,mapped,3,acceleration,computed,143173,0.0,bounded GBM-only predictor workspace; not full final model-suite importance,mapped,Feature mapped to the canonical AE-FEAT-IMPORT 11-family taxonomy.
AE-FEAT-IMPORT-006R,individual_feature_log_odds_rebuild_20260602_gbm,raw_plus_latent,dynamic_csi,accel_roic,93,175,mapped,3,acceleration,computed,143173,0.0,bounded GBM-only predictor workspace; not full final model-suite importance,mapped,Feature mapped to the canonical AE-FEAT-IMPORT 11-family taxonomy.
AE-FEAT-IMPORT-006R,individual_feature_log_odds_rebuild_20260602_gbm,raw_plus_latent,dynamic_csi,accel_ebit_roa,94,176,mapped,3,acceleration,computed,143173,0.0,bounded GBM-only predictor workspace; not full final model-suite importance,mapped,Feature mapped to the canonical AE-FEAT-IMPORT 11-family taxonomy.
AE-FEAT-IMPORT-006R,individual_feature_log_odds_rebuild_20260602_gbm,raw_plus_latent,dynamic_csi,accel_gross_margin,95,177,mapped,3,acceleration,computed,143173,0.0,bounded GBM-only predictor workspace; not full final model-suite importance,mapped,Feature mapped to the canonical AE-FEAT-IMPORT 11-family taxonomy.
AE-FEAT-IMPORT-006R,individual_feature_log_odds_rebuild_20260602_gbm,raw_plus_latent,dynamic_csi,accel_ebitda_margin,96,178,mapped,3,acceleration,computed,143173,0.0,bounded GBM-only predictor workspace; not full final model-suite importance,mapped,Feature mapped to the canonical AE-FEAT-IMPORT 11-family taxonomy.
AE-FEAT-IMPORT-006R,individual_feature_log_odds_rebuild_20260602_gbm,raw_plus_latent,dynamic_csi,accel_ocf_margin,97,179,mapped,3,acceleration,computed,143173,0.0,bounded GBM-only predictor workspace; not full final model-suite importance,mapped,Feature mapped to the canonical AE-FEAT-IMPORT 11-family taxonomy.
AE-FEAT-IMPORT-006R,individual_feature_log_odds_rebuild_20260602_gbm,raw_plus_latent,dynamic_csi,accel_leverage,98,180,mapped,3,acceleration,computed,143173,0.0,bounded GBM-only predictor workspace; not full final model-suite importance,mapped,Feature mapped to the canonical AE-FEAT-IMPORT 11-family taxonomy.
AE-FEAT-IMPORT-006R,individual_feature_log_odds_rebuild_20260602_gbm,raw_plus_latent,dynamic_csi,accel_net_debt_ebitda,99,181,mapped,3,acceleration,computed,143173,0.0,bounded GBM-only predictor workspace; not full final model-suite importance,mapped,Feature mapped to the canonical AE-FEAT-IMPORT 11-family taxonomy.
AE-FEAT-IMPORT-006R,individual_feature_log_odds_rebuild_20260602_gbm,raw_plus_latent,dynamic_csi,accel_std_debt_pct,100,182,mapped,3,acceleration,computed,143173,0.0,bounded GBM-only predictor workspace; not full final model-suite importance,mapped,Feature mapped to the canonical AE-FEAT-IMPORT 11-family taxonomy.
AE-FEAT-IMPORT-006R,individual_feature_log_odds_rebuild_20260602_gbm,raw_plus_latent,dynamic_csi,accel_eff_int_rate,101,183,mapped,3,acceleration,computed,143173,0.0,bounded GBM-only predictor workspace; not full final model-suite importance,mapped,Feature mapped to the canonical AE-FEAT-IMPORT 11-family taxonomy.
AE-FEAT-IMPORT-006R,individual_feature_log_odds_rebuild_20260602_gbm,raw_plus_latent,dynamic_csi,accel_interest_cov,102,184,mapped,3,acceleration,computed,143173,0.0,bounded GBM-only predictor workspace; not full final model-suite importance,mapped,Feature mapped to the canonical AE-FEAT-IMPORT 11-family taxonomy.
AE-FEAT-IMPORT-006R,individual_feature_log_odds_rebuild_20260602_gbm,raw_plus_latent,dynamic_csi,accel_dd1_ratio,103,185,mapped,3,acceleration,computed,143173,0.0,bounded GBM-only predictor workspace; not full final model-suite importance,mapped,Feature mapped to the canonical AE-FEAT-IMPORT 11-family taxonomy.
AE-FEAT-IMPORT-006R,individual_feature_log_odds_rebuild_20260602_gbm,raw_plus_latent,dynamic_csi,accel_current_ratio,104,186,mapped,3,acceleration,computed,143173,0.0,bounded GBM-only predictor workspace; not full final model-suite importance,mapped,Feature mapped to the canonical AE-FEAT-IMPORT 11-family taxonomy.
AE-FEAT-IMPORT-006R,individual_feature_log_odds_rebuild_20260602_gbm,raw_plus_latent,dynamic_csi,accel_quick_ratio,105,187,mapped,3,acceleration,computed,143173,0.0,bounded GBM-only predictor workspace; not full final model-suite importance,mapped,Feature mapped to the canonical AE-FEAT-IMPORT 11-family taxonomy.
AE-FEAT-IMPORT-006R,individual_feature_log_odds_rebuild_20260602_gbm,raw_plus_latent,dynamic_csi,accel_cash_pct_act,106,188,mapped,3,acceleration,computed,143173,0.0,bounded GBM-only predictor workspace; not full final model-suite importance,mapped,Feature mapped to the canonical AE-FEAT-IMPORT 11-family taxonomy.
AE-FEAT-IMPORT-006R,individual_feature_log_odds_rebuild_20260602_gbm,raw_plus_latent,dynamic_csi,accel_wcap_ratio,107,189,mapped,3,acceleration,computed,143173,0.0,bounded GBM-only predictor workspace; not full final model-suite importance,mapped,Feature mapped to the canonical AE-FEAT-IMPORT 11-family taxonomy.
AE-FEAT-IMPORT-006R,individual_feature_log_odds_rebuild_20260602_gbm,raw_plus_latent,dynamic_csi,accel_bp_ratio,108,190,mapped,3,acceleration,computed,143173,0.0,bounded GBM-only predictor workspace; not full final model-suite importance,mapped,Feature mapped to the canonical AE-FEAT-IMPORT 11-family taxonomy.
AE-FEAT-IMPORT-006R,individual_feature_log_odds_rebuild_20260602_gbm,raw_plus_latent,dynamic_csi,accel_ev_to_sales,109,191,mapped,3,acceleration,computed,143173,0.0,bounded GBM-only predictor workspace; not full final model-suite importance,mapped,Feature mapped to the canonical AE-FEAT-IMPORT 11-family taxonomy.
AE-FEAT-IMPORT-006R,individual_feature_log_odds_rebuild_20260602_gbm,raw_plus_latent,dynamic_csi,accel_div_yield,110,192,mapped,3,acceleration,computed,143173,0.0,bounded GBM-only predictor workspace; not full final model-suite importance,mapped,Feature mapped to the canonical AE-FEAT-IMPORT 11-family taxonomy.
AE-FEAT-IMPORT-006R,individual_feature_log_odds_rebuild_20260602_gbm,raw_plus_latent,dynamic_csi,accel_mkt_to_book,111,193,mapped,3,acceleration,computed,143173,0.0,bounded GBM-only predictor workspace; not full final model-suite importance,mapped,Feature mapped to the canonical AE-FEAT-IMPORT 11-family taxonomy.
AE-FEAT-IMPORT-006R,individual_feature_log_odds_rebuild_20260602_gbm,raw_plus_latent,dynamic_csi,accel_accruals_ratio,112,194,mapped,3,acceleration,computed,143173,0.0,bounded GBM-only predictor workspace; not full final model-suite importance,mapped,Feature mapped to the canonical AE-FEAT-IMPORT 11-family taxonomy.
AE-FEAT-IMPORT-006R,individual_feature_log_odds_rebuild_20260602_gbm,raw_plus_latent,dynamic_csi,accel_asset_turnover,113,195,mapped,3,acceleration,computed,143173,0.0,bounded GBM-only predictor workspace; not full final model-suite importance,mapped,Feature mapped to the canonical AE-FEAT-IMPORT 11-family taxonomy.
AE-FEAT-IMPORT-006R,individual_feature_log_odds_rebuild_20260602_gbm,raw_plus_latent,dynamic_csi,accel_capex_intensity,114,196,mapped,3,acceleration,computed,143173,0.0,bounded GBM-only predictor workspace; not full final model-suite importance,mapped,Feature mapped to the canonical AE-FEAT-IMPORT 11-family taxonomy.
AE-FEAT-IMPORT-006R,individual_feature_log_odds_rebuild_20260602_gbm,raw_plus_latent,dynamic_csi,accel_rd_intensity,115,197,mapped,3,acceleration,computed,143173,0.0,bounded GBM-only predictor workspace; not full final model-suite importance,mapped,Feature mapped to the canonical AE-FEAT-IMPORT 11-family taxonomy.
AE-FEAT-IMPORT-006R,individual_feature_log_odds_rebuild_20260602_gbm,raw_plus_latent,dynamic_csi,accel_reinvest_rate,116,198,mapped,3,acceleration,computed,143173,0.0,bounded GBM-only predictor workspace; not full final model-suite importance,mapped,Feature mapped to the canonical AE-FEAT-IMPORT 11-family taxonomy.
AE-FEAT-IMPORT-006R,individual_feature_log_odds_rebuild_20260602_gbm,raw_plus_latent,dynamic_csi,accel_log_at,117,199,mapped,3,acceleration,computed,143173,0.0,bounded GBM-only predictor workspace; not full final model-suite importance,mapped,Feature mapped to the canonical AE-FEAT-IMPORT 11-family taxonomy.
AE-FEAT-IMPORT-006R,individual_feature_log_odds_rebuild_20260602_gbm,raw_plus_latent,dynamic_csi,accel_log_mkvalt,118,200,mapped,3,acceleration,computed,143173,0.0,bounded GBM-only predictor workspace; not full final model-suite importance,mapped,Feature mapped to the canonical AE-FEAT-IMPORT 11-family taxonomy.
AE-FEAT-IMPORT-006R,individual_feature_log_odds_rebuild_20260602_gbm,raw_plus_latent,dynamic_csi,accel_log_emp,119,201,mapped,3,acceleration,computed,143173,0.0,bounded GBM-only predictor workspace; not full final model-suite importance,mapped,Feature mapped to the canonical AE-FEAT-IMPORT 11-family taxonomy.
AE-FEAT-IMPORT-006R,individual_feature_log_odds_rebuild_20260602_gbm,raw_plus_latent,dynamic_csi,accel_rental_ratio,120,202,mapped,3,acceleration,computed,143173,0.0,bounded GBM-only predictor workspace; not full final model-suite importance,mapped,Feature mapped to the canonical AE-FEAT-IMPORT 11-family taxonomy.
AE-FEAT-IMPORT-006R,individual_feature_log_odds_rebuild_20260602_gbm,raw_plus_latent,dynamic_csi,accel_assets_per_emp,121,203,mapped,3,acceleration,computed,143173,0.0,bounded GBM-only predictor workspace; not full final model-suite importance,mapped,Feature mapped to the canonical AE-FEAT-IMPORT 11-family taxonomy.
AE-FEAT-IMPORT-006R,individual_feature_log_odds_rebuild_20260602_gbm,raw_plus_latent,dynamic_csi,accel_ni_per_emp,122,204,mapped,3,acceleration,computed,143173,0.0,bounded GBM-only predictor workspace; not full final model-suite importance,mapped,Feature mapped to the canonical AE-FEAT-IMPORT 11-family taxonomy.
AE-FEAT-IMPORT-006R,individual_feature_log_odds_rebuild_20260602_gbm,raw_plus_latent,dynamic_csi,accel_altman_z2,123,205,mapped,3,acceleration,computed,143173,0.0,bounded GBM-only predictor workspace; not full final model-suite importance,mapped,Feature mapped to the canonical AE-FEAT-IMPORT 11-family taxonomy.
AE-FEAT-IMPORT-006R,individual_feature_log_odds_rebuild_20260602_gbm,raw_plus_latent,dynamic_csi,accel_altman_z4,124,206,mapped,3,acceleration,computed,143173,0.0,bounded GBM-only predictor workspace; not full final model-suite importance,mapped,Feature mapped to the canonical AE-FEAT-IMPORT 11-family taxonomy.
AE-FEAT-IMPORT-006R,individual_feature_log_odds_rebuild_20260602_gbm,raw_plus_latent,dynamic_csi,accel_altman_z,125,207,mapped,3,acceleration,computed,143173,0.0,bounded GBM-only predictor workspace; not full final model-suite importance,mapped,Feature mapped to the canonical AE-FEAT-IMPORT 11-family taxonomy.
AE-FEAT-IMPORT-006R,individual_feature_log_odds_rebuild_20260602_gbm,raw_plus_latent,dynamic_csi,accel_invest_st_ratio,126,208,mapped,3,acceleration,computed,143173,0.0,bounded GBM-only predictor workspace; not full final model-suite importance,mapped,Feature mapped to the canonical AE-FEAT-IMPORT 11-family taxonomy.
AE-FEAT-IMPORT-006R,individual_feature_log_odds_rebuild_20260602_gbm,raw_plus_latent,dynamic_csi,accel_log_return,127,209,mapped,3,acceleration,computed,143173,0.0,bounded GBM-only predictor workspace; not full final model-suite importance,mapped,Feature mapped to the canonical AE-FEAT-IMPORT 11-family taxonomy.
AE-FEAT-IMPORT-006R,individual_feature_log_odds_rebuild_20260602_gbm,raw_plus_latent,dynamic_csi,accel_ann_return,128,210,mapped,3,acceleration,computed,143173,0.0,bounded GBM-only predictor workspace; not full final model-suite importance,mapped,Feature mapped to the canonical AE-FEAT-IMPORT 11-family taxonomy.
AE-FEAT-IMPORT-006R,individual_feature_log_odds_rebuild_20260602_gbm,raw_plus_latent,dynamic_csi,expmean_ocf_per_share,130,211,mapped,4,expanding_mean,computed,143173,0.0,bounded GBM-only predictor workspace; not full final model-suite importance,mapped,Feature mapped to the canonical AE-FEAT-IMPORT 11-family taxonomy.
AE-FEAT-IMPORT-006R,individual_feature_log_odds_rebuild_20260602_gbm,raw_plus_latent,dynamic_csi,expmean_roa,131,212,mapped,4,expanding_mean,computed,143173,0.0,bounded GBM-only predictor workspace; not full final model-suite importance,mapped,Feature mapped to the canonical AE-FEAT-IMPORT 11-family taxonomy.
AE-FEAT-IMPORT-006R,individual_feature_log_odds_rebuild_20260602_gbm,raw_plus_latent,dynamic_csi,expmean_roe,132,213,mapped,4,expanding_mean,computed,143173,0.0,bounded GBM-only predictor workspace; not full final model-suite importance,mapped,Feature mapped to the canonical AE-FEAT-IMPORT 11-family taxonomy.
AE-FEAT-IMPORT-006R,individual_feature_log_odds_rebuild_20260602_gbm,raw_plus_latent,dynamic_csi,expmean_roic,133,214,mapped,4,expanding_mean,computed,143173,0.0,bounded GBM-only predictor workspace; not full final model-suite importance,mapped,Feature mapped to the canonical AE-FEAT-IMPORT 11-family taxonomy.
AE-FEAT-IMPORT-006R,individual_feature_log_odds_rebuild_20260602_gbm,raw_plus_latent,dynamic_csi,expmean_ebit_roa,134,215,mapped,4,expanding_mean,computed,143173,0.0,bounded GBM-only predictor workspace; not full final model-suite importance,mapped,Feature mapped to the canonical AE-FEAT-IMPORT 11-family taxonomy.
AE-FEAT-IMPORT-006R,individual_feature_log_odds_rebuild_20260602_gbm,raw_plus_latent,dynamic_csi,expmean_gross_margin,135,216,mapped,4,expanding_mean,computed,143173,0.0,bounded GBM-only predictor workspace; not full final model-suite importance,mapped,Feature mapped to the canonical AE-FEAT-IMPORT 11-family taxonomy.
AE-FEAT-IMPORT-006R,individual_feature_log_odds_rebuild_20260602_gbm,raw_plus_latent,dynamic_csi,expmean_ebitda_margin,136,217,mapped,4,expanding_mean,computed,143173,0.0,bounded GBM-only predictor workspace; not full final model-suite importance,mapped,Feature mapped to the canonical AE-FEAT-IMPORT 11-family taxonomy.
AE-FEAT-IMPORT-006R,individual_feature_log_odds_rebuild_20260602_gbm,raw_plus_latent,dynamic_csi,expmean_ocf_margin,137,218,mapped,4,expanding_mean,computed,143173,0.0,bounded GBM-only predictor workspace; not full final model-suite importance,mapped,Feature mapped to the canonical AE-FEAT-IMPORT 11-family taxonomy.
AE-FEAT-IMPORT-006R,individual_feature_log_odds_rebuild_20260602_gbm,raw_plus_latent,dynamic_csi,expmean_leverage,138,219,mapped,4,expanding_mean,computed,143173,0.0,bounded GBM-only predictor workspace; not full final model-suite importance,mapped,Feature mapped to the canonical AE-FEAT-IMPORT 11-family taxonomy.
AE-FEAT-IMPORT-006R,individual_feature_log_odds_rebuild_20260602_gbm,raw_plus_latent,dynamic_csi,expmean_net_debt_ebitda,139,220,mapped,4,expanding_mean,computed,143173,0.0,bounded GBM-only predictor workspace; not full final model-suite importance,mapped,Feature mapped to the canonical AE-FEAT-IMPORT 11-family taxonomy.
AE-FEAT-IMPORT-006R,individual_feature_log_odds_rebuild_20260602_gbm,raw_plus_latent,dynamic_csi,expmean_std_debt_pct,140,221,mapped,4,expanding_mean,computed,143173,0.0,bounded GBM-only predictor workspace; not full final model-suite importance,mapped,Feature mapped to the canonical AE-FEAT-IMPORT 11-family taxonomy.
AE-FEAT-IMPORT-006R,individual_feature_log_odds_rebuild_20260602_gbm,raw_plus_latent,dynamic_csi,expmean_eff_int_rate,141,222,mapped,4,expanding_mean,computed,143173,0.0,bounded GBM-only predictor workspace; not full final model-suite importance,mapped,Feature mapped to the canonical AE-FEAT-IMPORT 11-family taxonomy.
AE-FEAT-IMPORT-006R,individual_feature_log_odds_rebuild_20260602_gbm,raw_plus_latent,dynamic_csi,expmean_interest_cov,142,223,mapped,4,expanding_mean,computed,143173,0.0,bounded GBM-only predictor workspace; not full final model-suite importance,mapped,Feature mapped to the canonical AE-FEAT-IMPORT 11-family taxonomy.
AE-FEAT-IMPORT-006R,individual_feature_log_odds_rebuild_20260602_gbm,raw_plus_latent,dynamic_csi,expmean_dd1_ratio,143,224,mapped,4,expanding_mean,computed,143173,0.0,bounded GBM-only predictor workspace; not full final model-suite importance,mapped,Feature mapped to the canonical AE-FEAT-IMPORT 11-family taxonomy.
AE-FEAT-IMPORT-006R,individual_feature_log_odds_rebuild_20260602_gbm,raw_plus_latent,dynamic_csi,expmean_quick_ratio,145,225,mapped,4,expanding_mean,computed,143173,0.0,bounded GBM-only predictor workspace; not full final model-suite importance,mapped,Feature mapped to the canonical AE-FEAT-IMPORT 11-family taxonomy.
AE-FEAT-IMPORT-006R,individual_feature_log_odds_rebuild_20260602_gbm,raw_plus_latent,dynamic_csi,expmean_wcap_ratio,147,226,mapped,4,expanding_mean,computed,143173,0.0,bounded GBM-only predictor workspace; not full final model-suite importance,mapped,Feature mapped to the canonical AE-FEAT-IMPORT 11-family taxonomy.
AE-FEAT-IMPORT-006R,individual_feature_log_odds_rebuild_20260602_gbm,raw_plus_latent,dynamic_csi,expmean_ev_to_sales,149,227,mapped,4,expanding_mean,computed,143173,0.0,bounded GBM-only predictor workspace; not full final model-suite importance,mapped,Feature mapped to the canonical AE-FEAT-IMPORT 11-family taxonomy.
AE-FEAT-IMPORT-006R,individual_feature_log_odds_rebuild_20260602_gbm,raw_plus_latent,dynamic_csi,expmean_div_yield,150,228,mapped,4,expanding_mean,computed,143173,0.0,bounded GBM-only predictor workspace; not full final model-suite importance,mapped,Feature mapped to the canonical AE-FEAT-IMPORT 11-family taxonomy.
AE-FEAT-IMPORT-006R,individual_feature_log_odds_rebuild_20260602_gbm,raw_plus_latent,dynamic_csi,expmean_mkt_to_book,151,229,mapped,4,expanding_mean,computed,143173,0.0,bounded GBM-only predictor workspace; not full final model-suite importance,mapped,Feature mapped to the canonical AE-FEAT-IMPORT 11-family taxonomy.
AE-FEAT-IMPORT-006R,individual_feature_log_odds_rebuild_20260602_gbm,raw_plus_latent,dynamic_csi,expmean_accruals_ratio,152,230,mapped,4,expanding_mean,computed,143173,0.0,bounded GBM-only predictor workspace; not full final model-suite importance,mapped,Feature mapped to the canonical AE-FEAT-IMPORT 11-family taxonomy.
AE-FEAT-IMPORT-006R,individual_feature_log_odds_rebuild_20260602_gbm,raw_plus_latent,dynamic_csi,expmean_capex_intensity,154,231,mapped,4,expanding_mean,computed,143173,0.0,bounded GBM-only predictor workspace; not full final model-suite importance,mapped,Feature mapped to the canonical AE-FEAT-IMPORT 11-family taxonomy.
AE-FEAT-IMPORT-006R,individual_feature_log_odds_rebuild_20260602_gbm,raw_plus_latent,dynamic_csi,expmean_rd_intensity,155,232,mapped,4,expanding_mean,computed,143173,0.0,bounded GBM-only predictor workspace; not full final model-suite importance,mapped,Feature mapped to the canonical AE-FEAT-IMPORT 11-family taxonomy.
AE-FEAT-IMPORT-006R,individual_feature_log_odds_rebuild_20260602_gbm,raw_plus_latent,dynamic_csi,expmean_log_at,157,233,mapped,4,expanding_mean,computed,143173,0.0,bounded GBM-only predictor workspace; not full final model-suite importance,mapped,Feature mapped to the canonical AE-FEAT-IMPORT 11-family taxonomy.
AE-FEAT-IMPORT-006R,individual_feature_log_odds_rebuild_20260602_gbm,raw_plus_latent,dynamic_csi,expmean_log_mkvalt,158,234,mapped,4,expanding_mean,computed,143173,0.0,bounded GBM-only predictor workspace; not full final model-suite importance,mapped,Feature mapped to the canonical AE-FEAT-IMPORT 11-family taxonomy.
AE-FEAT-IMPORT-006R,individual_feature_log_odds_rebuild_20260602_gbm,raw_plus_latent,dynamic_csi,expmean_log_emp,159,235,mapped,4,expanding_mean,computed,143173,0.0,bounded GBM-only predictor workspace; not full final model-suite importance,mapped,Feature mapped to the canonical AE-FEAT-IMPORT 11-family taxonomy.
AE-FEAT-IMPORT-006R,individual_feature_log_odds_rebuild_20260602_gbm,raw_plus_latent,dynamic_csi,expmean_assets_per_emp,161,236,mapped,4,expanding_mean,computed,143173,0.0,bounded GBM-only predictor workspace; not full final model-suite importance,mapped,Feature mapped to the canonical AE-FEAT-IMPORT 11-family taxonomy.
AE-FEAT-IMPORT-006R,individual_feature_log_odds_rebuild_20260602_gbm,raw_plus_latent,dynamic_csi,expmean_ni_per_emp,162,237,mapped,4,expanding_mean,computed,143173,0.0,bounded GBM-only predictor workspace; not full final model-suite importance,mapped,Feature mapped to the canonical AE-FEAT-IMPORT 11-family taxonomy.
AE-FEAT-IMPORT-006R,individual_feature_log_odds_rebuild_20260602_gbm,raw_plus_latent,dynamic_csi,expmean_altman_z2,163,238,mapped,4,expanding_mean,computed,143173,0.0,bounded GBM-only predictor workspace; not full final model-suite importance,mapped,Feature mapped to the canonical AE-FEAT-IMPORT 11-family taxonomy.
AE-FEAT-IMPORT-006R,individual_feature_log_odds_rebuild_20260602_gbm,raw_plus_latent,dynamic_csi,expmean_altman_z4,164,239,mapped,4,expanding_mean,computed,143173,0.0,bounded GBM-only predictor workspace; not full final model-suite importance,mapped,Feature mapped to the canonical AE-FEAT-IMPORT 11-family taxonomy.
AE-FEAT-IMPORT-006R,individual_feature_log_odds_rebuild_20260602_gbm,raw_plus_latent,dynamic_csi,expmean_altman_z,165,240,mapped,4,expanding_mean,computed,143173,0.0,bounded GBM-only predictor workspace; not full final model-suite importance,mapped,Feature mapped to the canonical AE-FEAT-IMPORT 11-family taxonomy.
AE-FEAT-IMPORT-006R,individual_feature_log_odds_rebuild_20260602_gbm,raw_plus_latent,dynamic_csi,expmean_invest_st_ratio,166,241,mapped,4,expanding_mean,computed,143173,0.0,bounded GBM-only predictor workspace; not full final model-suite importance,mapped,Feature mapped to the canonical AE-FEAT-IMPORT 11-family taxonomy.
AE-FEAT-IMPORT-006R,individual_feature_log_odds_rebuild_20260602_gbm,raw_plus_latent,dynamic_csi,expmean_ann_return,168,242,mapped,4,expanding_mean,computed,143173,0.0,bounded GBM-only predictor workspace; not full final model-suite importance,mapped,Feature mapped to the canonical AE-FEAT-IMPORT 11-family taxonomy.
AE-FEAT-IMPORT-006R,individual_feature_log_odds_rebuild_20260602_gbm,raw_plus_latent,dynamic_csi,expvol_earn_yld,169,243,mapped,5,expanding_volatility,computed,143173,0.0,bounded GBM-only predictor workspace; not full final model-suite importance,mapped,Feature mapped to the canonical AE-FEAT-IMPORT 11-family taxonomy.
AE-FEAT-IMPORT-006R,individual_feature_log_odds_rebuild_20260602_gbm,raw_plus_latent,dynamic_csi,expvol_ocf_per_share,170,244,mapped,5,expanding_volatility,computed,143173,0.0,bounded GBM-only predictor workspace; not full final model-suite importance,mapped,Feature mapped to the canonical AE-FEAT-IMPORT 11-family taxonomy.
AE-FEAT-IMPORT-006R,individual_feature_log_odds_rebuild_20260602_gbm,raw_plus_latent,dynamic_csi,expvol_roa,171,245,mapped,5,expanding_volatility,computed,143173,0.0,bounded GBM-only predictor workspace; not full final model-suite importance,mapped,Feature mapped to the canonical AE-FEAT-IMPORT 11-family taxonomy.
AE-FEAT-IMPORT-006R,individual_feature_log_odds_rebuild_20260602_gbm,raw_plus_latent,dynamic_csi,expvol_roic,173,246,mapped,5,expanding_volatility,computed,143173,0.0,bounded GBM-only predictor workspace; not full final model-suite importance,mapped,Feature mapped to the canonical AE-FEAT-IMPORT 11-family taxonomy.
AE-FEAT-IMPORT-006R,individual_feature_log_odds_rebuild_20260602_gbm,raw_plus_latent,dynamic_csi,expvol_ebit_roa,174,247,mapped,5,expanding_volatility,computed,143173,0.0,bounded GBM-only predictor workspace; not full final model-suite importance,mapped,Feature mapped to the canonical AE-FEAT-IMPORT 11-family taxonomy.
AE-FEAT-IMPORT-006R,individual_feature_log_odds_rebuild_20260602_gbm,raw_plus_latent,dynamic_csi,expvol_gross_margin,175,248,mapped,5,expanding_volatility,computed,143173,0.0,bounded GBM-only predictor workspace; not full final model-suite importance,mapped,Feature mapped to the canonical AE-FEAT-IMPORT 11-family taxonomy.
AE-FEAT-IMPORT-006R,individual_feature_log_odds_rebuild_20260602_gbm,raw_plus_latent,dynamic_csi,expvol_ebitda_margin,176,249,mapped,5,expanding_volatility,computed,143173,0.0,bounded GBM-only predictor workspace; not full final model-suite importance,mapped,Feature mapped to the canonical AE-FEAT-IMPORT 11-family taxonomy.
AE-FEAT-IMPORT-006R,individual_feature_log_odds_rebuild_20260602_gbm,raw_plus_latent,dynamic_csi,expvol_ocf_margin,177,250,mapped,5,expanding_volatility,computed,143173,0.0,bounded GBM-only predictor workspace; not full final model-suite importance,mapped,Feature mapped to the canonical AE-FEAT-IMPORT 11-family taxonomy.
AE-FEAT-IMPORT-006R,individual_feature_log_odds_rebuild_20260602_gbm,raw_plus_latent,dynamic_csi,expvol_leverage,178,251,mapped,5,expanding_volatility,computed,143173,0.0,bounded GBM-only predictor workspace; not full final model-suite importance,mapped,Feature mapped to the canonical AE-FEAT-IMPORT 11-family taxonomy.
AE-FEAT-IMPORT-006R,individual_feature_log_odds_rebuild_20260602_gbm,raw_plus_latent,dynamic_csi,expvol_net_debt_ebitda,179,252,mapped,5,expanding_volatility,computed,143173,0.0,bounded GBM-only predictor workspace; not full final model-suite importance,mapped,Feature mapped to the canonical AE-FEAT-IMPORT 11-family taxonomy.
AE-FEAT-IMPORT-006R,individual_feature_log_odds_rebuild_20260602_gbm,raw_plus_latent,dynamic_csi,expvol_std_debt_pct,180,253,mapped,5,expanding_volatility,computed,143173,0.0,bounded GBM-only predictor workspace; not full final model-suite importance,mapped,Feature mapped to the canonical AE-FEAT-IMPORT 11-family taxonomy.
AE-FEAT-IMPORT-006R,individual_feature_log_odds_rebuild_20260602_gbm,raw_plus_latent,dynamic_csi,expvol_eff_int_rate,181,254,mapped,5,expanding_volatility,computed,143173,0.0,bounded GBM-only predictor workspace; not full final model-suite importance,mapped,Feature mapped to the canonical AE-FEAT-IMPORT 11-family taxonomy.
AE-FEAT-IMPORT-006R,individual_feature_log_odds_rebuild_20260602_gbm,raw_plus_latent,dynamic_csi,expvol_interest_cov,182,255,mapped,5,expanding_volatility,computed,143173,0.0,bounded GBM-only predictor workspace; not full final model-suite importance,mapped,Feature mapped to the canonical AE-FEAT-IMPORT 11-family taxonomy.
AE-FEAT-IMPORT-006R,individual_feature_log_odds_rebuild_20260602_gbm,raw_plus_latent,dynamic_csi,expvol_dd1_ratio,183,256,mapped,5,expanding_volatility,computed,143173,0.0,bounded GBM-only predictor workspace; not full final model-suite importance,mapped,Feature mapped to the canonical AE-FEAT-IMPORT 11-family taxonomy.
AE-FEAT-IMPORT-006R,individual_feature_log_odds_rebuild_20260602_gbm,raw_plus_latent,dynamic_csi,expvol_current_ratio,184,257,mapped,5,expanding_volatility,computed,143173,0.0,bounded GBM-only predictor workspace; not full final model-suite importance,mapped,Feature mapped to the canonical AE-FEAT-IMPORT 11-family taxonomy.
AE-FEAT-IMPORT-006R,individual_feature_log_odds_rebuild_20260602_gbm,raw_plus_latent,dynamic_csi,expvol_quick_ratio,185,258,mapped,5,expanding_volatility,computed,143173,0.0,bounded GBM-only predictor workspace; not full final model-suite importance,mapped,Feature mapped to the canonical AE-FEAT-IMPORT 11-family taxonomy.
AE-FEAT-IMPORT-006R,individual_feature_log_odds_rebuild_20260602_gbm,raw_plus_latent,dynamic_csi,expvol_cash_pct_act,186,259,mapped,5,expanding_volatility,computed,143173,0.0,bounded GBM-only predictor workspace; not full final model-suite importance,mapped,Feature mapped to the canonical AE-FEAT-IMPORT 11-family taxonomy.
AE-FEAT-IMPORT-006R,individual_feature_log_odds_rebuild_20260602_gbm,raw_plus_latent,dynamic_csi,expvol_wcap_ratio,187,260,mapped,5,expanding_volatility,computed,143173,0.0,bounded GBM-only predictor workspace; not full final model-suite importance,mapped,Feature mapped to the canonical AE-FEAT-IMPORT 11-family taxonomy.
AE-FEAT-IMPORT-006R,individual_feature_log_odds_rebuild_20260602_gbm,raw_plus_latent,dynamic_csi,expvol_bp_ratio,188,261,mapped,5,expanding_volatility,computed,143173,0.0,bounded GBM-only predictor workspace; not full final model-suite importance,mapped,Feature mapped to the canonical AE-FEAT-IMPORT 11-family taxonomy.
AE-FEAT-IMPORT-006R,individual_feature_log_odds_rebuild_20260602_gbm,raw_plus_latent,dynamic_csi,expvol_ev_to_sales,189,262,mapped,5,expanding_volatility,computed,143173,0.0,bounded GBM-only predictor workspace; not full final model-suite importance,mapped,Feature mapped to the canonical AE-FEAT-IMPORT 11-family taxonomy.
AE-FEAT-IMPORT-006R,individual_feature_log_odds_rebuild_20260602_gbm,raw_plus_latent,dynamic_csi,expvol_div_yield,190,263,mapped,5,expanding_volatility,computed,143173,0.0,bounded GBM-only predictor workspace; not full final model-suite importance,mapped,Feature mapped to the canonical AE-FEAT-IMPORT 11-family taxonomy.
AE-FEAT-IMPORT-006R,individual_feature_log_odds_rebuild_20260602_gbm,raw_plus_latent,dynamic_csi,expvol_mkt_to_book,191,264,mapped,5,expanding_volatility,computed,143173,0.0,bounded GBM-only predictor workspace; not full final model-suite importance,mapped,Feature mapped to the canonical AE-FEAT-IMPORT 11-family taxonomy.
AE-FEAT-IMPORT-006R,individual_feature_log_odds_rebuild_20260602_gbm,raw_plus_latent,dynamic_csi,expvol_asset_turnover,193,265,mapped,5,expanding_volatility,computed,143173,0.0,bounded GBM-only predictor workspace; not full final model-suite importance,mapped,Feature mapped to the canonical AE-FEAT-IMPORT 11-family taxonomy.
AE-FEAT-IMPORT-006R,individual_feature_log_odds_rebuild_20260602_gbm,raw_plus_latent,dynamic_csi,expvol_capex_intensity,194,266,mapped,5,expanding_volatility,computed,143173,0.0,bounded GBM-only predictor workspace; not full final model-suite importance,mapped,Feature mapped to the canonical AE-FEAT-IMPORT 11-family taxonomy.
AE-FEAT-IMPORT-006R,individual_feature_log_odds_rebuild_20260602_gbm,raw_plus_latent,dynamic_csi,expvol_rd_intensity,195,267,mapped,5,expanding_volatility,computed,143173,0.0,bounded GBM-only predictor workspace; not full final model-suite importance,mapped,Feature mapped to the canonical AE-FEAT-IMPORT 11-family taxonomy.
AE-FEAT-IMPORT-006R,individual_feature_log_odds_rebuild_20260602_gbm,raw_plus_latent,dynamic_csi,expvol_reinvest_rate,196,268,mapped,5,expanding_volatility,computed,143173,0.0,bounded GBM-only predictor workspace; not full final model-suite importance,mapped,Feature mapped to the canonical AE-FEAT-IMPORT 11-family taxonomy.
AE-FEAT-IMPORT-006R,individual_feature_log_odds_rebuild_20260602_gbm,raw_plus_latent,dynamic_csi,expvol_log_mkvalt,198,269,mapped,5,expanding_volatility,computed,143173,0.0,bounded GBM-only predictor workspace; not full final model-suite importance,mapped,Feature mapped to the canonical AE-FEAT-IMPORT 11-family taxonomy.
AE-FEAT-IMPORT-006R,individual_feature_log_odds_rebuild_20260602_gbm,raw_plus_latent,dynamic_csi,expvol_log_emp,199,270,mapped,5,expanding_volatility,computed,143173,0.0,bounded GBM-only predictor workspace; not full final model-suite importance,mapped,Feature mapped to the canonical AE-FEAT-IMPORT 11-family taxonomy.
AE-FEAT-IMPORT-006R,individual_feature_log_odds_rebuild_20260602_gbm,raw_plus_latent,dynamic_csi,expvol_rental_ratio,200,271,mapped,5,expanding_volatility,computed,143173,0.0,bounded GBM-only predictor workspace; not full final model-suite importance,mapped,Feature mapped to the canonical AE-FEAT-IMPORT 11-family taxonomy.
AE-FEAT-IMPORT-006R,individual_feature_log_odds_rebuild_20260602_gbm,raw_plus_latent,dynamic_csi,expvol_assets_per_emp,201,272,mapped,5,expanding_volatility,computed,143173,0.0,bounded GBM-only predictor workspace; not full final model-suite importance,mapped,Feature mapped to the canonical AE-FEAT-IMPORT 11-family taxonomy.
AE-FEAT-IMPORT-006R,individual_feature_log_odds_rebuild_20260602_gbm,raw_plus_latent,dynamic_csi,expvol_ni_per_emp,202,273,mapped,5,expanding_volatility,computed,143173,0.0,bounded GBM-only predictor workspace; not full final model-suite importance,mapped,Feature mapped to the canonical AE-FEAT-IMPORT 11-family taxonomy.
AE-FEAT-IMPORT-006R,individual_feature_log_odds_rebuild_20260602_gbm,raw_plus_latent,dynamic_csi,expvol_altman_z2,203,274,mapped,5,expanding_volatility,computed,143173,0.0,bounded GBM-only predictor workspace; not full final model-suite importance,mapped,Feature mapped to the canonical AE-FEAT-IMPORT 11-family taxonomy.
AE-FEAT-IMPORT-006R,individual_feature_log_odds_rebuild_20260602_gbm,raw_plus_latent,dynamic_csi,expvol_altman_z4,204,275,mapped,5,expanding_volatility,computed,143173,0.0,bounded GBM-only predictor workspace; not full final model-suite importance,mapped,Feature mapped to the canonical AE-FEAT-IMPORT 11-family taxonomy.
AE-FEAT-IMPORT-006R,individual_feature_log_odds_rebuild_20260602_gbm,raw_plus_latent,dynamic_csi,expvol_altman_z,205,276,mapped,5,expanding_volatility,computed,143173,0.0,bounded GBM-only predictor workspace; not full final model-suite importance,mapped,Feature mapped to the canonical AE-FEAT-IMPORT 11-family taxonomy.
AE-FEAT-IMPORT-006R,individual_feature_log_odds_rebuild_20260602_gbm,raw_plus_latent,dynamic_csi,expvol_invest_st_ratio,206,277,mapped,5,expanding_volatility,computed,143173,0.0,bounded GBM-only predictor workspace; not full final model-suite importance,mapped,Feature mapped to the canonical AE-FEAT-IMPORT 11-family taxonomy.
AE-FEAT-IMPORT-006R,individual_feature_log_odds_rebuild_20260602_gbm,raw_plus_latent,dynamic_csi,expvol_log_return,207,278,mapped,5,expanding_volatility,computed,143173,0.0,bounded GBM-only predictor workspace; not full final model-suite importance,mapped,Feature mapped to the canonical AE-FEAT-IMPORT 11-family taxonomy.
AE-FEAT-IMPORT-006R,individual_feature_log_odds_rebuild_20260602_gbm,raw_plus_latent,dynamic_csi,expvol_ann_return,208,279,mapped,5,expanding_volatility,computed,143173,0.0,bounded GBM-only predictor workspace; not full final model-suite importance,mapped,Feature mapped to the canonical AE-FEAT-IMPORT 11-family taxonomy.
AE-FEAT-IMPORT-006R,individual_feature_log_odds_rebuild_20260602_gbm,raw_plus_latent,dynamic_csi,peak_drop_earn_yld,209,280,mapped,6,peak_deterioration,computed,143173,0.0,bounded GBM-only predictor workspace; not full final model-suite importance,mapped,Feature mapped to the canonical AE-FEAT-IMPORT 11-family taxonomy.
AE-FEAT-IMPORT-006R,individual_feature_log_odds_rebuild_20260602_gbm,raw_plus_latent,dynamic_csi,peak_drop_ocf_per_share,210,281,mapped,6,peak_deterioration,computed,143173,0.0,bounded GBM-only predictor workspace; not full final model-suite importance,mapped,Feature mapped to the canonical AE-FEAT-IMPORT 11-family taxonomy.
AE-FEAT-IMPORT-006R,individual_feature_log_odds_rebuild_20260602_gbm,raw_plus_latent,dynamic_csi,peak_drop_roic,213,282,mapped,6,peak_deterioration,computed,143173,0.0,bounded GBM-only predictor workspace; not full final model-suite importance,mapped,Feature mapped to the canonical AE-FEAT-IMPORT 11-family taxonomy.
AE-FEAT-IMPORT-006R,individual_feature_log_odds_rebuild_20260602_gbm,raw_plus_latent,dynamic_csi,peak_drop_ebit_roa,214,283,mapped,6,peak_deterioration,computed,143173,0.0,bounded GBM-only predictor workspace; not full final model-suite importance,mapped,Feature mapped to the canonical AE-FEAT-IMPORT 11-family taxonomy.
AE-FEAT-IMPORT-006R,individual_feature_log_odds_rebuild_20260602_gbm,raw_plus_latent,dynamic_csi,peak_drop_gross_margin,215,284,mapped,6,peak_deterioration,computed,143173,0.0,bounded GBM-only predictor workspace; not full final model-suite importance,mapped,Feature mapped to the canonical AE-FEAT-IMPORT 11-family taxonomy.
AE-FEAT-IMPORT-006R,individual_feature_log_odds_rebuild_20260602_gbm,raw_plus_latent,dynamic_csi,peak_drop_ebitda_margin,216,285,mapped,6,peak_deterioration,computed,143173,0.0,bounded GBM-only predictor workspace; not full final model-suite importance,mapped,Feature mapped to the canonical AE-FEAT-IMPORT 11-family taxonomy.
AE-FEAT-IMPORT-006R,individual_feature_log_odds_rebuild_20260602_gbm,raw_plus_latent,dynamic_csi,peak_drop_ocf_margin,217,286,mapped,6,peak_deterioration,computed,143173,0.0,bounded GBM-only predictor workspace; not full final model-suite importance,mapped,Feature mapped to the canonical AE-FEAT-IMPORT 11-family taxonomy.
AE-FEAT-IMPORT-006R,individual_feature_log_odds_rebuild_20260602_gbm,raw_plus_latent,dynamic_csi,peak_drop_current_ratio,218,287,mapped,6,peak_deterioration,computed,143173,0.0,bounded GBM-only predictor workspace; not full final model-suite importance,mapped,Feature mapped to the canonical AE-FEAT-IMPORT 11-family taxonomy.
AE-FEAT-IMPORT-006R,individual_feature_log_odds_rebuild_20260602_gbm,raw_plus_latent,dynamic_csi,peak_drop_quick_ratio,219,288,mapped,6,peak_deterioration,computed,143173,0.0,bounded GBM-only predictor workspace; not full final model-suite importance,mapped,Feature mapped to the canonical AE-FEAT-IMPORT 11-family taxonomy.
AE-FEAT-IMPORT-006R,individual_feature_log_odds_rebuild_20260602_gbm,raw_plus_latent,dynamic_csi,peak_drop_cash_pct_act,220,289,mapped,6,peak_deterioration,computed,143173,0.0,bounded GBM-only predictor workspace; not full final model-suite importance,mapped,Feature mapped to the canonical AE-FEAT-IMPORT 11-family taxonomy.
AE-FEAT-IMPORT-006R,individual_feature_log_odds_rebuild_20260602_gbm,raw_plus_latent,dynamic_csi,peak_drop_wcap_ratio,221,290,mapped,6,peak_deterioration,computed,143173,0.0,bounded GBM-only predictor workspace; not full final model-suite importance,mapped,Feature mapped to the canonical AE-FEAT-IMPORT 11-family taxonomy.
AE-FEAT-IMPORT-006R,individual_feature_log_odds_rebuild_20260602_gbm,raw_plus_latent,dynamic_csi,peak_drop_interest_cov,222,291,mapped,6,peak_deterioration,computed,143173,0.0,bounded GBM-only predictor workspace; not full final model-suite importance,mapped,Feature mapped to the canonical AE-FEAT-IMPORT 11-family taxonomy.
AE-FEAT-IMPORT-006R,individual_feature_log_odds_rebuild_20260602_gbm,raw_plus_latent,dynamic_csi,peak_drop_asset_turnover,223,292,mapped,6,peak_deterioration,computed,143173,0.0,bounded GBM-only predictor workspace; not full final model-suite importance,mapped,Feature mapped to the canonical AE-FEAT-IMPORT 11-family taxonomy.
AE-FEAT-IMPORT-006R,individual_feature_log_odds_rebuild_20260602_gbm,raw_plus_latent,dynamic_csi,trough_rise_net_debt_ebitda,228,293,mapped,7,trough_rise,computed,143173,0.0,bounded GBM-only predictor workspace; not full final model-suite importance,mapped,Feature mapped to the canonical AE-FEAT-IMPORT 11-family taxonomy.
AE-FEAT-IMPORT-006R,individual_feature_log_odds_rebuild_20260602_gbm,raw_plus_latent,dynamic_csi,trough_rise_std_debt_pct,229,294,mapped,7,trough_rise,computed,143173,0.0,bounded GBM-only predictor workspace; not full final model-suite importance,mapped,Feature mapped to the canonical AE-FEAT-IMPORT 11-family taxonomy.
AE-FEAT-IMPORT-006R,individual_feature_log_odds_rebuild_20260602_gbm,raw_plus_latent,dynamic_csi,trough_rise_eff_int_rate,230,295,mapped,7,trough_rise,computed,143173,0.0,bounded GBM-only predictor workspace; not full final model-suite importance,mapped,Feature mapped to the canonical AE-FEAT-IMPORT 11-family taxonomy.
AE-FEAT-IMPORT-006R,individual_feature_log_odds_rebuild_20260602_gbm,raw_plus_latent,dynamic_csi,trough_rise_dd1_ratio,231,296,mapped,7,trough_rise,computed,143173,0.0,bounded GBM-only predictor workspace; not full final model-suite importance,mapped,Feature mapped to the canonical AE-FEAT-IMPORT 11-family taxonomy.
AE-FEAT-IMPORT-006R,individual_feature_log_odds_rebuild_20260602_gbm,raw_plus_latent,dynamic_csi,trough_rise_accruals_ratio,233,297,mapped,7,trough_rise,computed,143173,0.0,bounded GBM-only predictor workspace; not full final model-suite importance,mapped,Feature mapped to the canonical AE-FEAT-IMPORT 11-family taxonomy.
AE-FEAT-IMPORT-006R,individual_feature_log_odds_rebuild_20260602_gbm,raw_plus_latent,dynamic_csi,consec_decline_earn_yld,234,298,mapped,8,consecutive_declines,computed,143173,0.0,bounded GBM-only predictor workspace; not full final model-suite importance,mapped,Feature mapped to the canonical AE-FEAT-IMPORT 11-family taxonomy.
AE-FEAT-IMPORT-006R,individual_feature_log_odds_rebuild_20260602_gbm,raw_plus_latent,dynamic_csi,consec_decline_ocf_per_share,235,299,mapped,8,consecutive_declines,computed,143173,0.0,bounded GBM-only predictor workspace; not full final model-suite importance,mapped,Feature mapped to the canonical AE-FEAT-IMPORT 11-family taxonomy.
AE-FEAT-IMPORT-006R,individual_feature_log_odds_rebuild_20260602_gbm,raw_plus_latent,dynamic_csi,consec_decline_roa,236,300,mapped,8,consecutive_declines,computed,143173,0.0,bounded GBM-only predictor workspace; not full final model-suite importance,mapped,Feature mapped to the canonical AE-FEAT-IMPORT 11-family taxonomy.
AE-FEAT-IMPORT-006R,individual_feature_log_odds_rebuild_20260602_gbm,raw_plus_latent,dynamic_csi,consec_decline_roic,237,301,mapped,8,consecutive_declines,computed,143173,0.0,bounded GBM-only predictor workspace; not full final model-suite importance,mapped,Feature mapped to the canonical AE-FEAT-IMPORT 11-family taxonomy.
AE-FEAT-IMPORT-006R,individual_feature_log_odds_rebuild_20260602_gbm,raw_plus_latent,dynamic_csi,consec_decline_gross_margin,238,302,mapped,8,consecutive_declines,computed,143173,0.0,bounded GBM-only predictor workspace; not full final model-suite importance,mapped,Feature mapped to the canonical AE-FEAT-IMPORT 11-family taxonomy.
AE-FEAT-IMPORT-006R,individual_feature_log_odds_rebuild_20260602_gbm,raw_plus_latent,dynamic_csi,consec_decline_interest_cov,239,303,mapped,8,consecutive_declines,computed,143173,0.0,bounded GBM-only predictor workspace; not full final model-suite importance,mapped,Feature mapped to the canonical AE-FEAT-IMPORT 11-family taxonomy.
AE-FEAT-IMPORT-006R,individual_feature_log_odds_rebuild_20260602_gbm,raw_plus_latent,dynamic_csi,consec_decline_log_mkvalt,240,304,mapped,8,consecutive_declines,computed,143173,0.0,bounded GBM-only predictor workspace; not full final model-suite importance,mapped,Feature mapped to the canonical AE-FEAT-IMPORT 11-family taxonomy.
AE-FEAT-IMPORT-006R,individual_feature_log_odds_rebuild_20260602_gbm,raw_plus_latent,dynamic_csi,consec_decline_log_emp,241,305,mapped,8,consecutive_declines,computed,143173,0.0,bounded GBM-only predictor workspace; not full final model-suite importance,mapped,Feature mapped to the canonical AE-FEAT-IMPORT 11-family taxonomy.
AE-FEAT-IMPORT-006R,individual_feature_log_odds_rebuild_20260602_gbm,raw_plus_latent,dynamic_csi,consec_decline_current_ratio,242,306,mapped,8,consecutive_declines,computed,143173,0.0,bounded GBM-only predictor workspace; not full final model-suite importance,mapped,Feature mapped to the canonical AE-FEAT-IMPORT 11-family taxonomy.
AE-FEAT-IMPORT-006R,individual_feature_log_odds_rebuild_20260602_gbm,raw_plus_latent,dynamic_csi,consec_decline_wcap_ratio,243,307,mapped,8,consecutive_declines,computed,143173,0.0,bounded GBM-only predictor workspace; not full final model-suite importance,mapped,Feature mapped to the canonical AE-FEAT-IMPORT 11-family taxonomy.
AE-FEAT-IMPORT-006R,individual_feature_log_odds_rebuild_20260602_gbm,raw_plus_latent,dynamic_csi,acct_mom_earn_yld,244,308,mapped,9,accounting_momentum,computed,143173,0.0,bounded GBM-only predictor workspace; not full final model-suite importance,mapped,Feature mapped to the canonical AE-FEAT-IMPORT 11-family taxonomy.
AE-FEAT-IMPORT-006R,individual_feature_log_odds_rebuild_20260602_gbm,raw_plus_latent,dynamic_csi,acct_mom_ocf_per_share,245,309,mapped,9,accounting_momentum,computed,143173,0.0,bounded GBM-only predictor workspace; not full final model-suite importance,mapped,Feature mapped to the canonical AE-FEAT-IMPORT 11-family taxonomy.
AE-FEAT-IMPORT-006R,individual_feature_log_odds_rebuild_20260602_gbm,raw_plus_latent,dynamic_csi,acct_mom_roa,246,310,mapped,9,accounting_momentum,computed,143173,0.0,bounded GBM-only predictor workspace; not full final model-suite importance,mapped,Feature mapped to the canonical AE-FEAT-IMPORT 11-family taxonomy.
AE-FEAT-IMPORT-006R,individual_feature_log_odds_rebuild_20260602_gbm,raw_plus_latent,dynamic_csi,acct_mom_roic,247,311,mapped,9,accounting_momentum,computed,143173,0.0,bounded GBM-only predictor workspace; not full final model-suite importance,mapped,Feature mapped to the canonical AE-FEAT-IMPORT 11-family taxonomy.
AE-FEAT-IMPORT-006R,individual_feature_log_odds_rebuild_20260602_gbm,raw_plus_latent,dynamic_csi,acct_mom_leverage,248,312,mapped,9,accounting_momentum,computed,143173,0.0,bounded GBM-only predictor workspace; not full final model-suite importance,mapped,Feature mapped to the canonical AE-FEAT-IMPORT 11-family taxonomy.
AE-FEAT-IMPORT-006R,individual_feature_log_odds_rebuild_20260602_gbm,raw_plus_latent,dynamic_csi,acct_mom_net_debt_ebitda,249,313,mapped,9,accounting_momentum,computed,143173,0.0,bounded GBM-only predictor workspace; not full final model-suite importance,mapped,Feature mapped to the canonical AE-FEAT-IMPORT 11-family taxonomy.
AE-FEAT-IMPORT-006R,individual_feature_log_odds_rebuild_20260602_gbm,raw_plus_latent,dynamic_csi,acct_mom_interest_cov,250,314,mapped,9,accounting_momentum,computed,143173,0.0,bounded GBM-only predictor workspace; not full final model-suite importance,mapped,Feature mapped to the canonical AE-FEAT-IMPORT 11-family taxonomy.
AE-FEAT-IMPORT-006R,individual_feature_log_odds_rebuild_20260602_gbm,raw_plus_latent,dynamic_csi,acct_mom_current_ratio,251,315,mapped,9,accounting_momentum,computed,143173,0.0,bounded GBM-only predictor workspace; not full final model-suite importance,mapped,Feature mapped to the canonical AE-FEAT-IMPORT 11-family taxonomy.
AE-FEAT-IMPORT-006R,individual_feature_log_odds_rebuild_20260602_gbm,raw_plus_latent,dynamic_csi,acct_mom_cash_pct_act,252,316,mapped,9,accounting_momentum,computed,143173,0.0,bounded GBM-only predictor workspace; not full final model-suite importance,mapped,Feature mapped to the canonical AE-FEAT-IMPORT 11-family taxonomy.
AE-FEAT-IMPORT-006R,individual_feature_log_odds_rebuild_20260602_gbm,raw_plus_latent,dynamic_csi,acct_mom_accruals_ratio,253,317,mapped,9,accounting_momentum,computed,143173,0.0,bounded GBM-only predictor workspace; not full final model-suite importance,mapped,Feature mapped to the canonical AE-FEAT-IMPORT 11-family taxonomy.
AE-FEAT-IMPORT-006R,individual_feature_log_odds_rebuild_20260602_gbm,raw_plus_latent,dynamic_csi,acct_mom_asset_turnover,254,318,mapped,9,accounting_momentum,computed,143173,0.0,bounded GBM-only predictor workspace; not full final model-suite importance,mapped,Feature mapped to the canonical AE-FEAT-IMPORT 11-family taxonomy.
AE-FEAT-IMPORT-006R,individual_feature_log_odds_rebuild_20260602_gbm,raw_plus_latent,dynamic_csi,acct_mom_gross_margin,255,319,mapped,9,accounting_momentum,computed,143173,0.0,bounded GBM-only predictor workspace; not full final model-suite importance,mapped,Feature mapped to the canonical AE-FEAT-IMPORT 11-family taxonomy.
AE-FEAT-IMPORT-006R,individual_feature_log_odds_rebuild_20260602_gbm,raw_plus_latent,dynamic_csi,acct_mom_ebitda_margin,256,320,mapped,9,accounting_momentum,computed,143173,0.0,bounded GBM-only predictor workspace; not full final model-suite importance,mapped,Feature mapped to the canonical AE-FEAT-IMPORT 11-family taxonomy.
AE-FEAT-IMPORT-006R,individual_feature_log_odds_rebuild_20260602_gbm,raw_plus_latent,dynamic_csi,acct_mom_log_mkvalt,257,321,mapped,9,accounting_momentum,computed,143173,0.0,bounded GBM-only predictor workspace; not full final model-suite importance,mapped,Feature mapped to the canonical AE-FEAT-IMPORT 11-family taxonomy.
AE-FEAT-IMPORT-006R,individual_feature_log_odds_rebuild_20260602_gbm,raw_plus_latent,dynamic_csi,acct_mom_log_at,258,322,mapped,9,accounting_momentum,computed,143173,0.0,bounded GBM-only predictor workspace; not full final model-suite importance,mapped,Feature mapped to the canonical AE-FEAT-IMPORT 11-family taxonomy.
AE-FEAT-IMPORT-006R,individual_feature_log_odds_rebuild_20260602_gbm,raw_plus_latent,dynamic_csi,roll_mean_3y_roic,262,323,mapped,10,rolling_window_statistics,computed,143173,0.0,bounded GBM-only predictor workspace; not full final model-suite importance,mapped,Feature mapped to the canonical AE-FEAT-IMPORT 11-family taxonomy.
AE-FEAT-IMPORT-006R,individual_feature_log_odds_rebuild_20260602_gbm,raw_plus_latent,dynamic_csi,roll_mean_3y_leverage,263,324,mapped,10,rolling_window_statistics,computed,143173,0.0,bounded GBM-only predictor workspace; not full final model-suite importance,mapped,Feature mapped to the canonical AE-FEAT-IMPORT 11-family taxonomy.
AE-FEAT-IMPORT-006R,individual_feature_log_odds_rebuild_20260602_gbm,raw_plus_latent,dynamic_csi,roll_mean_3y_interest_cov,265,325,mapped,10,rolling_window_statistics,computed,143173,0.0,bounded GBM-only predictor workspace; not full final model-suite importance,mapped,Feature mapped to the canonical AE-FEAT-IMPORT 11-family taxonomy.
AE-FEAT-IMPORT-006R,individual_feature_log_odds_rebuild_20260602_gbm,raw_plus_latent,dynamic_csi,roll_mean_3y_current_ratio,266,326,mapped,10,rolling_window_statistics,computed,143173,0.0,bounded GBM-only predictor workspace; not full final model-suite importance,mapped,Feature mapped to the canonical AE-FEAT-IMPORT 11-family taxonomy.
AE-FEAT-IMPORT-006R,individual_feature_log_odds_rebuild_20260602_gbm,raw_plus_latent,dynamic_csi,roll_mean_3y_cash_pct_act,267,327,mapped,10,rolling_window_statistics,computed,143173,0.0,bounded GBM-only predictor workspace; not full final model-suite importance,mapped,Feature mapped to the canonical AE-FEAT-IMPORT 11-family taxonomy.
AE-FEAT-IMPORT-006R,individual_feature_log_odds_rebuild_20260602_gbm,raw_plus_latent,dynamic_csi,roll_mean_3y_accruals_ratio,268,328,mapped,10,rolling_window_statistics,computed,143173,0.0,bounded GBM-only predictor workspace; not full final model-suite importance,mapped,Feature mapped to the canonical AE-FEAT-IMPORT 11-family taxonomy.
AE-FEAT-IMPORT-006R,individual_feature_log_odds_rebuild_20260602_gbm,raw_plus_latent,dynamic_csi,roll_mean_3y_gross_margin,270,329,mapped,10,rolling_window_statistics,computed,143173,0.0,bounded GBM-only predictor workspace; not full final model-suite importance,mapped,Feature mapped to the canonical AE-FEAT-IMPORT 11-family taxonomy.
AE-FEAT-IMPORT-006R,individual_feature_log_odds_rebuild_20260602_gbm,raw_plus_latent,dynamic_csi,roll_mean_3y_ebitda_margin,271,330,mapped,10,rolling_window_statistics,computed,143173,0.0,bounded GBM-only predictor workspace; not full final model-suite importance,mapped,Feature mapped to the canonical AE-FEAT-IMPORT 11-family taxonomy.
AE-FEAT-IMPORT-006R,individual_feature_log_odds_rebuild_20260602_gbm,raw_plus_latent,dynamic_csi,roll_mean_3y_log_mkvalt,272,331,mapped,10,rolling_window_statistics,computed,143173,0.0,bounded GBM-only predictor workspace; not full final model-suite importance,mapped,Feature mapped to the canonical AE-FEAT-IMPORT 11-family taxonomy.
AE-FEAT-IMPORT-006R,individual_feature_log_odds_rebuild_20260602_gbm,raw_plus_latent,dynamic_csi,roll_mean_3y_log_at,273,332,mapped,10,rolling_window_statistics,computed,143173,0.0,bounded GBM-only predictor workspace; not full final model-suite importance,mapped,Feature mapped to the canonical AE-FEAT-IMPORT 11-family taxonomy.
AE-FEAT-IMPORT-006R,individual_feature_log_odds_rebuild_20260602_gbm,raw_plus_latent,dynamic_csi,roll_min_3y_roa,276,333,mapped,10,rolling_window_statistics,computed,143173,0.0,bounded GBM-only predictor workspace; not full final model-suite importance,mapped,Feature mapped to the canonical AE-FEAT-IMPORT 11-family taxonomy.
AE-FEAT-IMPORT-006R,individual_feature_log_odds_rebuild_20260602_gbm,raw_plus_latent,dynamic_csi,roll_min_3y_leverage,278,334,mapped,10,rolling_window_statistics,computed,143173,0.0,bounded GBM-only predictor workspace; not full final model-suite importance,mapped,Feature mapped to the canonical AE-FEAT-IMPORT 11-family taxonomy.
AE-FEAT-IMPORT-006R,individual_feature_log_odds_rebuild_20260602_gbm,raw_plus_latent,dynamic_csi,roll_min_3y_net_debt_ebitda,279,335,mapped,10,rolling_window_statistics,computed,143173,0.0,bounded GBM-only predictor workspace; not full final model-suite importance,mapped,Feature mapped to the canonical AE-FEAT-IMPORT 11-family taxonomy.
AE-FEAT-IMPORT-006R,individual_feature_log_odds_rebuild_20260602_gbm,raw_plus_latent,dynamic_csi,roll_min_3y_interest_cov,280,336,mapped,10,rolling_window_statistics,computed,143173,0.0,bounded GBM-only predictor workspace; not full final model-suite importance,mapped,Feature mapped to the canonical AE-FEAT-IMPORT 11-family taxonomy.
AE-FEAT-IMPORT-006R,individual_feature_log_odds_rebuild_20260602_gbm,raw_plus_latent,dynamic_csi,roll_min_3y_current_ratio,281,337,mapped,10,rolling_window_statistics,computed,143173,0.0,bounded GBM-only predictor workspace; not full final model-suite importance,mapped,Feature mapped to the canonical AE-FEAT-IMPORT 11-family taxonomy.
AE-FEAT-IMPORT-006R,individual_feature_log_odds_rebuild_20260602_gbm,raw_plus_latent,dynamic_csi,roll_min_3y_cash_pct_act,282,338,mapped,10,rolling_window_statistics,computed,143173,0.0,bounded GBM-only predictor workspace; not full final model-suite importance,mapped,Feature mapped to the canonical AE-FEAT-IMPORT 11-family taxonomy.
AE-FEAT-IMPORT-006R,individual_feature_log_odds_rebuild_20260602_gbm,raw_plus_latent,dynamic_csi,roll_min_3y_accruals_ratio,283,339,mapped,10,rolling_window_statistics,computed,143173,0.0,bounded GBM-only predictor workspace; not full final model-suite importance,mapped,Feature mapped to the canonical AE-FEAT-IMPORT 11-family taxonomy.
AE-FEAT-IMPORT-006R,individual_feature_log_odds_rebuild_20260602_gbm,raw_plus_latent,dynamic_csi,roll_min_3y_asset_turnover,284,340,mapped,10,rolling_window_statistics,computed,143173,0.0,bounded GBM-only predictor workspace; not full final model-suite importance,mapped,Feature mapped to the canonical AE-FEAT-IMPORT 11-family taxonomy.
AE-FEAT-IMPORT-006R,individual_feature_log_odds_rebuild_20260602_gbm,raw_plus_latent,dynamic_csi,roll_min_3y_gross_margin,285,341,mapped,10,rolling_window_statistics,computed,143173,0.0,bounded GBM-only predictor workspace; not full final model-suite importance,mapped,Feature mapped to the canonical AE-FEAT-IMPORT 11-family taxonomy.
AE-FEAT-IMPORT-006R,individual_feature_log_odds_rebuild_20260602_gbm,raw_plus_latent,dynamic_csi,roll_min_3y_ebitda_margin,286,342,mapped,10,rolling_window_statistics,computed,143173,0.0,bounded GBM-only predictor workspace; not full final model-suite importance,mapped,Feature mapped to the canonical AE-FEAT-IMPORT 11-family taxonomy.
AE-FEAT-IMPORT-006R,individual_feature_log_odds_rebuild_20260602_gbm,raw_plus_latent,dynamic_csi,roll_min_3y_log_at,288,343,mapped,10,rolling_window_statistics,computed,143173,0.0,bounded GBM-only predictor workspace; not full final model-suite importance,mapped,Feature mapped to the canonical AE-FEAT-IMPORT 11-family taxonomy.
AE-FEAT-IMPORT-006R,individual_feature_log_odds_rebuild_20260602_gbm,raw_plus_latent,dynamic_csi,roll_max_3y_ocf_per_share,290,344,mapped,10,rolling_window_statistics,computed,143173,0.0,bounded GBM-only predictor workspace; not full final model-suite importance,mapped,Feature mapped to the canonical AE-FEAT-IMPORT 11-family taxonomy.
AE-FEAT-IMPORT-006R,individual_feature_log_odds_rebuild_20260602_gbm,raw_plus_latent,dynamic_csi,roll_max_3y_roic,292,345,mapped,10,rolling_window_statistics,computed,143173,0.0,bounded GBM-only predictor workspace; not full final model-suite importance,mapped,Feature mapped to the canonical AE-FEAT-IMPORT 11-family taxonomy.
AE-FEAT-IMPORT-006R,individual_feature_log_odds_rebuild_20260602_gbm,raw_plus_latent,dynamic_csi,roll_max_3y_interest_cov,295,346,mapped,10,rolling_window_statistics,computed,143173,0.0,bounded GBM-only predictor workspace; not full final model-suite importance,mapped,Feature mapped to the canonical AE-FEAT-IMPORT 11-family taxonomy.
AE-FEAT-IMPORT-006R,individual_feature_log_odds_rebuild_20260602_gbm,raw_plus_latent,dynamic_csi,roll_max_3y_current_ratio,296,347,mapped,10,rolling_window_statistics,computed,143173,0.0,bounded GBM-only predictor workspace; not full final model-suite importance,mapped,Feature mapped to the canonical AE-FEAT-IMPORT 11-family taxonomy.
AE-FEAT-IMPORT-006R,individual_feature_log_odds_rebuild_20260602_gbm,raw_plus_latent,dynamic_csi,roll_max_3y_accruals_ratio,298,348,mapped,10,rolling_window_statistics,computed,143173,0.0,bounded GBM-only predictor workspace; not full final model-suite importance,mapped,Feature mapped to the canonical AE-FEAT-IMPORT 11-family taxonomy.
AE-FEAT-IMPORT-006R,individual_feature_log_odds_rebuild_20260602_gbm,raw_plus_latent,dynamic_csi,roll_max_3y_ebitda_margin,301,349,mapped,10,rolling_window_statistics,computed,143173,0.0,bounded GBM-only predictor workspace; not full final model-suite importance,mapped,Feature mapped to the canonical AE-FEAT-IMPORT 11-family taxonomy.
AE-FEAT-IMPORT-006R,individual_feature_log_odds_rebuild_20260602_gbm,raw_plus_latent,dynamic_csi,roll_max_3y_log_mkvalt,302,350,mapped,10,rolling_window_statistics,computed,143173,0.0,bounded GBM-only predictor workspace; not full final model-suite importance,mapped,Feature mapped to the canonical AE-FEAT-IMPORT 11-family taxonomy.
AE-FEAT-IMPORT-006R,individual_feature_log_odds_rebuild_20260602_gbm,raw_plus_latent,dynamic_csi,roll_max_3y_log_at,303,351,mapped,10,rolling_window_statistics,computed,143173,0.0,bounded GBM-only predictor workspace; not full final model-suite importance,mapped,Feature mapped to the canonical AE-FEAT-IMPORT 11-family taxonomy.
AE-FEAT-IMPORT-006R,individual_feature_log_odds_rebuild_20260602_gbm,raw_plus_latent,dynamic_csi,roll_sd_3y_earn_yld,304,352,mapped,10,rolling_window_statistics,computed,143173,0.0,bounded GBM-only predictor workspace; not full final model-suite importance,mapped,Feature mapped to the canonical AE-FEAT-IMPORT 11-family taxonomy.
AE-FEAT-IMPORT-006R,individual_feature_log_odds_rebuild_20260602_gbm,raw_plus_latent,dynamic_csi,roll_sd_3y_ocf_per_share,305,353,mapped,10,rolling_window_statistics,computed,143173,0.0,bounded GBM-only predictor workspace; not full final model-suite importance,mapped,Feature mapped to the canonical AE-FEAT-IMPORT 11-family taxonomy.
AE-FEAT-IMPORT-006R,individual_feature_log_odds_rebuild_20260602_gbm,raw_plus_latent,dynamic_csi,roll_sd_3y_roa,306,354,mapped,10,rolling_window_statistics,computed,143173,0.0,bounded GBM-only predictor workspace; not full final model-suite importance,mapped,Feature mapped to the canonical AE-FEAT-IMPORT 11-family taxonomy.
AE-FEAT-IMPORT-006R,individual_feature_log_odds_rebuild_20260602_gbm,raw_plus_latent,dynamic_csi,roll_sd_3y_leverage,308,355,mapped,10,rolling_window_statistics,computed,143173,0.0,bounded GBM-only predictor workspace; not full final model-suite importance,mapped,Feature mapped to the canonical AE-FEAT-IMPORT 11-family taxonomy.
AE-FEAT-IMPORT-006R,individual_feature_log_odds_rebuild_20260602_gbm,raw_plus_latent,dynamic_csi,roll_sd_3y_net_debt_ebitda,309,356,mapped,10,rolling_window_statistics,computed,143173,0.0,bounded GBM-only predictor workspace; not full final model-suite importance,mapped,Feature mapped to the canonical AE-FEAT-IMPORT 11-family taxonomy.
AE-FEAT-IMPORT-006R,individual_feature_log_odds_rebuild_20260602_gbm,raw_plus_latent,dynamic_csi,roll_sd_3y_interest_cov,310,357,mapped,10,rolling_window_statistics,computed,143173,0.0,bounded GBM-only predictor workspace; not full final model-suite importance,mapped,Feature mapped to the canonical AE-FEAT-IMPORT 11-family taxonomy.
AE-FEAT-IMPORT-006R,individual_feature_log_odds_rebuild_20260602_gbm,raw_plus_latent,dynamic_csi,roll_sd_3y_current_ratio,311,358,mapped,10,rolling_window_statistics,computed,143173,0.0,bounded GBM-only predictor workspace; not full final model-suite importance,mapped,Feature mapped to the canonical AE-FEAT-IMPORT 11-family taxonomy.
AE-FEAT-IMPORT-006R,individual_feature_log_odds_rebuild_20260602_gbm,raw_plus_latent,dynamic_csi,roll_sd_3y_cash_pct_act,312,359,mapped,10,rolling_window_statistics,computed,143173,0.0,bounded GBM-only predictor workspace; not full final model-suite importance,mapped,Feature mapped to the canonical AE-FEAT-IMPORT 11-family taxonomy.
AE-FEAT-IMPORT-006R,individual_feature_log_odds_rebuild_20260602_gbm,raw_plus_latent,dynamic_csi,roll_sd_3y_accruals_ratio,313,360,mapped,10,rolling_window_statistics,computed,143173,0.0,bounded GBM-only predictor workspace; not full final model-suite importance,mapped,Feature mapped to the canonical AE-FEAT-IMPORT 11-family taxonomy.
AE-FEAT-IMPORT-006R,individual_feature_log_odds_rebuild_20260602_gbm,raw_plus_latent,dynamic_csi,roll_sd_3y_asset_turnover,314,361,mapped,10,rolling_window_statistics,computed,143173,0.0,bounded GBM-only predictor workspace; not full final model-suite importance,mapped,Feature mapped to the canonical AE-FEAT-IMPORT 11-family taxonomy.
AE-FEAT-IMPORT-006R,individual_feature_log_odds_rebuild_20260602_gbm,raw_plus_latent,dynamic_csi,roll_sd_3y_gross_margin,315,362,mapped,10,rolling_window_statistics,computed,143173,0.0,bounded GBM-only predictor workspace; not full final model-suite importance,mapped,Feature mapped to the canonical AE-FEAT-IMPORT 11-family taxonomy.
AE-FEAT-IMPORT-006R,individual_feature_log_odds_rebuild_20260602_gbm,raw_plus_latent,dynamic_csi,roll_sd_3y_ebitda_margin,316,363,mapped,10,rolling_window_statistics,computed,143173,0.0,bounded GBM-only predictor workspace; not full final model-suite importance,mapped,Feature mapped to the canonical AE-FEAT-IMPORT 11-family taxonomy.
AE-FEAT-IMPORT-006R,individual_feature_log_odds_rebuild_20260602_gbm,raw_plus_latent,dynamic_csi,roll_sd_3y_log_at,318,364,mapped,10,rolling_window_statistics,computed,143173,0.0,bounded GBM-only predictor workspace; not full final model-suite importance,mapped,Feature mapped to the canonical AE-FEAT-IMPORT 11-family taxonomy.
AE-FEAT-IMPORT-006R,individual_feature_log_odds_rebuild_20260602_gbm,raw_plus_latent,dynamic_csi,roll_trend_3y_earn_yld,319,365,mapped,10,rolling_window_statistics,computed,143173,0.0,bounded GBM-only predictor workspace; not full final model-suite importance,mapped,Feature mapped to the canonical AE-FEAT-IMPORT 11-family taxonomy.
AE-FEAT-IMPORT-006R,individual_feature_log_odds_rebuild_20260602_gbm,raw_plus_latent,dynamic_csi,roll_trend_3y_ocf_per_share,320,366,mapped,10,rolling_window_statistics,computed,143173,0.0,bounded GBM-only predictor workspace; not full final model-suite importance,mapped,Feature mapped to the canonical AE-FEAT-IMPORT 11-family taxonomy.
AE-FEAT-IMPORT-006R,individual_feature_log_odds_rebuild_20260602_gbm,raw_plus_latent,dynamic_csi,roll_trend_3y_roa,321,367,mapped,10,rolling_window_statistics,computed,143173,0.0,bounded GBM-only predictor workspace; not full final model-suite importance,mapped,Feature mapped to the canonical AE-FEAT-IMPORT 11-family taxonomy.
AE-FEAT-IMPORT-006R,individual_feature_log_odds_rebuild_20260602_gbm,raw_plus_latent,dynamic_csi,roll_trend_3y_roic,322,368,mapped,10,rolling_window_statistics,computed,143173,0.0,bounded GBM-only predictor workspace; not full final model-suite importance,mapped,Feature mapped to the canonical AE-FEAT-IMPORT 11-family taxonomy.
AE-FEAT-IMPORT-006R,individual_feature_log_odds_rebuild_20260602_gbm,raw_plus_latent,dynamic_csi,roll_trend_3y_leverage,323,369,mapped,10,rolling_window_statistics,computed,143173,0.0,bounded GBM-only predictor workspace; not full final model-suite importance,mapped,Feature mapped to the canonical AE-FEAT-IMPORT 11-family taxonomy.
AE-FEAT-IMPORT-006R,individual_feature_log_odds_rebuild_20260602_gbm,raw_plus_latent,dynamic_csi,roll_trend_3y_net_debt_ebitda,324,370,mapped,10,rolling_window_statistics,computed,143173,0.0,bounded GBM-only predictor workspace; not full final model-suite importance,mapped,Feature mapped to the canonical AE-FEAT-IMPORT 11-family taxonomy.
AE-FEAT-IMPORT-006R,individual_feature_log_odds_rebuild_20260602_gbm,raw_plus_latent,dynamic_csi,roll_trend_3y_interest_cov,325,371,mapped,10,rolling_window_statistics,computed,143173,0.0,bounded GBM-only predictor workspace; not full final model-suite importance,mapped,Feature mapped to the canonical AE-FEAT-IMPORT 11-family taxonomy.
AE-FEAT-IMPORT-006R,individual_feature_log_odds_rebuild_20260602_gbm,raw_plus_latent,dynamic_csi,roll_trend_3y_current_ratio,326,372,mapped,10,rolling_window_statistics,computed,143173,0.0,bounded GBM-only predictor workspace; not full final model-suite importance,mapped,Feature mapped to the canonical AE-FEAT-IMPORT 11-family taxonomy.
AE-FEAT-IMPORT-006R,individual_feature_log_odds_rebuild_20260602_gbm,raw_plus_latent,dynamic_csi,roll_trend_3y_cash_pct_act,327,373,mapped,10,rolling_window_statistics,computed,143173,0.0,bounded GBM-only predictor workspace; not full final model-suite importance,mapped,Feature mapped to the canonical AE-FEAT-IMPORT 11-family taxonomy.
AE-FEAT-IMPORT-006R,individual_feature_log_odds_rebuild_20260602_gbm,raw_plus_latent,dynamic_csi,roll_trend_3y_accruals_ratio,328,374,mapped,10,rolling_window_statistics,computed,143173,0.0,bounded GBM-only predictor workspace; not full final model-suite importance,mapped,Feature mapped to the canonical AE-FEAT-IMPORT 11-family taxonomy.
AE-FEAT-IMPORT-006R,individual_feature_log_odds_rebuild_20260602_gbm,raw_plus_latent,dynamic_csi,roll_trend_3y_asset_turnover,329,375,mapped,10,rolling_window_statistics,computed,143173,0.0,bounded GBM-only predictor workspace; not full final model-suite importance,mapped,Feature mapped to the canonical AE-FEAT-IMPORT 11-family taxonomy.
AE-FEAT-IMPORT-006R,individual_feature_log_odds_rebuild_20260602_gbm,raw_plus_latent,dynamic_csi,roll_trend_3y_gross_margin,330,376,mapped,10,rolling_window_statistics,computed,143173,0.0,bounded GBM-only predictor workspace; not full final model-suite importance,mapped,Feature mapped to the canonical AE-FEAT-IMPORT 11-family taxonomy.
AE-FEAT-IMPORT-006R,individual_feature_log_odds_rebuild_20260602_gbm,raw_plus_latent,dynamic_csi,roll_trend_3y_ebitda_margin,331,377,mapped,10,rolling_window_statistics,computed,143173,0.0,bounded GBM-only predictor workspace; not full final model-suite importance,mapped,Feature mapped to the canonical AE-FEAT-IMPORT 11-family taxonomy.
AE-FEAT-IMPORT-006R,individual_feature_log_odds_rebuild_20260602_gbm,raw_plus_latent,dynamic_csi,roll_trend_3y_log_mkvalt,332,378,mapped,10,rolling_window_statistics,computed,143173,0.0,bounded GBM-only predictor workspace; not full final model-suite importance,mapped,Feature mapped to the canonical AE-FEAT-IMPORT 11-family taxonomy.
AE-FEAT-IMPORT-006R,individual_feature_log_odds_rebuild_20260602_gbm,raw_plus_latent,dynamic_csi,roll_autocorr_3y_earn_yld,334,379,mapped,10,rolling_window_statistics,computed,143173,0.0,bounded GBM-only predictor workspace; not full final model-suite importance,mapped,Feature mapped to the canonical AE-FEAT-IMPORT 11-family taxonomy.
AE-FEAT-IMPORT-006R,individual_feature_log_odds_rebuild_20260602_gbm,raw_plus_latent,dynamic_csi,roll_autocorr_3y_roa,336,380,mapped,10,rolling_window_statistics,computed,143173,0.0,bounded GBM-only predictor workspace; not full final model-suite importance,mapped,Feature mapped to the canonical AE-FEAT-IMPORT 11-family taxonomy.
AE-FEAT-IMPORT-006R,individual_feature_log_odds_rebuild_20260602_gbm,raw_plus_latent,dynamic_csi,roll_autocorr_3y_roic,337,381,mapped,10,rolling_window_statistics,computed,143173,0.0,bounded GBM-only predictor workspace; not full final model-suite importance,mapped,Feature mapped to the canonical AE-FEAT-IMPORT 11-family taxonomy.
AE-FEAT-IMPORT-006R,individual_feature_log_odds_rebuild_20260602_gbm,raw_plus_latent,dynamic_csi,roll_autocorr_3y_leverage,338,382,mapped,10,rolling_window_statistics,computed,143173,0.0,bounded GBM-only predictor workspace; not full final model-suite importance,mapped,Feature mapped to the canonical AE-FEAT-IMPORT 11-family taxonomy.
AE-FEAT-IMPORT-006R,individual_feature_log_odds_rebuild_20260602_gbm,raw_plus_latent,dynamic_csi,roll_autocorr_3y_net_debt_ebitda,339,383,mapped,10,rolling_window_statistics,computed,143173,0.0,bounded GBM-only predictor workspace; not full final model-suite importance,mapped,Feature mapped to the canonical AE-FEAT-IMPORT 11-family taxonomy.
AE-FEAT-IMPORT-006R,individual_feature_log_odds_rebuild_20260602_gbm,raw_plus_latent,dynamic_csi,roll_autocorr_3y_interest_cov,340,384,mapped,10,rolling_window_statistics,computed,143173,0.0,bounded GBM-only predictor workspace; not full final model-suite importance,mapped,Feature mapped to the canonical AE-FEAT-IMPORT 11-family taxonomy.
AE-FEAT-IMPORT-006R,individual_feature_log_odds_rebuild_20260602_gbm,raw_plus_latent,dynamic_csi,roll_autocorr_3y_current_ratio,341,385,mapped,10,rolling_window_statistics,computed,143173,0.0,bounded GBM-only predictor workspace; not full final model-suite importance,mapped,Feature mapped to the canonical AE-FEAT-IMPORT 11-family taxonomy.
AE-FEAT-IMPORT-006R,individual_feature_log_odds_rebuild_20260602_gbm,raw_plus_latent,dynamic_csi,roll_autocorr_3y_cash_pct_act,342,386,mapped,10,rolling_window_statistics,computed,143173,0.0,bounded GBM-only predictor workspace; not full final model-suite importance,mapped,Feature mapped to the canonical AE-FEAT-IMPORT 11-family taxonomy.
AE-FEAT-IMPORT-006R,individual_feature_log_odds_rebuild_20260602_gbm,raw_plus_latent,dynamic_csi,roll_autocorr_3y_accruals_ratio,343,387,mapped,10,rolling_window_statistics,computed,143173,0.0,bounded GBM-only predictor workspace; not full final model-suite importance,mapped,Feature mapped to the canonical AE-FEAT-IMPORT 11-family taxonomy.
AE-FEAT-IMPORT-006R,individual_feature_log_odds_rebuild_20260602_gbm,raw_plus_latent,dynamic_csi,roll_autocorr_3y_asset_turnover,344,388,mapped,10,rolling_window_statistics,computed,143173,0.0,bounded GBM-only predictor workspace; not full final model-suite importance,mapped,Feature mapped to the canonical AE-FEAT-IMPORT 11-family taxonomy.
AE-FEAT-IMPORT-006R,individual_feature_log_odds_rebuild_20260602_gbm,raw_plus_latent,dynamic_csi,roll_autocorr_3y_gross_margin,345,389,mapped,10,rolling_window_statistics,computed,143173,0.0,bounded GBM-only predictor workspace; not full final model-suite importance,mapped,Feature mapped to the canonical AE-FEAT-IMPORT 11-family taxonomy.
AE-FEAT-IMPORT-006R,individual_feature_log_odds_rebuild_20260602_gbm,raw_plus_latent,dynamic_csi,roll_autocorr_3y_ebitda_margin,346,390,mapped,10,rolling_window_statistics,computed,143173,0.0,bounded GBM-only predictor workspace; not full final model-suite importance,mapped,Feature mapped to the canonical AE-FEAT-IMPORT 11-family taxonomy.
AE-FEAT-IMPORT-006R,individual_feature_log_odds_rebuild_20260602_gbm,raw_plus_latent,dynamic_csi,roll_autocorr_3y_log_mkvalt,347,391,mapped,10,rolling_window_statistics,computed,143173,0.0,bounded GBM-only predictor workspace; not full final model-suite importance,mapped,Feature mapped to the canonical AE-FEAT-IMPORT 11-family taxonomy.
AE-FEAT-IMPORT-006R,individual_feature_log_odds_rebuild_20260602_gbm,raw_plus_latent,dynamic_csi,roll_autocorr_3y_log_at,348,392,mapped,10,rolling_window_statistics,computed,143173,0.0,bounded GBM-only predictor workspace; not full final model-suite importance,mapped,Feature mapped to the canonical AE-FEAT-IMPORT 11-family taxonomy.
AE-FEAT-IMPORT-006R,individual_feature_log_odds_rebuild_20260602_gbm,raw_plus_latent,dynamic_csi,roll_mean_5y_net_debt_ebitda,354,393,mapped,10,rolling_window_statistics,computed,143173,0.0,bounded GBM-only predictor workspace; not full final model-suite importance,mapped,Feature mapped to the canonical AE-FEAT-IMPORT 11-family taxonomy.
AE-FEAT-IMPORT-006R,individual_feature_log_odds_rebuild_20260602_gbm,raw_plus_latent,dynamic_csi,roll_mean_5y_interest_cov,355,394,mapped,10,rolling_window_statistics,computed,143173,0.0,bounded GBM-only predictor workspace; not full final model-suite importance,mapped,Feature mapped to the canonical AE-FEAT-IMPORT 11-family taxonomy.
AE-FEAT-IMPORT-006R,individual_feature_log_odds_rebuild_20260602_gbm,raw_plus_latent,dynamic_csi,roll_mean_5y_current_ratio,356,395,mapped,10,rolling_window_statistics,computed,143173,0.0,bounded GBM-only predictor workspace; not full final model-suite importance,mapped,Feature mapped to the canonical AE-FEAT-IMPORT 11-family taxonomy.
AE-FEAT-IMPORT-006R,individual_feature_log_odds_rebuild_20260602_gbm,raw_plus_latent,dynamic_csi,roll_mean_5y_cash_pct_act,357,396,mapped,10,rolling_window_statistics,computed,143173,0.0,bounded GBM-only predictor workspace; not full final model-suite importance,mapped,Feature mapped to the canonical AE-FEAT-IMPORT 11-family taxonomy.
AE-FEAT-IMPORT-006R,individual_feature_log_odds_rebuild_20260602_gbm,raw_plus_latent,dynamic_csi,roll_mean_5y_accruals_ratio,358,397,mapped,10,rolling_window_statistics,computed,143173,0.0,bounded GBM-only predictor workspace; not full final model-suite importance,mapped,Feature mapped to the canonical AE-FEAT-IMPORT 11-family taxonomy.
AE-FEAT-IMPORT-006R,individual_feature_log_odds_rebuild_20260602_gbm,raw_plus_latent,dynamic_csi,roll_mean_5y_log_at,363,398,mapped,10,rolling_window_statistics,computed,143173,0.0,bounded GBM-only predictor workspace; not full final model-suite importance,mapped,Feature mapped to the canonical AE-FEAT-IMPORT 11-family taxonomy.
AE-FEAT-IMPORT-006R,individual_feature_log_odds_rebuild_20260602_gbm,raw_plus_latent,dynamic_csi,roll_min_5y_ocf_per_share,365,399,mapped,10,rolling_window_statistics,computed,143173,0.0,bounded GBM-only predictor workspace; not full final model-suite importance,mapped,Feature mapped to the canonical AE-FEAT-IMPORT 11-family taxonomy.
AE-FEAT-IMPORT-006R,individual_feature_log_odds_rebuild_20260602_gbm,raw_plus_latent,dynamic_csi,roll_min_5y_roa,366,400,mapped,10,rolling_window_statistics,computed,143173,0.0,bounded GBM-only predictor workspace; not full final model-suite importance,mapped,Feature mapped to the canonical AE-FEAT-IMPORT 11-family taxonomy.
AE-FEAT-IMPORT-006R,individual_feature_log_odds_rebuild_20260602_gbm,raw_plus_latent,dynamic_csi,roll_min_5y_leverage,368,401,mapped,10,rolling_window_statistics,computed,143173,0.0,bounded GBM-only predictor workspace; not full final model-suite importance,mapped,Feature mapped to the canonical AE-FEAT-IMPORT 11-family taxonomy.
AE-FEAT-IMPORT-006R,individual_feature_log_odds_rebuild_20260602_gbm,raw_plus_latent,dynamic_csi,roll_min_5y_interest_cov,370,402,mapped,10,rolling_window_statistics,computed,143173,0.0,bounded GBM-only predictor workspace; not full final model-suite importance,mapped,Feature mapped to the canonical AE-FEAT-IMPORT 11-family taxonomy.
AE-FEAT-IMPORT-006R,individual_feature_log_odds_rebuild_20260602_gbm,raw_plus_latent,dynamic_csi,roll_min_5y_cash_pct_act,372,403,mapped,10,rolling_window_statistics,computed,143173,0.0,bounded GBM-only predictor workspace; not full final model-suite importance,mapped,Feature mapped to the canonical AE-FEAT-IMPORT 11-family taxonomy.
AE-FEAT-IMPORT-006R,individual_feature_log_odds_rebuild_20260602_gbm,raw_plus_latent,dynamic_csi,roll_min_5y_accruals_ratio,373,404,mapped,10,rolling_window_statistics,computed,143173,0.0,bounded GBM-only predictor workspace; not full final model-suite importance,mapped,Feature mapped to the canonical AE-FEAT-IMPORT 11-family taxonomy.
AE-FEAT-IMPORT-006R,individual_feature_log_odds_rebuild_20260602_gbm,raw_plus_latent,dynamic_csi,roll_min_5y_asset_turnover,374,405,mapped,10,rolling_window_statistics,computed,143173,0.0,bounded GBM-only predictor workspace; not full final model-suite importance,mapped,Feature mapped to the canonical AE-FEAT-IMPORT 11-family taxonomy.
AE-FEAT-IMPORT-006R,individual_feature_log_odds_rebuild_20260602_gbm,raw_plus_latent,dynamic_csi,roll_min_5y_gross_margin,375,406,mapped,10,rolling_window_statistics,computed,143173,0.0,bounded GBM-only predictor workspace; not full final model-suite importance,mapped,Feature mapped to the canonical AE-FEAT-IMPORT 11-family taxonomy.
AE-FEAT-IMPORT-006R,individual_feature_log_odds_rebuild_20260602_gbm,raw_plus_latent,dynamic_csi,roll_min_5y_ebitda_margin,376,407,mapped,10,rolling_window_statistics,computed,143173,0.0,bounded GBM-only predictor workspace; not full final model-suite importance,mapped,Feature mapped to the canonical AE-FEAT-IMPORT 11-family taxonomy.
AE-FEAT-IMPORT-006R,individual_feature_log_odds_rebuild_20260602_gbm,raw_plus_latent,dynamic_csi,roll_min_5y_log_mkvalt,377,408,mapped,10,rolling_window_statistics,computed,143173,0.0,bounded GBM-only predictor workspace; not full final model-suite importance,mapped,Feature mapped to the canonical AE-FEAT-IMPORT 11-family taxonomy.
AE-FEAT-IMPORT-006R,individual_feature_log_odds_rebuild_20260602_gbm,raw_plus_latent,dynamic_csi,roll_max_5y_earn_yld,379,409,mapped,10,rolling_window_statistics,computed,143173,0.0,bounded GBM-only predictor workspace; not full final model-suite importance,mapped,Feature mapped to the canonical AE-FEAT-IMPORT 11-family taxonomy.
AE-FEAT-IMPORT-006R,individual_feature_log_odds_rebuild_20260602_gbm,raw_plus_latent,dynamic_csi,roll_max_5y_ocf_per_share,380,410,mapped,10,rolling_window_statistics,computed,143173,0.0,bounded GBM-only predictor workspace; not full final model-suite importance,mapped,Feature mapped to the canonical AE-FEAT-IMPORT 11-family taxonomy.
AE-FEAT-IMPORT-006R,individual_feature_log_odds_rebuild_20260602_gbm,raw_plus_latent,dynamic_csi,roll_max_5y_roa,381,411,mapped,10,rolling_window_statistics,computed,143173,0.0,bounded GBM-only predictor workspace; not full final model-suite importance,mapped,Feature mapped to the canonical AE-FEAT-IMPORT 11-family taxonomy.
AE-FEAT-IMPORT-006R,individual_feature_log_odds_rebuild_20260602_gbm,raw_plus_latent,dynamic_csi,roll_max_5y_roic,382,412,mapped,10,rolling_window_statistics,computed,143173,0.0,bounded GBM-only predictor workspace; not full final model-suite importance,mapped,Feature mapped to the canonical AE-FEAT-IMPORT 11-family taxonomy.
AE-FEAT-IMPORT-006R,individual_feature_log_odds_rebuild_20260602_gbm,raw_plus_latent,dynamic_csi,roll_max_5y_leverage,383,413,mapped,10,rolling_window_statistics,computed,143173,0.0,bounded GBM-only predictor workspace; not full final model-suite importance,mapped,Feature mapped to the canonical AE-FEAT-IMPORT 11-family taxonomy.
AE-FEAT-IMPORT-006R,individual_feature_log_odds_rebuild_20260602_gbm,raw_plus_latent,dynamic_csi,roll_max_5y_net_debt_ebitda,384,414,mapped,10,rolling_window_statistics,computed,143173,0.0,bounded GBM-only predictor workspace; not full final model-suite importance,mapped,Feature mapped to the canonical AE-FEAT-IMPORT 11-family taxonomy.
AE-FEAT-IMPORT-006R,individual_feature_log_odds_rebuild_20260602_gbm,raw_plus_latent,dynamic_csi,roll_max_5y_interest_cov,385,415,mapped,10,rolling_window_statistics,computed,143173,0.0,bounded GBM-only predictor workspace; not full final model-suite importance,mapped,Feature mapped to the canonical AE-FEAT-IMPORT 11-family taxonomy.
AE-FEAT-IMPORT-006R,individual_feature_log_odds_rebuild_20260602_gbm,raw_plus_latent,dynamic_csi,roll_max_5y_current_ratio,386,416,mapped,10,rolling_window_statistics,computed,143173,0.0,bounded GBM-only predictor workspace; not full final model-suite importance,mapped,Feature mapped to the canonical AE-FEAT-IMPORT 11-family taxonomy.
AE-FEAT-IMPORT-006R,individual_feature_log_odds_rebuild_20260602_gbm,raw_plus_latent,dynamic_csi,roll_max_5y_cash_pct_act,387,417,mapped,10,rolling_window_statistics,computed,143173,0.0,bounded GBM-only predictor workspace; not full final model-suite importance,mapped,Feature mapped to the canonical AE-FEAT-IMPORT 11-family taxonomy.
AE-FEAT-IMPORT-006R,individual_feature_log_odds_rebuild_20260602_gbm,raw_plus_latent,dynamic_csi,roll_max_5y_accruals_ratio,388,418,mapped,10,rolling_window_statistics,computed,143173,0.0,bounded GBM-only predictor workspace; not full final model-suite importance,mapped,Feature mapped to the canonical AE-FEAT-IMPORT 11-family taxonomy.
AE-FEAT-IMPORT-006R,individual_feature_log_odds_rebuild_20260602_gbm,raw_plus_latent,dynamic_csi,roll_max_5y_asset_turnover,389,419,mapped,10,rolling_window_statistics,computed,143173,0.0,bounded GBM-only predictor workspace; not full final model-suite importance,mapped,Feature mapped to the canonical AE-FEAT-IMPORT 11-family taxonomy.
AE-FEAT-IMPORT-006R,individual_feature_log_odds_rebuild_20260602_gbm,raw_plus_latent,dynamic_csi,roll_max_5y_gross_margin,390,420,mapped,10,rolling_window_statistics,computed,143173,0.0,bounded GBM-only predictor workspace; not full final model-suite importance,mapped,Feature mapped to the canonical AE-FEAT-IMPORT 11-family taxonomy.
AE-FEAT-IMPORT-006R,individual_feature_log_odds_rebuild_20260602_gbm,raw_plus_latent,dynamic_csi,roll_max_5y_ebitda_margin,391,421,mapped,10,rolling_window_statistics,computed,143173,0.0,bounded GBM-only predictor workspace; not full final model-suite importance,mapped,Feature mapped to the canonical AE-FEAT-IMPORT 11-family taxonomy.
AE-FEAT-IMPORT-006R,individual_feature_log_odds_rebuild_20260602_gbm,raw_plus_latent,dynamic_csi,roll_max_5y_log_at,393,422,mapped,10,rolling_window_statistics,computed,143173,0.0,bounded GBM-only predictor workspace; not full final model-suite importance,mapped,Feature mapped to the canonical AE-FEAT-IMPORT 11-family taxonomy.
AE-FEAT-IMPORT-006R,individual_feature_log_odds_rebuild_20260602_gbm,raw_plus_latent,dynamic_csi,roll_sd_5y_ocf_per_share,395,423,mapped,10,rolling_window_statistics,computed,143173,0.0,bounded GBM-only predictor workspace; not full final model-suite importance,mapped,Feature mapped to the canonical AE-FEAT-IMPORT 11-family taxonomy.
AE-FEAT-IMPORT-006R,individual_feature_log_odds_rebuild_20260602_gbm,raw_plus_latent,dynamic_csi,roll_sd_5y_roa,396,424,mapped,10,rolling_window_statistics,computed,143173,0.0,bounded GBM-only predictor workspace; not full final model-suite importance,mapped,Feature mapped to the canonical AE-FEAT-IMPORT 11-family taxonomy.
AE-FEAT-IMPORT-006R,individual_feature_log_odds_rebuild_20260602_gbm,raw_plus_latent,dynamic_csi,roll_sd_5y_net_debt_ebitda,399,425,mapped,10,rolling_window_statistics,computed,143173,0.0,bounded GBM-only predictor workspace; not full final model-suite importance,mapped,Feature mapped to the canonical AE-FEAT-IMPORT 11-family taxonomy.
AE-FEAT-IMPORT-006R,individual_feature_log_odds_rebuild_20260602_gbm,raw_plus_latent,dynamic_csi,roll_sd_5y_interest_cov,400,426,mapped,10,rolling_window_statistics,computed,143173,0.0,bounded GBM-only predictor workspace; not full final model-suite importance,mapped,Feature mapped to the canonical AE-FEAT-IMPORT 11-family taxonomy.
AE-FEAT-IMPORT-006R,individual_feature_log_odds_rebuild_20260602_gbm,raw_plus_latent,dynamic_csi,roll_sd_5y_current_ratio,401,427,mapped,10,rolling_window_statistics,computed,143173,0.0,bounded GBM-only predictor workspace; not full final model-suite importance,mapped,Feature mapped to the canonical AE-FEAT-IMPORT 11-family taxonomy.
AE-FEAT-IMPORT-006R,individual_feature_log_odds_rebuild_20260602_gbm,raw_plus_latent,dynamic_csi,roll_sd_5y_cash_pct_act,402,428,mapped,10,rolling_window_statistics,computed,143173,0.0,bounded GBM-only predictor workspace; not full final model-suite importance,mapped,Feature mapped to the canonical AE-FEAT-IMPORT 11-family taxonomy.
AE-FEAT-IMPORT-006R,individual_feature_log_odds_rebuild_20260602_gbm,raw_plus_latent,dynamic_csi,roll_sd_5y_accruals_ratio,403,429,mapped,10,rolling_window_statistics,computed,143173,0.0,bounded GBM-only predictor workspace; not full final model-suite importance,mapped,Feature mapped to the canonical AE-FEAT-IMPORT 11-family taxonomy.
AE-FEAT-IMPORT-006R,individual_feature_log_odds_rebuild_20260602_gbm,raw_plus_latent,dynamic_csi,roll_sd_5y_asset_turnover,404,430,mapped,10,rolling_window_statistics,computed,143173,0.0,bounded GBM-only predictor workspace; not full final model-suite importance,mapped,Feature mapped to the canonical AE-FEAT-IMPORT 11-family taxonomy.
AE-FEAT-IMPORT-006R,individual_feature_log_odds_rebuild_20260602_gbm,raw_plus_latent,dynamic_csi,roll_sd_5y_gross_margin,405,431,mapped,10,rolling_window_statistics,computed,143173,0.0,bounded GBM-only predictor workspace; not full final model-suite importance,mapped,Feature mapped to the canonical AE-FEAT-IMPORT 11-family taxonomy.
AE-FEAT-IMPORT-006R,individual_feature_log_odds_rebuild_20260602_gbm,raw_plus_latent,dynamic_csi,roll_sd_5y_ebitda_margin,406,432,mapped,10,rolling_window_statistics,computed,143173,0.0,bounded GBM-only predictor workspace; not full final model-suite importance,mapped,Feature mapped to the canonical AE-FEAT-IMPORT 11-family taxonomy.
AE-FEAT-IMPORT-006R,individual_feature_log_odds_rebuild_20260602_gbm,raw_plus_latent,dynamic_csi,roll_trend_5y_earn_yld,409,433,mapped,10,rolling_window_statistics,computed,143173,0.0,bounded GBM-only predictor workspace; not full final model-suite importance,mapped,Feature mapped to the canonical AE-FEAT-IMPORT 11-family taxonomy.
AE-FEAT-IMPORT-006R,individual_feature_log_odds_rebuild_20260602_gbm,raw_plus_latent,dynamic_csi,roll_trend_5y_ocf_per_share,410,434,mapped,10,rolling_window_statistics,computed,143173,0.0,bounded GBM-only predictor workspace; not full final model-suite importance,mapped,Feature mapped to the canonical AE-FEAT-IMPORT 11-family taxonomy.
AE-FEAT-IMPORT-006R,individual_feature_log_odds_rebuild_20260602_gbm,raw_plus_latent,dynamic_csi,roll_trend_5y_roa,411,435,mapped,10,rolling_window_statistics,computed,143173,0.0,bounded GBM-only predictor workspace; not full final model-suite importance,mapped,Feature mapped to the canonical AE-FEAT-IMPORT 11-family taxonomy.
AE-FEAT-IMPORT-006R,individual_feature_log_odds_rebuild_20260602_gbm,raw_plus_latent,dynamic_csi,roll_trend_5y_roic,412,436,mapped,10,rolling_window_statistics,computed,143173,0.0,bounded GBM-only predictor workspace; not full final model-suite importance,mapped,Feature mapped to the canonical AE-FEAT-IMPORT 11-family taxonomy.
AE-FEAT-IMPORT-006R,individual_feature_log_odds_rebuild_20260602_gbm,raw_plus_latent,dynamic_csi,roll_trend_5y_leverage,413,437,mapped,10,rolling_window_statistics,computed,143173,0.0,bounded GBM-only predictor workspace; not full final model-suite importance,mapped,Feature mapped to the canonical AE-FEAT-IMPORT 11-family taxonomy.
AE-FEAT-IMPORT-006R,individual_feature_log_odds_rebuild_20260602_gbm,raw_plus_latent,dynamic_csi,roll_trend_5y_net_debt_ebitda,414,438,mapped,10,rolling_window_statistics,computed,143173,0.0,bounded GBM-only predictor workspace; not full final model-suite importance,mapped,Feature mapped to the canonical AE-FEAT-IMPORT 11-family taxonomy.
AE-FEAT-IMPORT-006R,individual_feature_log_odds_rebuild_20260602_gbm,raw_plus_latent,dynamic_csi,roll_trend_5y_interest_cov,415,439,mapped,10,rolling_window_statistics,computed,143173,0.0,bounded GBM-only predictor workspace; not full final model-suite importance,mapped,Feature mapped to the canonical AE-FEAT-IMPORT 11-family taxonomy.
AE-FEAT-IMPORT-006R,individual_feature_log_odds_rebuild_20260602_gbm,raw_plus_latent,dynamic_csi,roll_trend_5y_current_ratio,416,440,mapped,10,rolling_window_statistics,computed,143173,0.0,bounded GBM-only predictor workspace; not full final model-suite importance,mapped,Feature mapped to the canonical AE-FEAT-IMPORT 11-family taxonomy.
AE-FEAT-IMPORT-006R,individual_feature_log_odds_rebuild_20260602_gbm,raw_plus_latent,dynamic_csi,roll_trend_5y_cash_pct_act,417,441,mapped,10,rolling_window_statistics,computed,143173,0.0,bounded GBM-only predictor workspace; not full final model-suite importance,mapped,Feature mapped to the canonical AE-FEAT-IMPORT 11-family taxonomy.
AE-FEAT-IMPORT-006R,individual_feature_log_odds_rebuild_20260602_gbm,raw_plus_latent,dynamic_csi,roll_trend_5y_accruals_ratio,418,442,mapped,10,rolling_window_statistics,computed,143173,0.0,bounded GBM-only predictor workspace; not full final model-suite importance,mapped,Feature mapped to the canonical AE-FEAT-IMPORT 11-family taxonomy.
AE-FEAT-IMPORT-006R,individual_feature_log_odds_rebuild_20260602_gbm,raw_plus_latent,dynamic_csi,roll_trend_5y_asset_turnover,419,443,mapped,10,rolling_window_statistics,computed,143173,0.0,bounded GBM-only predictor workspace; not full final model-suite importance,mapped,Feature mapped to the canonical AE-FEAT-IMPORT 11-family taxonomy.
AE-FEAT-IMPORT-006R,individual_feature_log_odds_rebuild_20260602_gbm,raw_plus_latent,dynamic_csi,roll_trend_5y_gross_margin,420,444,mapped,10,rolling_window_statistics,computed,143173,0.0,bounded GBM-only predictor workspace; not full final model-suite importance,mapped,Feature mapped to the canonical AE-FEAT-IMPORT 11-family taxonomy.
AE-FEAT-IMPORT-006R,individual_feature_log_odds_rebuild_20260602_gbm,raw_plus_latent,dynamic_csi,roll_trend_5y_ebitda_margin,421,445,mapped,10,rolling_window_statistics,computed,143173,0.0,bounded GBM-only predictor workspace; not full final model-suite importance,mapped,Feature mapped to the canonical AE-FEAT-IMPORT 11-family taxonomy.
AE-FEAT-IMPORT-006R,individual_feature_log_odds_rebuild_20260602_gbm,raw_plus_latent,dynamic_csi,roll_trend_5y_log_at,423,446,mapped,10,rolling_window_statistics,computed,143173,0.0,bounded GBM-only predictor workspace; not full final model-suite importance,mapped,Feature mapped to the canonical AE-FEAT-IMPORT 11-family taxonomy.
AE-FEAT-IMPORT-006R,individual_feature_log_odds_rebuild_20260602_gbm,raw_plus_latent,dynamic_csi,roll_autocorr_5y_earn_yld,424,447,mapped,10,rolling_window_statistics,computed,143173,0.0,bounded GBM-only predictor workspace; not full final model-suite importance,mapped,Feature mapped to the canonical AE-FEAT-IMPORT 11-family taxonomy.
AE-FEAT-IMPORT-006R,individual_feature_log_odds_rebuild_20260602_gbm,raw_plus_latent,dynamic_csi,roll_autocorr_5y_ocf_per_share,425,448,mapped,10,rolling_window_statistics,computed,143173,0.0,bounded GBM-only predictor workspace; not full final model-suite importance,mapped,Feature mapped to the canonical AE-FEAT-IMPORT 11-family taxonomy.
AE-FEAT-IMPORT-006R,individual_feature_log_odds_rebuild_20260602_gbm,raw_plus_latent,dynamic_csi,roll_autocorr_5y_roa,426,449,mapped,10,rolling_window_statistics,computed,143173,0.0,bounded GBM-only predictor workspace; not full final model-suite importance,mapped,Feature mapped to the canonical AE-FEAT-IMPORT 11-family taxonomy.
AE-FEAT-IMPORT-006R,individual_feature_log_odds_rebuild_20260602_gbm,raw_plus_latent,dynamic_csi,roll_autocorr_5y_roic,427,450,mapped,10,rolling_window_statistics,computed,143173,0.0,bounded GBM-only predictor workspace; not full final model-suite importance,mapped,Feature mapped to the canonical AE-FEAT-IMPORT 11-family taxonomy.
AE-FEAT-IMPORT-006R,individual_feature_log_odds_rebuild_20260602_gbm,raw_plus_latent,dynamic_csi,roll_autocorr_5y_leverage,428,451,mapped,10,rolling_window_statistics,computed,143173,0.0,bounded GBM-only predictor workspace; not full final model-suite importance,mapped,Feature mapped to the canonical AE-FEAT-IMPORT 11-family taxonomy.
AE-FEAT-IMPORT-006R,individual_feature_log_odds_rebuild_20260602_gbm,raw_plus_latent,dynamic_csi,roll_autocorr_5y_net_debt_ebitda,429,452,mapped,10,rolling_window_statistics,computed,143173,0.0,bounded GBM-only predictor workspace; not full final model-suite importance,mapped,Feature mapped to the canonical AE-FEAT-IMPORT 11-family taxonomy.
AE-FEAT-IMPORT-006R,individual_feature_log_odds_rebuild_20260602_gbm,raw_plus_latent,dynamic_csi,roll_autocorr_5y_interest_cov,430,453,mapped,10,rolling_window_statistics,computed,143173,0.0,bounded GBM-only predictor workspace; not full final model-suite importance,mapped,Feature mapped to the canonical AE-FEAT-IMPORT 11-family taxonomy.
AE-FEAT-IMPORT-006R,individual_feature_log_odds_rebuild_20260602_gbm,raw_plus_latent,dynamic_csi,roll_autocorr_5y_current_ratio,431,454,mapped,10,rolling_window_statistics,computed,143173,0.0,bounded GBM-only predictor workspace; not full final model-suite importance,mapped,Feature mapped to the canonical AE-FEAT-IMPORT 11-family taxonomy.
AE-FEAT-IMPORT-006R,individual_feature_log_odds_rebuild_20260602_gbm,raw_plus_latent,dynamic_csi,roll_autocorr_5y_cash_pct_act,432,455,mapped,10,rolling_window_statistics,computed,143173,0.0,bounded GBM-only predictor workspace; not full final model-suite importance,mapped,Feature mapped to the canonical AE-FEAT-IMPORT 11-family taxonomy.
AE-FEAT-IMPORT-006R,individual_feature_log_odds_rebuild_20260602_gbm,raw_plus_latent,dynamic_csi,roll_autocorr_5y_accruals_ratio,433,456,mapped,10,rolling_window_statistics,computed,143173,0.0,bounded GBM-only predictor workspace; not full final model-suite importance,mapped,Feature mapped to the canonical AE-FEAT-IMPORT 11-family taxonomy.
AE-FEAT-IMPORT-006R,individual_feature_log_odds_rebuild_20260602_gbm,raw_plus_latent,dynamic_csi,roll_autocorr_5y_asset_turnover,434,457,mapped,10,rolling_window_statistics,computed,143173,0.0,bounded GBM-only predictor workspace; not full final model-suite importance,mapped,Feature mapped to the canonical AE-FEAT-IMPORT 11-family taxonomy.
AE-FEAT-IMPORT-006R,individual_feature_log_odds_rebuild_20260602_gbm,raw_plus_latent,dynamic_csi,roll_autocorr_5y_gross_margin,435,458,mapped,10,rolling_window_statistics,computed,143173,0.0,bounded GBM-only predictor workspace; not full final model-suite importance,mapped,Feature mapped to the canonical AE-FEAT-IMPORT 11-family taxonomy.
AE-FEAT-IMPORT-006R,individual_feature_log_odds_rebuild_20260602_gbm,raw_plus_latent,dynamic_csi,roll_autocorr_5y_ebitda_margin,436,459,mapped,10,rolling_window_statistics,computed,143173,0.0,bounded GBM-only predictor workspace; not full final model-suite importance,mapped,Feature mapped to the canonical AE-FEAT-IMPORT 11-family taxonomy.
AE-FEAT-IMPORT-006R,individual_feature_log_odds_rebuild_20260602_gbm,raw_plus_latent,dynamic_csi,roll_autocorr_5y_log_mkvalt,437,460,mapped,10,rolling_window_statistics,computed,143173,0.0,bounded GBM-only predictor workspace; not full final model-suite importance,mapped,Feature mapped to the canonical AE-FEAT-IMPORT 11-family taxonomy.
AE-FEAT-IMPORT-006R,individual_feature_log_odds_rebuild_20260602_gbm,raw_plus_latent,dynamic_csi,roll_autocorr_5y_log_at,438,461,mapped,10,rolling_window_statistics,computed,143173,0.0,bounded GBM-only predictor workspace; not full final model-suite importance,mapped,Feature mapped to the canonical AE-FEAT-IMPORT 11-family taxonomy.
AE-FEAT-IMPORT-006R,individual_feature_log_odds_rebuild_20260602_gbm,raw_plus_latent,dynamic_csi,mom_1m,439,462,mapped,11,price_momentum_volatility_and_macro_interactions,computed,143173,0.0,bounded GBM-only predictor workspace; not full final model-suite importance,mapped,Feature mapped to the canonical AE-FEAT-IMPORT 11-family taxonomy.
AE-FEAT-IMPORT-006R,individual_feature_log_odds_rebuild_20260602_gbm,raw_plus_latent,dynamic_csi,vol_12m,442,463,mapped,11,price_momentum_volatility_and_macro_interactions,computed,143173,0.0,bounded GBM-only predictor workspace; not full final model-suite importance,mapped,Feature mapped to the canonical AE-FEAT-IMPORT 11-family taxonomy.
AE-FEAT-IMPORT-006R,individual_feature_log_odds_rebuild_20260602_gbm,raw_plus_latent,dynamic_csi,interact_cov_rate,448,464,mapped,11,price_momentum_volatility_and_macro_interactions,computed,143173,0.0,bounded GBM-only predictor workspace; not full final model-suite importance,mapped,Feature mapped to the canonical AE-FEAT-IMPORT 11-family taxonomy.
AE-FEAT-IMPORT-006R,individual_feature_log_odds_rebuild_20260602_gbm,raw_plus_latent,dynamic_csi,z1,462,465,latent_vae,latent_vae,vae_latent_features,computed,143173,0.0,bounded GBM-only predictor workspace; not full final model-suite importance,latent_vae,VAE latent dimension or reconstruction error; outside canonical raw/engineered family taxonomy.
AE-FEAT-IMPORT-006R,individual_feature_log_odds_rebuild_20260602_gbm,raw_plus_latent,dynamic_csi,z2,463,466,latent_vae,latent_vae,vae_latent_features,computed,143173,0.0,bounded GBM-only predictor workspace; not full final model-suite importance,latent_vae,VAE latent dimension or reconstruction error; outside canonical raw/engineered family taxonomy.
AE-FEAT-IMPORT-006R,individual_feature_log_odds_rebuild_20260602_gbm,raw_plus_latent,dynamic_csi,z3,464,467,latent_vae,latent_vae,vae_latent_features,computed,143173,0.0,bounded GBM-only predictor workspace; not full final model-suite importance,latent_vae,VAE latent dimension or reconstruction error; outside canonical raw/engineered family taxonomy.
AE-FEAT-IMPORT-006R,individual_feature_log_odds_rebuild_20260602_gbm,raw_plus_latent,dynamic_csi,z4,465,468,latent_vae,latent_vae,vae_latent_features,computed,143173,0.0,bounded GBM-only predictor workspace; not full final model-suite importance,latent_vae,VAE latent dimension or reconstruction error; outside canonical raw/engineered family taxonomy.
AE-FEAT-IMPORT-006R,individual_feature_log_odds_rebuild_20260602_gbm,raw_plus_latent,dynamic_csi,z5,466,469,latent_vae,latent_vae,vae_latent_features,computed,143173,0.0,bounded GBM-only predictor workspace; not full final model-suite importance,latent_vae,VAE latent dimension or reconstruction error; outside canonical raw/engineered family taxonomy.
AE-FEAT-IMPORT-006R,individual_feature_log_odds_rebuild_20260602_gbm,raw_plus_latent,dynamic_csi,z6,467,470,latent_vae,latent_vae,vae_latent_features,computed,143173,0.0,bounded GBM-only predictor workspace; not full final model-suite importance,latent_vae,VAE latent dimension or reconstruction error; outside canonical raw/engineered family taxonomy.
AE-FEAT-IMPORT-006R,individual_feature_log_odds_rebuild_20260602_gbm,raw_plus_latent,dynamic_csi,z7,468,471,latent_vae,latent_vae,vae_latent_features,computed,143173,0.0,bounded GBM-only predictor workspace; not full final model-suite importance,latent_vae,VAE latent dimension or reconstruction error; outside canonical raw/engineered family taxonomy.
AE-FEAT-IMPORT-006R,individual_feature_log_odds_rebuild_20260602_gbm,raw_plus_latent,dynamic_csi,z8,469,472,latent_vae,latent_vae,vae_latent_features,computed,143173,0.0,bounded GBM-only predictor workspace; not full final model-suite importance,latent_vae,VAE latent dimension or reconstruction error; outside canonical raw/engineered family taxonomy.
AE-FEAT-IMPORT-006R,individual_feature_log_odds_rebuild_20260602_gbm,raw_plus_latent,dynamic_csi,z9,470,473,latent_vae,latent_vae,vae_latent_features,computed,143173,0.0,bounded GBM-only predictor workspace; not full final model-suite importance,latent_vae,VAE latent dimension or reconstruction error; outside canonical raw/engineered family taxonomy.
AE-FEAT-IMPORT-006R,individual_feature_log_odds_rebuild_20260602_gbm,raw_plus_latent,dynamic_csi,z10,471,474,latent_vae,latent_vae,vae_latent_features,computed,143173,0.0,bounded GBM-only predictor workspace; not full final model-suite importance,latent_vae,VAE latent dimension or reconstruction error; outside canonical raw/engineered family taxonomy.
AE-FEAT-IMPORT-006R,individual_feature_log_odds_rebuild_20260602_gbm,raw_plus_latent,dynamic_csi,z11,472,475,latent_vae,latent_vae,vae_latent_features,computed,143173,0.0,bounded GBM-only predictor workspace; not full final model-suite importance,latent_vae,VAE latent dimension or reconstruction error; outside canonical raw/engineered family taxonomy.
AE-FEAT-IMPORT-006R,individual_feature_log_odds_rebuild_20260602_gbm,raw_plus_latent,dynamic_csi,z12,473,476,latent_vae,latent_vae,vae_latent_features,computed,143173,0.0,bounded GBM-only predictor workspace; not full final model-suite importance,latent_vae,VAE latent dimension or reconstruction error; outside canonical raw/engineered family taxonomy.
AE-FEAT-IMPORT-006R,individual_feature_log_odds_rebuild_20260602_gbm,raw_plus_latent,dynamic_csi,z13,474,477,latent_vae,latent_vae,vae_latent_features,computed,143173,0.0,bounded GBM-only predictor workspace; not full final model-suite importance,latent_vae,VAE latent dimension or reconstruction error; outside canonical raw/engineered family taxonomy.
AE-FEAT-IMPORT-006R,individual_feature_log_odds_rebuild_20260602_gbm,raw_plus_latent,dynamic_csi,z15,476,478,latent_vae,latent_vae,vae_latent_features,computed,143173,0.0,bounded GBM-only predictor workspace; not full final model-suite importance,latent_vae,VAE latent dimension or reconstruction error; outside canonical raw/engineered family taxonomy.
AE-FEAT-IMPORT-006R,individual_feature_log_odds_rebuild_20260602_gbm,raw_plus_latent,dynamic_csi,z16,477,479,latent_vae,latent_vae,vae_latent_features,computed,143173,0.0,bounded GBM-only predictor workspace; not full final model-suite importance,latent_vae,VAE latent dimension or reconstruction error; outside canonical raw/engineered family taxonomy.
AE-FEAT-IMPORT-006R,individual_feature_log_odds_rebuild_20260602_gbm,raw_plus_latent,dynamic_csi,z17,478,480,latent_vae,latent_vae,vae_latent_features,computed,143173,0.0,bounded GBM-only predictor workspace; not full final model-suite importance,latent_vae,VAE latent dimension or reconstruction error; outside canonical raw/engineered family taxonomy.
AE-FEAT-IMPORT-006R,individual_feature_log_odds_rebuild_20260602_gbm,raw_plus_latent,dynamic_csi,z18,479,481,latent_vae,latent_vae,vae_latent_features,computed,143173,0.0,bounded GBM-only predictor workspace; not full final model-suite importance,latent_vae,VAE latent dimension or reconstruction error; outside canonical raw/engineered family taxonomy.
AE-FEAT-IMPORT-006R,individual_feature_log_odds_rebuild_20260602_gbm,raw_plus_latent,dynamic_csi,z19,480,482,latent_vae,latent_vae,vae_latent_features,computed,143173,0.0,bounded GBM-only predictor workspace; not full final model-suite importance,latent_vae,VAE latent dimension or reconstruction error; outside canonical raw/engineered family taxonomy.
AE-FEAT-IMPORT-006R,individual_feature_log_odds_rebuild_20260602_gbm,raw_plus_latent,dynamic_csi,z20,481,483,latent_vae,latent_vae,vae_latent_features,computed,143173,0.0,bounded GBM-only predictor workspace; not full final model-suite importance,latent_vae,VAE latent dimension or reconstruction error; outside canonical raw/engineered family taxonomy.
AE-FEAT-IMPORT-006R,individual_feature_log_odds_rebuild_20260602_gbm,raw_plus_latent,dynamic_csi,z21,482,484,latent_vae,latent_vae,vae_latent_features,computed,143173,0.0,bounded GBM-only predictor workspace; not full final model-suite importance,latent_vae,VAE latent dimension or reconstruction error; outside canonical raw/engineered family taxonomy.
AE-FEAT-IMPORT-006R,individual_feature_log_odds_rebuild_20260602_gbm,raw_plus_latent,dynamic_csi,z22,483,485,latent_vae,latent_vae,vae_latent_features,computed,143173,0.0,bounded GBM-only predictor workspace; not full final model-suite importance,latent_vae,VAE latent dimension or reconstruction error; outside canonical raw/engineered family taxonomy.
AE-FEAT-IMPORT-006R,individual_feature_log_odds_rebuild_20260602_gbm,raw_plus_latent,dynamic_csi,z23,484,486,latent_vae,latent_vae,vae_latent_features,computed,143173,0.0,bounded GBM-only predictor workspace; not full final model-suite importance,latent_vae,VAE latent dimension or reconstruction error; outside canonical raw/engineered family taxonomy.
AE-FEAT-IMPORT-006R,individual_feature_log_odds_rebuild_20260602_gbm,fund,permanent_csi,earn_yld,5,1,mapped,1,point_in_time_ratios,computed,143173,0.15623144774906902,bounded GBM-only predictor workspace; not full final model-suite importance,mapped,Feature mapped to the canonical AE-FEAT-IMPORT 11-family taxonomy.
AE-FEAT-IMPORT-006R,individual_feature_log_odds_rebuild_20260602_gbm,fund,permanent_csi,ocf_per_share,6,2,mapped,1,point_in_time_ratios,computed,143173,0.12786330509637925,bounded GBM-only predictor workspace; not full final model-suite importance,mapped,Feature mapped to the canonical AE-FEAT-IMPORT 11-family taxonomy.
AE-FEAT-IMPORT-006R,individual_feature_log_odds_rebuild_20260602_gbm,fund,permanent_csi,unrate,435,3,mapped,1,point_in_time_ratios,computed,143173,0.10609564167030146,bounded GBM-only predictor workspace; not full final model-suite importance,mapped,Feature mapped to the canonical AE-FEAT-IMPORT 11-family taxonomy.
AE-FEAT-IMPORT-006R,individual_feature_log_odds_rebuild_20260602_gbm,fund,permanent_csi,altman_z2,42,4,mapped,1,point_in_time_ratios,computed,143173,0.0936867204627299,bounded GBM-only predictor workspace; not full final model-suite importance,mapped,Feature mapped to the canonical AE-FEAT-IMPORT 11-family taxonomy.
AE-FEAT-IMPORT-006R,individual_feature_log_odds_rebuild_20260602_gbm,fund,permanent_csi,roll_min_5y_earn_yld,353,5,mapped,10,rolling_window_statistics,computed,143173,0.09067630438372537,bounded GBM-only predictor workspace; not full final model-suite importance,mapped,Feature mapped to the canonical AE-FEAT-IMPORT 11-family taxonomy.
AE-FEAT-IMPORT-006R,individual_feature_log_odds_rebuild_20260602_gbm,fund,permanent_csi,roa,7,6,mapped,1,point_in_time_ratios,computed,143173,0.09044924834172231,bounded GBM-only predictor workspace; not full final model-suite importance,mapped,Feature mapped to the canonical AE-FEAT-IMPORT 11-family taxonomy.
AE-FEAT-IMPORT-006R,individual_feature_log_odds_rebuild_20260602_gbm,fund,permanent_csi,roll_mean_3y_earn_yld,248,7,mapped,10,rolling_window_statistics,computed,143173,0.07462803240501797,bounded GBM-only predictor workspace; not full final model-suite importance,mapped,Feature mapped to the canonical AE-FEAT-IMPORT 11-family taxonomy.
AE-FEAT-IMPORT-006R,individual_feature_log_odds_rebuild_20260602_gbm,fund,permanent_csi,roll_min_3y_roa,265,8,mapped,10,rolling_window_statistics,computed,143173,0.07198983027178761,bounded GBM-only predictor workspace; not full final model-suite importance,mapped,Feature mapped to the canonical AE-FEAT-IMPORT 11-family taxonomy.
AE-FEAT-IMPORT-006R,individual_feature_log_odds_rebuild_20260602_gbm,fund,permanent_csi,roll_min_3y_earn_yld,263,9,mapped,10,rolling_window_statistics,computed,143173,0.06703513077677054,bounded GBM-only predictor workspace; not full final model-suite importance,mapped,Feature mapped to the canonical AE-FEAT-IMPORT 11-family taxonomy.
AE-FEAT-IMPORT-006R,individual_feature_log_odds_rebuild_20260602_gbm,fund,permanent_csi,roll_mean_5y_ocf_per_share,339,10,mapped,10,rolling_window_statistics,computed,143173,0.06702817560867809,bounded GBM-only predictor workspace; not full final model-suite importance,mapped,Feature mapped to the canonical AE-FEAT-IMPORT 11-family taxonomy.
AE-FEAT-IMPORT-006R,individual_feature_log_odds_rebuild_20260602_gbm,fund,permanent_csi,roll_mean_3y_ocf_per_share,249,11,mapped,10,rolling_window_statistics,computed,143173,0.06400437926245935,bounded GBM-only predictor workspace; not full final model-suite importance,mapped,Feature mapped to the canonical AE-FEAT-IMPORT 11-family taxonomy.
AE-FEAT-IMPORT-006R,individual_feature_log_odds_rebuild_20260602_gbm,fund,permanent_csi,roll_mean_5y_earn_yld,338,12,mapped,10,rolling_window_statistics,computed,143173,0.05739361331395868,bounded GBM-only predictor workspace; not full final model-suite importance,mapped,Feature mapped to the canonical AE-FEAT-IMPORT 11-family taxonomy.
AE-FEAT-IMPORT-006R,individual_feature_log_odds_rebuild_20260602_gbm,fund,permanent_csi,roic,9,13,mapped,1,point_in_time_ratios,computed,143173,0.05313783057486542,bounded GBM-only predictor workspace; not full final model-suite importance,mapped,Feature mapped to the canonical AE-FEAT-IMPORT 11-family taxonomy.
AE-FEAT-IMPORT-006R,individual_feature_log_odds_rebuild_20260602_gbm,fund,permanent_csi,term_spread,433,14,mapped,1,point_in_time_ratios,computed,143173,0.049604073475943845,bounded GBM-only predictor workspace; not full final model-suite importance,mapped,Feature mapped to the canonical AE-FEAT-IMPORT 11-family taxonomy.
AE-FEAT-IMPORT-006R,individual_feature_log_odds_rebuild_20260602_gbm,fund,permanent_csi,interact_roa_gdp,431,15,mapped,11,price_momentum_volatility_and_macro_interactions,computed,143173,0.04808944157985148,bounded GBM-only predictor workspace; not full final model-suite importance,mapped,Feature mapped to the canonical AE-FEAT-IMPORT 11-family taxonomy.
AE-FEAT-IMPORT-006R,individual_feature_log_odds_rebuild_20260602_gbm,fund,permanent_csi,roll_sd_5y_earn_yld,383,16,mapped,10,rolling_window_statistics,computed,143173,0.04804628067908394,bounded GBM-only predictor workspace; not full final model-suite importance,mapped,Feature mapped to the canonical AE-FEAT-IMPORT 11-family taxonomy.
AE-FEAT-IMPORT-006R,individual_feature_log_odds_rebuild_20260602_gbm,fund,permanent_csi,roll_min_5y_roa,355,17,mapped,10,rolling_window_statistics,computed,143173,0.04411066276457271,bounded GBM-only predictor workspace; not full final model-suite importance,mapped,Feature mapped to the canonical AE-FEAT-IMPORT 11-family taxonomy.
AE-FEAT-IMPORT-006R,individual_feature_log_odds_rebuild_20260602_gbm,fund,permanent_csi,interest_cov,18,18,mapped,1,point_in_time_ratios,computed,143173,0.0433824259183017,bounded GBM-only predictor workspace; not full final model-suite importance,mapped,Feature mapped to the canonical AE-FEAT-IMPORT 11-family taxonomy.
AE-FEAT-IMPORT-006R,individual_feature_log_odds_rebuild_20260602_gbm,fund,permanent_csi,peak_drop_log_mkvalt,214,19,mapped,6,peak_deterioration,computed,143173,0.04143179189721674,bounded GBM-only predictor workspace; not full final model-suite importance,mapped,Feature mapped to the canonical AE-FEAT-IMPORT 11-family taxonomy.
AE-FEAT-IMPORT-006R,individual_feature_log_odds_rebuild_20260602_gbm,fund,permanent_csi,ebit_roa,10,20,mapped,1,point_in_time_ratios,computed,143173,0.0396142990367215,bounded GBM-only predictor workspace; not full final model-suite importance,mapped,Feature mapped to the canonical AE-FEAT-IMPORT 11-family taxonomy.
AE-FEAT-IMPORT-006R,individual_feature_log_odds_rebuild_20260602_gbm,fund,permanent_csi,yoy_bp_ratio,65,21,mapped,2,yoy_changes,computed,143173,0.03693569064952794,bounded GBM-only predictor workspace; not full final model-suite importance,mapped,Feature mapped to the canonical AE-FEAT-IMPORT 11-family taxonomy.
AE-FEAT-IMPORT-006R,individual_feature_log_odds_rebuild_20260602_gbm,fund,permanent_csi,roll_sd_5y_log_at,397,22,mapped,10,rolling_window_statistics,computed,143173,0.03151723354475465,bounded GBM-only predictor workspace; not full final model-suite importance,mapped,Feature mapped to the canonical AE-FEAT-IMPORT 11-family taxonomy.
AE-FEAT-IMPORT-006R,individual_feature_log_odds_rebuild_20260602_gbm,fund,permanent_csi,roll_max_3y_ocf_per_share,279,23,mapped,10,rolling_window_statistics,computed,143173,0.029986234666852393,bounded GBM-only predictor workspace; not full final model-suite importance,mapped,Feature mapped to the canonical AE-FEAT-IMPORT 11-family taxonomy.
AE-FEAT-IMPORT-006R,individual_feature_log_odds_rebuild_20260602_gbm,fund,permanent_csi,expmean_ocf_per_share,123,24,mapped,4,expanding_mean,computed,143173,0.029848276710889177,bounded GBM-only predictor workspace; not full final model-suite importance,mapped,Feature mapped to the canonical AE-FEAT-IMPORT 11-family taxonomy.
AE-FEAT-IMPORT-006R,individual_feature_log_odds_rebuild_20260602_gbm,fund,permanent_csi,roll_min_3y_roic,266,25,mapped,10,rolling_window_statistics,computed,143173,0.027441076970630477,bounded GBM-only predictor workspace; not full final model-suite importance,mapped,Feature mapped to the canonical AE-FEAT-IMPORT 11-family taxonomy.
AE-FEAT-IMPORT-006R,individual_feature_log_odds_rebuild_20260602_gbm,fund,permanent_csi,peak_drop_bp_ratio,213,26,mapped,6,peak_deterioration,computed,143173,0.026938615170301876,bounded GBM-only predictor workspace; not full final model-suite importance,mapped,Feature mapped to the canonical AE-FEAT-IMPORT 11-family taxonomy.
AE-FEAT-IMPORT-006R,individual_feature_log_odds_rebuild_20260602_gbm,fund,permanent_csi,ocf_margin,13,27,mapped,1,point_in_time_ratios,computed,143173,0.026709226957742593,bounded GBM-only predictor workspace; not full final model-suite importance,mapped,Feature mapped to the canonical AE-FEAT-IMPORT 11-family taxonomy.
AE-FEAT-IMPORT-006R,individual_feature_log_odds_rebuild_20260602_gbm,fund,permanent_csi,roe,8,28,mapped,1,point_in_time_ratios,computed,143173,0.022378462926205836,bounded GBM-only predictor workspace; not full final model-suite importance,mapped,Feature mapped to the canonical AE-FEAT-IMPORT 11-family taxonomy.
AE-FEAT-IMPORT-006R,individual_feature_log_odds_rebuild_20260602_gbm,fund,permanent_csi,peak_drop_earn_yld,198,29,mapped,6,peak_deterioration,computed,143173,0.02063622139811543,bounded GBM-only predictor workspace; not full final model-suite importance,mapped,Feature mapped to the canonical AE-FEAT-IMPORT 11-family taxonomy.
AE-FEAT-IMPORT-006R,individual_feature_log_odds_rebuild_20260602_gbm,fund,permanent_csi,roll_min_5y_current_ratio,360,30,mapped,10,rolling_window_statistics,computed,143173,0.019744050464062243,bounded GBM-only predictor workspace; not full final model-suite importance,mapped,Feature mapped to the canonical AE-FEAT-IMPORT 11-family taxonomy.
AE-FEAT-IMPORT-006R,individual_feature_log_odds_rebuild_20260602_gbm,fund,permanent_csi,roll_max_5y_ocf_per_share,369,31,mapped,10,rolling_window_statistics,computed,143173,0.0191058247905848,bounded GBM-only predictor workspace; not full final model-suite importance,mapped,Feature mapped to the canonical AE-FEAT-IMPORT 11-family taxonomy.
AE-FEAT-IMPORT-006R,individual_feature_log_odds_rebuild_20260602_gbm,fund,permanent_csi,vix,437,32,mapped,1,point_in_time_ratios,computed,143173,0.018249021386236075,bounded GBM-only predictor workspace; not full final model-suite importance,mapped,Feature mapped to the canonical AE-FEAT-IMPORT 11-family taxonomy.
AE-FEAT-IMPORT-006R,individual_feature_log_odds_rebuild_20260602_gbm,fund,permanent_csi,yoy_log_mkvalt,75,33,mapped,2,yoy_changes,computed,143173,0.018170043488897284,bounded GBM-only predictor workspace; not full final model-suite importance,mapped,Feature mapped to the canonical AE-FEAT-IMPORT 11-family taxonomy.
AE-FEAT-IMPORT-006R,individual_feature_log_odds_rebuild_20260602_gbm,fund,permanent_csi,roll_min_5y_roic,356,34,mapped,10,rolling_window_statistics,computed,143173,0.018126576455909368,bounded GBM-only predictor workspace; not full final model-suite importance,mapped,Feature mapped to the canonical AE-FEAT-IMPORT 11-family taxonomy.
AE-FEAT-IMPORT-006R,individual_feature_log_odds_rebuild_20260602_gbm,fund,permanent_csi,fedfunds,436,35,mapped,1,point_in_time_ratios,computed,143173,0.017900321325602302,bounded GBM-only predictor workspace; not full final model-suite importance,mapped,Feature mapped to the canonical AE-FEAT-IMPORT 11-family taxonomy.
AE-FEAT-IMPORT-006R,individual_feature_log_odds_rebuild_20260602_gbm,fund,permanent_csi,ni_per_emp,39,36,mapped,1,point_in_time_ratios,computed,143173,0.01770089393009964,bounded GBM-only predictor workspace; not full final model-suite importance,mapped,Feature mapped to the canonical AE-FEAT-IMPORT 11-family taxonomy.
AE-FEAT-IMPORT-006R,individual_feature_log_odds_rebuild_20260602_gbm,fund,permanent_csi,roll_sd_3y_earn_yld,293,37,mapped,10,rolling_window_statistics,computed,143173,0.017513177839209013,bounded GBM-only predictor workspace; not full final model-suite importance,mapped,Feature mapped to the canonical AE-FEAT-IMPORT 11-family taxonomy.
AE-FEAT-IMPORT-006R,individual_feature_log_odds_rebuild_20260602_gbm,fund,permanent_csi,cpi_inflation,438,38,mapped,1,point_in_time_ratios,computed,143173,0.01745463449570282,bounded GBM-only predictor workspace; not full final model-suite importance,mapped,Feature mapped to the canonical AE-FEAT-IMPORT 11-family taxonomy.
AE-FEAT-IMPORT-006R,individual_feature_log_odds_rebuild_20260602_gbm,fund,permanent_csi,roll_min_3y_interest_cov,269,39,mapped,10,rolling_window_statistics,computed,143173,0.016434383938837855,bounded GBM-only predictor workspace; not full final model-suite importance,mapped,Feature mapped to the canonical AE-FEAT-IMPORT 11-family taxonomy.
AE-FEAT-IMPORT-006R,individual_feature_log_odds_rebuild_20260602_gbm,fund,permanent_csi,roll_min_3y_ocf_per_share,264,40,mapped,10,rolling_window_statistics,computed,143173,0.016102496243435953,bounded GBM-only predictor workspace; not full final model-suite importance,mapped,Feature mapped to the canonical AE-FEAT-IMPORT 11-family taxonomy.
AE-FEAT-IMPORT-006R,individual_feature_log_odds_rebuild_20260602_gbm,fund,permanent_csi,roll_mean_3y_roa,250,41,mapped,10,rolling_window_statistics,computed,143173,0.015760909082669385,bounded GBM-only predictor workspace; not full final model-suite importance,mapped,Feature mapped to the canonical AE-FEAT-IMPORT 11-family taxonomy.
AE-FEAT-IMPORT-006R,individual_feature_log_odds_rebuild_20260602_gbm,fund,permanent_csi,bp_ratio,24,42,mapped,1,point_in_time_ratios,computed,143173,0.014018035219280174,bounded GBM-only predictor workspace; not full final model-suite importance,mapped,Feature mapped to the canonical AE-FEAT-IMPORT 11-family taxonomy.
AE-FEAT-IMPORT-006R,individual_feature_log_odds_rebuild_20260602_gbm,fund,permanent_csi,roll_min_5y_ocf_per_share,354,43,mapped,10,rolling_window_statistics,computed,143173,0.013971469734256385,bounded GBM-only predictor workspace; not full final model-suite importance,mapped,Feature mapped to the canonical AE-FEAT-IMPORT 11-family taxonomy.
AE-FEAT-IMPORT-006R,individual_feature_log_odds_rebuild_20260602_gbm,fund,permanent_csi,hy_spread,434,44,mapped,1,point_in_time_ratios,computed,143173,0.013946922241072371,bounded GBM-only predictor workspace; not full final model-suite importance,mapped,Feature mapped to the canonical AE-FEAT-IMPORT 11-family taxonomy.
AE-FEAT-IMPORT-006R,individual_feature_log_odds_rebuild_20260602_gbm,fund,permanent_csi,indpro_growth,440,45,mapped,1,point_in_time_ratios,computed,143173,0.013465628315007003,bounded GBM-only predictor workspace; not full final model-suite importance,mapped,Feature mapped to the canonical AE-FEAT-IMPORT 11-family taxonomy.
AE-FEAT-IMPORT-006R,individual_feature_log_odds_rebuild_20260602_gbm,fund,permanent_csi,net_debt_ebitda,15,46,mapped,1,point_in_time_ratios,computed,143173,0.011268582636668266,bounded GBM-only predictor workspace; not full final model-suite importance,mapped,Feature mapped to the canonical AE-FEAT-IMPORT 11-family taxonomy.
AE-FEAT-IMPORT-006R,individual_feature_log_odds_rebuild_20260602_gbm,fund,permanent_csi,roll_mean_5y_ebitda_margin,350,47,mapped,10,rolling_window_statistics,computed,143173,0.010961040159500147,bounded GBM-only predictor workspace; not full final model-suite importance,mapped,Feature mapped to the canonical AE-FEAT-IMPORT 11-family taxonomy.
AE-FEAT-IMPORT-006R,individual_feature_log_odds_rebuild_20260602_gbm,fund,permanent_csi,current_ratio,20,48,mapped,1,point_in_time_ratios,computed,143173,0.010743233139163057,bounded GBM-only predictor workspace; not full final model-suite importance,mapped,Feature mapped to the canonical AE-FEAT-IMPORT 11-family taxonomy.
AE-FEAT-IMPORT-006R,individual_feature_log_odds_rebuild_20260602_gbm,fund,permanent_csi,cash_pct_act,22,49,mapped,1,point_in_time_ratios,computed,143173,0.010083747563145737,bounded GBM-only predictor workspace; not full final model-suite importance,mapped,Feature mapped to the canonical AE-FEAT-IMPORT 11-family taxonomy.
AE-FEAT-IMPORT-006R,individual_feature_log_odds_rebuild_20260602_gbm,fund,permanent_csi,wcap_ratio,23,50,mapped,1,point_in_time_ratios,computed,143173,0.009412869812875098,bounded GBM-only predictor workspace; not full final model-suite importance,mapped,Feature mapped to the canonical AE-FEAT-IMPORT 11-family taxonomy.
AE-FEAT-IMPORT-006R,individual_feature_log_odds_rebuild_20260602_gbm,fund,permanent_csi,altman_z,44,51,mapped,1,point_in_time_ratios,computed,143173,0.00936887342407595,bounded GBM-only predictor workspace; not full final model-suite importance,mapped,Feature mapped to the canonical AE-FEAT-IMPORT 11-family taxonomy.
AE-FEAT-IMPORT-006R,individual_feature_log_odds_rebuild_20260602_gbm,fund,permanent_csi,siccd,4,52,unmapped,,,computed,143173,0.009284370660803041,bounded GBM-only predictor workspace; not full final model-suite importance,unmapped,Required predictor feature did not match canonical family mapping rules.
AE-FEAT-IMPORT-006R,individual_feature_log_odds_rebuild_20260602_gbm,fund,permanent_csi,expvol_log_at,188,53,mapped,5,expanding_volatility,computed,143173,0.009123727203760423,bounded GBM-only predictor workspace; not full final model-suite importance,mapped,Feature mapped to the canonical AE-FEAT-IMPORT 11-family taxonomy.
AE-FEAT-IMPORT-006R,individual_feature_log_odds_rebuild_20260602_gbm,fund,permanent_csi,d_unrate,1,54,mapped,1,point_in_time_ratios,computed,143173,0.009110480144535046,bounded GBM-only predictor workspace; not full final model-suite importance,mapped,Feature mapped to the canonical AE-FEAT-IMPORT 11-family taxonomy.
AE-FEAT-IMPORT-006R,individual_feature_log_odds_rebuild_20260602_gbm,fund,permanent_csi,altman_z4,43,55,mapped,1,point_in_time_ratios,computed,143173,0.009097177532336374,bounded GBM-only predictor workspace; not full final model-suite importance,mapped,Feature mapped to the canonical AE-FEAT-IMPORT 11-family taxonomy.
AE-FEAT-IMPORT-006R,individual_feature_log_odds_rebuild_20260602_gbm,fund,permanent_csi,trough_rise_accruals_ratio,222,56,mapped,7,trough_rise,computed,143173,0.008740531519810477,bounded GBM-only predictor workspace; not full final model-suite importance,mapped,Feature mapped to the canonical AE-FEAT-IMPORT 11-family taxonomy.
AE-FEAT-IMPORT-006R,individual_feature_log_odds_rebuild_20260602_gbm,fund,permanent_csi,quick_ratio,21,57,mapped,1,point_in_time_ratios,computed,143173,0.008739444346193316,bounded GBM-only predictor workspace; not full final model-suite importance,mapped,Feature mapped to the canonical AE-FEAT-IMPORT 11-family taxonomy.
AE-FEAT-IMPORT-006R,individual_feature_log_odds_rebuild_20260602_gbm,fund,permanent_csi,roll_min_5y_interest_cov,359,58,mapped,10,rolling_window_statistics,computed,143173,0.008648774731249358,bounded GBM-only predictor workspace; not full final model-suite importance,mapped,Feature mapped to the canonical AE-FEAT-IMPORT 11-family taxonomy.
AE-FEAT-IMPORT-006R,individual_feature_log_odds_rebuild_20260602_gbm,fund,permanent_csi,roll_sd_3y_log_at,307,59,mapped,10,rolling_window_statistics,computed,143173,0.008332669213546834,bounded GBM-only predictor workspace; not full final model-suite importance,mapped,Feature mapped to the canonical AE-FEAT-IMPORT 11-family taxonomy.
AE-FEAT-IMPORT-006R,individual_feature_log_odds_rebuild_20260602_gbm,fund,permanent_csi,invest_st_ratio,45,60,mapped,1,point_in_time_ratios,computed,143173,0.007964089017556889,bounded GBM-only predictor workspace; not full final model-suite importance,mapped,Feature mapped to the canonical AE-FEAT-IMPORT 11-family taxonomy.
AE-FEAT-IMPORT-006R,individual_feature_log_odds_rebuild_20260602_gbm,fund,permanent_csi,rd_intensity,32,61,mapped,1,point_in_time_ratios,computed,143173,0.007842693437710917,bounded GBM-only predictor workspace; not full final model-suite importance,mapped,Feature mapped to the canonical AE-FEAT-IMPORT 11-family taxonomy.
AE-FEAT-IMPORT-006R,individual_feature_log_odds_rebuild_20260602_gbm,fund,permanent_csi,roll_sd_3y_roa,295,62,mapped,10,rolling_window_statistics,computed,143173,0.007054606232975978,bounded GBM-only predictor workspace; not full final model-suite importance,mapped,Feature mapped to the canonical AE-FEAT-IMPORT 11-family taxonomy.
AE-FEAT-IMPORT-006R,individual_feature_log_odds_rebuild_20260602_gbm,fund,permanent_csi,interact_nde_hyspr,430,63,mapped,11,price_momentum_volatility_and_macro_interactions,computed,143173,0.006965528113209265,bounded GBM-only predictor workspace; not full final model-suite importance,mapped,Feature mapped to the canonical AE-FEAT-IMPORT 11-family taxonomy.
AE-FEAT-IMPORT-006R,individual_feature_log_odds_rebuild_20260602_gbm,fund,permanent_csi,d_vix,3,64,mapped,1,point_in_time_ratios,computed,143173,0.0068557372016986706,bounded GBM-only predictor workspace; not full final model-suite importance,mapped,Feature mapped to the canonical AE-FEAT-IMPORT 11-family taxonomy.
AE-FEAT-IMPORT-006R,individual_feature_log_odds_rebuild_20260602_gbm,fund,permanent_csi,yoy_ebitda_margin,53,65,mapped,2,yoy_changes,computed,143173,0.006646351836389049,bounded GBM-only predictor workspace; not full final model-suite importance,mapped,Feature mapped to the canonical AE-FEAT-IMPORT 11-family taxonomy.
AE-FEAT-IMPORT-006R,individual_feature_log_odds_rebuild_20260602_gbm,fund,permanent_csi,acct_mom_earn_yld,233,66,mapped,9,accounting_momentum,computed,143173,0.006323102300327368,bounded GBM-only predictor workspace; not full final model-suite importance,mapped,Feature mapped to the canonical AE-FEAT-IMPORT 11-family taxonomy.
AE-FEAT-IMPORT-006R,individual_feature_log_odds_rebuild_20260602_gbm,fund,permanent_csi,gdp_growth,439,67,mapped,1,point_in_time_ratios,computed,143173,0.00629203827203494,bounded GBM-only predictor workspace; not full final model-suite importance,mapped,Feature mapped to the canonical AE-FEAT-IMPORT 11-family taxonomy.
AE-FEAT-IMPORT-006R,individual_feature_log_odds_rebuild_20260602_gbm,fund,permanent_csi,roll_mean_3y_asset_turnover,258,68,mapped,10,rolling_window_statistics,computed,143173,0.006093490088524657,bounded GBM-only predictor workspace; not full final model-suite importance,mapped,Feature mapped to the canonical AE-FEAT-IMPORT 11-family taxonomy.
AE-FEAT-IMPORT-006R,individual_feature_log_odds_rebuild_20260602_gbm,fund,permanent_csi,roll_sd_5y_roic,386,69,mapped,10,rolling_window_statistics,computed,143173,0.006073928408428149,bounded GBM-only predictor workspace; not full final model-suite importance,mapped,Feature mapped to the canonical AE-FEAT-IMPORT 11-family taxonomy.
AE-FEAT-IMPORT-006R,individual_feature_log_odds_rebuild_20260602_gbm,fund,permanent_csi,peak_drop_ebitda_margin,205,70,mapped,6,peak_deterioration,computed,143173,0.006062180257326433,bounded GBM-only predictor workspace; not full final model-suite importance,mapped,Feature mapped to the canonical AE-FEAT-IMPORT 11-family taxonomy.
AE-FEAT-IMPORT-006R,individual_feature_log_odds_rebuild_20260602_gbm,fund,permanent_csi,roll_min_3y_log_mkvalt,276,71,mapped,10,rolling_window_statistics,computed,143173,0.006017704107457237,bounded GBM-only predictor workspace; not full final model-suite importance,mapped,Feature mapped to the canonical AE-FEAT-IMPORT 11-family taxonomy.
AE-FEAT-IMPORT-006R,individual_feature_log_odds_rebuild_20260602_gbm,fund,permanent_csi,roll_sd_3y_roic,296,72,mapped,10,rolling_window_statistics,computed,143173,0.005983159271467302,bounded GBM-only predictor workspace; not full final model-suite importance,mapped,Feature mapped to the canonical AE-FEAT-IMPORT 11-family taxonomy.
AE-FEAT-IMPORT-006R,individual_feature_log_odds_rebuild_20260602_gbm,fund,permanent_csi,reinvest_rate,33,73,mapped,1,point_in_time_ratios,computed,143173,0.005979452899348548,bounded GBM-only predictor workspace; not full final model-suite importance,mapped,Feature mapped to the canonical AE-FEAT-IMPORT 11-family taxonomy.
AE-FEAT-IMPORT-006R,individual_feature_log_odds_rebuild_20260602_gbm,fund,permanent_csi,interact_lev_rate,428,74,mapped,11,price_momentum_volatility_and_macro_interactions,computed,143173,0.00584434836408805,bounded GBM-only predictor workspace; not full final model-suite importance,mapped,Feature mapped to the canonical AE-FEAT-IMPORT 11-family taxonomy.
AE-FEAT-IMPORT-006R,individual_feature_log_odds_rebuild_20260602_gbm,fund,permanent_csi,roll_sd_5y_ebitda_margin,395,75,mapped,10,rolling_window_statistics,computed,143173,0.005552113697663988,bounded GBM-only predictor workspace; not full final model-suite importance,mapped,Feature mapped to the canonical AE-FEAT-IMPORT 11-family taxonomy.
AE-FEAT-IMPORT-006R,individual_feature_log_odds_rebuild_20260602_gbm,fund,permanent_csi,roll_sd_3y_asset_turnover,303,76,mapped,10,rolling_window_statistics,computed,143173,0.005433092395965203,bounded GBM-only predictor workspace; not full final model-suite importance,mapped,Feature mapped to the canonical AE-FEAT-IMPORT 11-family taxonomy.
AE-FEAT-IMPORT-006R,individual_feature_log_odds_rebuild_20260602_gbm,fund,permanent_csi,accel_log_mkvalt,113,77,mapped,3,acceleration,computed,143173,0.005385448402773367,bounded GBM-only predictor workspace; not full final model-suite importance,mapped,Feature mapped to the canonical AE-FEAT-IMPORT 11-family taxonomy.
AE-FEAT-IMPORT-006R,individual_feature_log_odds_rebuild_20260602_gbm,fund,permanent_csi,peak_drop_roe,201,78,mapped,6,peak_deterioration,computed,143173,0.005313093986156659,bounded GBM-only predictor workspace; not full final model-suite importance,mapped,Feature mapped to the canonical AE-FEAT-IMPORT 11-family taxonomy.
AE-FEAT-IMPORT-006R,individual_feature_log_odds_rebuild_20260602_gbm,fund,permanent_csi,roll_sd_5y_leverage,387,79,mapped,10,rolling_window_statistics,computed,143173,0.0052764888693401435,bounded GBM-only predictor workspace; not full final model-suite importance,mapped,Feature mapped to the canonical AE-FEAT-IMPORT 11-family taxonomy.
AE-FEAT-IMPORT-006R,individual_feature_log_odds_rebuild_20260602_gbm,fund,permanent_csi,roll_min_3y_ebitda_margin,275,80,mapped,10,rolling_window_statistics,computed,143173,0.005125682530438547,bounded GBM-only predictor workspace; not full final model-suite importance,mapped,Feature mapped to the canonical AE-FEAT-IMPORT 11-family taxonomy.
AE-FEAT-IMPORT-006R,individual_feature_log_odds_rebuild_20260602_gbm,fund,permanent_csi,mkt_to_book,28,81,mapped,1,point_in_time_ratios,computed,143173,0.005020619407314306,bounded GBM-only predictor workspace; not full final model-suite importance,mapped,Feature mapped to the canonical AE-FEAT-IMPORT 11-family taxonomy.
AE-FEAT-IMPORT-006R,individual_feature_log_odds_rebuild_20260602_gbm,fund,permanent_csi,roll_mean_3y_log_mkvalt,261,82,mapped,10,rolling_window_statistics,computed,143173,0.004923339079698141,bounded GBM-only predictor workspace; not full final model-suite importance,mapped,Feature mapped to the canonical AE-FEAT-IMPORT 11-family taxonomy.
AE-FEAT-IMPORT-006R,individual_feature_log_odds_rebuild_20260602_gbm,fund,permanent_csi,yoy_log_at,74,83,mapped,2,yoy_changes,computed,143173,0.004476356693047445,bounded GBM-only predictor workspace; not full final model-suite importance,mapped,Feature mapped to the canonical AE-FEAT-IMPORT 11-family taxonomy.
AE-FEAT-IMPORT-006R,individual_feature_log_odds_rebuild_20260602_gbm,fund,permanent_csi,peak_drop_ebit_roa,203,84,mapped,6,peak_deterioration,computed,143173,0.004023210926754103,bounded GBM-only predictor workspace; not full final model-suite importance,mapped,Feature mapped to the canonical AE-FEAT-IMPORT 11-family taxonomy.
AE-FEAT-IMPORT-006R,individual_feature_log_odds_rebuild_20260602_gbm,fund,permanent_csi,d_hy_spread,2,85,mapped,1,point_in_time_ratios,computed,143173,0.003992817202831765,bounded GBM-only predictor workspace; not full final model-suite importance,mapped,Feature mapped to the canonical AE-FEAT-IMPORT 11-family taxonomy.
AE-FEAT-IMPORT-006R,individual_feature_log_odds_rebuild_20260602_gbm,fund,permanent_csi,ebitda_margin,12,86,mapped,1,point_in_time_ratios,computed,143173,0.003777665108385875,bounded GBM-only predictor workspace; not full final model-suite importance,mapped,Feature mapped to the canonical AE-FEAT-IMPORT 11-family taxonomy.
AE-FEAT-IMPORT-006R,individual_feature_log_odds_rebuild_20260602_gbm,fund,permanent_csi,roll_mean_3y_roic,251,87,mapped,10,rolling_window_statistics,computed,143173,0.0037455370037177637,bounded GBM-only predictor workspace; not full final model-suite importance,mapped,Feature mapped to the canonical AE-FEAT-IMPORT 11-family taxonomy.
AE-FEAT-IMPORT-006R,individual_feature_log_odds_rebuild_20260602_gbm,fund,permanent_csi,roll_min_3y_gross_margin,274,88,mapped,10,rolling_window_statistics,computed,143173,0.0034732631199877813,bounded GBM-only predictor workspace; not full final model-suite importance,mapped,Feature mapped to the canonical AE-FEAT-IMPORT 11-family taxonomy.
AE-FEAT-IMPORT-006R,individual_feature_log_odds_rebuild_20260602_gbm,fund,permanent_csi,roll_sd_5y_roa,385,89,mapped,10,rolling_window_statistics,computed,143173,0.0033892743349315797,bounded GBM-only predictor workspace; not full final model-suite importance,mapped,Feature mapped to the canonical AE-FEAT-IMPORT 11-family taxonomy.
AE-FEAT-IMPORT-006R,individual_feature_log_odds_rebuild_20260602_gbm,fund,permanent_csi,roll_sd_5y_asset_turnover,393,90,mapped,10,rolling_window_statistics,computed,143173,0.003322058062607822,bounded GBM-only predictor workspace; not full final model-suite importance,mapped,Feature mapped to the canonical AE-FEAT-IMPORT 11-family taxonomy.
AE-FEAT-IMPORT-006R,individual_feature_log_odds_rebuild_20260602_gbm,fund,permanent_csi,roll_mean_3y_accruals_ratio,257,91,mapped,10,rolling_window_statistics,computed,143173,0.0032753823069701024,bounded GBM-only predictor workspace; not full final model-suite importance,mapped,Feature mapped to the canonical AE-FEAT-IMPORT 11-family taxonomy.
AE-FEAT-IMPORT-006R,individual_feature_log_odds_rebuild_20260602_gbm,fund,permanent_csi,roll_min_5y_log_mkvalt,366,92,mapped,10,rolling_window_statistics,computed,143173,0.0031977089057008677,bounded GBM-only predictor workspace; not full final model-suite importance,mapped,Feature mapped to the canonical AE-FEAT-IMPORT 11-family taxonomy.
AE-FEAT-IMPORT-006R,individual_feature_log_odds_rebuild_20260602_gbm,fund,permanent_csi,roll_sd_5y_log_mkvalt,396,93,mapped,10,rolling_window_statistics,computed,143173,0.003182750902661698,bounded GBM-only predictor workspace; not full final model-suite importance,mapped,Feature mapped to the canonical AE-FEAT-IMPORT 11-family taxonomy.
AE-FEAT-IMPORT-006R,individual_feature_log_odds_rebuild_20260602_gbm,fund,permanent_csi,log_mkvalt,35,94,mapped,1,point_in_time_ratios,computed,143173,0.0031782943055487884,bounded GBM-only predictor workspace; not full final model-suite importance,mapped,Feature mapped to the canonical AE-FEAT-IMPORT 11-family taxonomy.
AE-FEAT-IMPORT-006R,individual_feature_log_odds_rebuild_20260602_gbm,fund,permanent_csi,interact_acc_hyspr,432,95,mapped,11,price_momentum_volatility_and_macro_interactions,computed,143173,0.003133746308982419,bounded GBM-only predictor workspace; not full final model-suite importance,mapped,Feature mapped to the canonical AE-FEAT-IMPORT 11-family taxonomy.
AE-FEAT-IMPORT-006R,individual_feature_log_odds_rebuild_20260602_gbm,fund,permanent_csi,expvol_earn_yld,160,96,mapped,5,expanding_volatility,computed,143173,0.0029862069278344364,bounded GBM-only predictor workspace; not full final model-suite importance,mapped,Feature mapped to the canonical AE-FEAT-IMPORT 11-family taxonomy.
AE-FEAT-IMPORT-006R,individual_feature_log_odds_rebuild_20260602_gbm,fund,permanent_csi,roll_trend_3y_gross_margin,319,97,mapped,10,rolling_window_statistics,computed,143173,0.002979957148597185,bounded GBM-only predictor workspace; not full final model-suite importance,mapped,Feature mapped to the canonical AE-FEAT-IMPORT 11-family taxonomy.
AE-FEAT-IMPORT-006R,individual_feature_log_odds_rebuild_20260602_gbm,fund,permanent_csi,roll_min_3y_current_ratio,270,98,mapped,10,rolling_window_statistics,computed,143173,0.0029747598946082286,bounded GBM-only predictor workspace; not full final model-suite importance,mapped,Feature mapped to the canonical AE-FEAT-IMPORT 11-family taxonomy.
AE-FEAT-IMPORT-006R,individual_feature_log_odds_rebuild_20260602_gbm,fund,permanent_csi,ev_to_sales,25,99,mapped,1,point_in_time_ratios,computed,143173,0.002874990047109505,bounded GBM-only predictor workspace; not full final model-suite importance,mapped,Feature mapped to the canonical AE-FEAT-IMPORT 11-family taxonomy.
AE-FEAT-IMPORT-006R,individual_feature_log_odds_rebuild_20260602_gbm,fund,permanent_csi,roll_sd_3y_ebitda_margin,305,100,mapped,10,rolling_window_statistics,computed,143173,0.002836061744129685,bounded GBM-only predictor workspace; not full final model-suite importance,mapped,Feature mapped to the canonical AE-FEAT-IMPORT 11-family taxonomy.
AE-FEAT-IMPORT-006R,individual_feature_log_odds_rebuild_20260602_gbm,fund,permanent_csi,expvol_altman_z2,194,101,mapped,5,expanding_volatility,computed,143173,0.002820246628366758,bounded GBM-only predictor workspace; not full final model-suite importance,mapped,Feature mapped to the canonical AE-FEAT-IMPORT 11-family taxonomy.
AE-FEAT-IMPORT-006R,individual_feature_log_odds_rebuild_20260602_gbm,fund,permanent_csi,roll_min_3y_accruals_ratio,272,102,mapped,10,rolling_window_statistics,computed,143173,0.0027578768517085117,bounded GBM-only predictor workspace; not full final model-suite importance,mapped,Feature mapped to the canonical AE-FEAT-IMPORT 11-family taxonomy.
AE-FEAT-IMPORT-006R,individual_feature_log_odds_rebuild_20260602_gbm,fund,permanent_csi,roll_trend_5y_earn_yld,398,103,mapped,10,rolling_window_statistics,computed,143173,0.0027429062827774306,bounded GBM-only predictor workspace; not full final model-suite importance,mapped,Feature mapped to the canonical AE-FEAT-IMPORT 11-family taxonomy.
AE-FEAT-IMPORT-006R,individual_feature_log_odds_rebuild_20260602_gbm,fund,permanent_csi,roll_trend_5y_roa,400,104,mapped,10,rolling_window_statistics,computed,143173,0.0027410090975134114,bounded GBM-only predictor workspace; not full final model-suite importance,mapped,Feature mapped to the canonical AE-FEAT-IMPORT 11-family taxonomy.
AE-FEAT-IMPORT-006R,individual_feature_log_odds_rebuild_20260602_gbm,fund,permanent_csi,expmean_log_at,150,105,mapped,4,expanding_mean,computed,143173,0.0027343302798716828,bounded GBM-only predictor workspace; not full final model-suite importance,mapped,Feature mapped to the canonical AE-FEAT-IMPORT 11-family taxonomy.
AE-FEAT-IMPORT-006R,individual_feature_log_odds_rebuild_20260602_gbm,fund,permanent_csi,peak_drop_wcap_ratio,210,106,mapped,6,peak_deterioration,computed,143173,0.00262918939796137,bounded GBM-only predictor workspace; not full final model-suite importance,mapped,Feature mapped to the canonical AE-FEAT-IMPORT 11-family taxonomy.
AE-FEAT-IMPORT-006R,individual_feature_log_odds_rebuild_20260602_gbm,fund,permanent_csi,expmean_roic,126,107,mapped,4,expanding_mean,computed,143173,0.002613440543250497,bounded GBM-only predictor workspace; not full final model-suite importance,mapped,Feature mapped to the canonical AE-FEAT-IMPORT 11-family taxonomy.
AE-FEAT-IMPORT-006R,individual_feature_log_odds_rebuild_20260602_gbm,fund,permanent_csi,peak_drop_log_emp,215,108,mapped,6,peak_deterioration,computed,143173,0.0024899211887319888,bounded GBM-only predictor workspace; not full final model-suite importance,mapped,Feature mapped to the canonical AE-FEAT-IMPORT 11-family taxonomy.
AE-FEAT-IMPORT-006R,individual_feature_log_odds_rebuild_20260602_gbm,fund,permanent_csi,acct_mom_log_mkvalt,246,109,mapped,9,accounting_momentum,computed,143173,0.0024675517935683604,bounded GBM-only predictor workspace; not full final model-suite importance,mapped,Feature mapped to the canonical AE-FEAT-IMPORT 11-family taxonomy.
AE-FEAT-IMPORT-006R,individual_feature_log_odds_rebuild_20260602_gbm,fund,permanent_csi,yoy_altman_z4,81,110,mapped,2,yoy_changes,computed,143173,0.0024414601864547474,bounded GBM-only predictor workspace; not full final model-suite importance,mapped,Feature mapped to the canonical AE-FEAT-IMPORT 11-family taxonomy.
AE-FEAT-IMPORT-006R,individual_feature_log_odds_rebuild_20260602_gbm,fund,permanent_csi,roll_mean_3y_leverage,252,111,mapped,10,rolling_window_statistics,computed,143173,0.002430252732698836,bounded GBM-only predictor workspace; not full final model-suite importance,mapped,Feature mapped to the canonical AE-FEAT-IMPORT 11-family taxonomy.
AE-FEAT-IMPORT-006R,individual_feature_log_odds_rebuild_20260602_gbm,fund,permanent_csi,accruals_ratio,29,112,mapped,1,point_in_time_ratios,computed,143173,0.002427073799082518,bounded GBM-only predictor workspace; not full final model-suite importance,mapped,Feature mapped to the canonical AE-FEAT-IMPORT 11-family taxonomy.
AE-FEAT-IMPORT-006R,individual_feature_log_odds_rebuild_20260602_gbm,fund,permanent_csi,roll_sd_3y_log_mkvalt,306,113,mapped,10,rolling_window_statistics,computed,143173,0.00235928485555102,bounded GBM-only predictor workspace; not full final model-suite importance,mapped,Feature mapped to the canonical AE-FEAT-IMPORT 11-family taxonomy.
AE-FEAT-IMPORT-006R,individual_feature_log_odds_rebuild_20260602_gbm,fund,permanent_csi,roll_max_3y_asset_turnover,288,114,mapped,10,rolling_window_statistics,computed,143173,0.002314367998100218,bounded GBM-only predictor workspace; not full final model-suite importance,mapped,Feature mapped to the canonical AE-FEAT-IMPORT 11-family taxonomy.
AE-FEAT-IMPORT-006R,individual_feature_log_odds_rebuild_20260602_gbm,fund,permanent_csi,peak_drop_gross_margin,204,115,mapped,6,peak_deterioration,computed,143173,0.00230020182887665,bounded GBM-only predictor workspace; not full final model-suite importance,mapped,Feature mapped to the canonical AE-FEAT-IMPORT 11-family taxonomy.
AE-FEAT-IMPORT-006R,individual_feature_log_odds_rebuild_20260602_gbm,fund,permanent_csi,expvol_wcap_ratio,178,116,mapped,5,expanding_volatility,computed,143173,0.002278797309626675,bounded GBM-only predictor workspace; not full final model-suite importance,mapped,Feature mapped to the canonical AE-FEAT-IMPORT 11-family taxonomy.
AE-FEAT-IMPORT-006R,individual_feature_log_odds_rebuild_20260602_gbm,fund,permanent_csi,roll_trend_3y_ebitda_margin,320,117,mapped,10,rolling_window_statistics,computed,143173,0.002272128923325912,bounded GBM-only predictor workspace; not full final model-suite importance,mapped,Feature mapped to the canonical AE-FEAT-IMPORT 11-family taxonomy.
AE-FEAT-IMPORT-006R,individual_feature_log_odds_rebuild_20260602_gbm,fund,permanent_csi,expmean_leverage,131,118,mapped,4,expanding_mean,computed,143173,0.0021802641671253365,bounded GBM-only predictor workspace; not full final model-suite importance,mapped,Feature mapped to the canonical AE-FEAT-IMPORT 11-family taxonomy.
AE-FEAT-IMPORT-006R,individual_feature_log_odds_rebuild_20260602_gbm,fund,permanent_csi,roll_mean_5y_cash_pct_act,346,119,mapped,10,rolling_window_statistics,computed,143173,0.0021473019960428033,bounded GBM-only predictor workspace; not full final model-suite importance,mapped,Feature mapped to the canonical AE-FEAT-IMPORT 11-family taxonomy.
AE-FEAT-IMPORT-006R,individual_feature_log_odds_rebuild_20260602_gbm,fund,permanent_csi,gross_margin,11,120,mapped,1,point_in_time_ratios,computed,143173,0.002097779590556031,bounded GBM-only predictor workspace; not full final model-suite importance,mapped,Feature mapped to the canonical AE-FEAT-IMPORT 11-family taxonomy.
AE-FEAT-IMPORT-006R,individual_feature_log_odds_rebuild_20260602_gbm,fund,permanent_csi,roll_min_5y_leverage,357,121,mapped,10,rolling_window_statistics,computed,143173,0.002090755135452889,bounded GBM-only predictor workspace; not full final model-suite importance,mapped,Feature mapped to the canonical AE-FEAT-IMPORT 11-family taxonomy.
AE-FEAT-IMPORT-006R,individual_feature_log_odds_rebuild_20260602_gbm,fund,permanent_csi,asset_turnover,30,122,mapped,1,point_in_time_ratios,computed,143173,0.0020587842430442012,bounded GBM-only predictor workspace; not full final model-suite importance,mapped,Feature mapped to the canonical AE-FEAT-IMPORT 11-family taxonomy.
AE-FEAT-IMPORT-006R,individual_feature_log_odds_rebuild_20260602_gbm,fund,permanent_csi,roll_trend_5y_log_at,412,123,mapped,10,rolling_window_statistics,computed,143173,0.001991773006016012,bounded GBM-only predictor workspace; not full final model-suite importance,mapped,Feature mapped to the canonical AE-FEAT-IMPORT 11-family taxonomy.
AE-FEAT-IMPORT-006R,individual_feature_log_odds_rebuild_20260602_gbm,fund,permanent_csi,roll_sd_5y_net_debt_ebitda,388,124,mapped,10,rolling_window_statistics,computed,143173,0.0019829877382234527,bounded GBM-only predictor workspace; not full final model-suite importance,mapped,Feature mapped to the canonical AE-FEAT-IMPORT 11-family taxonomy.
AE-FEAT-IMPORT-006R,individual_feature_log_odds_rebuild_20260602_gbm,fund,permanent_csi,roll_sd_3y_leverage,297,125,mapped,10,rolling_window_statistics,computed,143173,0.0019313025358684058,bounded GBM-only predictor workspace; not full final model-suite importance,mapped,Feature mapped to the canonical AE-FEAT-IMPORT 11-family taxonomy.
AE-FEAT-IMPORT-006R,individual_feature_log_odds_rebuild_20260602_gbm,fund,permanent_csi,yoy_net_debt_ebitda,56,126,mapped,2,yoy_changes,computed,143173,0.001907615879816629,bounded GBM-only predictor workspace; not full final model-suite importance,mapped,Feature mapped to the canonical AE-FEAT-IMPORT 11-family taxonomy.
AE-FEAT-IMPORT-006R,individual_feature_log_odds_rebuild_20260602_gbm,fund,permanent_csi,peak_drop_asset_turnover,212,127,mapped,6,peak_deterioration,computed,143173,0.0019058696684897335,bounded GBM-only predictor workspace; not full final model-suite importance,mapped,Feature mapped to the canonical AE-FEAT-IMPORT 11-family taxonomy.
AE-FEAT-IMPORT-006R,individual_feature_log_odds_rebuild_20260602_gbm,fund,permanent_csi,peak_drop_current_ratio,207,128,mapped,6,peak_deterioration,computed,143173,0.0018892046696306023,bounded GBM-only predictor workspace; not full final model-suite importance,mapped,Feature mapped to the canonical AE-FEAT-IMPORT 11-family taxonomy.
AE-FEAT-IMPORT-006R,individual_feature_log_odds_rebuild_20260602_gbm,fund,permanent_csi,roll_sd_3y_net_debt_ebitda,298,129,mapped,10,rolling_window_statistics,computed,143173,0.0018778589301072877,bounded GBM-only predictor workspace; not full final model-suite importance,mapped,Feature mapped to the canonical AE-FEAT-IMPORT 11-family taxonomy.
AE-FEAT-IMPORT-006R,individual_feature_log_odds_rebuild_20260602_gbm,fund,permanent_csi,roll_mean_3y_log_at,262,130,mapped,10,rolling_window_statistics,computed,143173,0.001854410479594557,bounded GBM-only predictor workspace; not full final model-suite importance,mapped,Feature mapped to the canonical AE-FEAT-IMPORT 11-family taxonomy.
AE-FEAT-IMPORT-006R,individual_feature_log_odds_rebuild_20260602_gbm,fund,permanent_csi,acct_mom_log_at,247,131,mapped,9,accounting_momentum,computed,143173,0.00180130351005135,bounded GBM-only predictor workspace; not full final model-suite importance,mapped,Feature mapped to the canonical AE-FEAT-IMPORT 11-family taxonomy.
AE-FEAT-IMPORT-006R,individual_feature_log_odds_rebuild_20260602_gbm,fund,permanent_csi,roll_max_5y_roa,370,132,mapped,10,rolling_window_statistics,computed,143173,0.0017948708803465514,bounded GBM-only predictor workspace; not full final model-suite importance,mapped,Feature mapped to the canonical AE-FEAT-IMPORT 11-family taxonomy.
AE-FEAT-IMPORT-006R,individual_feature_log_odds_rebuild_20260602_gbm,fund,permanent_csi,yoy_mkt_to_book,68,133,mapped,2,yoy_changes,computed,143173,0.0017463798785056983,bounded GBM-only predictor workspace; not full final model-suite importance,mapped,Feature mapped to the canonical AE-FEAT-IMPORT 11-family taxonomy.
AE-FEAT-IMPORT-006R,individual_feature_log_odds_rebuild_20260602_gbm,fund,permanent_csi,std_debt_pct,16,134,mapped,1,point_in_time_ratios,computed,143173,0.0017054334111518792,bounded GBM-only predictor workspace; not full final model-suite importance,mapped,Feature mapped to the canonical AE-FEAT-IMPORT 11-family taxonomy.
AE-FEAT-IMPORT-006R,individual_feature_log_odds_rebuild_20260602_gbm,fund,permanent_csi,accel_gross_margin,90,135,mapped,3,acceleration,computed,143173,0.0016833589007091633,bounded GBM-only predictor workspace; not full final model-suite importance,mapped,Feature mapped to the canonical AE-FEAT-IMPORT 11-family taxonomy.
AE-FEAT-IMPORT-006R,individual_feature_log_odds_rebuild_20260602_gbm,fund,permanent_csi,expmean_cash_pct_act,139,136,mapped,4,expanding_mean,computed,143173,0.0016372537770363853,bounded GBM-only predictor workspace; not full final model-suite importance,mapped,Feature mapped to the canonical AE-FEAT-IMPORT 11-family taxonomy.
AE-FEAT-IMPORT-006R,individual_feature_log_odds_rebuild_20260602_gbm,fund,permanent_csi,roll_max_3y_net_debt_ebitda,283,137,mapped,10,rolling_window_statistics,computed,143173,0.0016126048066122264,bounded GBM-only predictor workspace; not full final model-suite importance,mapped,Feature mapped to the canonical AE-FEAT-IMPORT 11-family taxonomy.
AE-FEAT-IMPORT-006R,individual_feature_log_odds_rebuild_20260602_gbm,fund,permanent_csi,yoy_earn_yld,46,138,mapped,2,yoy_changes,computed,143173,0.001554628995117007,bounded GBM-only predictor workspace; not full final model-suite importance,mapped,Feature mapped to the canonical AE-FEAT-IMPORT 11-family taxonomy.
AE-FEAT-IMPORT-006R,individual_feature_log_odds_rebuild_20260602_gbm,fund,permanent_csi,leverage,14,139,mapped,1,point_in_time_ratios,computed,143173,0.0015396464473496447,bounded GBM-only predictor workspace; not full final model-suite importance,mapped,Feature mapped to the canonical AE-FEAT-IMPORT 11-family taxonomy.
AE-FEAT-IMPORT-006R,individual_feature_log_odds_rebuild_20260602_gbm,fund,permanent_csi,expvol_invest_st_ratio,197,140,mapped,5,expanding_volatility,computed,143173,0.0014938901735864242,bounded GBM-only predictor workspace; not full final model-suite importance,mapped,Feature mapped to the canonical AE-FEAT-IMPORT 11-family taxonomy.
AE-FEAT-IMPORT-006R,individual_feature_log_odds_rebuild_20260602_gbm,fund,permanent_csi,yoy_leverage,55,141,mapped,2,yoy_changes,computed,143173,0.0014891148308171012,bounded GBM-only predictor workspace; not full final model-suite importance,mapped,Feature mapped to the canonical AE-FEAT-IMPORT 11-family taxonomy.
AE-FEAT-IMPORT-006R,individual_feature_log_odds_rebuild_20260602_gbm,fund,permanent_csi,accel_bp_ratio,103,142,mapped,3,acceleration,computed,143173,0.0014803773807307513,bounded GBM-only predictor workspace; not full final model-suite importance,mapped,Feature mapped to the canonical AE-FEAT-IMPORT 11-family taxonomy.
AE-FEAT-IMPORT-006R,individual_feature_log_odds_rebuild_20260602_gbm,fund,permanent_csi,yoy_altman_z,82,143,mapped,2,yoy_changes,computed,143173,0.0014668583739190365,bounded GBM-only predictor workspace; not full final model-suite importance,mapped,Feature mapped to the canonical AE-FEAT-IMPORT 11-family taxonomy.
AE-FEAT-IMPORT-006R,individual_feature_log_odds_rebuild_20260602_gbm,fund,permanent_csi,roll_trend_3y_roic,311,144,mapped,10,rolling_window_statistics,computed,143173,0.0014631979719353357,bounded GBM-only predictor workspace; not full final model-suite importance,mapped,Feature mapped to the canonical AE-FEAT-IMPORT 11-family taxonomy.
AE-FEAT-IMPORT-006R,individual_feature_log_odds_rebuild_20260602_gbm,fund,permanent_csi,expmean_log_emp,152,145,mapped,4,expanding_mean,computed,143173,0.0014620060619494185,bounded GBM-only predictor workspace; not full final model-suite importance,mapped,Feature mapped to the canonical AE-FEAT-IMPORT 11-family taxonomy.
AE-FEAT-IMPORT-006R,individual_feature_log_odds_rebuild_20260602_gbm,fund,permanent_csi,roll_mean_5y_leverage,342,146,mapped,10,rolling_window_statistics,computed,143173,0.0014235363277516494,bounded GBM-only predictor workspace; not full final model-suite importance,mapped,Feature mapped to the canonical AE-FEAT-IMPORT 11-family taxonomy.
AE-FEAT-IMPORT-006R,individual_feature_log_odds_rebuild_20260602_gbm,fund,permanent_csi,expmean_invest_st_ratio,159,147,mapped,4,expanding_mean,computed,143173,0.0013711428620912527,bounded GBM-only predictor workspace; not full final model-suite importance,mapped,Feature mapped to the canonical AE-FEAT-IMPORT 11-family taxonomy.
AE-FEAT-IMPORT-006R,individual_feature_log_odds_rebuild_20260602_gbm,fund,permanent_csi,consec_decline_log_mkvalt,229,148,mapped,8,consecutive_declines,computed,143173,0.0013153256596433337,bounded GBM-only predictor workspace; not full final model-suite importance,mapped,Feature mapped to the canonical AE-FEAT-IMPORT 11-family taxonomy.
AE-FEAT-IMPORT-006R,individual_feature_log_odds_rebuild_20260602_gbm,fund,permanent_csi,expmean_quick_ratio,138,149,mapped,4,expanding_mean,computed,143173,0.0012992126254451023,bounded GBM-only predictor workspace; not full final model-suite importance,mapped,Feature mapped to the canonical AE-FEAT-IMPORT 11-family taxonomy.
AE-FEAT-IMPORT-006R,individual_feature_log_odds_rebuild_20260602_gbm,fund,permanent_csi,consec_decline_interest_cov,228,150,mapped,8,consecutive_declines,computed,143173,0.0012842185731200759,bounded GBM-only predictor workspace; not full final model-suite importance,mapped,Feature mapped to the canonical AE-FEAT-IMPORT 11-family taxonomy.
AE-FEAT-IMPORT-006R,individual_feature_log_odds_rebuild_20260602_gbm,fund,permanent_csi,expmean_altman_z2,156,151,mapped,4,expanding_mean,computed,143173,0.0012779089039076155,bounded GBM-only predictor workspace; not full final model-suite importance,mapped,Feature mapped to the canonical AE-FEAT-IMPORT 11-family taxonomy.
AE-FEAT-IMPORT-006R,individual_feature_log_odds_rebuild_20260602_gbm,fund,permanent_csi,trough_rise_leverage,216,152,mapped,7,trough_rise,computed,143173,0.0012730783035750474,bounded GBM-only predictor workspace; not full final model-suite importance,mapped,Feature mapped to the canonical AE-FEAT-IMPORT 11-family taxonomy.
AE-FEAT-IMPORT-006R,individual_feature_log_odds_rebuild_20260602_gbm,fund,permanent_csi,roll_sd_5y_cash_pct_act,391,153,mapped,10,rolling_window_statistics,computed,143173,0.0012623856964874415,bounded GBM-only predictor workspace; not full final model-suite importance,mapped,Feature mapped to the canonical AE-FEAT-IMPORT 11-family taxonomy.
AE-FEAT-IMPORT-006R,individual_feature_log_odds_rebuild_20260602_gbm,fund,permanent_csi,roll_trend_5y_log_mkvalt,411,154,mapped,10,rolling_window_statistics,computed,143173,0.0012371982098361414,bounded GBM-only predictor workspace; not full final model-suite importance,mapped,Feature mapped to the canonical AE-FEAT-IMPORT 11-family taxonomy.
AE-FEAT-IMPORT-006R,individual_feature_log_odds_rebuild_20260602_gbm,fund,permanent_csi,roll_trend_3y_log_mkvalt,321,155,mapped,10,rolling_window_statistics,computed,143173,0.001231228162256059,bounded GBM-only predictor workspace; not full final model-suite importance,mapped,Feature mapped to the canonical AE-FEAT-IMPORT 11-family taxonomy.
AE-FEAT-IMPORT-006R,individual_feature_log_odds_rebuild_20260602_gbm,fund,permanent_csi,roll_mean_5y_log_mkvalt,351,156,mapped,10,rolling_window_statistics,computed,143173,0.0011910485206904548,bounded GBM-only predictor workspace; not full final model-suite importance,mapped,Feature mapped to the canonical AE-FEAT-IMPORT 11-family taxonomy.
AE-FEAT-IMPORT-006R,individual_feature_log_odds_rebuild_20260602_gbm,fund,permanent_csi,roll_sd_3y_gross_margin,304,157,mapped,10,rolling_window_statistics,computed,143173,0.0011600406462835015,bounded GBM-only predictor workspace; not full final model-suite importance,mapped,Feature mapped to the canonical AE-FEAT-IMPORT 11-family taxonomy.
AE-FEAT-IMPORT-006R,individual_feature_log_odds_rebuild_20260602_gbm,fund,permanent_csi,roll_trend_5y_gross_margin,409,158,mapped,10,rolling_window_statistics,computed,143173,0.001144050815017103,bounded GBM-only predictor workspace; not full final model-suite importance,mapped,Feature mapped to the canonical AE-FEAT-IMPORT 11-family taxonomy.
AE-FEAT-IMPORT-006R,individual_feature_log_odds_rebuild_20260602_gbm,fund,permanent_csi,expvol_net_debt_ebitda,170,159,mapped,5,expanding_volatility,computed,143173,0.0010912975117745147,bounded GBM-only predictor workspace; not full final model-suite importance,mapped,Feature mapped to the canonical AE-FEAT-IMPORT 11-family taxonomy.
AE-FEAT-IMPORT-006R,individual_feature_log_odds_rebuild_20260602_gbm,fund,permanent_csi,roll_min_5y_cash_pct_act,361,160,mapped,10,rolling_window_statistics,computed,143173,0.001089311201332995,bounded GBM-only predictor workspace; not full final model-suite importance,mapped,Feature mapped to the canonical AE-FEAT-IMPORT 11-family taxonomy.
AE-FEAT-IMPORT-006R,individual_feature_log_odds_rebuild_20260602_gbm,fund,permanent_csi,expmean_accruals_ratio,145,161,mapped,4,expanding_mean,computed,143173,0.0010675361446854754,bounded GBM-only predictor workspace; not full final model-suite importance,mapped,Feature mapped to the canonical AE-FEAT-IMPORT 11-family taxonomy.
AE-FEAT-IMPORT-006R,individual_feature_log_odds_rebuild_20260602_gbm,fund,permanent_csi,accel_asset_turnover,108,162,mapped,3,acceleration,computed,143173,0.0010641435030600552,bounded GBM-only predictor workspace; not full final model-suite importance,mapped,Feature mapped to the canonical AE-FEAT-IMPORT 11-family taxonomy.
AE-FEAT-IMPORT-006R,individual_feature_log_odds_rebuild_20260602_gbm,fund,permanent_csi,roll_max_5y_leverage,372,163,mapped,10,rolling_window_statistics,computed,143173,0.0010462858385748323,bounded GBM-only predictor workspace; not full final model-suite importance,mapped,Feature mapped to the canonical AE-FEAT-IMPORT 11-family taxonomy.
AE-FEAT-IMPORT-006R,individual_feature_log_odds_rebuild_20260602_gbm,fund,permanent_csi,expmean_roa,124,164,mapped,4,expanding_mean,computed,143173,0.0010416723180624175,bounded GBM-only predictor workspace; not full final model-suite importance,mapped,Feature mapped to the canonical AE-FEAT-IMPORT 11-family taxonomy.
AE-FEAT-IMPORT-006R,individual_feature_log_odds_rebuild_20260602_gbm,fund,permanent_csi,roll_max_3y_interest_cov,284,165,mapped,10,rolling_window_statistics,computed,143173,0.0010378361876831352,bounded GBM-only predictor workspace; not full final model-suite importance,mapped,Feature mapped to the canonical AE-FEAT-IMPORT 11-family taxonomy.
AE-FEAT-IMPORT-006R,individual_feature_log_odds_rebuild_20260602_gbm,fund,permanent_csi,yoy_roic,50,166,mapped,2,yoy_changes,computed,143173,0.0010298555220828373,bounded GBM-only predictor workspace; not full final model-suite importance,mapped,Feature mapped to the canonical AE-FEAT-IMPORT 11-family taxonomy.
AE-FEAT-IMPORT-006R,individual_feature_log_odds_rebuild_20260602_gbm,fund,permanent_csi,expvol_roa,162,167,mapped,5,expanding_volatility,computed,143173,0.0010123212813481898,bounded GBM-only predictor workspace; not full final model-suite importance,mapped,Feature mapped to the canonical AE-FEAT-IMPORT 11-family taxonomy.
AE-FEAT-IMPORT-006R,individual_feature_log_odds_rebuild_20260602_gbm,fund,permanent_csi,roll_min_5y_gross_margin,364,168,mapped,10,rolling_window_statistics,computed,143173,0.0010075777734555105,bounded GBM-only predictor workspace; not full final model-suite importance,mapped,Feature mapped to the canonical AE-FEAT-IMPORT 11-family taxonomy.
AE-FEAT-IMPORT-006R,individual_feature_log_odds_rebuild_20260602_gbm,fund,permanent_csi,accel_roe,87,169,mapped,3,acceleration,computed,143173,0.0010047120576457352,bounded GBM-only predictor workspace; not full final model-suite importance,mapped,Feature mapped to the canonical AE-FEAT-IMPORT 11-family taxonomy.
AE-FEAT-IMPORT-006R,individual_feature_log_odds_rebuild_20260602_gbm,fund,permanent_csi,roll_max_3y_log_mkvalt,291,170,mapped,10,rolling_window_statistics,computed,143173,0.0010046643462986228,bounded GBM-only predictor workspace; not full final model-suite importance,mapped,Feature mapped to the canonical AE-FEAT-IMPORT 11-family taxonomy.
AE-FEAT-IMPORT-006R,individual_feature_log_odds_rebuild_20260602_gbm,fund,permanent_csi,roll_max_5y_log_at,382,171,mapped,10,rolling_window_statistics,computed,143173,0.0010004858724762045,bounded GBM-only predictor workspace; not full final model-suite importance,mapped,Feature mapped to the canonical AE-FEAT-IMPORT 11-family taxonomy.
AE-FEAT-IMPORT-006R,individual_feature_log_odds_rebuild_20260602_gbm,fund,permanent_csi,roll_max_5y_asset_turnover,378,172,mapped,10,rolling_window_statistics,computed,143173,0.0009953026658204784,bounded GBM-only predictor workspace; not full final model-suite importance,mapped,Feature mapped to the canonical AE-FEAT-IMPORT 11-family taxonomy.
AE-FEAT-IMPORT-006R,individual_feature_log_odds_rebuild_20260602_gbm,fund,permanent_csi,roll_autocorr_3y_log_at,337,173,mapped,10,rolling_window_statistics,computed,143173,0.0009820753925277482,bounded GBM-only predictor workspace; not full final model-suite importance,mapped,Feature mapped to the canonical AE-FEAT-IMPORT 11-family taxonomy.
AE-FEAT-IMPORT-006R,individual_feature_log_odds_rebuild_20260602_gbm,fund,permanent_csi,accel_mkt_to_book,106,174,mapped,3,acceleration,computed,143173,0.0009769028090038866,bounded GBM-only predictor workspace; not full final model-suite importance,mapped,Feature mapped to the canonical AE-FEAT-IMPORT 11-family taxonomy.
AE-FEAT-IMPORT-006R,individual_feature_log_odds_rebuild_20260602_gbm,fund,permanent_csi,expvol_reinvest_rate,187,175,mapped,5,expanding_volatility,computed,143173,0.0009680937191174197,bounded GBM-only predictor workspace; not full final model-suite importance,mapped,Feature mapped to the canonical AE-FEAT-IMPORT 11-family taxonomy.
AE-FEAT-IMPORT-006R,individual_feature_log_odds_rebuild_20260602_gbm,fund,permanent_csi,roll_mean_5y_asset_turnover,348,176,mapped,10,rolling_window_statistics,computed,143173,0.0009646058388883468,bounded GBM-only predictor workspace; not full final model-suite importance,mapped,Feature mapped to the canonical AE-FEAT-IMPORT 11-family taxonomy.
AE-FEAT-IMPORT-006R,individual_feature_log_odds_rebuild_20260602_gbm,fund,permanent_csi,expmean_ocf_margin,130,177,mapped,4,expanding_mean,computed,143173,0.0009396850143814994,bounded GBM-only predictor workspace; not full final model-suite importance,mapped,Feature mapped to the canonical AE-FEAT-IMPORT 11-family taxonomy.
AE-FEAT-IMPORT-006R,individual_feature_log_odds_rebuild_20260602_gbm,fund,permanent_csi,roll_max_5y_accruals_ratio,377,178,mapped,10,rolling_window_statistics,computed,143173,0.0009361081200999504,bounded GBM-only predictor workspace; not full final model-suite importance,mapped,Feature mapped to the canonical AE-FEAT-IMPORT 11-family taxonomy.
AE-FEAT-IMPORT-006R,individual_feature_log_odds_rebuild_20260602_gbm,fund,permanent_csi,roll_trend_3y_cash_pct_act,316,179,mapped,10,rolling_window_statistics,computed,143173,0.0009104836196681189,bounded GBM-only predictor workspace; not full final model-suite importance,mapped,Feature mapped to the canonical AE-FEAT-IMPORT 11-family taxonomy.
AE-FEAT-IMPORT-006R,individual_feature_log_odds_rebuild_20260602_gbm,fund,permanent_csi,roll_min_3y_cash_pct_act,271,180,mapped,10,rolling_window_statistics,computed,143173,0.0009100976048184063,bounded GBM-only predictor workspace; not full final model-suite importance,mapped,Feature mapped to the canonical AE-FEAT-IMPORT 11-family taxonomy.
AE-FEAT-IMPORT-006R,individual_feature_log_odds_rebuild_20260602_gbm,fund,permanent_csi,roll_min_5y_ebitda_margin,365,181,mapped,10,rolling_window_statistics,computed,143173,0.0009079999754426712,bounded GBM-only predictor workspace; not full final model-suite importance,mapped,Feature mapped to the canonical AE-FEAT-IMPORT 11-family taxonomy.
AE-FEAT-IMPORT-006R,individual_feature_log_odds_rebuild_20260602_gbm,fund,permanent_csi,expmean_asset_turnover,146,182,mapped,4,expanding_mean,computed,143173,0.0009066324926303802,bounded GBM-only predictor workspace; not full final model-suite importance,mapped,Feature mapped to the canonical AE-FEAT-IMPORT 11-family taxonomy.
AE-FEAT-IMPORT-006R,individual_feature_log_odds_rebuild_20260602_gbm,fund,permanent_csi,roll_trend_5y_ebitda_margin,410,183,mapped,10,rolling_window_statistics,computed,143173,0.0009044576439500036,bounded GBM-only predictor workspace; not full final model-suite importance,mapped,Feature mapped to the canonical AE-FEAT-IMPORT 11-family taxonomy.
AE-FEAT-IMPORT-006R,individual_feature_log_odds_rebuild_20260602_gbm,fund,permanent_csi,expvol_roic,164,184,mapped,5,expanding_volatility,computed,143173,0.0008779195116544406,bounded GBM-only predictor workspace; not full final model-suite importance,mapped,Feature mapped to the canonical AE-FEAT-IMPORT 11-family taxonomy.
AE-FEAT-IMPORT-006R,individual_feature_log_odds_rebuild_20260602_gbm,fund,permanent_csi,accel_capex_intensity,109,185,mapped,3,acceleration,computed,143173,0.0008574317519635364,bounded GBM-only predictor workspace; not full final model-suite importance,mapped,Feature mapped to the canonical AE-FEAT-IMPORT 11-family taxonomy.
AE-FEAT-IMPORT-006R,individual_feature_log_odds_rebuild_20260602_gbm,fund,permanent_csi,roll_max_5y_interest_cov,374,186,mapped,10,rolling_window_statistics,computed,143173,0.0008511505813020667,bounded GBM-only predictor workspace; not full final model-suite importance,mapped,Feature mapped to the canonical AE-FEAT-IMPORT 11-family taxonomy.
AE-FEAT-IMPORT-006R,individual_feature_log_odds_rebuild_20260602_gbm,fund,permanent_csi,yoy_cash_pct_act,63,187,mapped,2,yoy_changes,computed,143173,0.000840864953804465,bounded GBM-only predictor workspace; not full final model-suite importance,mapped,Feature mapped to the canonical AE-FEAT-IMPORT 11-family taxonomy.
AE-FEAT-IMPORT-006R,individual_feature_log_odds_rebuild_20260602_gbm,fund,permanent_csi,roll_max_3y_cash_pct_act,286,188,mapped,10,rolling_window_statistics,computed,143173,0.0008171416071415231,bounded GBM-only predictor workspace; not full final model-suite importance,mapped,Feature mapped to the canonical AE-FEAT-IMPORT 11-family taxonomy.
AE-FEAT-IMPORT-006R,individual_feature_log_odds_rebuild_20260602_gbm,fund,permanent_csi,capex_intensity,31,189,mapped,1,point_in_time_ratios,computed,143173,0.0007963131975818957,bounded GBM-only predictor workspace; not full final model-suite importance,mapped,Feature mapped to the canonical AE-FEAT-IMPORT 11-family taxonomy.
AE-FEAT-IMPORT-006R,individual_feature_log_odds_rebuild_20260602_gbm,fund,permanent_csi,roll_trend_3y_accruals_ratio,317,190,mapped,10,rolling_window_statistics,computed,143173,0.0007684240863635121,bounded GBM-only predictor workspace; not full final model-suite importance,mapped,Feature mapped to the canonical AE-FEAT-IMPORT 11-family taxonomy.
AE-FEAT-IMPORT-006R,individual_feature_log_odds_rebuild_20260602_gbm,fund,permanent_csi,roll_mean_5y_roic,341,191,mapped,10,rolling_window_statistics,computed,143173,0.0007462549403110654,bounded GBM-only predictor workspace; not full final model-suite importance,mapped,Feature mapped to the canonical AE-FEAT-IMPORT 11-family taxonomy.
AE-FEAT-IMPORT-006R,individual_feature_log_odds_rebuild_20260602_gbm,fund,permanent_csi,roll_max_5y_net_debt_ebitda,373,192,mapped,10,rolling_window_statistics,computed,143173,0.0007450310758692861,bounded GBM-only predictor workspace; not full final model-suite importance,mapped,Feature mapped to the canonical AE-FEAT-IMPORT 11-family taxonomy.
AE-FEAT-IMPORT-006R,individual_feature_log_odds_rebuild_20260602_gbm,fund,permanent_csi,roll_min_3y_log_at,277,193,mapped,10,rolling_window_statistics,computed,143173,0.0007269604621265326,bounded GBM-only predictor workspace; not full final model-suite importance,mapped,Feature mapped to the canonical AE-FEAT-IMPORT 11-family taxonomy.
AE-FEAT-IMPORT-006R,individual_feature_log_odds_rebuild_20260602_gbm,fund,permanent_csi,accel_roic,88,194,mapped,3,acceleration,computed,143173,0.0007052823430984677,bounded GBM-only predictor workspace; not full final model-suite importance,mapped,Feature mapped to the canonical AE-FEAT-IMPORT 11-family taxonomy.
AE-FEAT-IMPORT-006R,individual_feature_log_odds_rebuild_20260602_gbm,fund,permanent_csi,yoy_log_emp,76,195,mapped,2,yoy_changes,computed,143173,0.0006838078871540784,bounded GBM-only predictor workspace; not full final model-suite importance,mapped,Feature mapped to the canonical AE-FEAT-IMPORT 11-family taxonomy.
AE-FEAT-IMPORT-006R,individual_feature_log_odds_rebuild_20260602_gbm,fund,permanent_csi,yoy_ev_to_sales,66,196,mapped,2,yoy_changes,computed,143173,0.0006810914649516146,bounded GBM-only predictor workspace; not full final model-suite importance,mapped,Feature mapped to the canonical AE-FEAT-IMPORT 11-family taxonomy.
AE-FEAT-IMPORT-006R,individual_feature_log_odds_rebuild_20260602_gbm,fund,permanent_csi,expmean_rental_ratio,153,197,mapped,4,expanding_mean,computed,143173,0.0006680183586760406,bounded GBM-only predictor workspace; not full final model-suite importance,mapped,Feature mapped to the canonical AE-FEAT-IMPORT 11-family taxonomy.
AE-FEAT-IMPORT-006R,individual_feature_log_odds_rebuild_20260602_gbm,fund,permanent_csi,roll_autocorr_3y_gross_margin,334,198,mapped,10,rolling_window_statistics,computed,143173,0.0006635135166423815,bounded GBM-only predictor workspace; not full final model-suite importance,mapped,Feature mapped to the canonical AE-FEAT-IMPORT 11-family taxonomy.
AE-FEAT-IMPORT-006R,individual_feature_log_odds_rebuild_20260602_gbm,fund,permanent_csi,log_at,34,199,mapped,1,point_in_time_ratios,computed,143173,0.0006567407252808221,bounded GBM-only predictor workspace; not full final model-suite importance,mapped,Feature mapped to the canonical AE-FEAT-IMPORT 11-family taxonomy.
AE-FEAT-IMPORT-006R,individual_feature_log_odds_rebuild_20260602_gbm,fund,permanent_csi,roll_max_3y_gross_margin,289,200,mapped,10,rolling_window_statistics,computed,143173,0.0006556493243793785,bounded GBM-only predictor workspace; not full final model-suite importance,mapped,Feature mapped to the canonical AE-FEAT-IMPORT 11-family taxonomy.
AE-FEAT-IMPORT-006R,individual_feature_log_odds_rebuild_20260602_gbm,fund,permanent_csi,roll_trend_3y_asset_turnover,318,201,mapped,10,rolling_window_statistics,computed,143173,0.0006455467075488892,bounded GBM-only predictor workspace; not full final model-suite importance,mapped,Feature mapped to the canonical AE-FEAT-IMPORT 11-family taxonomy.
AE-FEAT-IMPORT-006R,individual_feature_log_odds_rebuild_20260602_gbm,fund,permanent_csi,roll_min_3y_net_debt_ebitda,268,202,mapped,10,rolling_window_statistics,computed,143173,0.0006370473279727225,bounded GBM-only predictor workspace; not full final model-suite importance,mapped,Feature mapped to the canonical AE-FEAT-IMPORT 11-family taxonomy.
AE-FEAT-IMPORT-006R,individual_feature_log_odds_rebuild_20260602_gbm,fund,permanent_csi,yoy_gross_margin,52,203,mapped,2,yoy_changes,computed,143173,0.0006090505156111105,bounded GBM-only predictor workspace; not full final model-suite importance,mapped,Feature mapped to the canonical AE-FEAT-IMPORT 11-family taxonomy.
AE-FEAT-IMPORT-006R,individual_feature_log_odds_rebuild_20260602_gbm,fund,permanent_csi,yoy_eff_int_rate,58,204,mapped,2,yoy_changes,computed,143173,0.0006055508634653523,bounded GBM-only predictor workspace; not full final model-suite importance,mapped,Feature mapped to the canonical AE-FEAT-IMPORT 11-family taxonomy.
AE-FEAT-IMPORT-006R,individual_feature_log_odds_rebuild_20260602_gbm,fund,permanent_csi,rental_ratio,37,205,mapped,1,point_in_time_ratios,computed,143173,0.0006036310464933907,bounded GBM-only predictor workspace; not full final model-suite importance,mapped,Feature mapped to the canonical AE-FEAT-IMPORT 11-family taxonomy.
AE-FEAT-IMPORT-006R,individual_feature_log_odds_rebuild_20260602_gbm,fund,permanent_csi,roll_trend_3y_log_at,322,206,mapped,10,rolling_window_statistics,computed,143173,0.0005821433300143316,bounded GBM-only predictor workspace; not full final model-suite importance,mapped,Feature mapped to the canonical AE-FEAT-IMPORT 11-family taxonomy.
AE-FEAT-IMPORT-006R,individual_feature_log_odds_rebuild_20260602_gbm,fund,permanent_csi,roll_autocorr_3y_interest_cov,329,207,mapped,10,rolling_window_statistics,computed,143173,0.0005764548908198545,bounded GBM-only predictor workspace; not full final model-suite importance,mapped,Feature mapped to the canonical AE-FEAT-IMPORT 11-family taxonomy.
AE-FEAT-IMPORT-006R,individual_feature_log_odds_rebuild_20260602_gbm,fund,permanent_csi,roll_max_5y_gross_margin,379,208,mapped,10,rolling_window_statistics,computed,143173,0.0005558605007511732,bounded GBM-only predictor workspace; not full final model-suite importance,mapped,Feature mapped to the canonical AE-FEAT-IMPORT 11-family taxonomy.
AE-FEAT-IMPORT-006R,individual_feature_log_odds_rebuild_20260602_gbm,fund,permanent_csi,expmean_ebitda_margin,129,209,mapped,4,expanding_mean,computed,143173,0.0005397489718450509,bounded GBM-only predictor workspace; not full final model-suite importance,mapped,Feature mapped to the canonical AE-FEAT-IMPORT 11-family taxonomy.
AE-FEAT-IMPORT-006R,individual_feature_log_odds_rebuild_20260602_gbm,fund,permanent_csi,expmean_capex_intensity,147,210,mapped,4,expanding_mean,computed,143173,0.0005371197915716653,bounded GBM-only predictor workspace; not full final model-suite importance,mapped,Feature mapped to the canonical AE-FEAT-IMPORT 11-family taxonomy.
AE-FEAT-IMPORT-006R,individual_feature_log_odds_rebuild_20260602_gbm,fund,permanent_csi,acct_mom_cash_pct_act,241,211,mapped,9,accounting_momentum,computed,143173,0.000527052767189917,bounded GBM-only predictor workspace; not full final model-suite importance,mapped,Feature mapped to the canonical AE-FEAT-IMPORT 11-family taxonomy.
AE-FEAT-IMPORT-006R,individual_feature_log_odds_rebuild_20260602_gbm,fund,permanent_csi,peak_drop_roic,202,212,mapped,6,peak_deterioration,computed,143173,0.000526615884542927,bounded GBM-only predictor workspace; not full final model-suite importance,mapped,Feature mapped to the canonical AE-FEAT-IMPORT 11-family taxonomy.
AE-FEAT-IMPORT-006R,individual_feature_log_odds_rebuild_20260602_gbm,fund,permanent_csi,consec_decline_roa,225,213,mapped,8,consecutive_declines,computed,143173,0.0005247832819786849,bounded GBM-only predictor workspace; not full final model-suite importance,mapped,Feature mapped to the canonical AE-FEAT-IMPORT 11-family taxonomy.
AE-FEAT-IMPORT-006R,individual_feature_log_odds_rebuild_20260602_gbm,fund,permanent_csi,trough_rise_eff_int_rate,219,214,mapped,7,trough_rise,computed,143173,0.0005243020906444014,bounded GBM-only predictor workspace; not full final model-suite importance,mapped,Feature mapped to the canonical AE-FEAT-IMPORT 11-family taxonomy.
AE-FEAT-IMPORT-006R,individual_feature_log_odds_rebuild_20260602_gbm,fund,permanent_csi,accel_ebitda_margin,91,215,mapped,3,acceleration,computed,143173,0.0005214567627803255,bounded GBM-only predictor workspace; not full final model-suite importance,mapped,Feature mapped to the canonical AE-FEAT-IMPORT 11-family taxonomy.
AE-FEAT-IMPORT-006R,individual_feature_log_odds_rebuild_20260602_gbm,fund,permanent_csi,roll_autocorr_5y_log_mkvalt,426,216,mapped,10,rolling_window_statistics,computed,143173,0.0005204415428399958,bounded GBM-only predictor workspace; not full final model-suite importance,mapped,Feature mapped to the canonical AE-FEAT-IMPORT 11-family taxonomy.
AE-FEAT-IMPORT-006R,individual_feature_log_odds_rebuild_20260602_gbm,fund,permanent_csi,roll_min_5y_asset_turnover,363,217,mapped,10,rolling_window_statistics,computed,143173,0.0005197018717678737,bounded GBM-only predictor workspace; not full final model-suite importance,mapped,Feature mapped to the canonical AE-FEAT-IMPORT 11-family taxonomy.
AE-FEAT-IMPORT-006R,individual_feature_log_odds_rebuild_20260602_gbm,fund,permanent_csi,expmean_dd1_ratio,136,218,mapped,4,expanding_mean,computed,143173,0.0005155110986579127,bounded GBM-only predictor workspace; not full final model-suite importance,mapped,Feature mapped to the canonical AE-FEAT-IMPORT 11-family taxonomy.
AE-FEAT-IMPORT-006R,individual_feature_log_odds_rebuild_20260602_gbm,fund,permanent_csi,accel_ebit_roa,89,219,mapped,3,acceleration,computed,143173,0.0005105749365985145,bounded GBM-only predictor workspace; not full final model-suite importance,mapped,Feature mapped to the canonical AE-FEAT-IMPORT 11-family taxonomy.
AE-FEAT-IMPORT-006R,individual_feature_log_odds_rebuild_20260602_gbm,fund,permanent_csi,expmean_earn_yld,122,220,mapped,4,expanding_mean,computed,143173,0.000501636697871679,bounded GBM-only predictor workspace; not full final model-suite importance,mapped,Feature mapped to the canonical AE-FEAT-IMPORT 11-family taxonomy.
AE-FEAT-IMPORT-006R,individual_feature_log_odds_rebuild_20260602_gbm,fund,permanent_csi,acct_mom_current_ratio,240,221,mapped,9,accounting_momentum,computed,143173,0.0005001472003008841,bounded GBM-only predictor workspace; not full final model-suite importance,mapped,Feature mapped to the canonical AE-FEAT-IMPORT 11-family taxonomy.
AE-FEAT-IMPORT-006R,individual_feature_log_odds_rebuild_20260602_gbm,fund,permanent_csi,expvol_asset_turnover,184,222,mapped,5,expanding_volatility,computed,143173,0.0004797299297535381,bounded GBM-only predictor workspace; not full final model-suite importance,mapped,Feature mapped to the canonical AE-FEAT-IMPORT 11-family taxonomy.
AE-FEAT-IMPORT-006R,individual_feature_log_odds_rebuild_20260602_gbm,fund,permanent_csi,roll_mean_5y_gross_margin,349,223,mapped,10,rolling_window_statistics,computed,143173,0.00046957408234415564,bounded GBM-only predictor workspace; not full final model-suite importance,mapped,Feature mapped to the canonical AE-FEAT-IMPORT 11-family taxonomy.
AE-FEAT-IMPORT-006R,individual_feature_log_odds_rebuild_20260602_gbm,fund,permanent_csi,expmean_bp_ratio,141,224,mapped,4,expanding_mean,computed,143173,0.0004694846373973588,bounded GBM-only predictor workspace; not full final model-suite importance,mapped,Feature mapped to the canonical AE-FEAT-IMPORT 11-family taxonomy.
AE-FEAT-IMPORT-006R,individual_feature_log_odds_rebuild_20260602_gbm,fund,permanent_csi,roll_mean_5y_accruals_ratio,347,225,mapped,10,rolling_window_statistics,computed,143173,0.00046096964452968276,bounded GBM-only predictor workspace; not full final model-suite importance,mapped,Feature mapped to the canonical AE-FEAT-IMPORT 11-family taxonomy.
AE-FEAT-IMPORT-006R,individual_feature_log_odds_rebuild_20260602_gbm,fund,permanent_csi,peak_drop_ocf_per_share,199,226,mapped,6,peak_deterioration,computed,143173,0.0004525568445115617,bounded GBM-only predictor workspace; not full final model-suite importance,mapped,Feature mapped to the canonical AE-FEAT-IMPORT 11-family taxonomy.
AE-FEAT-IMPORT-006R,individual_feature_log_odds_rebuild_20260602_gbm,fund,permanent_csi,dd1_ratio,19,227,mapped,1,point_in_time_ratios,computed,143173,0.00045194175557359444,bounded GBM-only predictor workspace; not full final model-suite importance,mapped,Feature mapped to the canonical AE-FEAT-IMPORT 11-family taxonomy.
AE-FEAT-IMPORT-006R,individual_feature_log_odds_rebuild_20260602_gbm,fund,permanent_csi,expmean_altman_z4,157,228,mapped,4,expanding_mean,computed,143173,0.00044626397471997435,bounded GBM-only predictor workspace; not full final model-suite importance,mapped,Feature mapped to the canonical AE-FEAT-IMPORT 11-family taxonomy.
AE-FEAT-IMPORT-006R,individual_feature_log_odds_rebuild_20260602_gbm,fund,permanent_csi,peak_drop_roa,200,229,mapped,6,peak_deterioration,computed,143173,0.0004441043661629949,bounded GBM-only predictor workspace; not full final model-suite importance,mapped,Feature mapped to the canonical AE-FEAT-IMPORT 11-family taxonomy.
AE-FEAT-IMPORT-006R,individual_feature_log_odds_rebuild_20260602_gbm,fund,permanent_csi,trough_rise_rental_ratio,221,230,mapped,7,trough_rise,computed,143173,0.0004376868785615622,bounded GBM-only predictor workspace; not full final model-suite importance,mapped,Feature mapped to the canonical AE-FEAT-IMPORT 11-family taxonomy.
AE-FEAT-IMPORT-006R,individual_feature_log_odds_rebuild_20260602_gbm,fund,permanent_csi,consec_decline_wcap_ratio,232,231,mapped,8,consecutive_declines,computed,143173,0.0004341879194547739,bounded GBM-only predictor workspace; not full final model-suite importance,mapped,Feature mapped to the canonical AE-FEAT-IMPORT 11-family taxonomy.
AE-FEAT-IMPORT-006R,individual_feature_log_odds_rebuild_20260602_gbm,fund,permanent_csi,acct_mom_accruals_ratio,242,232,mapped,9,accounting_momentum,computed,143173,0.0004319205893067277,bounded GBM-only predictor workspace; not full final model-suite importance,mapped,Feature mapped to the canonical AE-FEAT-IMPORT 11-family taxonomy.
AE-FEAT-IMPORT-006R,individual_feature_log_odds_rebuild_20260602_gbm,fund,permanent_csi,roll_min_5y_log_at,367,233,mapped,10,rolling_window_statistics,computed,143173,0.0004303312179885052,bounded GBM-only predictor workspace; not full final model-suite importance,mapped,Feature mapped to the canonical AE-FEAT-IMPORT 11-family taxonomy.
AE-FEAT-IMPORT-006R,individual_feature_log_odds_rebuild_20260602_gbm,fund,permanent_csi,roll_autocorr_3y_net_debt_ebitda,328,234,mapped,10,rolling_window_statistics,computed,143173,0.0004284134249761938,bounded GBM-only predictor workspace; not full final model-suite importance,mapped,Feature mapped to the canonical AE-FEAT-IMPORT 11-family taxonomy.
AE-FEAT-IMPORT-006R,individual_feature_log_odds_rebuild_20260602_gbm,fund,permanent_csi,roll_mean_3y_cash_pct_act,256,235,mapped,10,rolling_window_statistics,computed,143173,0.0004270040253532207,bounded GBM-only predictor workspace; not full final model-suite importance,mapped,Feature mapped to the canonical AE-FEAT-IMPORT 11-family taxonomy.
AE-FEAT-IMPORT-006R,individual_feature_log_odds_rebuild_20260602_gbm,fund,permanent_csi,yoy_quick_ratio,62,236,mapped,2,yoy_changes,computed,143173,0.0004268382595123836,bounded GBM-only predictor workspace; not full final model-suite importance,mapped,Feature mapped to the canonical AE-FEAT-IMPORT 11-family taxonomy.
AE-FEAT-IMPORT-006R,individual_feature_log_odds_rebuild_20260602_gbm,fund,permanent_csi,roll_mean_5y_current_ratio,345,237,mapped,10,rolling_window_statistics,computed,143173,0.0004249468989966176,bounded GBM-only predictor workspace; not full final model-suite importance,mapped,Feature mapped to the canonical AE-FEAT-IMPORT 11-family taxonomy.
AE-FEAT-IMPORT-006R,individual_feature_log_odds_rebuild_20260602_gbm,fund,permanent_csi,roll_autocorr_3y_roa,325,238,mapped,10,rolling_window_statistics,computed,143173,0.0004236612257479033,bounded GBM-only predictor workspace; not full final model-suite importance,mapped,Feature mapped to the canonical AE-FEAT-IMPORT 11-family taxonomy.
AE-FEAT-IMPORT-006R,individual_feature_log_odds_rebuild_20260602_gbm,fund,permanent_csi,roll_min_5y_accruals_ratio,362,239,mapped,10,rolling_window_statistics,computed,143173,0.0004224116973254628,bounded GBM-only predictor workspace; not full final model-suite importance,mapped,Feature mapped to the canonical AE-FEAT-IMPORT 11-family taxonomy.
AE-FEAT-IMPORT-006R,individual_feature_log_odds_rebuild_20260602_gbm,fund,permanent_csi,roll_max_3y_log_at,292,240,mapped,10,rolling_window_statistics,computed,143173,0.00041701733694532076,bounded GBM-only predictor workspace; not full final model-suite importance,mapped,Feature mapped to the canonical AE-FEAT-IMPORT 11-family taxonomy.
AE-FEAT-IMPORT-006R,individual_feature_log_odds_rebuild_20260602_gbm,fund,permanent_csi,yoy_ocf_per_share,47,241,mapped,2,yoy_changes,computed,143173,0.0004159316720755651,bounded GBM-only predictor workspace; not full final model-suite importance,mapped,Feature mapped to the canonical AE-FEAT-IMPORT 11-family taxonomy.
AE-FEAT-IMPORT-006R,individual_feature_log_odds_rebuild_20260602_gbm,fund,permanent_csi,acct_mom_roic,236,242,mapped,9,accounting_momentum,computed,143173,0.000412874089889152,bounded GBM-only predictor workspace; not full final model-suite importance,mapped,Feature mapped to the canonical AE-FEAT-IMPORT 11-family taxonomy.
AE-FEAT-IMPORT-006R,individual_feature_log_odds_rebuild_20260602_gbm,fund,permanent_csi,roll_autocorr_5y_log_at,427,243,mapped,10,rolling_window_statistics,computed,143173,0.00041136892045788944,bounded GBM-only predictor workspace; not full final model-suite importance,mapped,Feature mapped to the canonical AE-FEAT-IMPORT 11-family taxonomy.
AE-FEAT-IMPORT-006R,individual_feature_log_odds_rebuild_20260602_gbm,fund,permanent_csi,roll_autocorr_3y_earn_yld,323,244,mapped,10,rolling_window_statistics,computed,143173,0.00040387635389844425,bounded GBM-only predictor workspace; not full final model-suite importance,mapped,Feature mapped to the canonical AE-FEAT-IMPORT 11-family taxonomy.
AE-FEAT-IMPORT-006R,individual_feature_log_odds_rebuild_20260602_gbm,fund,permanent_csi,accel_log_emp,114,245,mapped,3,acceleration,computed,143173,0.0004018197236881904,bounded GBM-only predictor workspace; not full final model-suite importance,mapped,Feature mapped to the canonical AE-FEAT-IMPORT 11-family taxonomy.
AE-FEAT-IMPORT-006R,individual_feature_log_odds_rebuild_20260602_gbm,fund,permanent_csi,roll_autocorr_5y_asset_turnover,423,246,mapped,10,rolling_window_statistics,computed,143173,0.0003940334768357553,bounded GBM-only predictor workspace; not full final model-suite importance,mapped,Feature mapped to the canonical AE-FEAT-IMPORT 11-family taxonomy.
AE-FEAT-IMPORT-006R,individual_feature_log_odds_rebuild_20260602_gbm,fund,permanent_csi,roll_min_3y_leverage,267,247,mapped,10,rolling_window_statistics,computed,143173,0.00038682656461093504,bounded GBM-only predictor workspace; not full final model-suite importance,mapped,Feature mapped to the canonical AE-FEAT-IMPORT 11-family taxonomy.
AE-FEAT-IMPORT-006R,individual_feature_log_odds_rebuild_20260602_gbm,fund,permanent_csi,peak_drop_cash_pct_act,209,248,mapped,6,peak_deterioration,computed,143173,0.00038525926266779473,bounded GBM-only predictor workspace; not full final model-suite importance,mapped,Feature mapped to the canonical AE-FEAT-IMPORT 11-family taxonomy.
AE-FEAT-IMPORT-006R,individual_feature_log_odds_rebuild_20260602_gbm,fund,permanent_csi,roll_sd_5y_ocf_per_share,384,249,mapped,10,rolling_window_statistics,computed,143173,0.00038077577554924643,bounded GBM-only predictor workspace; not full final model-suite importance,mapped,Feature mapped to the canonical AE-FEAT-IMPORT 11-family taxonomy.
AE-FEAT-IMPORT-006R,individual_feature_log_odds_rebuild_20260602_gbm,fund,permanent_csi,roll_max_3y_roic,281,250,mapped,10,rolling_window_statistics,computed,143173,0.00037854832411518286,bounded GBM-only predictor workspace; not full final model-suite importance,mapped,Feature mapped to the canonical AE-FEAT-IMPORT 11-family taxonomy.
AE-FEAT-IMPORT-006R,individual_feature_log_odds_rebuild_20260602_gbm,fund,permanent_csi,roll_sd_3y_current_ratio,300,251,mapped,10,rolling_window_statistics,computed,143173,0.00037484871403184667,bounded GBM-only predictor workspace; not full final model-suite importance,mapped,Feature mapped to the canonical AE-FEAT-IMPORT 11-family taxonomy.
AE-FEAT-IMPORT-006R,individual_feature_log_odds_rebuild_20260602_gbm,fund,permanent_csi,expvol_log_emp,190,252,mapped,5,expanding_volatility,computed,143173,0.0003735906428409536,bounded GBM-only predictor workspace; not full final model-suite importance,mapped,Feature mapped to the canonical AE-FEAT-IMPORT 11-family taxonomy.
AE-FEAT-IMPORT-006R,individual_feature_log_odds_rebuild_20260602_gbm,fund,permanent_csi,expmean_wcap_ratio,140,253,mapped,4,expanding_mean,computed,143173,0.000362925312950581,bounded GBM-only predictor workspace; not full final model-suite importance,mapped,Feature mapped to the canonical AE-FEAT-IMPORT 11-family taxonomy.
AE-FEAT-IMPORT-006R,individual_feature_log_odds_rebuild_20260602_gbm,fund,permanent_csi,roll_autocorr_5y_roa,415,254,mapped,10,rolling_window_statistics,computed,143173,0.00036219586993095247,bounded GBM-only predictor workspace; not full final model-suite importance,mapped,Feature mapped to the canonical AE-FEAT-IMPORT 11-family taxonomy.
AE-FEAT-IMPORT-006R,individual_feature_log_odds_rebuild_20260602_gbm,fund,permanent_csi,expvol_rental_ratio,191,255,mapped,5,expanding_volatility,computed,143173,0.0003612115328605936,bounded GBM-only predictor workspace; not full final model-suite importance,mapped,Feature mapped to the canonical AE-FEAT-IMPORT 11-family taxonomy.
AE-FEAT-IMPORT-006R,individual_feature_log_odds_rebuild_20260602_gbm,fund,permanent_csi,roll_max_3y_accruals_ratio,287,256,mapped,10,rolling_window_statistics,computed,143173,0.0003566675354293992,bounded GBM-only predictor workspace; not full final model-suite importance,mapped,Feature mapped to the canonical AE-FEAT-IMPORT 11-family taxonomy.
AE-FEAT-IMPORT-006R,individual_feature_log_odds_rebuild_20260602_gbm,fund,permanent_csi,roll_max_5y_log_mkvalt,381,257,mapped,10,rolling_window_statistics,computed,143173,0.0003528077119723842,bounded GBM-only predictor workspace; not full final model-suite importance,mapped,Feature mapped to the canonical AE-FEAT-IMPORT 11-family taxonomy.
AE-FEAT-IMPORT-006R,individual_feature_log_odds_rebuild_20260602_gbm,fund,permanent_csi,roll_max_3y_leverage,282,258,mapped,10,rolling_window_statistics,computed,143173,0.00035021221094115037,bounded GBM-only predictor workspace; not full final model-suite importance,mapped,Feature mapped to the canonical AE-FEAT-IMPORT 11-family taxonomy.
AE-FEAT-IMPORT-006R,individual_feature_log_odds_rebuild_20260602_gbm,fund,permanent_csi,yoy_reinvest_rate,73,259,mapped,2,yoy_changes,computed,143173,0.0003431569386005292,bounded GBM-only predictor workspace; not full final model-suite importance,mapped,Feature mapped to the canonical AE-FEAT-IMPORT 11-family taxonomy.
AE-FEAT-IMPORT-006R,individual_feature_log_odds_rebuild_20260602_gbm,fund,permanent_csi,yoy_std_debt_pct,57,260,mapped,2,yoy_changes,computed,143173,0.00033784849799902604,bounded GBM-only predictor workspace; not full final model-suite importance,mapped,Feature mapped to the canonical AE-FEAT-IMPORT 11-family taxonomy.
AE-FEAT-IMPORT-006R,individual_feature_log_odds_rebuild_20260602_gbm,fund,permanent_csi,expmean_roe,125,261,mapped,4,expanding_mean,computed,143173,0.00033522318616793203,bounded GBM-only predictor workspace; not full final model-suite importance,mapped,Feature mapped to the canonical AE-FEAT-IMPORT 11-family taxonomy.
AE-FEAT-IMPORT-006R,individual_feature_log_odds_rebuild_20260602_gbm,fund,permanent_csi,expvol_ocf_per_share,161,262,mapped,5,expanding_volatility,computed,143173,0.00032746571145643444,bounded GBM-only predictor workspace; not full final model-suite importance,mapped,Feature mapped to the canonical AE-FEAT-IMPORT 11-family taxonomy.
AE-FEAT-IMPORT-006R,individual_feature_log_odds_rebuild_20260602_gbm,fund,permanent_csi,trough_rise_std_debt_pct,218,263,mapped,7,trough_rise,computed,143173,0.00032518847656589576,bounded GBM-only predictor workspace; not full final model-suite importance,mapped,Feature mapped to the canonical AE-FEAT-IMPORT 11-family taxonomy.
AE-FEAT-IMPORT-006R,individual_feature_log_odds_rebuild_20260602_gbm,fund,permanent_csi,roll_trend_3y_earn_yld,308,264,mapped,10,rolling_window_statistics,computed,143173,0.0003221342057900236,bounded GBM-only predictor workspace; not full final model-suite importance,mapped,Feature mapped to the canonical AE-FEAT-IMPORT 11-family taxonomy.
AE-FEAT-IMPORT-006R,individual_feature_log_odds_rebuild_20260602_gbm,fund,permanent_csi,accel_rd_intensity,110,265,mapped,3,acceleration,computed,143173,0.00031266260794834353,bounded GBM-only predictor workspace; not full final model-suite importance,mapped,Feature mapped to the canonical AE-FEAT-IMPORT 11-family taxonomy.
AE-FEAT-IMPORT-006R,individual_feature_log_odds_rebuild_20260602_gbm,fund,permanent_csi,roll_autocorr_5y_interest_cov,419,266,mapped,10,rolling_window_statistics,computed,143173,0.0003100346581584946,bounded GBM-only predictor workspace; not full final model-suite importance,mapped,Feature mapped to the canonical AE-FEAT-IMPORT 11-family taxonomy.
AE-FEAT-IMPORT-006R,individual_feature_log_odds_rebuild_20260602_gbm,fund,permanent_csi,expmean_rd_intensity,148,267,mapped,4,expanding_mean,computed,143173,0.00030683494769920364,bounded GBM-only predictor workspace; not full final model-suite importance,mapped,Feature mapped to the canonical AE-FEAT-IMPORT 11-family taxonomy.
AE-FEAT-IMPORT-006R,individual_feature_log_odds_rebuild_20260602_gbm,fund,permanent_csi,roll_min_5y_net_debt_ebitda,358,268,mapped,10,rolling_window_statistics,computed,143173,0.0003052893468521625,bounded GBM-only predictor workspace; not full final model-suite importance,mapped,Feature mapped to the canonical AE-FEAT-IMPORT 11-family taxonomy.
AE-FEAT-IMPORT-006R,individual_feature_log_odds_rebuild_20260602_gbm,fund,permanent_csi,expvol_assets_per_emp,192,269,mapped,5,expanding_volatility,computed,143173,0.00029918337321092653,bounded GBM-only predictor workspace; not full final model-suite importance,mapped,Feature mapped to the canonical AE-FEAT-IMPORT 11-family taxonomy.
AE-FEAT-IMPORT-006R,individual_feature_log_odds_rebuild_20260602_gbm,fund,permanent_csi,accel_earn_yld,84,270,mapped,3,acceleration,computed,143173,0.00029440495948208917,bounded GBM-only predictor workspace; not full final model-suite importance,mapped,Feature mapped to the canonical AE-FEAT-IMPORT 11-family taxonomy.
AE-FEAT-IMPORT-006R,individual_feature_log_odds_rebuild_20260602_gbm,fund,permanent_csi,expvol_gross_margin,166,271,mapped,5,expanding_volatility,computed,143173,0.00028815698394973795,bounded GBM-only predictor workspace; not full final model-suite importance,mapped,Feature mapped to the canonical AE-FEAT-IMPORT 11-family taxonomy.
AE-FEAT-IMPORT-006R,individual_feature_log_odds_rebuild_20260602_gbm,fund,permanent_csi,yoy_assets_per_emp,78,272,mapped,2,yoy_changes,computed,143173,0.00028575981017798423,bounded GBM-only predictor workspace; not full final model-suite importance,mapped,Feature mapped to the canonical AE-FEAT-IMPORT 11-family taxonomy.
AE-FEAT-IMPORT-006R,individual_feature_log_odds_rebuild_20260602_gbm,fund,permanent_csi,accel_rental_ratio,115,273,mapped,3,acceleration,computed,143173,0.0002799224688544488,bounded GBM-only predictor workspace; not full final model-suite importance,mapped,Feature mapped to the canonical AE-FEAT-IMPORT 11-family taxonomy.
AE-FEAT-IMPORT-006R,individual_feature_log_odds_rebuild_20260602_gbm,fund,permanent_csi,roll_autocorr_5y_current_ratio,420,274,mapped,10,rolling_window_statistics,computed,143173,0.00027935025874553036,bounded GBM-only predictor workspace; not full final model-suite importance,mapped,Feature mapped to the canonical AE-FEAT-IMPORT 11-family taxonomy.
AE-FEAT-IMPORT-006R,individual_feature_log_odds_rebuild_20260602_gbm,fund,permanent_csi,roll_trend_3y_leverage,312,275,mapped,10,rolling_window_statistics,computed,143173,0.0002788548585717998,bounded GBM-only predictor workspace; not full final model-suite importance,mapped,Feature mapped to the canonical AE-FEAT-IMPORT 11-family taxonomy.
AE-FEAT-IMPORT-006R,individual_feature_log_odds_rebuild_20260602_gbm,fund,permanent_csi,roll_trend_5y_asset_turnover,408,276,mapped,10,rolling_window_statistics,computed,143173,0.00027685928136705933,bounded GBM-only predictor workspace; not full final model-suite importance,mapped,Feature mapped to the canonical AE-FEAT-IMPORT 11-family taxonomy.
AE-FEAT-IMPORT-006R,individual_feature_log_odds_rebuild_20260602_gbm,fund,permanent_csi,roll_mean_5y_roa,340,277,mapped,10,rolling_window_statistics,computed,143173,0.00026835088447034933,bounded GBM-only predictor workspace; not full final model-suite importance,mapped,Feature mapped to the canonical AE-FEAT-IMPORT 11-family taxonomy.
AE-FEAT-IMPORT-006R,individual_feature_log_odds_rebuild_20260602_gbm,fund,permanent_csi,roll_autocorr_3y_log_mkvalt,336,278,mapped,10,rolling_window_statistics,computed,143173,0.00026555307197713256,bounded GBM-only predictor workspace; not full final model-suite importance,mapped,Feature mapped to the canonical AE-FEAT-IMPORT 11-family taxonomy.
AE-FEAT-IMPORT-006R,individual_feature_log_odds_rebuild_20260602_gbm,fund,permanent_csi,roll_trend_3y_roa,310,279,mapped,10,rolling_window_statistics,computed,143173,0.00026383259228244263,bounded GBM-only predictor workspace; not full final model-suite importance,mapped,Feature mapped to the canonical AE-FEAT-IMPORT 11-family taxonomy.
AE-FEAT-IMPORT-006R,individual_feature_log_odds_rebuild_20260602_gbm,fund,permanent_csi,roll_sd_5y_accruals_ratio,392,280,mapped,10,rolling_window_statistics,computed,143173,0.00026255676457145416,bounded GBM-only predictor workspace; not full final model-suite importance,mapped,Feature mapped to the canonical AE-FEAT-IMPORT 11-family taxonomy.
AE-FEAT-IMPORT-006R,individual_feature_log_odds_rebuild_20260602_gbm,fund,permanent_csi,acct_mom_asset_turnover,243,281,mapped,9,accounting_momentum,computed,143173,0.00025758111486659193,bounded GBM-only predictor workspace; not full final model-suite importance,mapped,Feature mapped to the canonical AE-FEAT-IMPORT 11-family taxonomy.
AE-FEAT-IMPORT-006R,individual_feature_log_odds_rebuild_20260602_gbm,fund,permanent_csi,expvol_dd1_ratio,174,282,mapped,5,expanding_volatility,computed,143173,0.00025740500309673494,bounded GBM-only predictor workspace; not full final model-suite importance,mapped,Feature mapped to the canonical AE-FEAT-IMPORT 11-family taxonomy.
AE-FEAT-IMPORT-006R,individual_feature_log_odds_rebuild_20260602_gbm,fund,permanent_csi,roll_autocorr_5y_leverage,417,283,mapped,10,rolling_window_statistics,computed,143173,0.00025680213295466235,bounded GBM-only predictor workspace; not full final model-suite importance,mapped,Feature mapped to the canonical AE-FEAT-IMPORT 11-family taxonomy.
AE-FEAT-IMPORT-006R,individual_feature_log_odds_rebuild_20260602_gbm,fund,permanent_csi,yoy_accruals_ratio,69,284,mapped,2,yoy_changes,computed,143173,0.00025650938422020104,bounded GBM-only predictor workspace; not full final model-suite importance,mapped,Feature mapped to the canonical AE-FEAT-IMPORT 11-family taxonomy.
AE-FEAT-IMPORT-006R,individual_feature_log_odds_rebuild_20260602_gbm,fund,permanent_csi,roll_autocorr_5y_net_debt_ebitda,418,285,mapped,10,rolling_window_statistics,computed,143173,0.0002526839887513293,bounded GBM-only predictor workspace; not full final model-suite importance,mapped,Feature mapped to the canonical AE-FEAT-IMPORT 11-family taxonomy.
AE-FEAT-IMPORT-006R,individual_feature_log_odds_rebuild_20260602_gbm,fund,permanent_csi,roll_sd_3y_ocf_per_share,294,286,mapped,10,rolling_window_statistics,computed,143173,0.00025202809708469375,bounded GBM-only predictor workspace; not full final model-suite importance,mapped,Feature mapped to the canonical AE-FEAT-IMPORT 11-family taxonomy.
AE-FEAT-IMPORT-006R,individual_feature_log_odds_rebuild_20260602_gbm,fund,permanent_csi,roll_trend_5y_net_debt_ebitda,403,287,mapped,10,rolling_window_statistics,computed,143173,0.0002514219185361766,bounded GBM-only predictor workspace; not full final model-suite importance,mapped,Feature mapped to the canonical AE-FEAT-IMPORT 11-family taxonomy.
AE-FEAT-IMPORT-006R,individual_feature_log_odds_rebuild_20260602_gbm,fund,permanent_csi,yoy_dd1_ratio,60,288,mapped,2,yoy_changes,computed,143173,0.00024710941000779147,bounded GBM-only predictor workspace; not full final model-suite importance,mapped,Feature mapped to the canonical AE-FEAT-IMPORT 11-family taxonomy.
AE-FEAT-IMPORT-006R,individual_feature_log_odds_rebuild_20260602_gbm,fund,permanent_csi,recession,441,289,mapped,1,point_in_time_ratios,computed,143173,0.00024485600497189253,bounded GBM-only predictor workspace; not full final model-suite importance,mapped,Feature mapped to the canonical AE-FEAT-IMPORT 11-family taxonomy.
AE-FEAT-IMPORT-006R,individual_feature_log_odds_rebuild_20260602_gbm,fund,permanent_csi,roll_max_5y_roic,371,290,mapped,10,rolling_window_statistics,computed,143173,0.00024477531943905564,bounded GBM-only predictor workspace; not full final model-suite importance,mapped,Feature mapped to the canonical AE-FEAT-IMPORT 11-family taxonomy.
AE-FEAT-IMPORT-006R,individual_feature_log_odds_rebuild_20260602_gbm,fund,permanent_csi,log_emp,36,291,mapped,1,point_in_time_ratios,computed,143173,0.0002404333053250795,bounded GBM-only predictor workspace; not full final model-suite importance,mapped,Feature mapped to the canonical AE-FEAT-IMPORT 11-family taxonomy.
AE-FEAT-IMPORT-006R,individual_feature_log_odds_rebuild_20260602_gbm,fund,permanent_csi,yoy_rental_ratio,77,292,mapped,2,yoy_changes,computed,143173,0.00023424217365878167,bounded GBM-only predictor workspace; not full final model-suite importance,mapped,Feature mapped to the canonical AE-FEAT-IMPORT 11-family taxonomy.
AE-FEAT-IMPORT-006R,individual_feature_log_odds_rebuild_20260602_gbm,fund,permanent_csi,roll_max_3y_earn_yld,278,293,mapped,10,rolling_window_statistics,computed,143173,0.00023162297447715886,bounded GBM-only predictor workspace; not full final model-suite importance,mapped,Feature mapped to the canonical AE-FEAT-IMPORT 11-family taxonomy.
AE-FEAT-IMPORT-006R,individual_feature_log_odds_rebuild_20260602_gbm,fund,permanent_csi,peak_drop_ocf_margin,206,294,mapped,6,peak_deterioration,computed,143173,0.0002292162203894574,bounded GBM-only predictor workspace; not full final model-suite importance,mapped,Feature mapped to the canonical AE-FEAT-IMPORT 11-family taxonomy.
AE-FEAT-IMPORT-006R,individual_feature_log_odds_rebuild_20260602_gbm,fund,permanent_csi,yoy_altman_z2,80,295,mapped,2,yoy_changes,computed,143173,0.00022817657547275877,bounded GBM-only predictor workspace; not full final model-suite importance,mapped,Feature mapped to the canonical AE-FEAT-IMPORT 11-family taxonomy.
AE-FEAT-IMPORT-006R,individual_feature_log_odds_rebuild_20260602_gbm,fund,permanent_csi,roll_max_3y_roa,280,296,mapped,10,rolling_window_statistics,computed,143173,0.0002237091607040002,bounded GBM-only predictor workspace; not full final model-suite importance,mapped,Feature mapped to the canonical AE-FEAT-IMPORT 11-family taxonomy.
AE-FEAT-IMPORT-006R,individual_feature_log_odds_rebuild_20260602_gbm,fund,permanent_csi,compr_inc_ratio,41,297,mapped,1,point_in_time_ratios,computed,143173,0.00021736930080552605,bounded GBM-only predictor workspace; not full final model-suite importance,mapped,Feature mapped to the canonical AE-FEAT-IMPORT 11-family taxonomy.
AE-FEAT-IMPORT-006R,individual_feature_log_odds_rebuild_20260602_gbm,fund,permanent_csi,accel_altman_z4,119,298,mapped,3,acceleration,computed,143173,0.0002142907650773407,bounded GBM-only predictor workspace; not full final model-suite importance,mapped,Feature mapped to the canonical AE-FEAT-IMPORT 11-family taxonomy.
AE-FEAT-IMPORT-006R,individual_feature_log_odds_rebuild_20260602_gbm,fund,permanent_csi,accel_log_at,112,299,mapped,3,acceleration,computed,143173,0.0002124637496083788,bounded GBM-only predictor workspace; not full final model-suite importance,mapped,Feature mapped to the canonical AE-FEAT-IMPORT 11-family taxonomy.
AE-FEAT-IMPORT-006R,individual_feature_log_odds_rebuild_20260602_gbm,fund,permanent_csi,min_int_tcap,40,300,mapped,1,point_in_time_ratios,computed,143173,0.00021060734357011441,bounded GBM-only predictor workspace; not full final model-suite importance,mapped,Feature mapped to the canonical AE-FEAT-IMPORT 11-family taxonomy.
AE-FEAT-IMPORT-006R,individual_feature_log_odds_rebuild_20260602_gbm,fund,permanent_csi,acct_mom_interest_cov,239,301,mapped,9,accounting_momentum,computed,143173,0.00020783442647619502,bounded GBM-only predictor workspace; not full final model-suite importance,mapped,Feature mapped to the canonical AE-FEAT-IMPORT 11-family taxonomy.
AE-FEAT-IMPORT-006R,individual_feature_log_odds_rebuild_20260602_gbm,fund,permanent_csi,accel_assets_per_emp,116,302,mapped,3,acceleration,computed,143173,0.00019987824020198773,bounded GBM-only predictor workspace; not full final model-suite importance,mapped,Feature mapped to the canonical AE-FEAT-IMPORT 11-family taxonomy.
AE-FEAT-IMPORT-006R,individual_feature_log_odds_rebuild_20260602_gbm,fund,permanent_csi,yoy_ebit_roa,51,303,mapped,2,yoy_changes,computed,143173,0.00019585150494052446,bounded GBM-only predictor workspace; not full final model-suite importance,mapped,Feature mapped to the canonical AE-FEAT-IMPORT 11-family taxonomy.
AE-FEAT-IMPORT-006R,individual_feature_log_odds_rebuild_20260602_gbm,fund,permanent_csi,roll_autocorr_5y_roic,416,304,mapped,10,rolling_window_statistics,computed,143173,0.00018883573164072193,bounded GBM-only predictor workspace; not full final model-suite importance,mapped,Feature mapped to the canonical AE-FEAT-IMPORT 11-family taxonomy.
AE-FEAT-IMPORT-006R,individual_feature_log_odds_rebuild_20260602_gbm,fund,permanent_csi,roll_mean_5y_net_debt_ebitda,343,305,mapped,10,rolling_window_statistics,computed,143173,0.0001796970924489267,bounded GBM-only predictor workspace; not full final model-suite importance,mapped,Feature mapped to the canonical AE-FEAT-IMPORT 11-family taxonomy.
AE-FEAT-IMPORT-006R,individual_feature_log_odds_rebuild_20260602_gbm,fund,permanent_csi,yoy_asset_turnover,70,306,mapped,2,yoy_changes,computed,143173,0.0001790496402253809,bounded GBM-only predictor workspace; not full final model-suite importance,mapped,Feature mapped to the canonical AE-FEAT-IMPORT 11-family taxonomy.
AE-FEAT-IMPORT-006R,individual_feature_log_odds_rebuild_20260602_gbm,fund,permanent_csi,roll_max_3y_ebitda_margin,290,307,mapped,10,rolling_window_statistics,computed,143173,0.00017885130254814233,bounded GBM-only predictor workspace; not full final model-suite importance,mapped,Feature mapped to the canonical AE-FEAT-IMPORT 11-family taxonomy.
AE-FEAT-IMPORT-006R,individual_feature_log_odds_rebuild_20260602_gbm,fund,permanent_csi,roll_trend_5y_accruals_ratio,407,308,mapped,10,rolling_window_statistics,computed,143173,0.0001781679314712066,bounded GBM-only predictor workspace; not full final model-suite importance,mapped,Feature mapped to the canonical AE-FEAT-IMPORT 11-family taxonomy.
AE-FEAT-IMPORT-006R,individual_feature_log_odds_rebuild_20260602_gbm,fund,permanent_csi,consec_decline_gross_margin,227,309,mapped,8,consecutive_declines,computed,143173,0.00017812993113064802,bounded GBM-only predictor workspace; not full final model-suite importance,mapped,Feature mapped to the canonical AE-FEAT-IMPORT 11-family taxonomy.
AE-FEAT-IMPORT-006R,individual_feature_log_odds_rebuild_20260602_gbm,fund,permanent_csi,yoy_current_ratio,61,310,mapped,2,yoy_changes,computed,143173,0.00017557048145013936,bounded GBM-only predictor workspace; not full final model-suite importance,mapped,Feature mapped to the canonical AE-FEAT-IMPORT 11-family taxonomy.
AE-FEAT-IMPORT-006R,individual_feature_log_odds_rebuild_20260602_gbm,fund,permanent_csi,expmean_assets_per_emp,154,311,mapped,4,expanding_mean,computed,143173,0.00017549659075300145,bounded GBM-only predictor workspace; not full final model-suite importance,mapped,Feature mapped to the canonical AE-FEAT-IMPORT 11-family taxonomy.
AE-FEAT-IMPORT-006R,individual_feature_log_odds_rebuild_20260602_gbm,fund,permanent_csi,accel_roa,86,312,mapped,3,acceleration,computed,143173,0.00017288852891955011,bounded GBM-only predictor workspace; not full final model-suite importance,mapped,Feature mapped to the canonical AE-FEAT-IMPORT 11-family taxonomy.
AE-FEAT-IMPORT-006R,individual_feature_log_odds_rebuild_20260602_gbm,fund,permanent_csi,interact_cov_rate,429,313,mapped,11,price_momentum_volatility_and_macro_interactions,computed,143173,0.00017156851041996122,bounded GBM-only predictor workspace; not full final model-suite importance,mapped,Feature mapped to the canonical AE-FEAT-IMPORT 11-family taxonomy.
AE-FEAT-IMPORT-006R,individual_feature_log_odds_rebuild_20260602_gbm,fund,permanent_csi,cash_div_cf,27,314,mapped,1,point_in_time_ratios,computed,143173,0.00017114044982645803,bounded GBM-only predictor workspace; not full final model-suite importance,mapped,Feature mapped to the canonical AE-FEAT-IMPORT 11-family taxonomy.
AE-FEAT-IMPORT-006R,individual_feature_log_odds_rebuild_20260602_gbm,fund,permanent_csi,roll_trend_5y_leverage,402,315,mapped,10,rolling_window_statistics,computed,143173,0.00016947829124500875,bounded GBM-only predictor workspace; not full final model-suite importance,mapped,Feature mapped to the canonical AE-FEAT-IMPORT 11-family taxonomy.
AE-FEAT-IMPORT-006R,individual_feature_log_odds_rebuild_20260602_gbm,fund,permanent_csi,expmean_current_ratio,137,316,mapped,4,expanding_mean,computed,143173,0.0001688442386142082,bounded GBM-only predictor workspace; not full final model-suite importance,mapped,Feature mapped to the canonical AE-FEAT-IMPORT 11-family taxonomy.
AE-FEAT-IMPORT-006R,individual_feature_log_odds_rebuild_20260602_gbm,fund,permanent_csi,accel_leverage,93,317,mapped,3,acceleration,computed,143173,0.00016625798383052524,bounded GBM-only predictor workspace; not full final model-suite importance,mapped,Feature mapped to the canonical AE-FEAT-IMPORT 11-family taxonomy.
AE-FEAT-IMPORT-006R,individual_feature_log_odds_rebuild_20260602_gbm,fund,permanent_csi,accel_cash_pct_act,101,318,mapped,3,acceleration,computed,143173,0.00016207087607692685,bounded GBM-only predictor workspace; not full final model-suite importance,mapped,Feature mapped to the canonical AE-FEAT-IMPORT 11-family taxonomy.
AE-FEAT-IMPORT-006R,individual_feature_log_odds_rebuild_20260602_gbm,fund,permanent_csi,roll_mean_3y_interest_cov,254,319,mapped,10,rolling_window_statistics,computed,143173,0.000150832395245246,bounded GBM-only predictor workspace; not full final model-suite importance,mapped,Feature mapped to the canonical AE-FEAT-IMPORT 11-family taxonomy.
AE-FEAT-IMPORT-006R,individual_feature_log_odds_rebuild_20260602_gbm,fund,permanent_csi,roll_max_5y_current_ratio,375,320,mapped,10,rolling_window_statistics,computed,143173,0.00014559597021291385,bounded GBM-only predictor workspace; not full final model-suite importance,mapped,Feature mapped to the canonical AE-FEAT-IMPORT 11-family taxonomy.
AE-FEAT-IMPORT-006R,individual_feature_log_odds_rebuild_20260602_gbm,fund,permanent_csi,expvol_log_mkvalt,189,321,mapped,5,expanding_volatility,computed,143173,0.00013986718653307713,bounded GBM-only predictor workspace; not full final model-suite importance,mapped,Feature mapped to the canonical AE-FEAT-IMPORT 11-family taxonomy.
AE-FEAT-IMPORT-006R,individual_feature_log_odds_rebuild_20260602_gbm,fund,permanent_csi,roll_mean_3y_net_debt_ebitda,253,322,mapped,10,rolling_window_statistics,computed,143173,0.00013839058009338767,bounded GBM-only predictor workspace; not full final model-suite importance,mapped,Feature mapped to the canonical AE-FEAT-IMPORT 11-family taxonomy.
AE-FEAT-IMPORT-006R,individual_feature_log_odds_rebuild_20260602_gbm,fund,permanent_csi,roll_autocorr_3y_ocf_per_share,324,323,mapped,10,rolling_window_statistics,computed,143173,0.00013750115824546257,bounded GBM-only predictor workspace; not full final model-suite importance,mapped,Feature mapped to the canonical AE-FEAT-IMPORT 11-family taxonomy.
AE-FEAT-IMPORT-006R,individual_feature_log_odds_rebuild_20260602_gbm,fund,permanent_csi,roll_mean_3y_ebitda_margin,260,324,mapped,10,rolling_window_statistics,computed,143173,0.00012676589986638083,bounded GBM-only predictor workspace; not full final model-suite importance,mapped,Feature mapped to the canonical AE-FEAT-IMPORT 11-family taxonomy.
AE-FEAT-IMPORT-006R,individual_feature_log_odds_rebuild_20260602_gbm,fund,permanent_csi,roll_trend_5y_ocf_per_share,399,325,mapped,10,rolling_window_statistics,computed,143173,0.0001221274894695006,bounded GBM-only predictor workspace; not full final model-suite importance,mapped,Feature mapped to the canonical AE-FEAT-IMPORT 11-family taxonomy.
AE-FEAT-IMPORT-006R,individual_feature_log_odds_rebuild_20260602_gbm,fund,permanent_csi,roll_max_5y_earn_yld,368,326,mapped,10,rolling_window_statistics,computed,143173,0.00012148553612623902,bounded GBM-only predictor workspace; not full final model-suite importance,mapped,Feature mapped to the canonical AE-FEAT-IMPORT 11-family taxonomy.
AE-FEAT-IMPORT-006R,individual_feature_log_odds_rebuild_20260602_gbm,fund,permanent_csi,expvol_capex_intensity,185,327,mapped,5,expanding_volatility,computed,143173,0.00011144413615674092,bounded GBM-only predictor workspace; not full final model-suite importance,mapped,Feature mapped to the canonical AE-FEAT-IMPORT 11-family taxonomy.
AE-FEAT-IMPORT-006R,individual_feature_log_odds_rebuild_20260602_gbm,fund,permanent_csi,acct_mom_ebitda_margin,245,328,mapped,9,accounting_momentum,computed,143173,0.00010854677328899305,bounded GBM-only predictor workspace; not full final model-suite importance,mapped,Feature mapped to the canonical AE-FEAT-IMPORT 11-family taxonomy.
AE-FEAT-IMPORT-006R,individual_feature_log_odds_rebuild_20260602_gbm,fund,permanent_csi,accel_reinvest_rate,111,329,mapped,3,acceleration,computed,143173,0.00010618790377093586,bounded GBM-only predictor workspace; not full final model-suite importance,mapped,Feature mapped to the canonical AE-FEAT-IMPORT 11-family taxonomy.
AE-FEAT-IMPORT-006R,individual_feature_log_odds_rebuild_20260602_gbm,fund,permanent_csi,accel_ev_to_sales,104,330,mapped,3,acceleration,computed,143173,0.00010609838030508817,bounded GBM-only predictor workspace; not full final model-suite importance,mapped,Feature mapped to the canonical AE-FEAT-IMPORT 11-family taxonomy.
AE-FEAT-IMPORT-006R,individual_feature_log_odds_rebuild_20260602_gbm,fund,permanent_csi,roll_trend_5y_cash_pct_act,406,331,mapped,10,rolling_window_statistics,computed,143173,0.00010595544986368462,bounded GBM-only predictor workspace; not full final model-suite importance,mapped,Feature mapped to the canonical AE-FEAT-IMPORT 11-family taxonomy.
AE-FEAT-IMPORT-006R,individual_feature_log_odds_rebuild_20260602_gbm,fund,permanent_csi,eff_int_rate,17,332,mapped,1,point_in_time_ratios,computed,143173,0.00010569765976927556,bounded GBM-only predictor workspace; not full final model-suite importance,mapped,Feature mapped to the canonical AE-FEAT-IMPORT 11-family taxonomy.
AE-FEAT-IMPORT-006R,individual_feature_log_odds_rebuild_20260602_gbm,fund,permanent_csi,roll_sd_5y_current_ratio,390,333,mapped,10,rolling_window_statistics,computed,143173,9.745903655902853e-05,bounded GBM-only predictor workspace; not full final model-suite importance,mapped,Feature mapped to the canonical AE-FEAT-IMPORT 11-family taxonomy.
AE-FEAT-IMPORT-006R,individual_feature_log_odds_rebuild_20260602_gbm,fund,permanent_csi,roll_trend_3y_ocf_per_share,309,334,mapped,10,rolling_window_statistics,computed,143173,9.474686452601012e-05,bounded GBM-only predictor workspace; not full final model-suite importance,mapped,Feature mapped to the canonical AE-FEAT-IMPORT 11-family taxonomy.
AE-FEAT-IMPORT-006R,individual_feature_log_odds_rebuild_20260602_gbm,fund,permanent_csi,yoy_ocf_margin,54,335,mapped,2,yoy_changes,computed,143173,9.386514296031551e-05,bounded GBM-only predictor workspace; not full final model-suite importance,mapped,Feature mapped to the canonical AE-FEAT-IMPORT 11-family taxonomy.
AE-FEAT-IMPORT-006R,individual_feature_log_odds_rebuild_20260602_gbm,fund,permanent_csi,expmean_net_debt_ebitda,132,336,mapped,4,expanding_mean,computed,143173,9.231193479119466e-05,bounded GBM-only predictor workspace; not full final model-suite importance,mapped,Feature mapped to the canonical AE-FEAT-IMPORT 11-family taxonomy.
AE-FEAT-IMPORT-006R,individual_feature_log_odds_rebuild_20260602_gbm,fund,permanent_csi,yoy_interest_cov,59,337,mapped,2,yoy_changes,computed,143173,9.179892226405517e-05,bounded GBM-only predictor workspace; not full final model-suite importance,mapped,Feature mapped to the canonical AE-FEAT-IMPORT 11-family taxonomy.
AE-FEAT-IMPORT-006R,individual_feature_log_odds_rebuild_20260602_gbm,fund,permanent_csi,roll_autocorr_3y_cash_pct_act,331,338,mapped,10,rolling_window_statistics,computed,143173,9.112362208573453e-05,bounded GBM-only predictor workspace; not full final model-suite importance,mapped,Feature mapped to the canonical AE-FEAT-IMPORT 11-family taxonomy.
AE-FEAT-IMPORT-006R,individual_feature_log_odds_rebuild_20260602_gbm,fund,permanent_csi,expmean_gross_margin,128,339,mapped,4,expanding_mean,computed,143173,8.962685883075921e-05,bounded GBM-only predictor workspace; not full final model-suite importance,mapped,Feature mapped to the canonical AE-FEAT-IMPORT 11-family taxonomy.
AE-FEAT-IMPORT-006R,individual_feature_log_odds_rebuild_20260602_gbm,fund,permanent_csi,accel_invest_st_ratio,121,340,mapped,3,acceleration,computed,143173,8.878530298924029e-05,bounded GBM-only predictor workspace; not full final model-suite importance,mapped,Feature mapped to the canonical AE-FEAT-IMPORT 11-family taxonomy.
AE-FEAT-IMPORT-006R,individual_feature_log_odds_rebuild_20260602_gbm,fund,permanent_csi,expmean_reinvest_rate,149,341,mapped,4,expanding_mean,computed,143173,8.833489281468995e-05,bounded GBM-only predictor workspace; not full final model-suite importance,mapped,Feature mapped to the canonical AE-FEAT-IMPORT 11-family taxonomy.
AE-FEAT-IMPORT-006R,individual_feature_log_odds_rebuild_20260602_gbm,fund,permanent_csi,consec_decline_ocf_per_share,224,342,mapped,8,consecutive_declines,computed,143173,8.661949526442695e-05,bounded GBM-only predictor workspace; not full final model-suite importance,mapped,Feature mapped to the canonical AE-FEAT-IMPORT 11-family taxonomy.
AE-FEAT-IMPORT-006R,individual_feature_log_odds_rebuild_20260602_gbm,fund,permanent_csi,expvol_ebitda_margin,167,343,mapped,5,expanding_volatility,computed,143173,8.174493927602863e-05,bounded GBM-only predictor workspace; not full final model-suite importance,mapped,Feature mapped to the canonical AE-FEAT-IMPORT 11-family taxonomy.
AE-FEAT-IMPORT-006R,individual_feature_log_odds_rebuild_20260602_gbm,fund,permanent_csi,expmean_log_mkvalt,151,344,mapped,4,expanding_mean,computed,143173,7.962239694313197e-05,bounded GBM-only predictor workspace; not full final model-suite importance,mapped,Feature mapped to the canonical AE-FEAT-IMPORT 11-family taxonomy.
AE-FEAT-IMPORT-006R,individual_feature_log_odds_rebuild_20260602_gbm,fund,permanent_csi,roll_autocorr_5y_cash_pct_act,421,345,mapped,10,rolling_window_statistics,computed,143173,6.827576579245533e-05,bounded GBM-only predictor workspace; not full final model-suite importance,mapped,Feature mapped to the canonical AE-FEAT-IMPORT 11-family taxonomy.
AE-FEAT-IMPORT-006R,individual_feature_log_odds_rebuild_20260602_gbm,fund,permanent_csi,roll_autocorr_3y_leverage,327,346,mapped,10,rolling_window_statistics,computed,143173,6.527954371112496e-05,bounded GBM-only predictor workspace; not full final model-suite importance,mapped,Feature mapped to the canonical AE-FEAT-IMPORT 11-family taxonomy.
AE-FEAT-IMPORT-006R,individual_feature_log_odds_rebuild_20260602_gbm,fund,permanent_csi,acct_mom_roa,235,347,mapped,9,accounting_momentum,computed,143173,5.8971306714971924e-05,bounded GBM-only predictor workspace; not full final model-suite importance,mapped,Feature mapped to the canonical AE-FEAT-IMPORT 11-family taxonomy.
AE-FEAT-IMPORT-006R,individual_feature_log_odds_rebuild_20260602_gbm,fund,permanent_csi,roll_max_5y_cash_pct_act,376,348,mapped,10,rolling_window_statistics,computed,143173,5.441362690744382e-05,bounded GBM-only predictor workspace; not full final model-suite importance,mapped,Feature mapped to the canonical AE-FEAT-IMPORT 11-family taxonomy.
AE-FEAT-IMPORT-006R,individual_feature_log_odds_rebuild_20260602_gbm,fund,permanent_csi,roll_autocorr_3y_accruals_ratio,332,349,mapped,10,rolling_window_statistics,computed,143173,5.135046277623576e-05,bounded GBM-only predictor workspace; not full final model-suite importance,mapped,Feature mapped to the canonical AE-FEAT-IMPORT 11-family taxonomy.
AE-FEAT-IMPORT-006R,individual_feature_log_odds_rebuild_20260602_gbm,fund,permanent_csi,trough_rise_dd1_ratio,220,350,mapped,7,trough_rise,computed,143173,4.994056889100155e-05,bounded GBM-only predictor workspace; not full final model-suite importance,mapped,Feature mapped to the canonical AE-FEAT-IMPORT 11-family taxonomy.
AE-FEAT-IMPORT-006R,individual_feature_log_odds_rebuild_20260602_gbm,fund,permanent_csi,yoy_rd_intensity,72,351,mapped,2,yoy_changes,computed,143173,4.275163576233466e-05,bounded GBM-only predictor workspace; not full final model-suite importance,mapped,Feature mapped to the canonical AE-FEAT-IMPORT 11-family taxonomy.
AE-FEAT-IMPORT-006R,individual_feature_log_odds_rebuild_20260602_gbm,fund,permanent_csi,assets_per_emp,38,352,mapped,1,point_in_time_ratios,computed,143173,3.962574560727609e-05,bounded GBM-only predictor workspace; not full final model-suite importance,mapped,Feature mapped to the canonical AE-FEAT-IMPORT 11-family taxonomy.
AE-FEAT-IMPORT-006R,individual_feature_log_odds_rebuild_20260602_gbm,fund,permanent_csi,roll_autocorr_3y_ebitda_margin,335,353,mapped,10,rolling_window_statistics,computed,143173,3.76719917072416e-05,bounded GBM-only predictor workspace; not full final model-suite importance,mapped,Feature mapped to the canonical AE-FEAT-IMPORT 11-family taxonomy.
AE-FEAT-IMPORT-006R,individual_feature_log_odds_rebuild_20260602_gbm,fund,permanent_csi,div_yield,26,354,mapped,1,point_in_time_ratios,computed,143173,0.0,bounded GBM-only predictor workspace; not full final model-suite importance,mapped,Feature mapped to the canonical AE-FEAT-IMPORT 11-family taxonomy.
AE-FEAT-IMPORT-006R,individual_feature_log_odds_rebuild_20260602_gbm,fund,permanent_csi,yoy_roa,48,355,mapped,2,yoy_changes,computed,143173,0.0,bounded GBM-only predictor workspace; not full final model-suite importance,mapped,Feature mapped to the canonical AE-FEAT-IMPORT 11-family taxonomy.
AE-FEAT-IMPORT-006R,individual_feature_log_odds_rebuild_20260602_gbm,fund,permanent_csi,yoy_roe,49,356,mapped,2,yoy_changes,computed,143173,0.0,bounded GBM-only predictor workspace; not full final model-suite importance,mapped,Feature mapped to the canonical AE-FEAT-IMPORT 11-family taxonomy.
AE-FEAT-IMPORT-006R,individual_feature_log_odds_rebuild_20260602_gbm,fund,permanent_csi,yoy_wcap_ratio,64,357,mapped,2,yoy_changes,computed,143173,0.0,bounded GBM-only predictor workspace; not full final model-suite importance,mapped,Feature mapped to the canonical AE-FEAT-IMPORT 11-family taxonomy.
AE-FEAT-IMPORT-006R,individual_feature_log_odds_rebuild_20260602_gbm,fund,permanent_csi,yoy_div_yield,67,358,mapped,2,yoy_changes,computed,143173,0.0,bounded GBM-only predictor workspace; not full final model-suite importance,mapped,Feature mapped to the canonical AE-FEAT-IMPORT 11-family taxonomy.
AE-FEAT-IMPORT-006R,individual_feature_log_odds_rebuild_20260602_gbm,fund,permanent_csi,yoy_capex_intensity,71,359,mapped,2,yoy_changes,computed,143173,0.0,bounded GBM-only predictor workspace; not full final model-suite importance,mapped,Feature mapped to the canonical AE-FEAT-IMPORT 11-family taxonomy.
AE-FEAT-IMPORT-006R,individual_feature_log_odds_rebuild_20260602_gbm,fund,permanent_csi,yoy_ni_per_emp,79,360,mapped,2,yoy_changes,computed,143173,0.0,bounded GBM-only predictor workspace; not full final model-suite importance,mapped,Feature mapped to the canonical AE-FEAT-IMPORT 11-family taxonomy.
AE-FEAT-IMPORT-006R,individual_feature_log_odds_rebuild_20260602_gbm,fund,permanent_csi,yoy_invest_st_ratio,83,361,mapped,2,yoy_changes,computed,143173,0.0,bounded GBM-only predictor workspace; not full final model-suite importance,mapped,Feature mapped to the canonical AE-FEAT-IMPORT 11-family taxonomy.
AE-FEAT-IMPORT-006R,individual_feature_log_odds_rebuild_20260602_gbm,fund,permanent_csi,accel_ocf_per_share,85,362,mapped,3,acceleration,computed,143173,0.0,bounded GBM-only predictor workspace; not full final model-suite importance,mapped,Feature mapped to the canonical AE-FEAT-IMPORT 11-family taxonomy.
AE-FEAT-IMPORT-006R,individual_feature_log_odds_rebuild_20260602_gbm,fund,permanent_csi,accel_ocf_margin,92,363,mapped,3,acceleration,computed,143173,0.0,bounded GBM-only predictor workspace; not full final model-suite importance,mapped,Feature mapped to the canonical AE-FEAT-IMPORT 11-family taxonomy.
AE-FEAT-IMPORT-006R,individual_feature_log_odds_rebuild_20260602_gbm,fund,permanent_csi,accel_net_debt_ebitda,94,364,mapped,3,acceleration,computed,143173,0.0,bounded GBM-only predictor workspace; not full final model-suite importance,mapped,Feature mapped to the canonical AE-FEAT-IMPORT 11-family taxonomy.
AE-FEAT-IMPORT-006R,individual_feature_log_odds_rebuild_20260602_gbm,fund,permanent_csi,accel_std_debt_pct,95,365,mapped,3,acceleration,computed,143173,0.0,bounded GBM-only predictor workspace; not full final model-suite importance,mapped,Feature mapped to the canonical AE-FEAT-IMPORT 11-family taxonomy.
AE-FEAT-IMPORT-006R,individual_feature_log_odds_rebuild_20260602_gbm,fund,permanent_csi,accel_eff_int_rate,96,366,mapped,3,acceleration,computed,143173,0.0,bounded GBM-only predictor workspace; not full final model-suite importance,mapped,Feature mapped to the canonical AE-FEAT-IMPORT 11-family taxonomy.
AE-FEAT-IMPORT-006R,individual_feature_log_odds_rebuild_20260602_gbm,fund,permanent_csi,accel_interest_cov,97,367,mapped,3,acceleration,computed,143173,0.0,bounded GBM-only predictor workspace; not full final model-suite importance,mapped,Feature mapped to the canonical AE-FEAT-IMPORT 11-family taxonomy.
AE-FEAT-IMPORT-006R,individual_feature_log_odds_rebuild_20260602_gbm,fund,permanent_csi,accel_dd1_ratio,98,368,mapped,3,acceleration,computed,143173,0.0,bounded GBM-only predictor workspace; not full final model-suite importance,mapped,Feature mapped to the canonical AE-FEAT-IMPORT 11-family taxonomy.
AE-FEAT-IMPORT-006R,individual_feature_log_odds_rebuild_20260602_gbm,fund,permanent_csi,accel_current_ratio,99,369,mapped,3,acceleration,computed,143173,0.0,bounded GBM-only predictor workspace; not full final model-suite importance,mapped,Feature mapped to the canonical AE-FEAT-IMPORT 11-family taxonomy.
AE-FEAT-IMPORT-006R,individual_feature_log_odds_rebuild_20260602_gbm,fund,permanent_csi,accel_quick_ratio,100,370,mapped,3,acceleration,computed,143173,0.0,bounded GBM-only predictor workspace; not full final model-suite importance,mapped,Feature mapped to the canonical AE-FEAT-IMPORT 11-family taxonomy.
AE-FEAT-IMPORT-006R,individual_feature_log_odds_rebuild_20260602_gbm,fund,permanent_csi,accel_wcap_ratio,102,371,mapped,3,acceleration,computed,143173,0.0,bounded GBM-only predictor workspace; not full final model-suite importance,mapped,Feature mapped to the canonical AE-FEAT-IMPORT 11-family taxonomy.
AE-FEAT-IMPORT-006R,individual_feature_log_odds_rebuild_20260602_gbm,fund,permanent_csi,accel_div_yield,105,372,mapped,3,acceleration,computed,143173,0.0,bounded GBM-only predictor workspace; not full final model-suite importance,mapped,Feature mapped to the canonical AE-FEAT-IMPORT 11-family taxonomy.
AE-FEAT-IMPORT-006R,individual_feature_log_odds_rebuild_20260602_gbm,fund,permanent_csi,accel_accruals_ratio,107,373,mapped,3,acceleration,computed,143173,0.0,bounded GBM-only predictor workspace; not full final model-suite importance,mapped,Feature mapped to the canonical AE-FEAT-IMPORT 11-family taxonomy.
AE-FEAT-IMPORT-006R,individual_feature_log_odds_rebuild_20260602_gbm,fund,permanent_csi,accel_ni_per_emp,117,374,mapped,3,acceleration,computed,143173,0.0,bounded GBM-only predictor workspace; not full final model-suite importance,mapped,Feature mapped to the canonical AE-FEAT-IMPORT 11-family taxonomy.
AE-FEAT-IMPORT-006R,individual_feature_log_odds_rebuild_20260602_gbm,fund,permanent_csi,accel_altman_z2,118,375,mapped,3,acceleration,computed,143173,0.0,bounded GBM-only predictor workspace; not full final model-suite importance,mapped,Feature mapped to the canonical AE-FEAT-IMPORT 11-family taxonomy.
AE-FEAT-IMPORT-006R,individual_feature_log_odds_rebuild_20260602_gbm,fund,permanent_csi,accel_altman_z,120,376,mapped,3,acceleration,computed,143173,0.0,bounded GBM-only predictor workspace; not full final model-suite importance,mapped,Feature mapped to the canonical AE-FEAT-IMPORT 11-family taxonomy.
AE-FEAT-IMPORT-006R,individual_feature_log_odds_rebuild_20260602_gbm,fund,permanent_csi,expmean_ebit_roa,127,377,mapped,4,expanding_mean,computed,143173,0.0,bounded GBM-only predictor workspace; not full final model-suite importance,mapped,Feature mapped to the canonical AE-FEAT-IMPORT 11-family taxonomy.
AE-FEAT-IMPORT-006R,individual_feature_log_odds_rebuild_20260602_gbm,fund,permanent_csi,expmean_std_debt_pct,133,378,mapped,4,expanding_mean,computed,143173,0.0,bounded GBM-only predictor workspace; not full final model-suite importance,mapped,Feature mapped to the canonical AE-FEAT-IMPORT 11-family taxonomy.
AE-FEAT-IMPORT-006R,individual_feature_log_odds_rebuild_20260602_gbm,fund,permanent_csi,expmean_eff_int_rate,134,379,mapped,4,expanding_mean,computed,143173,0.0,bounded GBM-only predictor workspace; not full final model-suite importance,mapped,Feature mapped to the canonical AE-FEAT-IMPORT 11-family taxonomy.
AE-FEAT-IMPORT-006R,individual_feature_log_odds_rebuild_20260602_gbm,fund,permanent_csi,expmean_interest_cov,135,380,mapped,4,expanding_mean,computed,143173,0.0,bounded GBM-only predictor workspace; not full final model-suite importance,mapped,Feature mapped to the canonical AE-FEAT-IMPORT 11-family taxonomy.
AE-FEAT-IMPORT-006R,individual_feature_log_odds_rebuild_20260602_gbm,fund,permanent_csi,expmean_ev_to_sales,142,381,mapped,4,expanding_mean,computed,143173,0.0,bounded GBM-only predictor workspace; not full final model-suite importance,mapped,Feature mapped to the canonical AE-FEAT-IMPORT 11-family taxonomy.
AE-FEAT-IMPORT-006R,individual_feature_log_odds_rebuild_20260602_gbm,fund,permanent_csi,expmean_div_yield,143,382,mapped,4,expanding_mean,computed,143173,0.0,bounded GBM-only predictor workspace; not full final model-suite importance,mapped,Feature mapped to the canonical AE-FEAT-IMPORT 11-family taxonomy.
AE-FEAT-IMPORT-006R,individual_feature_log_odds_rebuild_20260602_gbm,fund,permanent_csi,expmean_mkt_to_book,144,383,mapped,4,expanding_mean,computed,143173,0.0,bounded GBM-only predictor workspace; not full final model-suite importance,mapped,Feature mapped to the canonical AE-FEAT-IMPORT 11-family taxonomy.
AE-FEAT-IMPORT-006R,individual_feature_log_odds_rebuild_20260602_gbm,fund,permanent_csi,expmean_ni_per_emp,155,384,mapped,4,expanding_mean,computed,143173,0.0,bounded GBM-only predictor workspace; not full final model-suite importance,mapped,Feature mapped to the canonical AE-FEAT-IMPORT 11-family taxonomy.
AE-FEAT-IMPORT-006R,individual_feature_log_odds_rebuild_20260602_gbm,fund,permanent_csi,expmean_altman_z,158,385,mapped,4,expanding_mean,computed,143173,0.0,bounded GBM-only predictor workspace; not full final model-suite importance,mapped,Feature mapped to the canonical AE-FEAT-IMPORT 11-family taxonomy.
AE-FEAT-IMPORT-006R,individual_feature_log_odds_rebuild_20260602_gbm,fund,permanent_csi,expvol_roe,163,386,mapped,5,expanding_volatility,computed,143173,0.0,bounded GBM-only predictor workspace; not full final model-suite importance,mapped,Feature mapped to the canonical AE-FEAT-IMPORT 11-family taxonomy.
AE-FEAT-IMPORT-006R,individual_feature_log_odds_rebuild_20260602_gbm,fund,permanent_csi,expvol_ebit_roa,165,387,mapped,5,expanding_volatility,computed,143173,0.0,bounded GBM-only predictor workspace; not full final model-suite importance,mapped,Feature mapped to the canonical AE-FEAT-IMPORT 11-family taxonomy.
AE-FEAT-IMPORT-006R,individual_feature_log_odds_rebuild_20260602_gbm,fund,permanent_csi,expvol_ocf_margin,168,388,mapped,5,expanding_volatility,computed,143173,0.0,bounded GBM-only predictor workspace; not full final model-suite importance,mapped,Feature mapped to the canonical AE-FEAT-IMPORT 11-family taxonomy.
AE-FEAT-IMPORT-006R,individual_feature_log_odds_rebuild_20260602_gbm,fund,permanent_csi,expvol_leverage,169,389,mapped,5,expanding_volatility,computed,143173,0.0,bounded GBM-only predictor workspace; not full final model-suite importance,mapped,Feature mapped to the canonical AE-FEAT-IMPORT 11-family taxonomy.
AE-FEAT-IMPORT-006R,individual_feature_log_odds_rebuild_20260602_gbm,fund,permanent_csi,expvol_std_debt_pct,171,390,mapped,5,expanding_volatility,computed,143173,0.0,bounded GBM-only predictor workspace; not full final model-suite importance,mapped,Feature mapped to the canonical AE-FEAT-IMPORT 11-family taxonomy.
AE-FEAT-IMPORT-006R,individual_feature_log_odds_rebuild_20260602_gbm,fund,permanent_csi,expvol_eff_int_rate,172,391,mapped,5,expanding_volatility,computed,143173,0.0,bounded GBM-only predictor workspace; not full final model-suite importance,mapped,Feature mapped to the canonical AE-FEAT-IMPORT 11-family taxonomy.
AE-FEAT-IMPORT-006R,individual_feature_log_odds_rebuild_20260602_gbm,fund,permanent_csi,expvol_interest_cov,173,392,mapped,5,expanding_volatility,computed,143173,0.0,bounded GBM-only predictor workspace; not full final model-suite importance,mapped,Feature mapped to the canonical AE-FEAT-IMPORT 11-family taxonomy.
AE-FEAT-IMPORT-006R,individual_feature_log_odds_rebuild_20260602_gbm,fund,permanent_csi,expvol_current_ratio,175,393,mapped,5,expanding_volatility,computed,143173,0.0,bounded GBM-only predictor workspace; not full final model-suite importance,mapped,Feature mapped to the canonical AE-FEAT-IMPORT 11-family taxonomy.
AE-FEAT-IMPORT-006R,individual_feature_log_odds_rebuild_20260602_gbm,fund,permanent_csi,expvol_quick_ratio,176,394,mapped,5,expanding_volatility,computed,143173,0.0,bounded GBM-only predictor workspace; not full final model-suite importance,mapped,Feature mapped to the canonical AE-FEAT-IMPORT 11-family taxonomy.
AE-FEAT-IMPORT-006R,individual_feature_log_odds_rebuild_20260602_gbm,fund,permanent_csi,expvol_cash_pct_act,177,395,mapped,5,expanding_volatility,computed,143173,0.0,bounded GBM-only predictor workspace; not full final model-suite importance,mapped,Feature mapped to the canonical AE-FEAT-IMPORT 11-family taxonomy.
AE-FEAT-IMPORT-006R,individual_feature_log_odds_rebuild_20260602_gbm,fund,permanent_csi,expvol_bp_ratio,179,396,mapped,5,expanding_volatility,computed,143173,0.0,bounded GBM-only predictor workspace; not full final model-suite importance,mapped,Feature mapped to the canonical AE-FEAT-IMPORT 11-family taxonomy.
AE-FEAT-IMPORT-006R,individual_feature_log_odds_rebuild_20260602_gbm,fund,permanent_csi,expvol_ev_to_sales,180,397,mapped,5,expanding_volatility,computed,143173,0.0,bounded GBM-only predictor workspace; not full final model-suite importance,mapped,Feature mapped to the canonical AE-FEAT-IMPORT 11-family taxonomy.
AE-FEAT-IMPORT-006R,individual_feature_log_odds_rebuild_20260602_gbm,fund,permanent_csi,expvol_div_yield,181,398,mapped,5,expanding_volatility,computed,143173,0.0,bounded GBM-only predictor workspace; not full final model-suite importance,mapped,Feature mapped to the canonical AE-FEAT-IMPORT 11-family taxonomy.
AE-FEAT-IMPORT-006R,individual_feature_log_odds_rebuild_20260602_gbm,fund,permanent_csi,expvol_mkt_to_book,182,399,mapped,5,expanding_volatility,computed,143173,0.0,bounded GBM-only predictor workspace; not full final model-suite importance,mapped,Feature mapped to the canonical AE-FEAT-IMPORT 11-family taxonomy.
AE-FEAT-IMPORT-006R,individual_feature_log_odds_rebuild_20260602_gbm,fund,permanent_csi,expvol_accruals_ratio,183,400,mapped,5,expanding_volatility,computed,143173,0.0,bounded GBM-only predictor workspace; not full final model-suite importance,mapped,Feature mapped to the canonical AE-FEAT-IMPORT 11-family taxonomy.
AE-FEAT-IMPORT-006R,individual_feature_log_odds_rebuild_20260602_gbm,fund,permanent_csi,expvol_rd_intensity,186,401,mapped,5,expanding_volatility,computed,143173,0.0,bounded GBM-only predictor workspace; not full final model-suite importance,mapped,Feature mapped to the canonical AE-FEAT-IMPORT 11-family taxonomy.
AE-FEAT-IMPORT-006R,individual_feature_log_odds_rebuild_20260602_gbm,fund,permanent_csi,expvol_ni_per_emp,193,402,mapped,5,expanding_volatility,computed,143173,0.0,bounded GBM-only predictor workspace; not full final model-suite importance,mapped,Feature mapped to the canonical AE-FEAT-IMPORT 11-family taxonomy.
AE-FEAT-IMPORT-006R,individual_feature_log_odds_rebuild_20260602_gbm,fund,permanent_csi,expvol_altman_z4,195,403,mapped,5,expanding_volatility,computed,143173,0.0,bounded GBM-only predictor workspace; not full final model-suite importance,mapped,Feature mapped to the canonical AE-FEAT-IMPORT 11-family taxonomy.
AE-FEAT-IMPORT-006R,individual_feature_log_odds_rebuild_20260602_gbm,fund,permanent_csi,expvol_altman_z,196,404,mapped,5,expanding_volatility,computed,143173,0.0,bounded GBM-only predictor workspace; not full final model-suite importance,mapped,Feature mapped to the canonical AE-FEAT-IMPORT 11-family taxonomy.
AE-FEAT-IMPORT-006R,individual_feature_log_odds_rebuild_20260602_gbm,fund,permanent_csi,peak_drop_quick_ratio,208,405,mapped,6,peak_deterioration,computed,143173,0.0,bounded GBM-only predictor workspace; not full final model-suite importance,mapped,Feature mapped to the canonical AE-FEAT-IMPORT 11-family taxonomy.
AE-FEAT-IMPORT-006R,individual_feature_log_odds_rebuild_20260602_gbm,fund,permanent_csi,peak_drop_interest_cov,211,406,mapped,6,peak_deterioration,computed,143173,0.0,bounded GBM-only predictor workspace; not full final model-suite importance,mapped,Feature mapped to the canonical AE-FEAT-IMPORT 11-family taxonomy.
AE-FEAT-IMPORT-006R,individual_feature_log_odds_rebuild_20260602_gbm,fund,permanent_csi,trough_rise_net_debt_ebitda,217,407,mapped,7,trough_rise,computed,143173,0.0,bounded GBM-only predictor workspace; not full final model-suite importance,mapped,Feature mapped to the canonical AE-FEAT-IMPORT 11-family taxonomy.
AE-FEAT-IMPORT-006R,individual_feature_log_odds_rebuild_20260602_gbm,fund,permanent_csi,consec_decline_earn_yld,223,408,mapped,8,consecutive_declines,computed,143173,0.0,bounded GBM-only predictor workspace; not full final model-suite importance,mapped,Feature mapped to the canonical AE-FEAT-IMPORT 11-family taxonomy.
AE-FEAT-IMPORT-006R,individual_feature_log_odds_rebuild_20260602_gbm,fund,permanent_csi,consec_decline_roic,226,409,mapped,8,consecutive_declines,computed,143173,0.0,bounded GBM-only predictor workspace; not full final model-suite importance,mapped,Feature mapped to the canonical AE-FEAT-IMPORT 11-family taxonomy.
AE-FEAT-IMPORT-006R,individual_feature_log_odds_rebuild_20260602_gbm,fund,permanent_csi,consec_decline_log_emp,230,410,mapped,8,consecutive_declines,computed,143173,0.0,bounded GBM-only predictor workspace; not full final model-suite importance,mapped,Feature mapped to the canonical AE-FEAT-IMPORT 11-family taxonomy.
AE-FEAT-IMPORT-006R,individual_feature_log_odds_rebuild_20260602_gbm,fund,permanent_csi,consec_decline_current_ratio,231,411,mapped,8,consecutive_declines,computed,143173,0.0,bounded GBM-only predictor workspace; not full final model-suite importance,mapped,Feature mapped to the canonical AE-FEAT-IMPORT 11-family taxonomy.
AE-FEAT-IMPORT-006R,individual_feature_log_odds_rebuild_20260602_gbm,fund,permanent_csi,acct_mom_ocf_per_share,234,412,mapped,9,accounting_momentum,computed,143173,0.0,bounded GBM-only predictor workspace; not full final model-suite importance,mapped,Feature mapped to the canonical AE-FEAT-IMPORT 11-family taxonomy.
AE-FEAT-IMPORT-006R,individual_feature_log_odds_rebuild_20260602_gbm,fund,permanent_csi,acct_mom_leverage,237,413,mapped,9,accounting_momentum,computed,143173,0.0,bounded GBM-only predictor workspace; not full final model-suite importance,mapped,Feature mapped to the canonical AE-FEAT-IMPORT 11-family taxonomy.
AE-FEAT-IMPORT-006R,individual_feature_log_odds_rebuild_20260602_gbm,fund,permanent_csi,acct_mom_net_debt_ebitda,238,414,mapped,9,accounting_momentum,computed,143173,0.0,bounded GBM-only predictor workspace; not full final model-suite importance,mapped,Feature mapped to the canonical AE-FEAT-IMPORT 11-family taxonomy.
AE-FEAT-IMPORT-006R,individual_feature_log_odds_rebuild_20260602_gbm,fund,permanent_csi,acct_mom_gross_margin,244,415,mapped,9,accounting_momentum,computed,143173,0.0,bounded GBM-only predictor workspace; not full final model-suite importance,mapped,Feature mapped to the canonical AE-FEAT-IMPORT 11-family taxonomy.
AE-FEAT-IMPORT-006R,individual_feature_log_odds_rebuild_20260602_gbm,fund,permanent_csi,roll_mean_3y_current_ratio,255,416,mapped,10,rolling_window_statistics,computed,143173,0.0,bounded GBM-only predictor workspace; not full final model-suite importance,mapped,Feature mapped to the canonical AE-FEAT-IMPORT 11-family taxonomy.
AE-FEAT-IMPORT-006R,individual_feature_log_odds_rebuild_20260602_gbm,fund,permanent_csi,roll_mean_3y_gross_margin,259,417,mapped,10,rolling_window_statistics,computed,143173,0.0,bounded GBM-only predictor workspace; not full final model-suite importance,mapped,Feature mapped to the canonical AE-FEAT-IMPORT 11-family taxonomy.
AE-FEAT-IMPORT-006R,individual_feature_log_odds_rebuild_20260602_gbm,fund,permanent_csi,roll_min_3y_asset_turnover,273,418,mapped,10,rolling_window_statistics,computed,143173,0.0,bounded GBM-only predictor workspace; not full final model-suite importance,mapped,Feature mapped to the canonical AE-FEAT-IMPORT 11-family taxonomy.
AE-FEAT-IMPORT-006R,individual_feature_log_odds_rebuild_20260602_gbm,fund,permanent_csi,roll_max_3y_current_ratio,285,419,mapped,10,rolling_window_statistics,computed,143173,0.0,bounded GBM-only predictor workspace; not full final model-suite importance,mapped,Feature mapped to the canonical AE-FEAT-IMPORT 11-family taxonomy.
AE-FEAT-IMPORT-006R,individual_feature_log_odds_rebuild_20260602_gbm,fund,permanent_csi,roll_sd_3y_interest_cov,299,420,mapped,10,rolling_window_statistics,computed,143173,0.0,bounded GBM-only predictor workspace; not full final model-suite importance,mapped,Feature mapped to the canonical AE-FEAT-IMPORT 11-family taxonomy.
AE-FEAT-IMPORT-006R,individual_feature_log_odds_rebuild_20260602_gbm,fund,permanent_csi,roll_sd_3y_cash_pct_act,301,421,mapped,10,rolling_window_statistics,computed,143173,0.0,bounded GBM-only predictor workspace; not full final model-suite importance,mapped,Feature mapped to the canonical AE-FEAT-IMPORT 11-family taxonomy.
AE-FEAT-IMPORT-006R,individual_feature_log_odds_rebuild_20260602_gbm,fund,permanent_csi,roll_sd_3y_accruals_ratio,302,422,mapped,10,rolling_window_statistics,computed,143173,0.0,bounded GBM-only predictor workspace; not full final model-suite importance,mapped,Feature mapped to the canonical AE-FEAT-IMPORT 11-family taxonomy.
AE-FEAT-IMPORT-006R,individual_feature_log_odds_rebuild_20260602_gbm,fund,permanent_csi,roll_trend_3y_net_debt_ebitda,313,423,mapped,10,rolling_window_statistics,computed,143173,0.0,bounded GBM-only predictor workspace; not full final model-suite importance,mapped,Feature mapped to the canonical AE-FEAT-IMPORT 11-family taxonomy.
AE-FEAT-IMPORT-006R,individual_feature_log_odds_rebuild_20260602_gbm,fund,permanent_csi,roll_trend_3y_interest_cov,314,424,mapped,10,rolling_window_statistics,computed,143173,0.0,bounded GBM-only predictor workspace; not full final model-suite importance,mapped,Feature mapped to the canonical AE-FEAT-IMPORT 11-family taxonomy.
AE-FEAT-IMPORT-006R,individual_feature_log_odds_rebuild_20260602_gbm,fund,permanent_csi,roll_trend_3y_current_ratio,315,425,mapped,10,rolling_window_statistics,computed,143173,0.0,bounded GBM-only predictor workspace; not full final model-suite importance,mapped,Feature mapped to the canonical AE-FEAT-IMPORT 11-family taxonomy.
AE-FEAT-IMPORT-006R,individual_feature_log_odds_rebuild_20260602_gbm,fund,permanent_csi,roll_autocorr_3y_roic,326,426,mapped,10,rolling_window_statistics,computed,143173,0.0,bounded GBM-only predictor workspace; not full final model-suite importance,mapped,Feature mapped to the canonical AE-FEAT-IMPORT 11-family taxonomy.
AE-FEAT-IMPORT-006R,individual_feature_log_odds_rebuild_20260602_gbm,fund,permanent_csi,roll_autocorr_3y_current_ratio,330,427,mapped,10,rolling_window_statistics,computed,143173,0.0,bounded GBM-only predictor workspace; not full final model-suite importance,mapped,Feature mapped to the canonical AE-FEAT-IMPORT 11-family taxonomy.
AE-FEAT-IMPORT-006R,individual_feature_log_odds_rebuild_20260602_gbm,fund,permanent_csi,roll_autocorr_3y_asset_turnover,333,428,mapped,10,rolling_window_statistics,computed,143173,0.0,bounded GBM-only predictor workspace; not full final model-suite importance,mapped,Feature mapped to the canonical AE-FEAT-IMPORT 11-family taxonomy.
AE-FEAT-IMPORT-006R,individual_feature_log_odds_rebuild_20260602_gbm,fund,permanent_csi,roll_mean_5y_interest_cov,344,429,mapped,10,rolling_window_statistics,computed,143173,0.0,bounded GBM-only predictor workspace; not full final model-suite importance,mapped,Feature mapped to the canonical AE-FEAT-IMPORT 11-family taxonomy.
AE-FEAT-IMPORT-006R,individual_feature_log_odds_rebuild_20260602_gbm,fund,permanent_csi,roll_mean_5y_log_at,352,430,mapped,10,rolling_window_statistics,computed,143173,0.0,bounded GBM-only predictor workspace; not full final model-suite importance,mapped,Feature mapped to the canonical AE-FEAT-IMPORT 11-family taxonomy.
AE-FEAT-IMPORT-006R,individual_feature_log_odds_rebuild_20260602_gbm,fund,permanent_csi,roll_max_5y_ebitda_margin,380,431,mapped,10,rolling_window_statistics,computed,143173,0.0,bounded GBM-only predictor workspace; not full final model-suite importance,mapped,Feature mapped to the canonical AE-FEAT-IMPORT 11-family taxonomy.
AE-FEAT-IMPORT-006R,individual_feature_log_odds_rebuild_20260602_gbm,fund,permanent_csi,roll_sd_5y_interest_cov,389,432,mapped,10,rolling_window_statistics,computed,143173,0.0,bounded GBM-only predictor workspace; not full final model-suite importance,mapped,Feature mapped to the canonical AE-FEAT-IMPORT 11-family taxonomy.
AE-FEAT-IMPORT-006R,individual_feature_log_odds_rebuild_20260602_gbm,fund,permanent_csi,roll_sd_5y_gross_margin,394,433,mapped,10,rolling_window_statistics,computed,143173,0.0,bounded GBM-only predictor workspace; not full final model-suite importance,mapped,Feature mapped to the canonical AE-FEAT-IMPORT 11-family taxonomy.
AE-FEAT-IMPORT-006R,individual_feature_log_odds_rebuild_20260602_gbm,fund,permanent_csi,roll_trend_5y_roic,401,434,mapped,10,rolling_window_statistics,computed,143173,0.0,bounded GBM-only predictor workspace; not full final model-suite importance,mapped,Feature mapped to the canonical AE-FEAT-IMPORT 11-family taxonomy.
AE-FEAT-IMPORT-006R,individual_feature_log_odds_rebuild_20260602_gbm,fund,permanent_csi,roll_trend_5y_interest_cov,404,435,mapped,10,rolling_window_statistics,computed,143173,0.0,bounded GBM-only predictor workspace; not full final model-suite importance,mapped,Feature mapped to the canonical AE-FEAT-IMPORT 11-family taxonomy.
AE-FEAT-IMPORT-006R,individual_feature_log_odds_rebuild_20260602_gbm,fund,permanent_csi,roll_trend_5y_current_ratio,405,436,mapped,10,rolling_window_statistics,computed,143173,0.0,bounded GBM-only predictor workspace; not full final model-suite importance,mapped,Feature mapped to the canonical AE-FEAT-IMPORT 11-family taxonomy.
AE-FEAT-IMPORT-006R,individual_feature_log_odds_rebuild_20260602_gbm,fund,permanent_csi,roll_autocorr_5y_earn_yld,413,437,mapped,10,rolling_window_statistics,computed,143173,0.0,bounded GBM-only predictor workspace; not full final model-suite importance,mapped,Feature mapped to the canonical AE-FEAT-IMPORT 11-family taxonomy.
AE-FEAT-IMPORT-006R,individual_feature_log_odds_rebuild_20260602_gbm,fund,permanent_csi,roll_autocorr_5y_ocf_per_share,414,438,mapped,10,rolling_window_statistics,computed,143173,0.0,bounded GBM-only predictor workspace; not full final model-suite importance,mapped,Feature mapped to the canonical AE-FEAT-IMPORT 11-family taxonomy.
AE-FEAT-IMPORT-006R,individual_feature_log_odds_rebuild_20260602_gbm,fund,permanent_csi,roll_autocorr_5y_accruals_ratio,422,439,mapped,10,rolling_window_statistics,computed,143173,0.0,bounded GBM-only predictor workspace; not full final model-suite importance,mapped,Feature mapped to the canonical AE-FEAT-IMPORT 11-family taxonomy.
AE-FEAT-IMPORT-006R,individual_feature_log_odds_rebuild_20260602_gbm,fund,permanent_csi,roll_autocorr_5y_gross_margin,424,440,mapped,10,rolling_window_statistics,computed,143173,0.0,bounded GBM-only predictor workspace; not full final model-suite importance,mapped,Feature mapped to the canonical AE-FEAT-IMPORT 11-family taxonomy.
AE-FEAT-IMPORT-006R,individual_feature_log_odds_rebuild_20260602_gbm,fund,permanent_csi,roll_autocorr_5y_ebitda_margin,425,441,mapped,10,rolling_window_statistics,computed,143173,0.0,bounded GBM-only predictor workspace; not full final model-suite importance,mapped,Feature mapped to the canonical AE-FEAT-IMPORT 11-family taxonomy.
AE-FEAT-IMPORT-006R,individual_feature_log_odds_rebuild_20260602_gbm,latent_raw,permanent_csi,z6,6,1,latent_vae,latent_vae,vae_latent_features,computed,143173,1.0753663956158444,bounded GBM-only predictor workspace; not full final model-suite importance,latent_vae,VAE latent dimension or reconstruction error; outside canonical raw/engineered family taxonomy.
AE-FEAT-IMPORT-006R,individual_feature_log_odds_rebuild_20260602_gbm,latent_raw,permanent_csi,z18,18,2,latent_vae,latent_vae,vae_latent_features,computed,143173,0.5567991797014348,bounded GBM-only predictor workspace; not full final model-suite importance,latent_vae,VAE latent dimension or reconstruction error; outside canonical raw/engineered family taxonomy.
AE-FEAT-IMPORT-006R,individual_feature_log_odds_rebuild_20260602_gbm,latent_raw,permanent_csi,vae_recon_error,25,3,latent_vae,latent_vae,vae_latent_features,computed,143173,0.40157193564361765,bounded GBM-only predictor workspace; not full final model-suite importance,latent_vae,VAE latent dimension or reconstruction error; outside canonical raw/engineered family taxonomy.
AE-FEAT-IMPORT-006R,individual_feature_log_odds_rebuild_20260602_gbm,latent_raw,permanent_csi,z9,9,4,latent_vae,latent_vae,vae_latent_features,computed,143173,0.3093005552051356,bounded GBM-only predictor workspace; not full final model-suite importance,latent_vae,VAE latent dimension or reconstruction error; outside canonical raw/engineered family taxonomy.
AE-FEAT-IMPORT-006R,individual_feature_log_odds_rebuild_20260602_gbm,latent_raw,permanent_csi,z10,10,5,latent_vae,latent_vae,vae_latent_features,computed,143173,0.2757099667202738,bounded GBM-only predictor workspace; not full final model-suite importance,latent_vae,VAE latent dimension or reconstruction error; outside canonical raw/engineered family taxonomy.
AE-FEAT-IMPORT-006R,individual_feature_log_odds_rebuild_20260602_gbm,latent_raw,permanent_csi,z24,24,6,latent_vae,latent_vae,vae_latent_features,computed,143173,0.1719798837265933,bounded GBM-only predictor workspace; not full final model-suite importance,latent_vae,VAE latent dimension or reconstruction error; outside canonical raw/engineered family taxonomy.
AE-FEAT-IMPORT-006R,individual_feature_log_odds_rebuild_20260602_gbm,latent_raw,permanent_csi,z23,23,7,latent_vae,latent_vae,vae_latent_features,computed,143173,0.1475695928125084,bounded GBM-only predictor workspace; not full final model-suite importance,latent_vae,VAE latent dimension or reconstruction error; outside canonical raw/engineered family taxonomy.
AE-FEAT-IMPORT-006R,individual_feature_log_odds_rebuild_20260602_gbm,latent_raw,permanent_csi,z3,3,8,latent_vae,latent_vae,vae_latent_features,computed,143173,0.12941579576512208,bounded GBM-only predictor workspace; not full final model-suite importance,latent_vae,VAE latent dimension or reconstruction error; outside canonical raw/engineered family taxonomy.
AE-FEAT-IMPORT-006R,individual_feature_log_odds_rebuild_20260602_gbm,latent_raw,permanent_csi,z13,13,9,latent_vae,latent_vae,vae_latent_features,computed,143173,0.11751649271352917,bounded GBM-only predictor workspace; not full final model-suite importance,latent_vae,VAE latent dimension or reconstruction error; outside canonical raw/engineered family taxonomy.
AE-FEAT-IMPORT-006R,individual_feature_log_odds_rebuild_20260602_gbm,latent_raw,permanent_csi,z1,1,10,latent_vae,latent_vae,vae_latent_features,computed,143173,0.11507356810770214,bounded GBM-only predictor workspace; not full final model-suite importance,latent_vae,VAE latent dimension or reconstruction error; outside canonical raw/engineered family taxonomy.
AE-FEAT-IMPORT-006R,individual_feature_log_odds_rebuild_20260602_gbm,latent_raw,permanent_csi,z8,8,11,latent_vae,latent_vae,vae_latent_features,computed,143173,0.10648979980268916,bounded GBM-only predictor workspace; not full final model-suite importance,latent_vae,VAE latent dimension or reconstruction error; outside canonical raw/engineered family taxonomy.
AE-FEAT-IMPORT-006R,individual_feature_log_odds_rebuild_20260602_gbm,latent_raw,permanent_csi,z22,22,12,latent_vae,latent_vae,vae_latent_features,computed,143173,0.10406748500079338,bounded GBM-only predictor workspace; not full final model-suite importance,latent_vae,VAE latent dimension or reconstruction error; outside canonical raw/engineered family taxonomy.
AE-FEAT-IMPORT-006R,individual_feature_log_odds_rebuild_20260602_gbm,latent_raw,permanent_csi,z21,21,13,latent_vae,latent_vae,vae_latent_features,computed,143173,0.09448891650759347,bounded GBM-only predictor workspace; not full final model-suite importance,latent_vae,VAE latent dimension or reconstruction error; outside canonical raw/engineered family taxonomy.
AE-FEAT-IMPORT-006R,individual_feature_log_odds_rebuild_20260602_gbm,latent_raw,permanent_csi,z14,14,14,latent_vae,latent_vae,vae_latent_features,computed,143173,0.0772127403257242,bounded GBM-only predictor workspace; not full final model-suite importance,latent_vae,VAE latent dimension or reconstruction error; outside canonical raw/engineered family taxonomy.
AE-FEAT-IMPORT-006R,individual_feature_log_odds_rebuild_20260602_gbm,latent_raw,permanent_csi,z17,17,15,latent_vae,latent_vae,vae_latent_features,computed,143173,0.06966188980053768,bounded GBM-only predictor workspace; not full final model-suite importance,latent_vae,VAE latent dimension or reconstruction error; outside canonical raw/engineered family taxonomy.
AE-FEAT-IMPORT-006R,individual_feature_log_odds_rebuild_20260602_gbm,latent_raw,permanent_csi,z7,7,16,latent_vae,latent_vae,vae_latent_features,computed,143173,0.06191246676476212,bounded GBM-only predictor workspace; not full final model-suite importance,latent_vae,VAE latent dimension or reconstruction error; outside canonical raw/engineered family taxonomy.
AE-FEAT-IMPORT-006R,individual_feature_log_odds_rebuild_20260602_gbm,latent_raw,permanent_csi,z11,11,17,latent_vae,latent_vae,vae_latent_features,computed,143173,0.05396764085916662,bounded GBM-only predictor workspace; not full final model-suite importance,latent_vae,VAE latent dimension or reconstruction error; outside canonical raw/engineered family taxonomy.
AE-FEAT-IMPORT-006R,individual_feature_log_odds_rebuild_20260602_gbm,latent_raw,permanent_csi,z4,4,18,latent_vae,latent_vae,vae_latent_features,computed,143173,0.050892218275824234,bounded GBM-only predictor workspace; not full final model-suite importance,latent_vae,VAE latent dimension or reconstruction error; outside canonical raw/engineered family taxonomy.
AE-FEAT-IMPORT-006R,individual_feature_log_odds_rebuild_20260602_gbm,latent_raw,permanent_csi,z15,15,19,latent_vae,latent_vae,vae_latent_features,computed,143173,0.04548468803410132,bounded GBM-only predictor workspace; not full final model-suite importance,latent_vae,VAE latent dimension or reconstruction error; outside canonical raw/engineered family taxonomy.
AE-FEAT-IMPORT-006R,individual_feature_log_odds_rebuild_20260602_gbm,latent_raw,permanent_csi,z20,20,20,latent_vae,latent_vae,vae_latent_features,computed,143173,0.04063858115700794,bounded GBM-only predictor workspace; not full final model-suite importance,latent_vae,VAE latent dimension or reconstruction error; outside canonical raw/engineered family taxonomy.
AE-FEAT-IMPORT-006R,individual_feature_log_odds_rebuild_20260602_gbm,latent_raw,permanent_csi,z19,19,21,latent_vae,latent_vae,vae_latent_features,computed,143173,0.04005155927381258,bounded GBM-only predictor workspace; not full final model-suite importance,latent_vae,VAE latent dimension or reconstruction error; outside canonical raw/engineered family taxonomy.
AE-FEAT-IMPORT-006R,individual_feature_log_odds_rebuild_20260602_gbm,latent_raw,permanent_csi,z12,12,22,latent_vae,latent_vae,vae_latent_features,computed,143173,0.039448576292482954,bounded GBM-only predictor workspace; not full final model-suite importance,latent_vae,VAE latent dimension or reconstruction error; outside canonical raw/engineered family taxonomy.
AE-FEAT-IMPORT-006R,individual_feature_log_odds_rebuild_20260602_gbm,latent_raw,permanent_csi,z5,5,23,latent_vae,latent_vae,vae_latent_features,computed,143173,0.03448292896310661,bounded GBM-only predictor workspace; not full final model-suite importance,latent_vae,VAE latent dimension or reconstruction error; outside canonical raw/engineered family taxonomy.
AE-FEAT-IMPORT-006R,individual_feature_log_odds_rebuild_20260602_gbm,latent_raw,permanent_csi,z16,16,24,latent_vae,latent_vae,vae_latent_features,computed,143173,0.031126882531316815,bounded GBM-only predictor workspace; not full final model-suite importance,latent_vae,VAE latent dimension or reconstruction error; outside canonical raw/engineered family taxonomy.
AE-FEAT-IMPORT-006R,individual_feature_log_odds_rebuild_20260602_gbm,latent_raw,permanent_csi,z2,2,25,latent_vae,latent_vae,vae_latent_features,computed,143173,0.0282966035262972,bounded GBM-only predictor workspace; not full final model-suite importance,latent_vae,VAE latent dimension or reconstruction error; outside canonical raw/engineered family taxonomy.
AE-FEAT-IMPORT-006R,individual_feature_log_odds_rebuild_20260602_gbm,raw,permanent_csi,max_dd_12m,442,1,mapped,11,price_momentum_volatility_and_macro_interactions,computed,143173,0.4448225179136842,bounded GBM-only predictor workspace; not full final model-suite importance,mapped,Feature mapped to the canonical AE-FEAT-IMPORT 11-family taxonomy.
AE-FEAT-IMPORT-006R,individual_feature_log_odds_rebuild_20260602_gbm,raw,permanent_csi,earn_yld,7,2,mapped,1,point_in_time_ratios,computed,143173,0.20390425013020352,bounded GBM-only predictor workspace; not full final model-suite importance,mapped,Feature mapped to the canonical AE-FEAT-IMPORT 11-family taxonomy.
AE-FEAT-IMPORT-006R,individual_feature_log_odds_rebuild_20260602_gbm,raw,permanent_csi,vol_60m,444,3,mapped,11,price_momentum_volatility_and_macro_interactions,computed,143173,0.12198732565242613,bounded GBM-only predictor workspace; not full final model-suite importance,mapped,Feature mapped to the canonical AE-FEAT-IMPORT 11-family taxonomy.
AE-FEAT-IMPORT-006R,individual_feature_log_odds_rebuild_20260602_gbm,raw,permanent_csi,unrate,454,4,mapped,1,point_in_time_ratios,computed,143173,0.11117060758042442,bounded GBM-only predictor workspace; not full final model-suite importance,mapped,Feature mapped to the canonical AE-FEAT-IMPORT 11-family taxonomy.
AE-FEAT-IMPORT-006R,individual_feature_log_odds_rebuild_20260602_gbm,raw,permanent_csi,mom_6m,440,5,mapped,11,price_momentum_volatility_and_macro_interactions,computed,143173,0.08893973562332864,bounded GBM-only predictor workspace; not full final model-suite importance,mapped,Feature mapped to the canonical AE-FEAT-IMPORT 11-family taxonomy.
AE-FEAT-IMPORT-006R,individual_feature_log_odds_rebuild_20260602_gbm,raw,permanent_csi,ocf_per_share,8,6,mapped,1,point_in_time_ratios,computed,143173,0.08585725586262763,bounded GBM-only predictor workspace; not full final model-suite importance,mapped,Feature mapped to the canonical AE-FEAT-IMPORT 11-family taxonomy.
AE-FEAT-IMPORT-006R,individual_feature_log_odds_rebuild_20260602_gbm,raw,permanent_csi,ann_return,4,7,mapped,11,price_momentum_volatility_and_macro_interactions,computed,143173,0.08511138932982965,bounded GBM-only predictor workspace; not full final model-suite importance,mapped,Feature mapped to the canonical AE-FEAT-IMPORT 11-family taxonomy.
AE-FEAT-IMPORT-006R,individual_feature_log_odds_rebuild_20260602_gbm,raw,permanent_csi,altman_z2,44,8,mapped,1,point_in_time_ratios,computed,143173,0.08496430795711796,bounded GBM-only predictor workspace; not full final model-suite importance,mapped,Feature mapped to the canonical AE-FEAT-IMPORT 11-family taxonomy.
AE-FEAT-IMPORT-006R,individual_feature_log_odds_rebuild_20260602_gbm,raw,permanent_csi,roll_min_3y_earn_yld,273,9,mapped,10,rolling_window_statistics,computed,143173,0.07071656554615606,bounded GBM-only predictor workspace; not full final model-suite importance,mapped,Feature mapped to the canonical AE-FEAT-IMPORT 11-family taxonomy.
AE-FEAT-IMPORT-006R,individual_feature_log_odds_rebuild_20260602_gbm,raw,permanent_csi,max_dd_60m,445,10,mapped,11,price_momentum_volatility_and_macro_interactions,computed,143173,0.06861648916075588,bounded GBM-only predictor workspace; not full final model-suite importance,mapped,Feature mapped to the canonical AE-FEAT-IMPORT 11-family taxonomy.
AE-FEAT-IMPORT-006R,individual_feature_log_odds_rebuild_20260602_gbm,raw,permanent_csi,mom_3m,439,11,mapped,11,price_momentum_volatility_and_macro_interactions,computed,143173,0.05640510066438317,bounded GBM-only predictor workspace; not full final model-suite importance,mapped,Feature mapped to the canonical AE-FEAT-IMPORT 11-family taxonomy.
AE-FEAT-IMPORT-006R,individual_feature_log_odds_rebuild_20260602_gbm,raw,permanent_csi,vol_12m,441,12,mapped,11,price_momentum_volatility_and_macro_interactions,computed,143173,0.055543242164945036,bounded GBM-only predictor workspace; not full final model-suite importance,mapped,Feature mapped to the canonical AE-FEAT-IMPORT 11-family taxonomy.
AE-FEAT-IMPORT-006R,individual_feature_log_odds_rebuild_20260602_gbm,raw,permanent_csi,ocf_margin,15,13,mapped,1,point_in_time_ratios,computed,143173,0.054099966150079594,bounded GBM-only predictor workspace; not full final model-suite importance,mapped,Feature mapped to the canonical AE-FEAT-IMPORT 11-family taxonomy.
AE-FEAT-IMPORT-006R,individual_feature_log_odds_rebuild_20260602_gbm,raw,permanent_csi,roll_mean_3y_ocf_per_share,259,14,mapped,10,rolling_window_statistics,computed,143173,0.05208468880565906,bounded GBM-only predictor workspace; not full final model-suite importance,mapped,Feature mapped to the canonical AE-FEAT-IMPORT 11-family taxonomy.
AE-FEAT-IMPORT-006R,individual_feature_log_odds_rebuild_20260602_gbm,raw,permanent_csi,term_spread,452,15,mapped,1,point_in_time_ratios,computed,143173,0.05049282329379346,bounded GBM-only predictor workspace; not full final model-suite importance,mapped,Feature mapped to the canonical AE-FEAT-IMPORT 11-family taxonomy.
AE-FEAT-IMPORT-006R,individual_feature_log_odds_rebuild_20260602_gbm,raw,permanent_csi,roa,9,16,mapped,1,point_in_time_ratios,computed,143173,0.039944611766829057,bounded GBM-only predictor workspace; not full final model-suite importance,mapped,Feature mapped to the canonical AE-FEAT-IMPORT 11-family taxonomy.
AE-FEAT-IMPORT-006R,individual_feature_log_odds_rebuild_20260602_gbm,raw,permanent_csi,vix,456,17,mapped,1,point_in_time_ratios,computed,143173,0.035740884342096636,bounded GBM-only predictor workspace; not full final model-suite importance,mapped,Feature mapped to the canonical AE-FEAT-IMPORT 11-family taxonomy.
AE-FEAT-IMPORT-006R,individual_feature_log_odds_rebuild_20260602_gbm,raw,permanent_csi,roic,11,18,mapped,1,point_in_time_ratios,computed,143173,0.035028242670748846,bounded GBM-only predictor workspace; not full final model-suite importance,mapped,Feature mapped to the canonical AE-FEAT-IMPORT 11-family taxonomy.
AE-FEAT-IMPORT-006R,individual_feature_log_odds_rebuild_20260602_gbm,raw,permanent_csi,roll_mean_5y_ocf_per_share,349,19,mapped,10,rolling_window_statistics,computed,143173,0.03375774631864096,bounded GBM-only predictor workspace; not full final model-suite importance,mapped,Feature mapped to the canonical AE-FEAT-IMPORT 11-family taxonomy.
AE-FEAT-IMPORT-006R,individual_feature_log_odds_rebuild_20260602_gbm,raw,permanent_csi,ebit_roa,12,20,mapped,1,point_in_time_ratios,computed,143173,0.032242572899842274,bounded GBM-only predictor workspace; not full final model-suite importance,mapped,Feature mapped to the canonical AE-FEAT-IMPORT 11-family taxonomy.
AE-FEAT-IMPORT-006R,individual_feature_log_odds_rebuild_20260602_gbm,raw,permanent_csi,log_return,5,21,mapped,11,price_momentum_volatility_and_macro_interactions,computed,143173,0.031087021543728145,bounded GBM-only predictor workspace; not full final model-suite importance,mapped,Feature mapped to the canonical AE-FEAT-IMPORT 11-family taxonomy.
AE-FEAT-IMPORT-006R,individual_feature_log_odds_rebuild_20260602_gbm,raw,permanent_csi,roll_min_3y_roa,275,22,mapped,10,rolling_window_statistics,computed,143173,0.030477298529207043,bounded GBM-only predictor workspace; not full final model-suite importance,mapped,Feature mapped to the canonical AE-FEAT-IMPORT 11-family taxonomy.
AE-FEAT-IMPORT-006R,individual_feature_log_odds_rebuild_20260602_gbm,raw,permanent_csi,roll_mean_3y_earn_yld,258,23,mapped,10,rolling_window_statistics,computed,143173,0.029398740627078184,bounded GBM-only predictor workspace; not full final model-suite importance,mapped,Feature mapped to the canonical AE-FEAT-IMPORT 11-family taxonomy.
AE-FEAT-IMPORT-006R,individual_feature_log_odds_rebuild_20260602_gbm,raw,permanent_csi,cpi_inflation,457,24,mapped,1,point_in_time_ratios,computed,143173,0.02734334605226053,bounded GBM-only predictor workspace; not full final model-suite importance,mapped,Feature mapped to the canonical AE-FEAT-IMPORT 11-family taxonomy.
AE-FEAT-IMPORT-006R,individual_feature_log_odds_rebuild_20260602_gbm,raw,permanent_csi,interact_ret_vix,450,25,mapped,11,price_momentum_volatility_and_macro_interactions,computed,143173,0.02696075516238673,bounded GBM-only predictor workspace; not full final model-suite importance,mapped,Feature mapped to the canonical AE-FEAT-IMPORT 11-family taxonomy.
AE-FEAT-IMPORT-006R,individual_feature_log_odds_rebuild_20260602_gbm,raw,permanent_csi,roll_min_5y_earn_yld,363,26,mapped,10,rolling_window_statistics,computed,143173,0.022225465163070023,bounded GBM-only predictor workspace; not full final model-suite importance,mapped,Feature mapped to the canonical AE-FEAT-IMPORT 11-family taxonomy.
AE-FEAT-IMPORT-006R,individual_feature_log_odds_rebuild_20260602_gbm,raw,permanent_csi,roll_max_3y_ocf_per_share,289,27,mapped,10,rolling_window_statistics,computed,143173,0.022006557484087995,bounded GBM-only predictor workspace; not full final model-suite importance,mapped,Feature mapped to the canonical AE-FEAT-IMPORT 11-family taxonomy.
AE-FEAT-IMPORT-006R,individual_feature_log_odds_rebuild_20260602_gbm,raw,permanent_csi,roll_mean_3y_roa,260,28,mapped,10,rolling_window_statistics,computed,143173,0.02180978868236564,bounded GBM-only predictor workspace; not full final model-suite importance,mapped,Feature mapped to the canonical AE-FEAT-IMPORT 11-family taxonomy.
AE-FEAT-IMPORT-006R,individual_feature_log_odds_rebuild_20260602_gbm,raw,permanent_csi,mom_1m,438,29,mapped,11,price_momentum_volatility_and_macro_interactions,computed,143173,0.02148662949706486,bounded GBM-only predictor workspace; not full final model-suite importance,mapped,Feature mapped to the canonical AE-FEAT-IMPORT 11-family taxonomy.
AE-FEAT-IMPORT-006R,individual_feature_log_odds_rebuild_20260602_gbm,raw,permanent_csi,roll_min_5y_roa,365,30,mapped,10,rolling_window_statistics,computed,143173,0.021411547681137757,bounded GBM-only predictor workspace; not full final model-suite importance,mapped,Feature mapped to the canonical AE-FEAT-IMPORT 11-family taxonomy.
AE-FEAT-IMPORT-006R,individual_feature_log_odds_rebuild_20260602_gbm,raw,permanent_csi,expvol_log_return,206,31,mapped,5,expanding_volatility,computed,143173,0.019653458135940976,bounded GBM-only predictor workspace; not full final model-suite importance,mapped,Feature mapped to the canonical AE-FEAT-IMPORT 11-family taxonomy.
AE-FEAT-IMPORT-006R,individual_feature_log_odds_rebuild_20260602_gbm,raw,permanent_csi,roll_mean_5y_earn_yld,348,32,mapped,10,rolling_window_statistics,computed,143173,0.018850899239177182,bounded GBM-only predictor workspace; not full final model-suite importance,mapped,Feature mapped to the canonical AE-FEAT-IMPORT 11-family taxonomy.
AE-FEAT-IMPORT-006R,individual_feature_log_odds_rebuild_20260602_gbm,raw,permanent_csi,roll_min_3y_roic,276,33,mapped,10,rolling_window_statistics,computed,143173,0.01840782638883307,bounded GBM-only predictor workspace; not full final model-suite importance,mapped,Feature mapped to the canonical AE-FEAT-IMPORT 11-family taxonomy.
AE-FEAT-IMPORT-006R,individual_feature_log_odds_rebuild_20260602_gbm,raw,permanent_csi,roll_min_3y_ocf_per_share,274,34,mapped,10,rolling_window_statistics,computed,143173,0.017451244952133776,bounded GBM-only predictor workspace; not full final model-suite importance,mapped,Feature mapped to the canonical AE-FEAT-IMPORT 11-family taxonomy.
AE-FEAT-IMPORT-006R,individual_feature_log_odds_rebuild_20260602_gbm,raw,permanent_csi,roll_sd_5y_log_at,407,35,mapped,10,rolling_window_statistics,computed,143173,0.017442524050769223,bounded GBM-only predictor workspace; not full final model-suite importance,mapped,Feature mapped to the canonical AE-FEAT-IMPORT 11-family taxonomy.
AE-FEAT-IMPORT-006R,individual_feature_log_odds_rebuild_20260602_gbm,raw,permanent_csi,ni_per_emp,41,36,mapped,1,point_in_time_ratios,computed,143173,0.016642722070112227,bounded GBM-only predictor workspace; not full final model-suite importance,mapped,Feature mapped to the canonical AE-FEAT-IMPORT 11-family taxonomy.
AE-FEAT-IMPORT-006R,individual_feature_log_odds_rebuild_20260602_gbm,raw,permanent_csi,roll_min_3y_interest_cov,279,37,mapped,10,rolling_window_statistics,computed,143173,0.01634641253244332,bounded GBM-only predictor workspace; not full final model-suite importance,mapped,Feature mapped to the canonical AE-FEAT-IMPORT 11-family taxonomy.
AE-FEAT-IMPORT-006R,individual_feature_log_odds_rebuild_20260602_gbm,raw,permanent_csi,quick_ratio,23,38,mapped,1,point_in_time_ratios,computed,143173,0.01615222842950644,bounded GBM-only predictor workspace; not full final model-suite importance,mapped,Feature mapped to the canonical AE-FEAT-IMPORT 11-family taxonomy.
AE-FEAT-IMPORT-006R,individual_feature_log_odds_rebuild_20260602_gbm,raw,permanent_csi,rd_intensity,34,39,mapped,1,point_in_time_ratios,computed,143173,0.015539245738512841,bounded GBM-only predictor workspace; not full final model-suite importance,mapped,Feature mapped to the canonical AE-FEAT-IMPORT 11-family taxonomy.
AE-FEAT-IMPORT-006R,individual_feature_log_odds_rebuild_20260602_gbm,raw,permanent_csi,hy_spread,453,40,mapped,1,point_in_time_ratios,computed,143173,0.014485300552147409,bounded GBM-only predictor workspace; not full final model-suite importance,mapped,Feature mapped to the canonical AE-FEAT-IMPORT 11-family taxonomy.
AE-FEAT-IMPORT-006R,individual_feature_log_odds_rebuild_20260602_gbm,raw,permanent_csi,expmean_log_return,166,41,mapped,4,expanding_mean,computed,143173,0.01436722712626443,bounded GBM-only predictor workspace; not full final model-suite importance,mapped,Feature mapped to the canonical AE-FEAT-IMPORT 11-family taxonomy.
AE-FEAT-IMPORT-006R,individual_feature_log_odds_rebuild_20260602_gbm,raw,permanent_csi,wcap_ratio,25,42,mapped,1,point_in_time_ratios,computed,143173,0.014262211339304822,bounded GBM-only predictor workspace; not full final model-suite importance,mapped,Feature mapped to the canonical AE-FEAT-IMPORT 11-family taxonomy.
AE-FEAT-IMPORT-006R,individual_feature_log_odds_rebuild_20260602_gbm,raw,permanent_csi,roll_sd_5y_ebitda_margin,405,43,mapped,10,rolling_window_statistics,computed,143173,0.013500241792148458,bounded GBM-only predictor workspace; not full final model-suite importance,mapped,Feature mapped to the canonical AE-FEAT-IMPORT 11-family taxonomy.
AE-FEAT-IMPORT-006R,individual_feature_log_odds_rebuild_20260602_gbm,raw,permanent_csi,fedfunds,455,44,mapped,1,point_in_time_ratios,computed,143173,0.013420832683306096,bounded GBM-only predictor workspace; not full final model-suite importance,mapped,Feature mapped to the canonical AE-FEAT-IMPORT 11-family taxonomy.
AE-FEAT-IMPORT-006R,individual_feature_log_odds_rebuild_20260602_gbm,raw,permanent_csi,interact_roa_gdp,449,45,mapped,11,price_momentum_volatility_and_macro_interactions,computed,143173,0.013132437744756378,bounded GBM-only predictor workspace; not full final model-suite importance,mapped,Feature mapped to the canonical AE-FEAT-IMPORT 11-family taxonomy.
AE-FEAT-IMPORT-006R,individual_feature_log_odds_rebuild_20260602_gbm,raw,permanent_csi,altman_z,46,46,mapped,1,point_in_time_ratios,computed,143173,0.013129999775750969,bounded GBM-only predictor workspace; not full final model-suite importance,mapped,Feature mapped to the canonical AE-FEAT-IMPORT 11-family taxonomy.
AE-FEAT-IMPORT-006R,individual_feature_log_odds_rebuild_20260602_gbm,raw,permanent_csi,roll_sd_5y_earn_yld,393,47,mapped,10,rolling_window_statistics,computed,143173,0.013125912295429414,bounded GBM-only predictor workspace; not full final model-suite importance,mapped,Feature mapped to the canonical AE-FEAT-IMPORT 11-family taxonomy.
AE-FEAT-IMPORT-006R,individual_feature_log_odds_rebuild_20260602_gbm,raw,permanent_csi,d_hy_spread,2,48,mapped,1,point_in_time_ratios,computed,143173,0.01221279842818465,bounded GBM-only predictor workspace; not full final model-suite importance,mapped,Feature mapped to the canonical AE-FEAT-IMPORT 11-family taxonomy.
AE-FEAT-IMPORT-006R,individual_feature_log_odds_rebuild_20260602_gbm,raw,permanent_csi,expmean_ocf_margin,136,49,mapped,4,expanding_mean,computed,143173,0.01198485816505606,bounded GBM-only predictor workspace; not full final model-suite importance,mapped,Feature mapped to the canonical AE-FEAT-IMPORT 11-family taxonomy.
AE-FEAT-IMPORT-006R,individual_feature_log_odds_rebuild_20260602_gbm,raw,permanent_csi,roll_mean_5y_roa,350,50,mapped,10,rolling_window_statistics,computed,143173,0.011975573331242514,bounded GBM-only predictor workspace; not full final model-suite importance,mapped,Feature mapped to the canonical AE-FEAT-IMPORT 11-family taxonomy.
AE-FEAT-IMPORT-006R,individual_feature_log_odds_rebuild_20260602_gbm,raw,permanent_csi,roe,10,51,mapped,1,point_in_time_ratios,computed,143173,0.011797342878194037,bounded GBM-only predictor workspace; not full final model-suite importance,mapped,Feature mapped to the canonical AE-FEAT-IMPORT 11-family taxonomy.
AE-FEAT-IMPORT-006R,individual_feature_log_odds_rebuild_20260602_gbm,raw,permanent_csi,d_unrate,1,52,mapped,1,point_in_time_ratios,computed,143173,0.011744675169252252,bounded GBM-only predictor workspace; not full final model-suite importance,mapped,Feature mapped to the canonical AE-FEAT-IMPORT 11-family taxonomy.
AE-FEAT-IMPORT-006R,individual_feature_log_odds_rebuild_20260602_gbm,raw,permanent_csi,roll_min_5y_ocf_per_share,364,53,mapped,10,rolling_window_statistics,computed,143173,0.011491769918777173,bounded GBM-only predictor workspace; not full final model-suite importance,mapped,Feature mapped to the canonical AE-FEAT-IMPORT 11-family taxonomy.
AE-FEAT-IMPORT-006R,individual_feature_log_odds_rebuild_20260602_gbm,raw,permanent_csi,roll_min_5y_current_ratio,370,54,mapped,10,rolling_window_statistics,computed,143173,0.010706216767534001,bounded GBM-only predictor workspace; not full final model-suite importance,mapped,Feature mapped to the canonical AE-FEAT-IMPORT 11-family taxonomy.
AE-FEAT-IMPORT-006R,individual_feature_log_odds_rebuild_20260602_gbm,raw,permanent_csi,siccd,6,55,unmapped,,,computed,143173,0.01065267857201431,bounded GBM-only predictor workspace; not full final model-suite importance,unmapped,Required predictor feature did not match canonical family mapping rules.
AE-FEAT-IMPORT-006R,individual_feature_log_odds_rebuild_20260602_gbm,raw,permanent_csi,yoy_log_at,76,56,mapped,2,yoy_changes,computed,143173,0.010152682366696902,bounded GBM-only predictor workspace; not full final model-suite importance,mapped,Feature mapped to the canonical AE-FEAT-IMPORT 11-family taxonomy.
AE-FEAT-IMPORT-006R,individual_feature_log_odds_rebuild_20260602_gbm,raw,permanent_csi,interact_lev_rate,446,57,mapped,11,price_momentum_volatility_and_macro_interactions,computed,143173,0.009515292868441392,bounded GBM-only predictor workspace; not full final model-suite importance,mapped,Feature mapped to the canonical AE-FEAT-IMPORT 11-family taxonomy.
AE-FEAT-IMPORT-006R,individual_feature_log_odds_rebuild_20260602_gbm,raw,permanent_csi,altman_z4,45,58,mapped,1,point_in_time_ratios,computed,143173,0.0092694620211936,bounded GBM-only predictor workspace; not full final model-suite importance,mapped,Feature mapped to the canonical AE-FEAT-IMPORT 11-family taxonomy.
AE-FEAT-IMPORT-006R,individual_feature_log_odds_rebuild_20260602_gbm,raw,permanent_csi,expvol_log_at,196,59,mapped,5,expanding_volatility,computed,143173,0.008964193474280891,bounded GBM-only predictor workspace; not full final model-suite importance,mapped,Feature mapped to the canonical AE-FEAT-IMPORT 11-family taxonomy.
AE-FEAT-IMPORT-006R,individual_feature_log_odds_rebuild_20260602_gbm,raw,permanent_csi,roll_min_3y_ebitda_margin,285,60,mapped,10,rolling_window_statistics,computed,143173,0.008605771395811944,bounded GBM-only predictor workspace; not full final model-suite importance,mapped,Feature mapped to the canonical AE-FEAT-IMPORT 11-family taxonomy.
AE-FEAT-IMPORT-006R,individual_feature_log_odds_rebuild_20260602_gbm,raw,permanent_csi,indpro_growth,459,61,mapped,1,point_in_time_ratios,computed,143173,0.008573186140547272,bounded GBM-only predictor workspace; not full final model-suite importance,mapped,Feature mapped to the canonical AE-FEAT-IMPORT 11-family taxonomy.
AE-FEAT-IMPORT-006R,individual_feature_log_odds_rebuild_20260602_gbm,raw,permanent_csi,roll_max_3y_net_debt_ebitda,293,62,mapped,10,rolling_window_statistics,computed,143173,0.008289546280963508,bounded GBM-only predictor workspace; not full final model-suite importance,mapped,Feature mapped to the canonical AE-FEAT-IMPORT 11-family taxonomy.
AE-FEAT-IMPORT-006R,individual_feature_log_odds_rebuild_20260602_gbm,raw,permanent_csi,invest_st_ratio,47,63,mapped,1,point_in_time_ratios,computed,143173,0.00816674125981402,bounded GBM-only predictor workspace; not full final model-suite importance,mapped,Feature mapped to the canonical AE-FEAT-IMPORT 11-family taxonomy.
AE-FEAT-IMPORT-006R,individual_feature_log_odds_rebuild_20260602_gbm,raw,permanent_csi,interest_cov,20,64,mapped,1,point_in_time_ratios,computed,143173,0.007534908284665276,bounded GBM-only predictor workspace; not full final model-suite importance,mapped,Feature mapped to the canonical AE-FEAT-IMPORT 11-family taxonomy.
AE-FEAT-IMPORT-006R,individual_feature_log_odds_rebuild_20260602_gbm,raw,permanent_csi,log_mkvalt,37,65,mapped,1,point_in_time_ratios,computed,143173,0.007457474521064285,bounded GBM-only predictor workspace; not full final model-suite importance,mapped,Feature mapped to the canonical AE-FEAT-IMPORT 11-family taxonomy.
AE-FEAT-IMPORT-006R,individual_feature_log_odds_rebuild_20260602_gbm,raw,permanent_csi,mom_24m,443,66,mapped,11,price_momentum_volatility_and_macro_interactions,computed,143173,0.007401160746493436,bounded GBM-only predictor workspace; not full final model-suite importance,mapped,Feature mapped to the canonical AE-FEAT-IMPORT 11-family taxonomy.
AE-FEAT-IMPORT-006R,individual_feature_log_odds_rebuild_20260602_gbm,raw,permanent_csi,current_ratio,22,67,mapped,1,point_in_time_ratios,computed,143173,0.007373449671633524,bounded GBM-only predictor workspace; not full final model-suite importance,mapped,Feature mapped to the canonical AE-FEAT-IMPORT 11-family taxonomy.
AE-FEAT-IMPORT-006R,individual_feature_log_odds_rebuild_20260602_gbm,raw,permanent_csi,roll_max_5y_ocf_per_share,379,68,mapped,10,rolling_window_statistics,computed,143173,0.00708725721838334,bounded GBM-only predictor workspace; not full final model-suite importance,mapped,Feature mapped to the canonical AE-FEAT-IMPORT 11-family taxonomy.
AE-FEAT-IMPORT-006R,individual_feature_log_odds_rebuild_20260602_gbm,raw,permanent_csi,expmean_ocf_per_share,129,69,mapped,4,expanding_mean,computed,143173,0.0069456364825027156,bounded GBM-only predictor workspace; not full final model-suite importance,mapped,Feature mapped to the canonical AE-FEAT-IMPORT 11-family taxonomy.
AE-FEAT-IMPORT-006R,individual_feature_log_odds_rebuild_20260602_gbm,raw,permanent_csi,d_vix,3,70,mapped,1,point_in_time_ratios,computed,143173,0.006796679139474447,bounded GBM-only predictor workspace; not full final model-suite importance,mapped,Feature mapped to the canonical AE-FEAT-IMPORT 11-family taxonomy.
AE-FEAT-IMPORT-006R,individual_feature_log_odds_rebuild_20260602_gbm,raw,permanent_csi,roll_mean_3y_roic,261,71,mapped,10,rolling_window_statistics,computed,143173,0.006462660085457053,bounded GBM-only predictor workspace; not full final model-suite importance,mapped,Feature mapped to the canonical AE-FEAT-IMPORT 11-family taxonomy.
AE-FEAT-IMPORT-006R,individual_feature_log_odds_rebuild_20260602_gbm,raw,permanent_csi,roll_max_5y_leverage,382,72,mapped,10,rolling_window_statistics,computed,143173,0.006290139041155374,bounded GBM-only predictor workspace; not full final model-suite importance,mapped,Feature mapped to the canonical AE-FEAT-IMPORT 11-family taxonomy.
AE-FEAT-IMPORT-006R,individual_feature_log_odds_rebuild_20260602_gbm,raw,permanent_csi,cash_pct_act,24,73,mapped,1,point_in_time_ratios,computed,143173,0.006241662837289941,bounded GBM-only predictor workspace; not full final model-suite importance,mapped,Feature mapped to the canonical AE-FEAT-IMPORT 11-family taxonomy.
AE-FEAT-IMPORT-006R,individual_feature_log_odds_rebuild_20260602_gbm,raw,permanent_csi,peak_drop_ebitda_margin,215,74,mapped,6,peak_deterioration,computed,143173,0.006201138489595884,bounded GBM-only predictor workspace; not full final model-suite importance,mapped,Feature mapped to the canonical AE-FEAT-IMPORT 11-family taxonomy.
AE-FEAT-IMPORT-006R,individual_feature_log_odds_rebuild_20260602_gbm,raw,permanent_csi,ebitda_margin,14,75,mapped,1,point_in_time_ratios,computed,143173,0.006009071818056097,bounded GBM-only predictor workspace; not full final model-suite importance,mapped,Feature mapped to the canonical AE-FEAT-IMPORT 11-family taxonomy.
AE-FEAT-IMPORT-006R,individual_feature_log_odds_rebuild_20260602_gbm,raw,permanent_csi,roll_sd_3y_net_debt_ebitda,308,76,mapped,10,rolling_window_statistics,computed,143173,0.005951819827172166,bounded GBM-only predictor workspace; not full final model-suite importance,mapped,Feature mapped to the canonical AE-FEAT-IMPORT 11-family taxonomy.
AE-FEAT-IMPORT-006R,individual_feature_log_odds_rebuild_20260602_gbm,raw,permanent_csi,expmean_earn_yld,128,77,mapped,4,expanding_mean,computed,143173,0.005889997206421979,bounded GBM-only predictor workspace; not full final model-suite importance,mapped,Feature mapped to the canonical AE-FEAT-IMPORT 11-family taxonomy.
AE-FEAT-IMPORT-006R,individual_feature_log_odds_rebuild_20260602_gbm,raw,permanent_csi,roll_mean_5y_roic,351,78,mapped,10,rolling_window_statistics,computed,143173,0.0058453209505990675,bounded GBM-only predictor workspace; not full final model-suite importance,mapped,Feature mapped to the canonical AE-FEAT-IMPORT 11-family taxonomy.
AE-FEAT-IMPORT-006R,individual_feature_log_odds_rebuild_20260602_gbm,raw,permanent_csi,roll_max_3y_earn_yld,288,79,mapped,10,rolling_window_statistics,computed,143173,0.005831281474708598,bounded GBM-only predictor workspace; not full final model-suite importance,mapped,Feature mapped to the canonical AE-FEAT-IMPORT 11-family taxonomy.
AE-FEAT-IMPORT-006R,individual_feature_log_odds_rebuild_20260602_gbm,raw,permanent_csi,reinvest_rate,35,80,mapped,1,point_in_time_ratios,computed,143173,0.005813165784474103,bounded GBM-only predictor workspace; not full final model-suite importance,mapped,Feature mapped to the canonical AE-FEAT-IMPORT 11-family taxonomy.
AE-FEAT-IMPORT-006R,individual_feature_log_odds_rebuild_20260602_gbm,raw,permanent_csi,peak_drop_earn_yld,208,81,mapped,6,peak_deterioration,computed,143173,0.0057351720611856245,bounded GBM-only predictor workspace; not full final model-suite importance,mapped,Feature mapped to the canonical AE-FEAT-IMPORT 11-family taxonomy.
AE-FEAT-IMPORT-006R,individual_feature_log_odds_rebuild_20260602_gbm,raw,permanent_csi,net_debt_ebitda,17,82,mapped,1,point_in_time_ratios,computed,143173,0.005705922015125967,bounded GBM-only predictor workspace; not full final model-suite importance,mapped,Feature mapped to the canonical AE-FEAT-IMPORT 11-family taxonomy.
AE-FEAT-IMPORT-006R,individual_feature_log_odds_rebuild_20260602_gbm,raw,permanent_csi,gdp_growth,458,83,mapped,1,point_in_time_ratios,computed,143173,0.005682408504497893,bounded GBM-only predictor workspace; not full final model-suite importance,mapped,Feature mapped to the canonical AE-FEAT-IMPORT 11-family taxonomy.
AE-FEAT-IMPORT-006R,individual_feature_log_odds_rebuild_20260602_gbm,raw,permanent_csi,roll_min_3y_log_mkvalt,286,84,mapped,10,rolling_window_statistics,computed,143173,0.005567808160236934,bounded GBM-only predictor workspace; not full final model-suite importance,mapped,Feature mapped to the canonical AE-FEAT-IMPORT 11-family taxonomy.
AE-FEAT-IMPORT-006R,individual_feature_log_odds_rebuild_20260602_gbm,raw,permanent_csi,roll_min_3y_gross_margin,284,85,mapped,10,rolling_window_statistics,computed,143173,0.0055270874567089085,bounded GBM-only predictor workspace; not full final model-suite importance,mapped,Feature mapped to the canonical AE-FEAT-IMPORT 11-family taxonomy.
AE-FEAT-IMPORT-006R,individual_feature_log_odds_rebuild_20260602_gbm,raw,permanent_csi,leverage,16,86,mapped,1,point_in_time_ratios,computed,143173,0.0054256197415047,bounded GBM-only predictor workspace; not full final model-suite importance,mapped,Feature mapped to the canonical AE-FEAT-IMPORT 11-family taxonomy.
AE-FEAT-IMPORT-006R,individual_feature_log_odds_rebuild_20260602_gbm,raw,permanent_csi,roll_sd_3y_log_at,317,87,mapped,10,rolling_window_statistics,computed,143173,0.005402440222703245,bounded GBM-only predictor workspace; not full final model-suite importance,mapped,Feature mapped to the canonical AE-FEAT-IMPORT 11-family taxonomy.
AE-FEAT-IMPORT-006R,individual_feature_log_odds_rebuild_20260602_gbm,raw,permanent_csi,trough_rise_accruals_ratio,232,88,mapped,7,trough_rise,computed,143173,0.005329231582839371,bounded GBM-only predictor workspace; not full final model-suite importance,mapped,Feature mapped to the canonical AE-FEAT-IMPORT 11-family taxonomy.
AE-FEAT-IMPORT-006R,individual_feature_log_odds_rebuild_20260602_gbm,raw,permanent_csi,accruals_ratio,31,89,mapped,1,point_in_time_ratios,computed,143173,0.00530677293033992,bounded GBM-only predictor workspace; not full final model-suite importance,mapped,Feature mapped to the canonical AE-FEAT-IMPORT 11-family taxonomy.
AE-FEAT-IMPORT-006R,individual_feature_log_odds_rebuild_20260602_gbm,raw,permanent_csi,expmean_cash_pct_act,145,90,mapped,4,expanding_mean,computed,143173,0.0050797442357367485,bounded GBM-only predictor workspace; not full final model-suite importance,mapped,Feature mapped to the canonical AE-FEAT-IMPORT 11-family taxonomy.
AE-FEAT-IMPORT-006R,individual_feature_log_odds_rebuild_20260602_gbm,raw,permanent_csi,yoy_log_return,86,91,mapped,2,yoy_changes,computed,143173,0.005020542040815599,bounded GBM-only predictor workspace; not full final model-suite importance,mapped,Feature mapped to the canonical AE-FEAT-IMPORT 11-family taxonomy.
AE-FEAT-IMPORT-006R,individual_feature_log_odds_rebuild_20260602_gbm,raw,permanent_csi,roll_min_5y_interest_cov,369,92,mapped,10,rolling_window_statistics,computed,143173,0.004943524108367166,bounded GBM-only predictor workspace; not full final model-suite importance,mapped,Feature mapped to the canonical AE-FEAT-IMPORT 11-family taxonomy.
AE-FEAT-IMPORT-006R,individual_feature_log_odds_rebuild_20260602_gbm,raw,permanent_csi,interact_acc_hyspr,451,93,mapped,11,price_momentum_volatility_and_macro_interactions,computed,143173,0.004557465203502518,bounded GBM-only predictor workspace; not full final model-suite importance,mapped,Feature mapped to the canonical AE-FEAT-IMPORT 11-family taxonomy.
AE-FEAT-IMPORT-006R,individual_feature_log_odds_rebuild_20260602_gbm,raw,permanent_csi,peak_drop_log_emp,225,94,mapped,6,peak_deterioration,computed,143173,0.004499003417483311,bounded GBM-only predictor workspace; not full final model-suite importance,mapped,Feature mapped to the canonical AE-FEAT-IMPORT 11-family taxonomy.
AE-FEAT-IMPORT-006R,individual_feature_log_odds_rebuild_20260602_gbm,raw,permanent_csi,roll_min_5y_roic,366,95,mapped,10,rolling_window_statistics,computed,143173,0.004421017825122525,bounded GBM-only predictor workspace; not full final model-suite importance,mapped,Feature mapped to the canonical AE-FEAT-IMPORT 11-family taxonomy.
AE-FEAT-IMPORT-006R,individual_feature_log_odds_rebuild_20260602_gbm,raw,permanent_csi,peak_drop_log_mkvalt,224,96,mapped,6,peak_deterioration,computed,143173,0.004415225275686209,bounded GBM-only predictor workspace; not full final model-suite importance,mapped,Feature mapped to the canonical AE-FEAT-IMPORT 11-family taxonomy.
AE-FEAT-IMPORT-006R,individual_feature_log_odds_rebuild_20260602_gbm,raw,permanent_csi,roll_mean_3y_log_mkvalt,271,97,mapped,10,rolling_window_statistics,computed,143173,0.00433958350283826,bounded GBM-only predictor workspace; not full final model-suite importance,mapped,Feature mapped to the canonical AE-FEAT-IMPORT 11-family taxonomy.
AE-FEAT-IMPORT-006R,individual_feature_log_odds_rebuild_20260602_gbm,raw,permanent_csi,roll_max_3y_interest_cov,294,98,mapped,10,rolling_window_statistics,computed,143173,0.004259947832105729,bounded GBM-only predictor workspace; not full final model-suite importance,mapped,Feature mapped to the canonical AE-FEAT-IMPORT 11-family taxonomy.
AE-FEAT-IMPORT-006R,individual_feature_log_odds_rebuild_20260602_gbm,raw,permanent_csi,roll_trend_5y_ebitda_margin,420,99,mapped,10,rolling_window_statistics,computed,143173,0.0042290847822335585,bounded GBM-only predictor workspace; not full final model-suite importance,mapped,Feature mapped to the canonical AE-FEAT-IMPORT 11-family taxonomy.
AE-FEAT-IMPORT-006R,individual_feature_log_odds_rebuild_20260602_gbm,raw,permanent_csi,expmean_rd_intensity,154,100,mapped,4,expanding_mean,computed,143173,0.004186371781105531,bounded GBM-only predictor workspace; not full final model-suite importance,mapped,Feature mapped to the canonical AE-FEAT-IMPORT 11-family taxonomy.
AE-FEAT-IMPORT-006R,individual_feature_log_odds_rebuild_20260602_gbm,raw,permanent_csi,peak_drop_gross_margin,214,101,mapped,6,peak_deterioration,computed,143173,0.00412028721040181,bounded GBM-only predictor workspace; not full final model-suite importance,mapped,Feature mapped to the canonical AE-FEAT-IMPORT 11-family taxonomy.
AE-FEAT-IMPORT-006R,individual_feature_log_odds_rebuild_20260602_gbm,raw,permanent_csi,roll_min_5y_log_mkvalt,376,102,mapped,10,rolling_window_statistics,computed,143173,0.004029439784561716,bounded GBM-only predictor workspace; not full final model-suite importance,mapped,Feature mapped to the canonical AE-FEAT-IMPORT 11-family taxonomy.
AE-FEAT-IMPORT-006R,individual_feature_log_odds_rebuild_20260602_gbm,raw,permanent_csi,roll_trend_5y_log_at,422,103,mapped,10,rolling_window_statistics,computed,143173,0.004027656306558601,bounded GBM-only predictor workspace; not full final model-suite importance,mapped,Feature mapped to the canonical AE-FEAT-IMPORT 11-family taxonomy.
AE-FEAT-IMPORT-006R,individual_feature_log_odds_rebuild_20260602_gbm,raw,permanent_csi,peak_drop_roic,212,104,mapped,6,peak_deterioration,computed,143173,0.003999449343385252,bounded GBM-only predictor workspace; not full final model-suite importance,mapped,Feature mapped to the canonical AE-FEAT-IMPORT 11-family taxonomy.
AE-FEAT-IMPORT-006R,individual_feature_log_odds_rebuild_20260602_gbm,raw,permanent_csi,bp_ratio,26,105,mapped,1,point_in_time_ratios,computed,143173,0.0039538686321042,bounded GBM-only predictor workspace; not full final model-suite importance,mapped,Feature mapped to the canonical AE-FEAT-IMPORT 11-family taxonomy.
AE-FEAT-IMPORT-006R,individual_feature_log_odds_rebuild_20260602_gbm,raw,permanent_csi,std_debt_pct,18,106,mapped,1,point_in_time_ratios,computed,143173,0.003950416372423054,bounded GBM-only predictor workspace; not full final model-suite importance,mapped,Feature mapped to the canonical AE-FEAT-IMPORT 11-family taxonomy.
AE-FEAT-IMPORT-006R,individual_feature_log_odds_rebuild_20260602_gbm,raw,permanent_csi,log_emp,38,107,mapped,1,point_in_time_ratios,computed,143173,0.003941272754029431,bounded GBM-only predictor workspace; not full final model-suite importance,mapped,Feature mapped to the canonical AE-FEAT-IMPORT 11-family taxonomy.
AE-FEAT-IMPORT-006R,individual_feature_log_odds_rebuild_20260602_gbm,raw,permanent_csi,expvol_altman_z2,202,108,mapped,5,expanding_volatility,computed,143173,0.0039320290267485505,bounded GBM-only predictor workspace; not full final model-suite importance,mapped,Feature mapped to the canonical AE-FEAT-IMPORT 11-family taxonomy.
AE-FEAT-IMPORT-006R,individual_feature_log_odds_rebuild_20260602_gbm,raw,permanent_csi,expmean_altman_z2,162,109,mapped,4,expanding_mean,computed,143173,0.003921299679595781,bounded GBM-only predictor workspace; not full final model-suite importance,mapped,Feature mapped to the canonical AE-FEAT-IMPORT 11-family taxonomy.
AE-FEAT-IMPORT-006R,individual_feature_log_odds_rebuild_20260602_gbm,raw,permanent_csi,expvol_earn_yld,168,110,mapped,5,expanding_volatility,computed,143173,0.0039044342237476676,bounded GBM-only predictor workspace; not full final model-suite importance,mapped,Feature mapped to the canonical AE-FEAT-IMPORT 11-family taxonomy.
AE-FEAT-IMPORT-006R,individual_feature_log_odds_rebuild_20260602_gbm,raw,permanent_csi,interact_nde_hyspr,448,111,mapped,11,price_momentum_volatility_and_macro_interactions,computed,143173,0.0038807705033187447,bounded GBM-only predictor workspace; not full final model-suite importance,mapped,Feature mapped to the canonical AE-FEAT-IMPORT 11-family taxonomy.
AE-FEAT-IMPORT-006R,individual_feature_log_odds_rebuild_20260602_gbm,raw,permanent_csi,capex_intensity,33,112,mapped,1,point_in_time_ratios,computed,143173,0.003803742741763181,bounded GBM-only predictor workspace; not full final model-suite importance,mapped,Feature mapped to the canonical AE-FEAT-IMPORT 11-family taxonomy.
AE-FEAT-IMPORT-006R,individual_feature_log_odds_rebuild_20260602_gbm,raw,permanent_csi,roll_autocorr_5y_log_mkvalt,436,113,mapped,10,rolling_window_statistics,computed,143173,0.003724570959247153,bounded GBM-only predictor workspace; not full final model-suite importance,mapped,Feature mapped to the canonical AE-FEAT-IMPORT 11-family taxonomy.
AE-FEAT-IMPORT-006R,individual_feature_log_odds_rebuild_20260602_gbm,raw,permanent_csi,asset_turnover,32,114,mapped,1,point_in_time_ratios,computed,143173,0.0037134949556498972,bounded GBM-only predictor workspace; not full final model-suite importance,mapped,Feature mapped to the canonical AE-FEAT-IMPORT 11-family taxonomy.
AE-FEAT-IMPORT-006R,individual_feature_log_odds_rebuild_20260602_gbm,raw,permanent_csi,roll_max_5y_net_debt_ebitda,383,115,mapped,10,rolling_window_statistics,computed,143173,0.0036338501463441257,bounded GBM-only predictor workspace; not full final model-suite importance,mapped,Feature mapped to the canonical AE-FEAT-IMPORT 11-family taxonomy.
AE-FEAT-IMPORT-006R,individual_feature_log_odds_rebuild_20260602_gbm,raw,permanent_csi,peak_drop_bp_ratio,223,116,mapped,6,peak_deterioration,computed,143173,0.0035360933351408787,bounded GBM-only predictor workspace; not full final model-suite importance,mapped,Feature mapped to the canonical AE-FEAT-IMPORT 11-family taxonomy.
AE-FEAT-IMPORT-006R,individual_feature_log_odds_rebuild_20260602_gbm,raw,permanent_csi,roll_sd_3y_gross_margin,314,117,mapped,10,rolling_window_statistics,computed,143173,0.003473985740050134,bounded GBM-only predictor workspace; not full final model-suite importance,mapped,Feature mapped to the canonical AE-FEAT-IMPORT 11-family taxonomy.
AE-FEAT-IMPORT-006R,individual_feature_log_odds_rebuild_20260602_gbm,raw,permanent_csi,trough_rise_leverage,226,118,mapped,7,trough_rise,computed,143173,0.003443287123109976,bounded GBM-only predictor workspace; not full final model-suite importance,mapped,Feature mapped to the canonical AE-FEAT-IMPORT 11-family taxonomy.
AE-FEAT-IMPORT-006R,individual_feature_log_odds_rebuild_20260602_gbm,raw,permanent_csi,mkt_to_book,30,119,mapped,1,point_in_time_ratios,computed,143173,0.003439161311286405,bounded GBM-only predictor workspace; not full final model-suite importance,mapped,Feature mapped to the canonical AE-FEAT-IMPORT 11-family taxonomy.
AE-FEAT-IMPORT-006R,individual_feature_log_odds_rebuild_20260602_gbm,raw,permanent_csi,log_at,36,120,mapped,1,point_in_time_ratios,computed,143173,0.0034172427132346623,bounded GBM-only predictor workspace; not full final model-suite importance,mapped,Feature mapped to the canonical AE-FEAT-IMPORT 11-family taxonomy.
AE-FEAT-IMPORT-006R,individual_feature_log_odds_rebuild_20260602_gbm,raw,permanent_csi,roll_max_3y_leverage,292,121,mapped,10,rolling_window_statistics,computed,143173,0.0034111026791150217,bounded GBM-only predictor workspace; not full final model-suite importance,mapped,Feature mapped to the canonical AE-FEAT-IMPORT 11-family taxonomy.
AE-FEAT-IMPORT-006R,individual_feature_log_odds_rebuild_20260602_gbm,raw,permanent_csi,compr_inc_ratio,43,122,mapped,1,point_in_time_ratios,computed,143173,0.00337528786312807,bounded GBM-only predictor workspace; not full final model-suite importance,mapped,Feature mapped to the canonical AE-FEAT-IMPORT 11-family taxonomy.
AE-FEAT-IMPORT-006R,individual_feature_log_odds_rebuild_20260602_gbm,raw,permanent_csi,roll_trend_3y_log_at,332,123,mapped,10,rolling_window_statistics,computed,143173,0.0033432320737019398,bounded GBM-only predictor workspace; not full final model-suite importance,mapped,Feature mapped to the canonical AE-FEAT-IMPORT 11-family taxonomy.
AE-FEAT-IMPORT-006R,individual_feature_log_odds_rebuild_20260602_gbm,raw,permanent_csi,roll_max_3y_log_mkvalt,301,124,mapped,10,rolling_window_statistics,computed,143173,0.0032930550905234286,bounded GBM-only predictor workspace; not full final model-suite importance,mapped,Feature mapped to the canonical AE-FEAT-IMPORT 11-family taxonomy.
AE-FEAT-IMPORT-006R,individual_feature_log_odds_rebuild_20260602_gbm,raw,permanent_csi,roll_sd_3y_roa,305,125,mapped,10,rolling_window_statistics,computed,143173,0.0032766357515323008,bounded GBM-only predictor workspace; not full final model-suite importance,mapped,Feature mapped to the canonical AE-FEAT-IMPORT 11-family taxonomy.
AE-FEAT-IMPORT-006R,individual_feature_log_odds_rebuild_20260602_gbm,raw,permanent_csi,expvol_asset_turnover,192,126,mapped,5,expanding_volatility,computed,143173,0.0032412403404046505,bounded GBM-only predictor workspace; not full final model-suite importance,mapped,Feature mapped to the canonical AE-FEAT-IMPORT 11-family taxonomy.
AE-FEAT-IMPORT-006R,individual_feature_log_odds_rebuild_20260602_gbm,raw,permanent_csi,roll_min_5y_log_at,377,127,mapped,10,rolling_window_statistics,computed,143173,0.0032310888012337924,bounded GBM-only predictor workspace; not full final model-suite importance,mapped,Feature mapped to the canonical AE-FEAT-IMPORT 11-family taxonomy.
AE-FEAT-IMPORT-006R,individual_feature_log_odds_rebuild_20260602_gbm,raw,permanent_csi,expmean_roic,132,128,mapped,4,expanding_mean,computed,143173,0.0032182405345141567,bounded GBM-only predictor workspace; not full final model-suite importance,mapped,Feature mapped to the canonical AE-FEAT-IMPORT 11-family taxonomy.
AE-FEAT-IMPORT-006R,individual_feature_log_odds_rebuild_20260602_gbm,raw,permanent_csi,expmean_accruals_ratio,151,129,mapped,4,expanding_mean,computed,143173,0.003168257045750944,bounded GBM-only predictor workspace; not full final model-suite importance,mapped,Feature mapped to the canonical AE-FEAT-IMPORT 11-family taxonomy.
AE-FEAT-IMPORT-006R,individual_feature_log_odds_rebuild_20260602_gbm,raw,permanent_csi,expvol_ann_return,207,130,mapped,5,expanding_volatility,computed,143173,0.003160852071075202,bounded GBM-only predictor workspace; not full final model-suite importance,mapped,Feature mapped to the canonical AE-FEAT-IMPORT 11-family taxonomy.
AE-FEAT-IMPORT-006R,individual_feature_log_odds_rebuild_20260602_gbm,raw,permanent_csi,roll_mean_3y_accruals_ratio,267,131,mapped,10,rolling_window_statistics,computed,143173,0.0031531178159349754,bounded GBM-only predictor workspace; not full final model-suite importance,mapped,Feature mapped to the canonical AE-FEAT-IMPORT 11-family taxonomy.
AE-FEAT-IMPORT-006R,individual_feature_log_odds_rebuild_20260602_gbm,raw,permanent_csi,roll_sd_5y_net_debt_ebitda,398,132,mapped,10,rolling_window_statistics,computed,143173,0.0031413401649987125,bounded GBM-only predictor workspace; not full final model-suite importance,mapped,Feature mapped to the canonical AE-FEAT-IMPORT 11-family taxonomy.
AE-FEAT-IMPORT-006R,individual_feature_log_odds_rebuild_20260602_gbm,raw,permanent_csi,roll_trend_3y_gross_margin,329,133,mapped,10,rolling_window_statistics,computed,143173,0.00313233132851481,bounded GBM-only predictor workspace; not full final model-suite importance,mapped,Feature mapped to the canonical AE-FEAT-IMPORT 11-family taxonomy.
AE-FEAT-IMPORT-006R,individual_feature_log_odds_rebuild_20260602_gbm,raw,permanent_csi,roll_sd_5y_roic,396,134,mapped,10,rolling_window_statistics,computed,143173,0.003041209873702289,bounded GBM-only predictor workspace; not full final model-suite importance,mapped,Feature mapped to the canonical AE-FEAT-IMPORT 11-family taxonomy.
AE-FEAT-IMPORT-006R,individual_feature_log_odds_rebuild_20260602_gbm,raw,permanent_csi,roll_sd_5y_roa,395,135,mapped,10,rolling_window_statistics,computed,143173,0.0030347877218390193,bounded GBM-only predictor workspace; not full final model-suite importance,mapped,Feature mapped to the canonical AE-FEAT-IMPORT 11-family taxonomy.
AE-FEAT-IMPORT-006R,individual_feature_log_odds_rebuild_20260602_gbm,raw,permanent_csi,roll_sd_3y_roic,306,136,mapped,10,rolling_window_statistics,computed,143173,0.0030074145733263147,bounded GBM-only predictor workspace; not full final model-suite importance,mapped,Feature mapped to the canonical AE-FEAT-IMPORT 11-family taxonomy.
AE-FEAT-IMPORT-006R,individual_feature_log_odds_rebuild_20260602_gbm,raw,permanent_csi,roll_min_3y_accruals_ratio,282,137,mapped,10,rolling_window_statistics,computed,143173,0.0029811493496194217,bounded GBM-only predictor workspace; not full final model-suite importance,mapped,Feature mapped to the canonical AE-FEAT-IMPORT 11-family taxonomy.
AE-FEAT-IMPORT-006R,individual_feature_log_odds_rebuild_20260602_gbm,raw,permanent_csi,yoy_log_emp,78,138,mapped,2,yoy_changes,computed,143173,0.0029760400333733923,bounded GBM-only predictor workspace; not full final model-suite importance,mapped,Feature mapped to the canonical AE-FEAT-IMPORT 11-family taxonomy.
AE-FEAT-IMPORT-006R,individual_feature_log_odds_rebuild_20260602_gbm,raw,permanent_csi,expmean_log_emp,158,139,mapped,4,expanding_mean,computed,143173,0.002944547955716511,bounded GBM-only predictor workspace; not full final model-suite importance,mapped,Feature mapped to the canonical AE-FEAT-IMPORT 11-family taxonomy.
AE-FEAT-IMPORT-006R,individual_feature_log_odds_rebuild_20260602_gbm,raw,permanent_csi,ev_to_sales,27,140,mapped,1,point_in_time_ratios,computed,143173,0.002934809728965797,bounded GBM-only predictor workspace; not full final model-suite importance,mapped,Feature mapped to the canonical AE-FEAT-IMPORT 11-family taxonomy.
AE-FEAT-IMPORT-006R,individual_feature_log_odds_rebuild_20260602_gbm,raw,permanent_csi,yoy_cash_pct_act,65,141,mapped,2,yoy_changes,computed,143173,0.002899715591666457,bounded GBM-only predictor workspace; not full final model-suite importance,mapped,Feature mapped to the canonical AE-FEAT-IMPORT 11-family taxonomy.
AE-FEAT-IMPORT-006R,individual_feature_log_odds_rebuild_20260602_gbm,raw,permanent_csi,acct_mom_ebitda_margin,255,142,mapped,9,accounting_momentum,computed,143173,0.002867775283765455,bounded GBM-only predictor workspace; not full final model-suite importance,mapped,Feature mapped to the canonical AE-FEAT-IMPORT 11-family taxonomy.
AE-FEAT-IMPORT-006R,individual_feature_log_odds_rebuild_20260602_gbm,raw,permanent_csi,expmean_roa,130,143,mapped,4,expanding_mean,computed,143173,0.0028600430779886486,bounded GBM-only predictor workspace; not full final model-suite importance,mapped,Feature mapped to the canonical AE-FEAT-IMPORT 11-family taxonomy.
AE-FEAT-IMPORT-006R,individual_feature_log_odds_rebuild_20260602_gbm,raw,permanent_csi,roll_trend_5y_gross_margin,419,144,mapped,10,rolling_window_statistics,computed,143173,0.0027980608570014015,bounded GBM-only predictor workspace; not full final model-suite importance,mapped,Feature mapped to the canonical AE-FEAT-IMPORT 11-family taxonomy.
AE-FEAT-IMPORT-006R,individual_feature_log_odds_rebuild_20260602_gbm,raw,permanent_csi,expvol_leverage,177,145,mapped,5,expanding_volatility,computed,143173,0.0027550615843078803,bounded GBM-only predictor workspace; not full final model-suite importance,mapped,Feature mapped to the canonical AE-FEAT-IMPORT 11-family taxonomy.
AE-FEAT-IMPORT-006R,individual_feature_log_odds_rebuild_20260602_gbm,raw,permanent_csi,roll_max_3y_roa,290,146,mapped,10,rolling_window_statistics,computed,143173,0.0027172566617243645,bounded GBM-only predictor workspace; not full final model-suite importance,mapped,Feature mapped to the canonical AE-FEAT-IMPORT 11-family taxonomy.
AE-FEAT-IMPORT-006R,individual_feature_log_odds_rebuild_20260602_gbm,raw,permanent_csi,yoy_roic,52,147,mapped,2,yoy_changes,computed,143173,0.0027073392672979165,bounded GBM-only predictor workspace; not full final model-suite importance,mapped,Feature mapped to the canonical AE-FEAT-IMPORT 11-family taxonomy.
AE-FEAT-IMPORT-006R,individual_feature_log_odds_rebuild_20260602_gbm,raw,permanent_csi,roll_min_3y_current_ratio,280,148,mapped,10,rolling_window_statistics,computed,143173,0.0026484115715068642,bounded GBM-only predictor workspace; not full final model-suite importance,mapped,Feature mapped to the canonical AE-FEAT-IMPORT 11-family taxonomy.
AE-FEAT-IMPORT-006R,individual_feature_log_odds_rebuild_20260602_gbm,raw,permanent_csi,yoy_log_mkvalt,77,149,mapped,2,yoy_changes,computed,143173,0.002556531295971604,bounded GBM-only predictor workspace; not full final model-suite importance,mapped,Feature mapped to the canonical AE-FEAT-IMPORT 11-family taxonomy.
AE-FEAT-IMPORT-006R,individual_feature_log_odds_rebuild_20260602_gbm,raw,permanent_csi,roll_max_5y_asset_turnover,388,150,mapped,10,rolling_window_statistics,computed,143173,0.0025327564250399994,bounded GBM-only predictor workspace; not full final model-suite importance,mapped,Feature mapped to the canonical AE-FEAT-IMPORT 11-family taxonomy.
AE-FEAT-IMPORT-006R,individual_feature_log_odds_rebuild_20260602_gbm,raw,permanent_csi,accel_ebitda_margin,95,151,mapped,3,acceleration,computed,143173,0.0025188946696065033,bounded GBM-only predictor workspace; not full final model-suite importance,mapped,Feature mapped to the canonical AE-FEAT-IMPORT 11-family taxonomy.
AE-FEAT-IMPORT-006R,individual_feature_log_odds_rebuild_20260602_gbm,raw,permanent_csi,roll_min_3y_net_debt_ebitda,278,152,mapped,10,rolling_window_statistics,computed,143173,0.0025073726178666007,bounded GBM-only predictor workspace; not full final model-suite importance,mapped,Feature mapped to the canonical AE-FEAT-IMPORT 11-family taxonomy.
AE-FEAT-IMPORT-006R,individual_feature_log_odds_rebuild_20260602_gbm,raw,permanent_csi,peak_drop_wcap_ratio,220,153,mapped,6,peak_deterioration,computed,143173,0.002503860188397848,bounded GBM-only predictor workspace; not full final model-suite importance,mapped,Feature mapped to the canonical AE-FEAT-IMPORT 11-family taxonomy.
AE-FEAT-IMPORT-006R,individual_feature_log_odds_rebuild_20260602_gbm,raw,permanent_csi,expmean_ann_return,167,154,mapped,4,expanding_mean,computed,143173,0.002494297276300957,bounded GBM-only predictor workspace; not full final model-suite importance,mapped,Feature mapped to the canonical AE-FEAT-IMPORT 11-family taxonomy.
AE-FEAT-IMPORT-006R,individual_feature_log_odds_rebuild_20260602_gbm,raw,permanent_csi,yoy_earn_yld,48,155,mapped,2,yoy_changes,computed,143173,0.002431224017886342,bounded GBM-only predictor workspace; not full final model-suite importance,mapped,Feature mapped to the canonical AE-FEAT-IMPORT 11-family taxonomy.
AE-FEAT-IMPORT-006R,individual_feature_log_odds_rebuild_20260602_gbm,raw,permanent_csi,roll_mean_5y_ebitda_margin,360,156,mapped,10,rolling_window_statistics,computed,143173,0.0024002957859734844,bounded GBM-only predictor workspace; not full final model-suite importance,mapped,Feature mapped to the canonical AE-FEAT-IMPORT 11-family taxonomy.
AE-FEAT-IMPORT-006R,individual_feature_log_odds_rebuild_20260602_gbm,raw,permanent_csi,yoy_bp_ratio,67,157,mapped,2,yoy_changes,computed,143173,0.0023888427189436307,bounded GBM-only predictor workspace; not full final model-suite importance,mapped,Feature mapped to the canonical AE-FEAT-IMPORT 11-family taxonomy.
AE-FEAT-IMPORT-006R,individual_feature_log_odds_rebuild_20260602_gbm,raw,permanent_csi,expmean_invest_st_ratio,165,158,mapped,4,expanding_mean,computed,143173,0.002378980749243273,bounded GBM-only predictor workspace; not full final model-suite importance,mapped,Feature mapped to the canonical AE-FEAT-IMPORT 11-family taxonomy.
AE-FEAT-IMPORT-006R,individual_feature_log_odds_rebuild_20260602_gbm,raw,permanent_csi,roll_min_5y_cash_pct_act,371,159,mapped,10,rolling_window_statistics,computed,143173,0.0023194861184463902,bounded GBM-only predictor workspace; not full final model-suite importance,mapped,Feature mapped to the canonical AE-FEAT-IMPORT 11-family taxonomy.
AE-FEAT-IMPORT-006R,individual_feature_log_odds_rebuild_20260602_gbm,raw,permanent_csi,roll_trend_3y_log_mkvalt,331,160,mapped,10,rolling_window_statistics,computed,143173,0.002299187173249032,bounded GBM-only predictor workspace; not full final model-suite importance,mapped,Feature mapped to the canonical AE-FEAT-IMPORT 11-family taxonomy.
AE-FEAT-IMPORT-006R,individual_feature_log_odds_rebuild_20260602_gbm,raw,permanent_csi,expvol_roe,171,161,mapped,5,expanding_volatility,computed,143173,0.0022969599754538495,bounded GBM-only predictor workspace; not full final model-suite importance,mapped,Feature mapped to the canonical AE-FEAT-IMPORT 11-family taxonomy.
AE-FEAT-IMPORT-006R,individual_feature_log_odds_rebuild_20260602_gbm,raw,permanent_csi,acct_mom_log_at,257,162,mapped,9,accounting_momentum,computed,143173,0.00227287016595606,bounded GBM-only predictor workspace; not full final model-suite importance,mapped,Feature mapped to the canonical AE-FEAT-IMPORT 11-family taxonomy.
AE-FEAT-IMPORT-006R,individual_feature_log_odds_rebuild_20260602_gbm,raw,permanent_csi,expmean_leverage,137,163,mapped,4,expanding_mean,computed,143173,0.0022715948097905584,bounded GBM-only predictor workspace; not full final model-suite importance,mapped,Feature mapped to the canonical AE-FEAT-IMPORT 11-family taxonomy.
AE-FEAT-IMPORT-006R,individual_feature_log_odds_rebuild_20260602_gbm,raw,permanent_csi,roll_min_5y_net_debt_ebitda,368,164,mapped,10,rolling_window_statistics,computed,143173,0.00225696156462902,bounded GBM-only predictor workspace; not full final model-suite importance,mapped,Feature mapped to the canonical AE-FEAT-IMPORT 11-family taxonomy.
AE-FEAT-IMPORT-006R,individual_feature_log_odds_rebuild_20260602_gbm,raw,permanent_csi,roll_trend_5y_earn_yld,408,165,mapped,10,rolling_window_statistics,computed,143173,0.002250008732322949,bounded GBM-only predictor workspace; not full final model-suite importance,mapped,Feature mapped to the canonical AE-FEAT-IMPORT 11-family taxonomy.
AE-FEAT-IMPORT-006R,individual_feature_log_odds_rebuild_20260602_gbm,raw,permanent_csi,roll_min_5y_asset_turnover,373,166,mapped,10,rolling_window_statistics,computed,143173,0.0022178055397774677,bounded GBM-only predictor workspace; not full final model-suite importance,mapped,Feature mapped to the canonical AE-FEAT-IMPORT 11-family taxonomy.
AE-FEAT-IMPORT-006R,individual_feature_log_odds_rebuild_20260602_gbm,raw,permanent_csi,acct_mom_earn_yld,243,167,mapped,9,accounting_momentum,computed,143173,0.0022045656989924177,bounded GBM-only predictor workspace; not full final model-suite importance,mapped,Feature mapped to the canonical AE-FEAT-IMPORT 11-family taxonomy.
AE-FEAT-IMPORT-006R,individual_feature_log_odds_rebuild_20260602_gbm,raw,permanent_csi,accel_log_mkvalt,117,168,mapped,3,acceleration,computed,143173,0.002199677616674996,bounded GBM-only predictor workspace; not full final model-suite importance,mapped,Feature mapped to the canonical AE-FEAT-IMPORT 11-family taxonomy.
AE-FEAT-IMPORT-006R,individual_feature_log_odds_rebuild_20260602_gbm,raw,permanent_csi,roll_max_5y_roa,380,169,mapped,10,rolling_window_statistics,computed,143173,0.0021897811926402636,bounded GBM-only predictor workspace; not full final model-suite importance,mapped,Feature mapped to the canonical AE-FEAT-IMPORT 11-family taxonomy.
AE-FEAT-IMPORT-006R,individual_feature_log_odds_rebuild_20260602_gbm,raw,permanent_csi,yoy_rd_intensity,74,170,mapped,2,yoy_changes,computed,143173,0.0021865269352166917,bounded GBM-only predictor workspace; not full final model-suite importance,mapped,Feature mapped to the canonical AE-FEAT-IMPORT 11-family taxonomy.
AE-FEAT-IMPORT-006R,individual_feature_log_odds_rebuild_20260602_gbm,raw,permanent_csi,dd1_ratio,21,171,mapped,1,point_in_time_ratios,computed,143173,0.0021213949265301364,bounded GBM-only predictor workspace; not full final model-suite importance,mapped,Feature mapped to the canonical AE-FEAT-IMPORT 11-family taxonomy.
AE-FEAT-IMPORT-006R,individual_feature_log_odds_rebuild_20260602_gbm,raw,permanent_csi,assets_per_emp,40,172,mapped,1,point_in_time_ratios,computed,143173,0.0020945262289221497,bounded GBM-only predictor workspace; not full final model-suite importance,mapped,Feature mapped to the canonical AE-FEAT-IMPORT 11-family taxonomy.
AE-FEAT-IMPORT-006R,individual_feature_log_odds_rebuild_20260602_gbm,raw,permanent_csi,roll_sd_5y_leverage,397,173,mapped,10,rolling_window_statistics,computed,143173,0.0020855594113205413,bounded GBM-only predictor workspace; not full final model-suite importance,mapped,Feature mapped to the canonical AE-FEAT-IMPORT 11-family taxonomy.
AE-FEAT-IMPORT-006R,individual_feature_log_odds_rebuild_20260602_gbm,raw,permanent_csi,roll_trend_3y_earn_yld,318,174,mapped,10,rolling_window_statistics,computed,143173,0.0020789710622593415,bounded GBM-only predictor workspace; not full final model-suite importance,mapped,Feature mapped to the canonical AE-FEAT-IMPORT 11-family taxonomy.
AE-FEAT-IMPORT-006R,individual_feature_log_odds_rebuild_20260602_gbm,raw,permanent_csi,acct_mom_cash_pct_act,251,175,mapped,9,accounting_momentum,computed,143173,0.002074737138776939,bounded GBM-only predictor workspace; not full final model-suite importance,mapped,Feature mapped to the canonical AE-FEAT-IMPORT 11-family taxonomy.
AE-FEAT-IMPORT-006R,individual_feature_log_odds_rebuild_20260602_gbm,raw,permanent_csi,peak_drop_roe,211,176,mapped,6,peak_deterioration,computed,143173,0.0020322062612220266,bounded GBM-only predictor workspace; not full final model-suite importance,mapped,Feature mapped to the canonical AE-FEAT-IMPORT 11-family taxonomy.
AE-FEAT-IMPORT-006R,individual_feature_log_odds_rebuild_20260602_gbm,raw,permanent_csi,expvol_ocf_per_share,169,177,mapped,5,expanding_volatility,computed,143173,0.0020187616941538863,bounded GBM-only predictor workspace; not full final model-suite importance,mapped,Feature mapped to the canonical AE-FEAT-IMPORT 11-family taxonomy.
AE-FEAT-IMPORT-006R,individual_feature_log_odds_rebuild_20260602_gbm,raw,permanent_csi,roll_max_3y_accruals_ratio,297,178,mapped,10,rolling_window_statistics,computed,143173,0.0020058300175716144,bounded GBM-only predictor workspace; not full final model-suite importance,mapped,Feature mapped to the canonical AE-FEAT-IMPORT 11-family taxonomy.
AE-FEAT-IMPORT-006R,individual_feature_log_odds_rebuild_20260602_gbm,raw,permanent_csi,accel_reinvest_rate,115,179,mapped,3,acceleration,computed,143173,0.0019796960446920235,bounded GBM-only predictor workspace; not full final model-suite importance,mapped,Feature mapped to the canonical AE-FEAT-IMPORT 11-family taxonomy.
AE-FEAT-IMPORT-006R,individual_feature_log_odds_rebuild_20260602_gbm,raw,permanent_csi,expmean_quick_ratio,144,180,mapped,4,expanding_mean,computed,143173,0.001952121051782125,bounded GBM-only predictor workspace; not full final model-suite importance,mapped,Feature mapped to the canonical AE-FEAT-IMPORT 11-family taxonomy.
AE-FEAT-IMPORT-006R,individual_feature_log_odds_rebuild_20260602_gbm,raw,permanent_csi,yoy_gross_margin,54,181,mapped,2,yoy_changes,computed,143173,0.0019349570674405668,bounded GBM-only predictor workspace; not full final model-suite importance,mapped,Feature mapped to the canonical AE-FEAT-IMPORT 11-family taxonomy.
AE-FEAT-IMPORT-006R,individual_feature_log_odds_rebuild_20260602_gbm,raw,permanent_csi,roll_sd_3y_earn_yld,303,182,mapped,10,rolling_window_statistics,computed,143173,0.0018710406187482367,bounded GBM-only predictor workspace; not full final model-suite importance,mapped,Feature mapped to the canonical AE-FEAT-IMPORT 11-family taxonomy.
AE-FEAT-IMPORT-006R,individual_feature_log_odds_rebuild_20260602_gbm,raw,permanent_csi,roll_mean_3y_leverage,262,183,mapped,10,rolling_window_statistics,computed,143173,0.0018331875793499543,bounded GBM-only predictor workspace; not full final model-suite importance,mapped,Feature mapped to the canonical AE-FEAT-IMPORT 11-family taxonomy.
AE-FEAT-IMPORT-006R,individual_feature_log_odds_rebuild_20260602_gbm,raw,permanent_csi,eff_int_rate,19,184,mapped,1,point_in_time_ratios,computed,143173,0.0018264533056046685,bounded GBM-only predictor workspace; not full final model-suite importance,mapped,Feature mapped to the canonical AE-FEAT-IMPORT 11-family taxonomy.
AE-FEAT-IMPORT-006R,individual_feature_log_odds_rebuild_20260602_gbm,raw,permanent_csi,roll_sd_3y_cash_pct_act,311,185,mapped,10,rolling_window_statistics,computed,143173,0.001825993740189373,bounded GBM-only predictor workspace; not full final model-suite importance,mapped,Feature mapped to the canonical AE-FEAT-IMPORT 11-family taxonomy.
AE-FEAT-IMPORT-006R,individual_feature_log_odds_rebuild_20260602_gbm,raw,permanent_csi,yoy_altman_z2,82,186,mapped,2,yoy_changes,computed,143173,0.001819222601227678,bounded GBM-only predictor workspace; not full final model-suite importance,mapped,Feature mapped to the canonical AE-FEAT-IMPORT 11-family taxonomy.
AE-FEAT-IMPORT-006R,individual_feature_log_odds_rebuild_20260602_gbm,raw,permanent_csi,roll_trend_5y_accruals_ratio,417,187,mapped,10,rolling_window_statistics,computed,143173,0.001816975134462613,bounded GBM-only predictor workspace; not full final model-suite importance,mapped,Feature mapped to the canonical AE-FEAT-IMPORT 11-family taxonomy.
AE-FEAT-IMPORT-006R,individual_feature_log_odds_rebuild_20260602_gbm,raw,permanent_csi,expvol_dd1_ratio,182,188,mapped,5,expanding_volatility,computed,143173,0.0017815302247782532,bounded GBM-only predictor workspace; not full final model-suite importance,mapped,Feature mapped to the canonical AE-FEAT-IMPORT 11-family taxonomy.
AE-FEAT-IMPORT-006R,individual_feature_log_odds_rebuild_20260602_gbm,raw,permanent_csi,expmean_net_debt_ebitda,138,189,mapped,4,expanding_mean,computed,143173,0.0017727311918202342,bounded GBM-only predictor workspace; not full final model-suite importance,mapped,Feature mapped to the canonical AE-FEAT-IMPORT 11-family taxonomy.
AE-FEAT-IMPORT-006R,individual_feature_log_odds_rebuild_20260602_gbm,raw,permanent_csi,roll_trend_3y_roic,321,190,mapped,10,rolling_window_statistics,computed,143173,0.0017496878645534668,bounded GBM-only predictor workspace; not full final model-suite importance,mapped,Feature mapped to the canonical AE-FEAT-IMPORT 11-family taxonomy.
AE-FEAT-IMPORT-006R,individual_feature_log_odds_rebuild_20260602_gbm,raw,permanent_csi,expmean_ebit_roa,133,191,mapped,4,expanding_mean,computed,143173,0.0017378673514760103,bounded GBM-only predictor workspace; not full final model-suite importance,mapped,Feature mapped to the canonical AE-FEAT-IMPORT 11-family taxonomy.
AE-FEAT-IMPORT-006R,individual_feature_log_odds_rebuild_20260602_gbm,raw,permanent_csi,yoy_net_debt_ebitda,58,192,mapped,2,yoy_changes,computed,143173,0.0017370135530370727,bounded GBM-only predictor workspace; not full final model-suite importance,mapped,Feature mapped to the canonical AE-FEAT-IMPORT 11-family taxonomy.
AE-FEAT-IMPORT-006R,individual_feature_log_odds_rebuild_20260602_gbm,raw,permanent_csi,cash_div_cf,29,193,mapped,1,point_in_time_ratios,computed,143173,0.0017320194787516286,bounded GBM-only predictor workspace; not full final model-suite importance,mapped,Feature mapped to the canonical AE-FEAT-IMPORT 11-family taxonomy.
AE-FEAT-IMPORT-006R,individual_feature_log_odds_rebuild_20260602_gbm,raw,permanent_csi,gross_margin,13,194,mapped,1,point_in_time_ratios,computed,143173,0.001725262513384096,bounded GBM-only predictor workspace; not full final model-suite importance,mapped,Feature mapped to the canonical AE-FEAT-IMPORT 11-family taxonomy.
AE-FEAT-IMPORT-006R,individual_feature_log_odds_rebuild_20260602_gbm,raw,permanent_csi,roll_mean_5y_leverage,352,195,mapped,10,rolling_window_statistics,computed,143173,0.0017189568387693394,bounded GBM-only predictor workspace; not full final model-suite importance,mapped,Feature mapped to the canonical AE-FEAT-IMPORT 11-family taxonomy.
AE-FEAT-IMPORT-006R,individual_feature_log_odds_rebuild_20260602_gbm,raw,permanent_csi,roll_sd_3y_asset_turnover,313,196,mapped,10,rolling_window_statistics,computed,143173,0.0016985030771555375,bounded GBM-only predictor workspace; not full final model-suite importance,mapped,Feature mapped to the canonical AE-FEAT-IMPORT 11-family taxonomy.
AE-FEAT-IMPORT-006R,individual_feature_log_odds_rebuild_20260602_gbm,raw,permanent_csi,yoy_ocf_per_share,49,197,mapped,2,yoy_changes,computed,143173,0.0016841983119864985,bounded GBM-only predictor workspace; not full final model-suite importance,mapped,Feature mapped to the canonical AE-FEAT-IMPORT 11-family taxonomy.
AE-FEAT-IMPORT-006R,individual_feature_log_odds_rebuild_20260602_gbm,raw,permanent_csi,yoy_ev_to_sales,68,198,mapped,2,yoy_changes,computed,143173,0.0016746444862848168,bounded GBM-only predictor workspace; not full final model-suite importance,mapped,Feature mapped to the canonical AE-FEAT-IMPORT 11-family taxonomy.
AE-FEAT-IMPORT-006R,individual_feature_log_odds_rebuild_20260602_gbm,raw,permanent_csi,peak_drop_ocf_margin,216,199,mapped,6,peak_deterioration,computed,143173,0.0016706963873805122,bounded GBM-only predictor workspace; not full final model-suite importance,mapped,Feature mapped to the canonical AE-FEAT-IMPORT 11-family taxonomy.
AE-FEAT-IMPORT-006R,individual_feature_log_odds_rebuild_20260602_gbm,raw,permanent_csi,roll_autocorr_5y_current_ratio,430,200,mapped,10,rolling_window_statistics,computed,143173,0.0016441908491964768,bounded GBM-only predictor workspace; not full final model-suite importance,mapped,Feature mapped to the canonical AE-FEAT-IMPORT 11-family taxonomy.
AE-FEAT-IMPORT-006R,individual_feature_log_odds_rebuild_20260602_gbm,raw,permanent_csi,roll_mean_3y_net_debt_ebitda,263,201,mapped,10,rolling_window_statistics,computed,143173,0.0016307190502845847,bounded GBM-only predictor workspace; not full final model-suite importance,mapped,Feature mapped to the canonical AE-FEAT-IMPORT 11-family taxonomy.
AE-FEAT-IMPORT-006R,individual_feature_log_odds_rebuild_20260602_gbm,raw,permanent_csi,roll_mean_5y_cash_pct_act,356,202,mapped,10,rolling_window_statistics,computed,143173,0.0015975180478674672,bounded GBM-only predictor workspace; not full final model-suite importance,mapped,Feature mapped to the canonical AE-FEAT-IMPORT 11-family taxonomy.
AE-FEAT-IMPORT-006R,individual_feature_log_odds_rebuild_20260602_gbm,raw,permanent_csi,roll_max_5y_gross_margin,389,203,mapped,10,rolling_window_statistics,computed,143173,0.0015635813089104422,bounded GBM-only predictor workspace; not full final model-suite importance,mapped,Feature mapped to the canonical AE-FEAT-IMPORT 11-family taxonomy.
AE-FEAT-IMPORT-006R,individual_feature_log_odds_rebuild_20260602_gbm,raw,permanent_csi,roll_max_5y_ebitda_margin,390,204,mapped,10,rolling_window_statistics,computed,143173,0.0015633909279981302,bounded GBM-only predictor workspace; not full final model-suite importance,mapped,Feature mapped to the canonical AE-FEAT-IMPORT 11-family taxonomy.
AE-FEAT-IMPORT-006R,individual_feature_log_odds_rebuild_20260602_gbm,raw,permanent_csi,roll_mean_3y_current_ratio,265,205,mapped,10,rolling_window_statistics,computed,143173,0.0015366678289498396,bounded GBM-only predictor workspace; not full final model-suite importance,mapped,Feature mapped to the canonical AE-FEAT-IMPORT 11-family taxonomy.
AE-FEAT-IMPORT-006R,individual_feature_log_odds_rebuild_20260602_gbm,raw,permanent_csi,roll_autocorr_5y_earn_yld,423,206,mapped,10,rolling_window_statistics,computed,143173,0.0015303477390529296,bounded GBM-only predictor workspace; not full final model-suite importance,mapped,Feature mapped to the canonical AE-FEAT-IMPORT 11-family taxonomy.
AE-FEAT-IMPORT-006R,individual_feature_log_odds_rebuild_20260602_gbm,raw,permanent_csi,accel_log_emp,118,207,mapped,3,acceleration,computed,143173,0.0015209117991206225,bounded GBM-only predictor workspace; not full final model-suite importance,mapped,Feature mapped to the canonical AE-FEAT-IMPORT 11-family taxonomy.
AE-FEAT-IMPORT-006R,individual_feature_log_odds_rebuild_20260602_gbm,raw,permanent_csi,roll_max_3y_asset_turnover,298,208,mapped,10,rolling_window_statistics,computed,143173,0.001510766898783169,bounded GBM-only predictor workspace; not full final model-suite importance,mapped,Feature mapped to the canonical AE-FEAT-IMPORT 11-family taxonomy.
AE-FEAT-IMPORT-006R,individual_feature_log_odds_rebuild_20260602_gbm,raw,permanent_csi,roll_trend_5y_cash_pct_act,416,209,mapped,10,rolling_window_statistics,computed,143173,0.0014982967484475722,bounded GBM-only predictor workspace; not full final model-suite importance,mapped,Feature mapped to the canonical AE-FEAT-IMPORT 11-family taxonomy.
AE-FEAT-IMPORT-006R,individual_feature_log_odds_rebuild_20260602_gbm,raw,permanent_csi,expmean_ebitda_margin,135,210,mapped,4,expanding_mean,computed,143173,0.001497797372261864,bounded GBM-only predictor workspace; not full final model-suite importance,mapped,Feature mapped to the canonical AE-FEAT-IMPORT 11-family taxonomy.
AE-FEAT-IMPORT-006R,individual_feature_log_odds_rebuild_20260602_gbm,raw,permanent_csi,roll_mean_5y_asset_turnover,358,211,mapped,10,rolling_window_statistics,computed,143173,0.0014970288006657592,bounded GBM-only predictor workspace; not full final model-suite importance,mapped,Feature mapped to the canonical AE-FEAT-IMPORT 11-family taxonomy.
AE-FEAT-IMPORT-006R,individual_feature_log_odds_rebuild_20260602_gbm,raw,permanent_csi,roll_min_3y_asset_turnover,283,212,mapped,10,rolling_window_statistics,computed,143173,0.001492321974990286,bounded GBM-only predictor workspace; not full final model-suite importance,mapped,Feature mapped to the canonical AE-FEAT-IMPORT 11-family taxonomy.
AE-FEAT-IMPORT-006R,individual_feature_log_odds_rebuild_20260602_gbm,raw,permanent_csi,roll_min_3y_leverage,277,213,mapped,10,rolling_window_statistics,computed,143173,0.0014895665649865156,bounded GBM-only predictor workspace; not full final model-suite importance,mapped,Feature mapped to the canonical AE-FEAT-IMPORT 11-family taxonomy.
AE-FEAT-IMPORT-006R,individual_feature_log_odds_rebuild_20260602_gbm,raw,permanent_csi,roll_max_5y_accruals_ratio,387,214,mapped,10,rolling_window_statistics,computed,143173,0.0014861879721140548,bounded GBM-only predictor workspace; not full final model-suite importance,mapped,Feature mapped to the canonical AE-FEAT-IMPORT 11-family taxonomy.
AE-FEAT-IMPORT-006R,individual_feature_log_odds_rebuild_20260602_gbm,raw,permanent_csi,expmean_log_at,156,215,mapped,4,expanding_mean,computed,143173,0.0014809021329281876,bounded GBM-only predictor workspace; not full final model-suite importance,mapped,Feature mapped to the canonical AE-FEAT-IMPORT 11-family taxonomy.
AE-FEAT-IMPORT-006R,individual_feature_log_odds_rebuild_20260602_gbm,raw,permanent_csi,roll_max_5y_interest_cov,384,216,mapped,10,rolling_window_statistics,computed,143173,0.0014683381229948428,bounded GBM-only predictor workspace; not full final model-suite importance,mapped,Feature mapped to the canonical AE-FEAT-IMPORT 11-family taxonomy.
AE-FEAT-IMPORT-006R,individual_feature_log_odds_rebuild_20260602_gbm,raw,permanent_csi,yoy_ebit_roa,53,217,mapped,2,yoy_changes,computed,143173,0.001464195940819614,bounded GBM-only predictor workspace; not full final model-suite importance,mapped,Feature mapped to the canonical AE-FEAT-IMPORT 11-family taxonomy.
AE-FEAT-IMPORT-006R,individual_feature_log_odds_rebuild_20260602_gbm,raw,permanent_csi,roll_sd_5y_gross_margin,404,218,mapped,10,rolling_window_statistics,computed,143173,0.0014631686687899832,bounded GBM-only predictor workspace; not full final model-suite importance,mapped,Feature mapped to the canonical AE-FEAT-IMPORT 11-family taxonomy.
AE-FEAT-IMPORT-006R,individual_feature_log_odds_rebuild_20260602_gbm,raw,permanent_csi,roll_max_5y_log_at,392,219,mapped,10,rolling_window_statistics,computed,143173,0.0014548404255720724,bounded GBM-only predictor workspace; not full final model-suite importance,mapped,Feature mapped to the canonical AE-FEAT-IMPORT 11-family taxonomy.
AE-FEAT-IMPORT-006R,individual_feature_log_odds_rebuild_20260602_gbm,raw,permanent_csi,peak_drop_ocf_per_share,209,220,mapped,6,peak_deterioration,computed,143173,0.0014461206374315402,bounded GBM-only predictor workspace; not full final model-suite importance,mapped,Feature mapped to the canonical AE-FEAT-IMPORT 11-family taxonomy.
AE-FEAT-IMPORT-006R,individual_feature_log_odds_rebuild_20260602_gbm,raw,permanent_csi,roll_trend_3y_asset_turnover,328,221,mapped,10,rolling_window_statistics,computed,143173,0.0014092013119445291,bounded GBM-only predictor workspace; not full final model-suite importance,mapped,Feature mapped to the canonical AE-FEAT-IMPORT 11-family taxonomy.
AE-FEAT-IMPORT-006R,individual_feature_log_odds_rebuild_20260602_gbm,raw,permanent_csi,accel_bp_ratio,107,222,mapped,3,acceleration,computed,143173,0.0014065188301971817,bounded GBM-only predictor workspace; not full final model-suite importance,mapped,Feature mapped to the canonical AE-FEAT-IMPORT 11-family taxonomy.
AE-FEAT-IMPORT-006R,individual_feature_log_odds_rebuild_20260602_gbm,raw,permanent_csi,yoy_ocf_margin,56,223,mapped,2,yoy_changes,computed,143173,0.0014005258321834549,bounded GBM-only predictor workspace; not full final model-suite importance,mapped,Feature mapped to the canonical AE-FEAT-IMPORT 11-family taxonomy.
AE-FEAT-IMPORT-006R,individual_feature_log_odds_rebuild_20260602_gbm,raw,permanent_csi,roll_sd_5y_asset_turnover,403,224,mapped,10,rolling_window_statistics,computed,143173,0.001387227402495962,bounded GBM-only predictor workspace; not full final model-suite importance,mapped,Feature mapped to the canonical AE-FEAT-IMPORT 11-family taxonomy.
AE-FEAT-IMPORT-006R,individual_feature_log_odds_rebuild_20260602_gbm,raw,permanent_csi,roll_sd_5y_accruals_ratio,402,225,mapped,10,rolling_window_statistics,computed,143173,0.0013792239520057268,bounded GBM-only predictor workspace; not full final model-suite importance,mapped,Feature mapped to the canonical AE-FEAT-IMPORT 11-family taxonomy.
AE-FEAT-IMPORT-006R,individual_feature_log_odds_rebuild_20260602_gbm,raw,permanent_csi,acct_mom_roic,246,226,mapped,9,accounting_momentum,computed,143173,0.0013724361315811165,bounded GBM-only predictor workspace; not full final model-suite importance,mapped,Feature mapped to the canonical AE-FEAT-IMPORT 11-family taxonomy.
AE-FEAT-IMPORT-006R,individual_feature_log_odds_rebuild_20260602_gbm,raw,permanent_csi,roll_mean_5y_net_debt_ebitda,353,227,mapped,10,rolling_window_statistics,computed,143173,0.001371584894604296,bounded GBM-only predictor workspace; not full final model-suite importance,mapped,Feature mapped to the canonical AE-FEAT-IMPORT 11-family taxonomy.
AE-FEAT-IMPORT-006R,individual_feature_log_odds_rebuild_20260602_gbm,raw,permanent_csi,yoy_wcap_ratio,66,228,mapped,2,yoy_changes,computed,143173,0.0013678980010635982,bounded GBM-only predictor workspace; not full final model-suite importance,mapped,Feature mapped to the canonical AE-FEAT-IMPORT 11-family taxonomy.
AE-FEAT-IMPORT-006R,individual_feature_log_odds_rebuild_20260602_gbm,raw,permanent_csi,roll_mean_5y_accruals_ratio,357,229,mapped,10,rolling_window_statistics,computed,143173,0.0013578704026466712,bounded GBM-only predictor workspace; not full final model-suite importance,mapped,Feature mapped to the canonical AE-FEAT-IMPORT 11-family taxonomy.
AE-FEAT-IMPORT-006R,individual_feature_log_odds_rebuild_20260602_gbm,raw,permanent_csi,yoy_altman_z4,83,230,mapped,2,yoy_changes,computed,143173,0.0013527828458220802,bounded GBM-only predictor workspace; not full final model-suite importance,mapped,Feature mapped to the canonical AE-FEAT-IMPORT 11-family taxonomy.
AE-FEAT-IMPORT-006R,individual_feature_log_odds_rebuild_20260602_gbm,raw,permanent_csi,rental_ratio,39,231,mapped,1,point_in_time_ratios,computed,143173,0.001351664965466526,bounded GBM-only predictor workspace; not full final model-suite importance,mapped,Feature mapped to the canonical AE-FEAT-IMPORT 11-family taxonomy.
AE-FEAT-IMPORT-006R,individual_feature_log_odds_rebuild_20260602_gbm,raw,permanent_csi,expmean_asset_turnover,152,232,mapped,4,expanding_mean,computed,143173,0.0013369091594887725,bounded GBM-only predictor workspace; not full final model-suite importance,mapped,Feature mapped to the canonical AE-FEAT-IMPORT 11-family taxonomy.
AE-FEAT-IMPORT-006R,individual_feature_log_odds_rebuild_20260602_gbm,raw,permanent_csi,expvol_invest_st_ratio,205,233,mapped,5,expanding_volatility,computed,143173,0.0013365754986115709,bounded GBM-only predictor workspace; not full final model-suite importance,mapped,Feature mapped to the canonical AE-FEAT-IMPORT 11-family taxonomy.
AE-FEAT-IMPORT-006R,individual_feature_log_odds_rebuild_20260602_gbm,raw,permanent_csi,accel_log_return,126,234,mapped,3,acceleration,computed,143173,0.0013322035441717384,bounded GBM-only predictor workspace; not full final model-suite importance,mapped,Feature mapped to the canonical AE-FEAT-IMPORT 11-family taxonomy.
AE-FEAT-IMPORT-006R,individual_feature_log_odds_rebuild_20260602_gbm,raw,permanent_csi,roll_mean_3y_ebitda_margin,270,235,mapped,10,rolling_window_statistics,computed,143173,0.0013260920097714342,bounded GBM-only predictor workspace; not full final model-suite importance,mapped,Feature mapped to the canonical AE-FEAT-IMPORT 11-family taxonomy.
AE-FEAT-IMPORT-006R,individual_feature_log_odds_rebuild_20260602_gbm,raw,permanent_csi,yoy_reinvest_rate,75,236,mapped,2,yoy_changes,computed,143173,0.0013135612282106123,bounded GBM-only predictor workspace; not full final model-suite importance,mapped,Feature mapped to the canonical AE-FEAT-IMPORT 11-family taxonomy.
AE-FEAT-IMPORT-006R,individual_feature_log_odds_rebuild_20260602_gbm,raw,permanent_csi,expmean_gross_margin,134,237,mapped,4,expanding_mean,computed,143173,0.0012979560088825066,bounded GBM-only predictor workspace; not full final model-suite importance,mapped,Feature mapped to the canonical AE-FEAT-IMPORT 11-family taxonomy.
AE-FEAT-IMPORT-006R,individual_feature_log_odds_rebuild_20260602_gbm,raw,permanent_csi,roll_max_3y_log_at,302,238,mapped,10,rolling_window_statistics,computed,143173,0.0012896067296256969,bounded GBM-only predictor workspace; not full final model-suite importance,mapped,Feature mapped to the canonical AE-FEAT-IMPORT 11-family taxonomy.
AE-FEAT-IMPORT-006R,individual_feature_log_odds_rebuild_20260602_gbm,raw,permanent_csi,expmean_eff_int_rate,140,239,mapped,4,expanding_mean,computed,143173,0.0012868311630107978,bounded GBM-only predictor workspace; not full final model-suite importance,mapped,Feature mapped to the canonical AE-FEAT-IMPORT 11-family taxonomy.
AE-FEAT-IMPORT-006R,individual_feature_log_odds_rebuild_20260602_gbm,raw,permanent_csi,roll_mean_3y_asset_turnover,268,240,mapped,10,rolling_window_statistics,computed,143173,0.0012810396940527071,bounded GBM-only predictor workspace; not full final model-suite importance,mapped,Feature mapped to the canonical AE-FEAT-IMPORT 11-family taxonomy.
AE-FEAT-IMPORT-006R,individual_feature_log_odds_rebuild_20260602_gbm,raw,permanent_csi,yoy_assets_per_emp,80,241,mapped,2,yoy_changes,computed,143173,0.001278926475524479,bounded GBM-only predictor workspace; not full final model-suite importance,mapped,Feature mapped to the canonical AE-FEAT-IMPORT 11-family taxonomy.
AE-FEAT-IMPORT-006R,individual_feature_log_odds_rebuild_20260602_gbm,raw,permanent_csi,expmean_std_debt_pct,139,242,mapped,4,expanding_mean,computed,143173,0.0012623415714795574,bounded GBM-only predictor workspace; not full final model-suite importance,mapped,Feature mapped to the canonical AE-FEAT-IMPORT 11-family taxonomy.
AE-FEAT-IMPORT-006R,individual_feature_log_odds_rebuild_20260602_gbm,raw,permanent_csi,roll_max_5y_log_mkvalt,391,243,mapped,10,rolling_window_statistics,computed,143173,0.0012324587448504882,bounded GBM-only predictor workspace; not full final model-suite importance,mapped,Feature mapped to the canonical AE-FEAT-IMPORT 11-family taxonomy.
AE-FEAT-IMPORT-006R,individual_feature_log_odds_rebuild_20260602_gbm,raw,permanent_csi,accel_leverage,97,244,mapped,3,acceleration,computed,143173,0.0012181600553095163,bounded GBM-only predictor workspace; not full final model-suite importance,mapped,Feature mapped to the canonical AE-FEAT-IMPORT 11-family taxonomy.
AE-FEAT-IMPORT-006R,individual_feature_log_odds_rebuild_20260602_gbm,raw,permanent_csi,expmean_altman_z,164,245,mapped,4,expanding_mean,computed,143173,0.0012106000299892498,bounded GBM-only predictor workspace; not full final model-suite importance,mapped,Feature mapped to the canonical AE-FEAT-IMPORT 11-family taxonomy.
AE-FEAT-IMPORT-006R,individual_feature_log_odds_rebuild_20260602_gbm,raw,permanent_csi,roll_mean_5y_log_mkvalt,361,246,mapped,10,rolling_window_statistics,computed,143173,0.0012103973750565466,bounded GBM-only predictor workspace; not full final model-suite importance,mapped,Feature mapped to the canonical AE-FEAT-IMPORT 11-family taxonomy.
AE-FEAT-IMPORT-006R,individual_feature_log_odds_rebuild_20260602_gbm,raw,permanent_csi,roll_sd_3y_leverage,307,247,mapped,10,rolling_window_statistics,computed,143173,0.0012058994507327815,bounded GBM-only predictor workspace; not full final model-suite importance,mapped,Feature mapped to the canonical AE-FEAT-IMPORT 11-family taxonomy.
AE-FEAT-IMPORT-006R,individual_feature_log_odds_rebuild_20260602_gbm,raw,permanent_csi,interact_cov_rate,447,248,mapped,11,price_momentum_volatility_and_macro_interactions,computed,143173,0.0011825115763600968,bounded GBM-only predictor workspace; not full final model-suite importance,mapped,Feature mapped to the canonical AE-FEAT-IMPORT 11-family taxonomy.
AE-FEAT-IMPORT-006R,individual_feature_log_odds_rebuild_20260602_gbm,raw,permanent_csi,roll_sd_3y_log_mkvalt,316,249,mapped,10,rolling_window_statistics,computed,143173,0.0011811950222140807,bounded GBM-only predictor workspace; not full final model-suite importance,mapped,Feature mapped to the canonical AE-FEAT-IMPORT 11-family taxonomy.
AE-FEAT-IMPORT-006R,individual_feature_log_odds_rebuild_20260602_gbm,raw,permanent_csi,trough_rise_std_debt_pct,228,250,mapped,7,trough_rise,computed,143173,0.001176405392236136,bounded GBM-only predictor workspace; not full final model-suite importance,mapped,Feature mapped to the canonical AE-FEAT-IMPORT 11-family taxonomy.
AE-FEAT-IMPORT-006R,individual_feature_log_odds_rebuild_20260602_gbm,raw,permanent_csi,expmean_ni_per_emp,161,251,mapped,4,expanding_mean,computed,143173,0.001155738842678554,bounded GBM-only predictor workspace; not full final model-suite importance,mapped,Feature mapped to the canonical AE-FEAT-IMPORT 11-family taxonomy.
AE-FEAT-IMPORT-006R,individual_feature_log_odds_rebuild_20260602_gbm,raw,permanent_csi,roll_min_5y_leverage,367,252,mapped,10,rolling_window_statistics,computed,143173,0.0011538172623749463,bounded GBM-only predictor workspace; not full final model-suite importance,mapped,Feature mapped to the canonical AE-FEAT-IMPORT 11-family taxonomy.
AE-FEAT-IMPORT-006R,individual_feature_log_odds_rebuild_20260602_gbm,raw,permanent_csi,roll_trend_3y_roa,320,253,mapped,10,rolling_window_statistics,computed,143173,0.001153737864832035,bounded GBM-only predictor workspace; not full final model-suite importance,mapped,Feature mapped to the canonical AE-FEAT-IMPORT 11-family taxonomy.
AE-FEAT-IMPORT-006R,individual_feature_log_odds_rebuild_20260602_gbm,raw,permanent_csi,roll_trend_5y_log_mkvalt,421,254,mapped,10,rolling_window_statistics,computed,143173,0.0011509796010595872,bounded GBM-only predictor workspace; not full final model-suite importance,mapped,Feature mapped to the canonical AE-FEAT-IMPORT 11-family taxonomy.
AE-FEAT-IMPORT-006R,individual_feature_log_odds_rebuild_20260602_gbm,raw,permanent_csi,accel_earn_yld,88,255,mapped,3,acceleration,computed,143173,0.0011450657541137643,bounded GBM-only predictor workspace; not full final model-suite importance,mapped,Feature mapped to the canonical AE-FEAT-IMPORT 11-family taxonomy.
AE-FEAT-IMPORT-006R,individual_feature_log_odds_rebuild_20260602_gbm,raw,permanent_csi,roll_sd_5y_current_ratio,400,256,mapped,10,rolling_window_statistics,computed,143173,0.0011412802150617958,bounded GBM-only predictor workspace; not full final model-suite importance,mapped,Feature mapped to the canonical AE-FEAT-IMPORT 11-family taxonomy.
AE-FEAT-IMPORT-006R,individual_feature_log_odds_rebuild_20260602_gbm,raw,permanent_csi,roll_sd_5y_log_mkvalt,406,257,mapped,10,rolling_window_statistics,computed,143173,0.0011337737723848128,bounded GBM-only predictor workspace; not full final model-suite importance,mapped,Feature mapped to the canonical AE-FEAT-IMPORT 11-family taxonomy.
AE-FEAT-IMPORT-006R,individual_feature_log_odds_rebuild_20260602_gbm,raw,permanent_csi,yoy_ann_return,87,258,mapped,2,yoy_changes,computed,143173,0.00112232272629799,bounded GBM-only predictor workspace; not full final model-suite importance,mapped,Feature mapped to the canonical AE-FEAT-IMPORT 11-family taxonomy.
AE-FEAT-IMPORT-006R,individual_feature_log_odds_rebuild_20260602_gbm,raw,permanent_csi,roll_sd_3y_ebitda_margin,315,259,mapped,10,rolling_window_statistics,computed,143173,0.0011187679707226437,bounded GBM-only predictor workspace; not full final model-suite importance,mapped,Feature mapped to the canonical AE-FEAT-IMPORT 11-family taxonomy.
AE-FEAT-IMPORT-006R,individual_feature_log_odds_rebuild_20260602_gbm,raw,permanent_csi,roll_mean_3y_log_at,272,260,mapped,10,rolling_window_statistics,computed,143173,0.0011168254928413052,bounded GBM-only predictor workspace; not full final model-suite importance,mapped,Feature mapped to the canonical AE-FEAT-IMPORT 11-family taxonomy.
AE-FEAT-IMPORT-006R,individual_feature_log_odds_rebuild_20260602_gbm,raw,permanent_csi,yoy_mkt_to_book,70,261,mapped,2,yoy_changes,computed,143173,0.0011142353995382318,bounded GBM-only predictor workspace; not full final model-suite importance,mapped,Feature mapped to the canonical AE-FEAT-IMPORT 11-family taxonomy.
AE-FEAT-IMPORT-006R,individual_feature_log_odds_rebuild_20260602_gbm,raw,permanent_csi,acct_mom_roa,245,262,mapped,9,accounting_momentum,computed,143173,0.0011137038523677475,bounded GBM-only predictor workspace; not full final model-suite importance,mapped,Feature mapped to the canonical AE-FEAT-IMPORT 11-family taxonomy.
AE-FEAT-IMPORT-006R,individual_feature_log_odds_rebuild_20260602_gbm,raw,permanent_csi,expvol_ni_per_emp,201,263,mapped,5,expanding_volatility,computed,143173,0.0011116152587496218,bounded GBM-only predictor workspace; not full final model-suite importance,mapped,Feature mapped to the canonical AE-FEAT-IMPORT 11-family taxonomy.
AE-FEAT-IMPORT-006R,individual_feature_log_odds_rebuild_20260602_gbm,raw,permanent_csi,trough_rise_rental_ratio,231,264,mapped,7,trough_rise,computed,143173,0.0011060518620101562,bounded GBM-only predictor workspace; not full final model-suite importance,mapped,Feature mapped to the canonical AE-FEAT-IMPORT 11-family taxonomy.
AE-FEAT-IMPORT-006R,individual_feature_log_odds_rebuild_20260602_gbm,raw,permanent_csi,roll_autocorr_5y_net_debt_ebitda,428,265,mapped,10,rolling_window_statistics,computed,143173,0.0011053361152363057,bounded GBM-only predictor workspace; not full final model-suite importance,mapped,Feature mapped to the canonical AE-FEAT-IMPORT 11-family taxonomy.
AE-FEAT-IMPORT-006R,individual_feature_log_odds_rebuild_20260602_gbm,raw,permanent_csi,accel_asset_turnover,112,266,mapped,3,acceleration,computed,143173,0.0010802170311086617,bounded GBM-only predictor workspace; not full final model-suite importance,mapped,Feature mapped to the canonical AE-FEAT-IMPORT 11-family taxonomy.
AE-FEAT-IMPORT-006R,individual_feature_log_odds_rebuild_20260602_gbm,raw,permanent_csi,roll_autocorr_5y_accruals_ratio,432,267,mapped,10,rolling_window_statistics,computed,143173,0.001077279437054581,bounded GBM-only predictor workspace; not full final model-suite importance,mapped,Feature mapped to the canonical AE-FEAT-IMPORT 11-family taxonomy.
AE-FEAT-IMPORT-006R,individual_feature_log_odds_rebuild_20260602_gbm,raw,permanent_csi,acct_mom_asset_turnover,253,268,mapped,9,accounting_momentum,computed,143173,0.0010646891879288153,bounded GBM-only predictor workspace; not full final model-suite importance,mapped,Feature mapped to the canonical AE-FEAT-IMPORT 11-family taxonomy.
AE-FEAT-IMPORT-006R,individual_feature_log_odds_rebuild_20260602_gbm,raw,permanent_csi,recession,460,269,mapped,1,point_in_time_ratios,computed,143173,0.001053571414913045,bounded GBM-only predictor workspace; not full final model-suite importance,mapped,Feature mapped to the canonical AE-FEAT-IMPORT 11-family taxonomy.
AE-FEAT-IMPORT-006R,individual_feature_log_odds_rebuild_20260602_gbm,raw,permanent_csi,yoy_dd1_ratio,62,270,mapped,2,yoy_changes,computed,143173,0.00104488900590683,bounded GBM-only predictor workspace; not full final model-suite importance,mapped,Feature mapped to the canonical AE-FEAT-IMPORT 11-family taxonomy.
AE-FEAT-IMPORT-006R,individual_feature_log_odds_rebuild_20260602_gbm,raw,permanent_csi,expmean_wcap_ratio,146,271,mapped,4,expanding_mean,computed,143173,0.0010382638811683895,bounded GBM-only predictor workspace; not full final model-suite importance,mapped,Feature mapped to the canonical AE-FEAT-IMPORT 11-family taxonomy.
AE-FEAT-IMPORT-006R,individual_feature_log_odds_rebuild_20260602_gbm,raw,permanent_csi,roll_max_3y_ebitda_margin,300,272,mapped,10,rolling_window_statistics,computed,143173,0.0010377397515809901,bounded GBM-only predictor workspace; not full final model-suite importance,mapped,Feature mapped to the canonical AE-FEAT-IMPORT 11-family taxonomy.
AE-FEAT-IMPORT-006R,individual_feature_log_odds_rebuild_20260602_gbm,raw,permanent_csi,roll_autocorr_5y_roa,425,273,mapped,10,rolling_window_statistics,computed,143173,0.001034814532893482,bounded GBM-only predictor workspace; not full final model-suite importance,mapped,Feature mapped to the canonical AE-FEAT-IMPORT 11-family taxonomy.
AE-FEAT-IMPORT-006R,individual_feature_log_odds_rebuild_20260602_gbm,raw,permanent_csi,roll_max_3y_roic,291,274,mapped,10,rolling_window_statistics,computed,143173,0.0010335865279283683,bounded GBM-only predictor workspace; not full final model-suite importance,mapped,Feature mapped to the canonical AE-FEAT-IMPORT 11-family taxonomy.
AE-FEAT-IMPORT-006R,individual_feature_log_odds_rebuild_20260602_gbm,raw,permanent_csi,roll_trend_3y_current_ratio,325,275,mapped,10,rolling_window_statistics,computed,143173,0.0010334992946338362,bounded GBM-only predictor workspace; not full final model-suite importance,mapped,Feature mapped to the canonical AE-FEAT-IMPORT 11-family taxonomy.
AE-FEAT-IMPORT-006R,individual_feature_log_odds_rebuild_20260602_gbm,raw,permanent_csi,roll_max_5y_earn_yld,378,276,mapped,10,rolling_window_statistics,computed,143173,0.0010224908012815793,bounded GBM-only predictor workspace; not full final model-suite importance,mapped,Feature mapped to the canonical AE-FEAT-IMPORT 11-family taxonomy.
AE-FEAT-IMPORT-006R,individual_feature_log_odds_rebuild_20260602_gbm,raw,permanent_csi,roll_max_3y_cash_pct_act,296,277,mapped,10,rolling_window_statistics,computed,143173,0.0010196586239242954,bounded GBM-only predictor workspace; not full final model-suite importance,mapped,Feature mapped to the canonical AE-FEAT-IMPORT 11-family taxonomy.
AE-FEAT-IMPORT-006R,individual_feature_log_odds_rebuild_20260602_gbm,raw,permanent_csi,yoy_leverage,57,278,mapped,2,yoy_changes,computed,143173,0.001019379314497689,bounded GBM-only predictor workspace; not full final model-suite importance,mapped,Feature mapped to the canonical AE-FEAT-IMPORT 11-family taxonomy.
AE-FEAT-IMPORT-006R,individual_feature_log_odds_rebuild_20260602_gbm,raw,permanent_csi,peak_drop_asset_turnover,222,279,mapped,6,peak_deterioration,computed,143173,0.001016951872042681,bounded GBM-only predictor workspace; not full final model-suite importance,mapped,Feature mapped to the canonical AE-FEAT-IMPORT 11-family taxonomy.
AE-FEAT-IMPORT-006R,individual_feature_log_odds_rebuild_20260602_gbm,raw,permanent_csi,roll_min_5y_ebitda_margin,375,280,mapped,10,rolling_window_statistics,computed,143173,0.00100712905450105,bounded GBM-only predictor workspace; not full final model-suite importance,mapped,Feature mapped to the canonical AE-FEAT-IMPORT 11-family taxonomy.
AE-FEAT-IMPORT-006R,individual_feature_log_odds_rebuild_20260602_gbm,raw,permanent_csi,peak_drop_cash_pct_act,219,281,mapped,6,peak_deterioration,computed,143173,0.0010015625460541838,bounded GBM-only predictor workspace; not full final model-suite importance,mapped,Feature mapped to the canonical AE-FEAT-IMPORT 11-family taxonomy.
AE-FEAT-IMPORT-006R,individual_feature_log_odds_rebuild_20260602_gbm,raw,permanent_csi,accel_ann_return,127,282,mapped,3,acceleration,computed,143173,0.000997958220296505,bounded GBM-only predictor workspace; not full final model-suite importance,mapped,Feature mapped to the canonical AE-FEAT-IMPORT 11-family taxonomy.
AE-FEAT-IMPORT-006R,individual_feature_log_odds_rebuild_20260602_gbm,raw,permanent_csi,roll_mean_3y_interest_cov,264,283,mapped,10,rolling_window_statistics,computed,143173,0.0009963651031841888,bounded GBM-only predictor workspace; not full final model-suite importance,mapped,Feature mapped to the canonical AE-FEAT-IMPORT 11-family taxonomy.
AE-FEAT-IMPORT-006R,individual_feature_log_odds_rebuild_20260602_gbm,raw,permanent_csi,expmean_roe,131,284,mapped,4,expanding_mean,computed,143173,0.0009803976833394905,bounded GBM-only predictor workspace; not full final model-suite importance,mapped,Feature mapped to the canonical AE-FEAT-IMPORT 11-family taxonomy.
AE-FEAT-IMPORT-006R,individual_feature_log_odds_rebuild_20260602_gbm,raw,permanent_csi,accel_accruals_ratio,111,285,mapped,3,acceleration,computed,143173,0.0009737537106790333,bounded GBM-only predictor workspace; not full final model-suite importance,mapped,Feature mapped to the canonical AE-FEAT-IMPORT 11-family taxonomy.
AE-FEAT-IMPORT-006R,individual_feature_log_odds_rebuild_20260602_gbm,raw,permanent_csi,expvol_rental_ratio,199,286,mapped,5,expanding_volatility,computed,143173,0.000962838569536584,bounded GBM-only predictor workspace; not full final model-suite importance,mapped,Feature mapped to the canonical AE-FEAT-IMPORT 11-family taxonomy.
AE-FEAT-IMPORT-006R,individual_feature_log_odds_rebuild_20260602_gbm,raw,permanent_csi,roll_trend_5y_roa,410,287,mapped,10,rolling_window_statistics,computed,143173,0.0009621289618552944,bounded GBM-only predictor workspace; not full final model-suite importance,mapped,Feature mapped to the canonical AE-FEAT-IMPORT 11-family taxonomy.
AE-FEAT-IMPORT-006R,individual_feature_log_odds_rebuild_20260602_gbm,raw,permanent_csi,roll_min_5y_accruals_ratio,372,288,mapped,10,rolling_window_statistics,computed,143173,0.0009446537031431651,bounded GBM-only predictor workspace; not full final model-suite importance,mapped,Feature mapped to the canonical AE-FEAT-IMPORT 11-family taxonomy.
AE-FEAT-IMPORT-006R,individual_feature_log_odds_rebuild_20260602_gbm,raw,permanent_csi,roll_trend_3y_ebitda_margin,330,289,mapped,10,rolling_window_statistics,computed,143173,0.0009423112758021432,bounded GBM-only predictor workspace; not full final model-suite importance,mapped,Feature mapped to the canonical AE-FEAT-IMPORT 11-family taxonomy.
AE-FEAT-IMPORT-006R,individual_feature_log_odds_rebuild_20260602_gbm,raw,permanent_csi,accel_net_debt_ebitda,98,290,mapped,3,acceleration,computed,143173,0.0009338967407061976,bounded GBM-only predictor workspace; not full final model-suite importance,mapped,Feature mapped to the canonical AE-FEAT-IMPORT 11-family taxonomy.
AE-FEAT-IMPORT-006R,individual_feature_log_odds_rebuild_20260602_gbm,raw,permanent_csi,expvol_ebitda_margin,175,291,mapped,5,expanding_volatility,computed,143173,0.000929517952065926,bounded GBM-only predictor workspace; not full final model-suite importance,mapped,Feature mapped to the canonical AE-FEAT-IMPORT 11-family taxonomy.
AE-FEAT-IMPORT-006R,individual_feature_log_odds_rebuild_20260602_gbm,raw,permanent_csi,expvol_rd_intensity,194,292,mapped,5,expanding_volatility,computed,143173,0.0009245878792459674,bounded GBM-only predictor workspace; not full final model-suite importance,mapped,Feature mapped to the canonical AE-FEAT-IMPORT 11-family taxonomy.
AE-FEAT-IMPORT-006R,individual_feature_log_odds_rebuild_20260602_gbm,raw,permanent_csi,expvol_log_emp,198,293,mapped,5,expanding_volatility,computed,143173,0.0009232848136797095,bounded GBM-only predictor workspace; not full final model-suite importance,mapped,Feature mapped to the canonical AE-FEAT-IMPORT 11-family taxonomy.
AE-FEAT-IMPORT-006R,individual_feature_log_odds_rebuild_20260602_gbm,raw,permanent_csi,roll_autocorr_3y_gross_margin,344,294,mapped,10,rolling_window_statistics,computed,143173,0.0009217042237903425,bounded GBM-only predictor workspace; not full final model-suite importance,mapped,Feature mapped to the canonical AE-FEAT-IMPORT 11-family taxonomy.
AE-FEAT-IMPORT-006R,individual_feature_log_odds_rebuild_20260602_gbm,raw,permanent_csi,roll_sd_5y_ocf_per_share,394,295,mapped,10,rolling_window_statistics,computed,143173,0.0009210884350270587,bounded GBM-only predictor workspace; not full final model-suite importance,mapped,Feature mapped to the canonical AE-FEAT-IMPORT 11-family taxonomy.
AE-FEAT-IMPORT-006R,individual_feature_log_odds_rebuild_20260602_gbm,raw,permanent_csi,accel_altman_z2,122,296,mapped,3,acceleration,computed,143173,0.0009190053699817334,bounded GBM-only predictor workspace; not full final model-suite importance,mapped,Feature mapped to the canonical AE-FEAT-IMPORT 11-family taxonomy.
AE-FEAT-IMPORT-006R,individual_feature_log_odds_rebuild_20260602_gbm,raw,permanent_csi,expvol_cash_pct_act,185,297,mapped,5,expanding_volatility,computed,143173,0.0009188095337867896,bounded GBM-only predictor workspace; not full final model-suite importance,mapped,Feature mapped to the canonical AE-FEAT-IMPORT 11-family taxonomy.
AE-FEAT-IMPORT-006R,individual_feature_log_odds_rebuild_20260602_gbm,raw,permanent_csi,trough_rise_net_debt_ebitda,227,298,mapped,7,trough_rise,computed,143173,0.0009110824396351122,bounded GBM-only predictor workspace; not full final model-suite importance,mapped,Feature mapped to the canonical AE-FEAT-IMPORT 11-family taxonomy.
AE-FEAT-IMPORT-006R,individual_feature_log_odds_rebuild_20260602_gbm,raw,permanent_csi,expmean_rental_ratio,159,299,mapped,4,expanding_mean,computed,143173,0.0009055263380997238,bounded GBM-only predictor workspace; not full final model-suite importance,mapped,Feature mapped to the canonical AE-FEAT-IMPORT 11-family taxonomy.
AE-FEAT-IMPORT-006R,individual_feature_log_odds_rebuild_20260602_gbm,raw,permanent_csi,peak_drop_ebit_roa,213,300,mapped,6,peak_deterioration,computed,143173,0.0009045058843042728,bounded GBM-only predictor workspace; not full final model-suite importance,mapped,Feature mapped to the canonical AE-FEAT-IMPORT 11-family taxonomy.
AE-FEAT-IMPORT-006R,individual_feature_log_odds_rebuild_20260602_gbm,raw,permanent_csi,roll_sd_5y_cash_pct_act,401,301,mapped,10,rolling_window_statistics,computed,143173,0.000890389312426434,bounded GBM-only predictor workspace; not full final model-suite importance,mapped,Feature mapped to the canonical AE-FEAT-IMPORT 11-family taxonomy.
AE-FEAT-IMPORT-006R,individual_feature_log_odds_rebuild_20260602_gbm,raw,permanent_csi,roll_autocorr_5y_log_at,437,302,mapped,10,rolling_window_statistics,computed,143173,0.0008868665721483148,bounded GBM-only predictor workspace; not full final model-suite importance,mapped,Feature mapped to the canonical AE-FEAT-IMPORT 11-family taxonomy.
AE-FEAT-IMPORT-006R,individual_feature_log_odds_rebuild_20260602_gbm,raw,permanent_csi,expvol_interest_cov,181,303,mapped,5,expanding_volatility,computed,143173,0.0008858934701403441,bounded GBM-only predictor workspace; not full final model-suite importance,mapped,Feature mapped to the canonical AE-FEAT-IMPORT 11-family taxonomy.
AE-FEAT-IMPORT-006R,individual_feature_log_odds_rebuild_20260602_gbm,raw,permanent_csi,roll_trend_5y_asset_turnover,418,304,mapped,10,rolling_window_statistics,computed,143173,0.0008830339252864906,bounded GBM-only predictor workspace; not full final model-suite importance,mapped,Feature mapped to the canonical AE-FEAT-IMPORT 11-family taxonomy.
AE-FEAT-IMPORT-006R,individual_feature_log_odds_rebuild_20260602_gbm,raw,permanent_csi,yoy_roa,50,305,mapped,2,yoy_changes,computed,143173,0.0008811833545037398,bounded GBM-only predictor workspace; not full final model-suite importance,mapped,Feature mapped to the canonical AE-FEAT-IMPORT 11-family taxonomy.
AE-FEAT-IMPORT-006R,individual_feature_log_odds_rebuild_20260602_gbm,raw,permanent_csi,roll_trend_5y_leverage,412,306,mapped,10,rolling_window_statistics,computed,143173,0.0008754227338833542,bounded GBM-only predictor workspace; not full final model-suite importance,mapped,Feature mapped to the canonical AE-FEAT-IMPORT 11-family taxonomy.
AE-FEAT-IMPORT-006R,individual_feature_log_odds_rebuild_20260602_gbm,raw,permanent_csi,accel_invest_st_ratio,125,307,mapped,3,acceleration,computed,143173,0.0008729162156803682,bounded GBM-only predictor workspace; not full final model-suite importance,mapped,Feature mapped to the canonical AE-FEAT-IMPORT 11-family taxonomy.
AE-FEAT-IMPORT-006R,individual_feature_log_odds_rebuild_20260602_gbm,raw,permanent_csi,roll_autocorr_5y_ocf_per_share,424,308,mapped,10,rolling_window_statistics,computed,143173,0.000870825224394531,bounded GBM-only predictor workspace; not full final model-suite importance,mapped,Feature mapped to the canonical AE-FEAT-IMPORT 11-family taxonomy.
AE-FEAT-IMPORT-006R,individual_feature_log_odds_rebuild_20260602_gbm,raw,permanent_csi,roll_mean_5y_current_ratio,355,309,mapped,10,rolling_window_statistics,computed,143173,0.0008679293609734057,bounded GBM-only predictor workspace; not full final model-suite importance,mapped,Feature mapped to the canonical AE-FEAT-IMPORT 11-family taxonomy.
AE-FEAT-IMPORT-006R,individual_feature_log_odds_rebuild_20260602_gbm,raw,permanent_csi,accel_capex_intensity,113,310,mapped,3,acceleration,computed,143173,0.0008603015614535892,bounded GBM-only predictor workspace; not full final model-suite importance,mapped,Feature mapped to the canonical AE-FEAT-IMPORT 11-family taxonomy.
AE-FEAT-IMPORT-006R,individual_feature_log_odds_rebuild_20260602_gbm,raw,permanent_csi,roll_trend_3y_cash_pct_act,326,311,mapped,10,rolling_window_statistics,computed,143173,0.0008591529035941065,bounded GBM-only predictor workspace; not full final model-suite importance,mapped,Feature mapped to the canonical AE-FEAT-IMPORT 11-family taxonomy.
AE-FEAT-IMPORT-006R,individual_feature_log_odds_rebuild_20260602_gbm,raw,permanent_csi,roll_sd_3y_accruals_ratio,312,312,mapped,10,rolling_window_statistics,computed,143173,0.000856699471986176,bounded GBM-only predictor workspace; not full final model-suite importance,mapped,Feature mapped to the canonical AE-FEAT-IMPORT 11-family taxonomy.
AE-FEAT-IMPORT-006R,individual_feature_log_odds_rebuild_20260602_gbm,raw,permanent_csi,accel_altman_z4,123,313,mapped,3,acceleration,computed,143173,0.0008533720546468311,bounded GBM-only predictor workspace; not full final model-suite importance,mapped,Feature mapped to the canonical AE-FEAT-IMPORT 11-family taxonomy.
AE-FEAT-IMPORT-006R,individual_feature_log_odds_rebuild_20260602_gbm,raw,permanent_csi,acct_mom_ocf_per_share,244,314,mapped,9,accounting_momentum,computed,143173,0.0008499192837388843,bounded GBM-only predictor workspace; not full final model-suite importance,mapped,Feature mapped to the canonical AE-FEAT-IMPORT 11-family taxonomy.
AE-FEAT-IMPORT-006R,individual_feature_log_odds_rebuild_20260602_gbm,raw,permanent_csi,yoy_interest_cov,61,315,mapped,2,yoy_changes,computed,143173,0.000849750577613678,bounded GBM-only predictor workspace; not full final model-suite importance,mapped,Feature mapped to the canonical AE-FEAT-IMPORT 11-family taxonomy.
AE-FEAT-IMPORT-006R,individual_feature_log_odds_rebuild_20260602_gbm,raw,permanent_csi,acct_mom_log_mkvalt,256,316,mapped,9,accounting_momentum,computed,143173,0.0008382671678434769,bounded GBM-only predictor workspace; not full final model-suite importance,mapped,Feature mapped to the canonical AE-FEAT-IMPORT 11-family taxonomy.
AE-FEAT-IMPORT-006R,individual_feature_log_odds_rebuild_20260602_gbm,raw,permanent_csi,roll_trend_5y_ocf_per_share,409,317,mapped,10,rolling_window_statistics,computed,143173,0.0008380243070388805,bounded GBM-only predictor workspace; not full final model-suite importance,mapped,Feature mapped to the canonical AE-FEAT-IMPORT 11-family taxonomy.
AE-FEAT-IMPORT-006R,individual_feature_log_odds_rebuild_20260602_gbm,raw,permanent_csi,accel_gross_margin,94,318,mapped,3,acceleration,computed,143173,0.0008189194869365502,bounded GBM-only predictor workspace; not full final model-suite importance,mapped,Feature mapped to the canonical AE-FEAT-IMPORT 11-family taxonomy.
AE-FEAT-IMPORT-006R,individual_feature_log_odds_rebuild_20260602_gbm,raw,permanent_csi,expmean_reinvest_rate,155,319,mapped,4,expanding_mean,computed,143173,0.0008114647144541334,bounded GBM-only predictor workspace; not full final model-suite importance,mapped,Feature mapped to the canonical AE-FEAT-IMPORT 11-family taxonomy.
AE-FEAT-IMPORT-006R,individual_feature_log_odds_rebuild_20260602_gbm,raw,permanent_csi,yoy_rental_ratio,79,320,mapped,2,yoy_changes,computed,143173,0.0008106299140388196,bounded GBM-only predictor workspace; not full final model-suite importance,mapped,Feature mapped to the canonical AE-FEAT-IMPORT 11-family taxonomy.
AE-FEAT-IMPORT-006R,individual_feature_log_odds_rebuild_20260602_gbm,raw,permanent_csi,expvol_roa,170,321,mapped,5,expanding_volatility,computed,143173,0.0008105077583131405,bounded GBM-only predictor workspace; not full final model-suite importance,mapped,Feature mapped to the canonical AE-FEAT-IMPORT 11-family taxonomy.
AE-FEAT-IMPORT-006R,individual_feature_log_odds_rebuild_20260602_gbm,raw,permanent_csi,roll_min_3y_log_at,287,322,mapped,10,rolling_window_statistics,computed,143173,0.0008058740415138857,bounded GBM-only predictor workspace; not full final model-suite importance,mapped,Feature mapped to the canonical AE-FEAT-IMPORT 11-family taxonomy.
AE-FEAT-IMPORT-006R,individual_feature_log_odds_rebuild_20260602_gbm,raw,permanent_csi,accel_ocf_per_share,89,323,mapped,3,acceleration,computed,143173,0.0008031463863572672,bounded GBM-only predictor workspace; not full final model-suite importance,mapped,Feature mapped to the canonical AE-FEAT-IMPORT 11-family taxonomy.
AE-FEAT-IMPORT-006R,individual_feature_log_odds_rebuild_20260602_gbm,raw,permanent_csi,yoy_asset_turnover,72,324,mapped,2,yoy_changes,computed,143173,0.0007999033241928917,bounded GBM-only predictor workspace; not full final model-suite importance,mapped,Feature mapped to the canonical AE-FEAT-IMPORT 11-family taxonomy.
AE-FEAT-IMPORT-006R,individual_feature_log_odds_rebuild_20260602_gbm,raw,permanent_csi,expmean_dd1_ratio,142,325,mapped,4,expanding_mean,computed,143173,0.0007991141833372775,bounded GBM-only predictor workspace; not full final model-suite importance,mapped,Feature mapped to the canonical AE-FEAT-IMPORT 11-family taxonomy.
AE-FEAT-IMPORT-006R,individual_feature_log_odds_rebuild_20260602_gbm,raw,permanent_csi,accel_current_ratio,103,326,mapped,3,acceleration,computed,143173,0.0007906371277635566,bounded GBM-only predictor workspace; not full final model-suite importance,mapped,Feature mapped to the canonical AE-FEAT-IMPORT 11-family taxonomy.
AE-FEAT-IMPORT-006R,individual_feature_log_odds_rebuild_20260602_gbm,raw,permanent_csi,accel_assets_per_emp,120,327,mapped,3,acceleration,computed,143173,0.0007857667833565307,bounded GBM-only predictor workspace; not full final model-suite importance,mapped,Feature mapped to the canonical AE-FEAT-IMPORT 11-family taxonomy.
AE-FEAT-IMPORT-006R,individual_feature_log_odds_rebuild_20260602_gbm,raw,permanent_csi,yoy_accruals_ratio,71,328,mapped,2,yoy_changes,computed,143173,0.0007801984470272467,bounded GBM-only predictor workspace; not full final model-suite importance,mapped,Feature mapped to the canonical AE-FEAT-IMPORT 11-family taxonomy.
AE-FEAT-IMPORT-006R,individual_feature_log_odds_rebuild_20260602_gbm,raw,permanent_csi,roll_mean_5y_log_at,362,329,mapped,10,rolling_window_statistics,computed,143173,0.0007767741736487587,bounded GBM-only predictor workspace; not full final model-suite importance,mapped,Feature mapped to the canonical AE-FEAT-IMPORT 11-family taxonomy.
AE-FEAT-IMPORT-006R,individual_feature_log_odds_rebuild_20260602_gbm,raw,permanent_csi,roll_sd_5y_interest_cov,399,330,mapped,10,rolling_window_statistics,computed,143173,0.0007753629813844285,bounded GBM-only predictor workspace; not full final model-suite importance,mapped,Feature mapped to the canonical AE-FEAT-IMPORT 11-family taxonomy.
AE-FEAT-IMPORT-006R,individual_feature_log_odds_rebuild_20260602_gbm,raw,permanent_csi,yoy_capex_intensity,73,331,mapped,2,yoy_changes,computed,143173,0.0007728858960195117,bounded GBM-only predictor workspace; not full final model-suite importance,mapped,Feature mapped to the canonical AE-FEAT-IMPORT 11-family taxonomy.
AE-FEAT-IMPORT-006R,individual_feature_log_odds_rebuild_20260602_gbm,raw,permanent_csi,expvol_quick_ratio,184,332,mapped,5,expanding_volatility,computed,143173,0.0007715947192727904,bounded GBM-only predictor workspace; not full final model-suite importance,mapped,Feature mapped to the canonical AE-FEAT-IMPORT 11-family taxonomy.
AE-FEAT-IMPORT-006R,individual_feature_log_odds_rebuild_20260602_gbm,raw,permanent_csi,peak_drop_interest_cov,221,333,mapped,6,peak_deterioration,computed,143173,0.000770607373760738,bounded GBM-only predictor workspace; not full final model-suite importance,mapped,Feature mapped to the canonical AE-FEAT-IMPORT 11-family taxonomy.
AE-FEAT-IMPORT-006R,individual_feature_log_odds_rebuild_20260602_gbm,raw,permanent_csi,roll_autocorr_5y_asset_turnover,433,334,mapped,10,rolling_window_statistics,computed,143173,0.0007704467390178697,bounded GBM-only predictor workspace; not full final model-suite importance,mapped,Feature mapped to the canonical AE-FEAT-IMPORT 11-family taxonomy.
AE-FEAT-IMPORT-006R,individual_feature_log_odds_rebuild_20260602_gbm,raw,permanent_csi,roll_autocorr_5y_ebitda_margin,435,335,mapped,10,rolling_window_statistics,computed,143173,0.0007536121178207669,bounded GBM-only predictor workspace; not full final model-suite importance,mapped,Feature mapped to the canonical AE-FEAT-IMPORT 11-family taxonomy.
AE-FEAT-IMPORT-006R,individual_feature_log_odds_rebuild_20260602_gbm,raw,permanent_csi,roll_max_5y_cash_pct_act,386,336,mapped,10,rolling_window_statistics,computed,143173,0.0007528396010147582,bounded GBM-only predictor workspace; not full final model-suite importance,mapped,Feature mapped to the canonical AE-FEAT-IMPORT 11-family taxonomy.
AE-FEAT-IMPORT-006R,individual_feature_log_odds_rebuild_20260602_gbm,raw,permanent_csi,roll_autocorr_3y_log_at,347,337,mapped,10,rolling_window_statistics,computed,143173,0.000751387274162767,bounded GBM-only predictor workspace; not full final model-suite importance,mapped,Feature mapped to the canonical AE-FEAT-IMPORT 11-family taxonomy.
AE-FEAT-IMPORT-006R,individual_feature_log_odds_rebuild_20260602_gbm,raw,permanent_csi,yoy_invest_st_ratio,85,338,mapped,2,yoy_changes,computed,143173,0.0007438018352217191,bounded GBM-only predictor workspace; not full final model-suite importance,mapped,Feature mapped to the canonical AE-FEAT-IMPORT 11-family taxonomy.
AE-FEAT-IMPORT-006R,individual_feature_log_odds_rebuild_20260602_gbm,raw,permanent_csi,roll_trend_3y_leverage,322,339,mapped,10,rolling_window_statistics,computed,143173,0.0007264114329413866,bounded GBM-only predictor workspace; not full final model-suite importance,mapped,Feature mapped to the canonical AE-FEAT-IMPORT 11-family taxonomy.
AE-FEAT-IMPORT-006R,individual_feature_log_odds_rebuild_20260602_gbm,raw,permanent_csi,roll_mean_3y_gross_margin,269,340,mapped,10,rolling_window_statistics,computed,143173,0.0007237699524766457,bounded GBM-only predictor workspace; not full final model-suite importance,mapped,Feature mapped to the canonical AE-FEAT-IMPORT 11-family taxonomy.
AE-FEAT-IMPORT-006R,individual_feature_log_odds_rebuild_20260602_gbm,raw,permanent_csi,roll_max_3y_current_ratio,295,341,mapped,10,rolling_window_statistics,computed,143173,0.0007230904042056027,bounded GBM-only predictor workspace; not full final model-suite importance,mapped,Feature mapped to the canonical AE-FEAT-IMPORT 11-family taxonomy.
AE-FEAT-IMPORT-006R,individual_feature_log_odds_rebuild_20260602_gbm,raw,permanent_csi,roll_trend_5y_interest_cov,414,342,mapped,10,rolling_window_statistics,computed,143173,0.000716792515016736,bounded GBM-only predictor workspace; not full final model-suite importance,mapped,Feature mapped to the canonical AE-FEAT-IMPORT 11-family taxonomy.
AE-FEAT-IMPORT-006R,individual_feature_log_odds_rebuild_20260602_gbm,raw,permanent_csi,yoy_quick_ratio,64,343,mapped,2,yoy_changes,computed,143173,0.0007161372652296418,bounded GBM-only predictor workspace; not full final model-suite importance,mapped,Feature mapped to the canonical AE-FEAT-IMPORT 11-family taxonomy.
AE-FEAT-IMPORT-006R,individual_feature_log_odds_rebuild_20260602_gbm,raw,permanent_csi,accel_dd1_ratio,102,344,mapped,3,acceleration,computed,143173,0.0007062317339721932,bounded GBM-only predictor workspace; not full final model-suite importance,mapped,Feature mapped to the canonical AE-FEAT-IMPORT 11-family taxonomy.
AE-FEAT-IMPORT-006R,individual_feature_log_odds_rebuild_20260602_gbm,raw,permanent_csi,expvol_capex_intensity,193,345,mapped,5,expanding_volatility,computed,143173,0.0007041722770054293,bounded GBM-only predictor workspace; not full final model-suite importance,mapped,Feature mapped to the canonical AE-FEAT-IMPORT 11-family taxonomy.
AE-FEAT-IMPORT-006R,individual_feature_log_odds_rebuild_20260602_gbm,raw,permanent_csi,roll_max_5y_roic,381,346,mapped,10,rolling_window_statistics,computed,143173,0.0007009993475124513,bounded GBM-only predictor workspace; not full final model-suite importance,mapped,Feature mapped to the canonical AE-FEAT-IMPORT 11-family taxonomy.
AE-FEAT-IMPORT-006R,individual_feature_log_odds_rebuild_20260602_gbm,raw,permanent_csi,acct_mom_interest_cov,249,347,mapped,9,accounting_momentum,computed,143173,0.0006991820072726407,bounded GBM-only predictor workspace; not full final model-suite importance,mapped,Feature mapped to the canonical AE-FEAT-IMPORT 11-family taxonomy.
AE-FEAT-IMPORT-006R,individual_feature_log_odds_rebuild_20260602_gbm,raw,permanent_csi,roll_autocorr_5y_gross_margin,434,348,mapped,10,rolling_window_statistics,computed,143173,0.0006971271679002308,bounded GBM-only predictor workspace; not full final model-suite importance,mapped,Feature mapped to the canonical AE-FEAT-IMPORT 11-family taxonomy.
AE-FEAT-IMPORT-006R,individual_feature_log_odds_rebuild_20260602_gbm,raw,permanent_csi,roll_trend_5y_net_debt_ebitda,413,349,mapped,10,rolling_window_statistics,computed,143173,0.0006873272052156422,bounded GBM-only predictor workspace; not full final model-suite importance,mapped,Feature mapped to the canonical AE-FEAT-IMPORT 11-family taxonomy.
AE-FEAT-IMPORT-006R,individual_feature_log_odds_rebuild_20260602_gbm,raw,permanent_csi,trough_rise_eff_int_rate,229,350,mapped,7,trough_rise,computed,143173,0.0006690094592872045,bounded GBM-only predictor workspace; not full final model-suite importance,mapped,Feature mapped to the canonical AE-FEAT-IMPORT 11-family taxonomy.
AE-FEAT-IMPORT-006R,individual_feature_log_odds_rebuild_20260602_gbm,raw,permanent_csi,yoy_ni_per_emp,81,351,mapped,2,yoy_changes,computed,143173,0.000661758584170795,bounded GBM-only predictor workspace; not full final model-suite importance,mapped,Feature mapped to the canonical AE-FEAT-IMPORT 11-family taxonomy.
AE-FEAT-IMPORT-006R,individual_feature_log_odds_rebuild_20260602_gbm,raw,permanent_csi,expvol_wcap_ratio,186,352,mapped,5,expanding_volatility,computed,143173,0.0006595812165713665,bounded GBM-only predictor workspace; not full final model-suite importance,mapped,Feature mapped to the canonical AE-FEAT-IMPORT 11-family taxonomy.
AE-FEAT-IMPORT-006R,individual_feature_log_odds_rebuild_20260602_gbm,raw,permanent_csi,roll_autocorr_5y_roic,426,353,mapped,10,rolling_window_statistics,computed,143173,0.0006562581490156159,bounded GBM-only predictor workspace; not full final model-suite importance,mapped,Feature mapped to the canonical AE-FEAT-IMPORT 11-family taxonomy.
AE-FEAT-IMPORT-006R,individual_feature_log_odds_rebuild_20260602_gbm,raw,permanent_csi,expvol_std_debt_pct,179,354,mapped,5,expanding_volatility,computed,143173,0.0006536830371803466,bounded GBM-only predictor workspace; not full final model-suite importance,mapped,Feature mapped to the canonical AE-FEAT-IMPORT 11-family taxonomy.
AE-FEAT-IMPORT-006R,individual_feature_log_odds_rebuild_20260602_gbm,raw,permanent_csi,accel_wcap_ratio,106,355,mapped,3,acceleration,computed,143173,0.0006483602053307584,bounded GBM-only predictor workspace; not full final model-suite importance,mapped,Feature mapped to the canonical AE-FEAT-IMPORT 11-family taxonomy.
AE-FEAT-IMPORT-006R,individual_feature_log_odds_rebuild_20260602_gbm,raw,permanent_csi,roll_mean_5y_interest_cov,354,356,mapped,10,rolling_window_statistics,computed,143173,0.0006435221466232954,bounded GBM-only predictor workspace; not full final model-suite importance,mapped,Feature mapped to the canonical AE-FEAT-IMPORT 11-family taxonomy.
AE-FEAT-IMPORT-006R,individual_feature_log_odds_rebuild_20260602_gbm,raw,permanent_csi,roll_min_3y_cash_pct_act,281,357,mapped,10,rolling_window_statistics,computed,143173,0.00064257697217961,bounded GBM-only predictor workspace; not full final model-suite importance,mapped,Feature mapped to the canonical AE-FEAT-IMPORT 11-family taxonomy.
AE-FEAT-IMPORT-006R,individual_feature_log_odds_rebuild_20260602_gbm,raw,permanent_csi,accel_log_at,116,358,mapped,3,acceleration,computed,143173,0.0006419020609898128,bounded GBM-only predictor workspace; not full final model-suite importance,mapped,Feature mapped to the canonical AE-FEAT-IMPORT 11-family taxonomy.
AE-FEAT-IMPORT-006R,individual_feature_log_odds_rebuild_20260602_gbm,raw,permanent_csi,roll_autocorr_5y_interest_cov,429,359,mapped,10,rolling_window_statistics,computed,143173,0.0006192579503493257,bounded GBM-only predictor workspace; not full final model-suite importance,mapped,Feature mapped to the canonical AE-FEAT-IMPORT 11-family taxonomy.
AE-FEAT-IMPORT-006R,individual_feature_log_odds_rebuild_20260602_gbm,raw,permanent_csi,accel_ocf_margin,96,360,mapped,3,acceleration,computed,143173,0.0006122833524516143,bounded GBM-only predictor workspace; not full final model-suite importance,mapped,Feature mapped to the canonical AE-FEAT-IMPORT 11-family taxonomy.
AE-FEAT-IMPORT-006R,individual_feature_log_odds_rebuild_20260602_gbm,raw,permanent_csi,accel_ebit_roa,93,361,mapped,3,acceleration,computed,143173,0.0006102545843242858,bounded GBM-only predictor workspace; not full final model-suite importance,mapped,Feature mapped to the canonical AE-FEAT-IMPORT 11-family taxonomy.
AE-FEAT-IMPORT-006R,individual_feature_log_odds_rebuild_20260602_gbm,raw,permanent_csi,trough_rise_dd1_ratio,230,362,mapped,7,trough_rise,computed,143173,0.0006097322698167326,bounded GBM-only predictor workspace; not full final model-suite importance,mapped,Feature mapped to the canonical AE-FEAT-IMPORT 11-family taxonomy.
AE-FEAT-IMPORT-006R,individual_feature_log_odds_rebuild_20260602_gbm,raw,permanent_csi,expmean_capex_intensity,153,363,mapped,4,expanding_mean,computed,143173,0.0006088786286059256,bounded GBM-only predictor workspace; not full final model-suite importance,mapped,Feature mapped to the canonical AE-FEAT-IMPORT 11-family taxonomy.
AE-FEAT-IMPORT-006R,individual_feature_log_odds_rebuild_20260602_gbm,raw,permanent_csi,expmean_interest_cov,141,364,mapped,4,expanding_mean,computed,143173,0.0006077910645167393,bounded GBM-only predictor workspace; not full final model-suite importance,mapped,Feature mapped to the canonical AE-FEAT-IMPORT 11-family taxonomy.
AE-FEAT-IMPORT-006R,individual_feature_log_odds_rebuild_20260602_gbm,raw,permanent_csi,expvol_net_debt_ebitda,178,365,mapped,5,expanding_volatility,computed,143173,0.0005898093294843154,bounded GBM-only predictor workspace; not full final model-suite importance,mapped,Feature mapped to the canonical AE-FEAT-IMPORT 11-family taxonomy.
AE-FEAT-IMPORT-006R,individual_feature_log_odds_rebuild_20260602_gbm,raw,permanent_csi,roll_min_5y_gross_margin,374,366,mapped,10,rolling_window_statistics,computed,143173,0.0005873807979712782,bounded GBM-only predictor workspace; not full final model-suite importance,mapped,Feature mapped to the canonical AE-FEAT-IMPORT 11-family taxonomy.
AE-FEAT-IMPORT-006R,individual_feature_log_odds_rebuild_20260602_gbm,raw,permanent_csi,roll_mean_5y_gross_margin,359,367,mapped,10,rolling_window_statistics,computed,143173,0.000582066805359608,bounded GBM-only predictor workspace; not full final model-suite importance,mapped,Feature mapped to the canonical AE-FEAT-IMPORT 11-family taxonomy.
AE-FEAT-IMPORT-006R,individual_feature_log_odds_rebuild_20260602_gbm,raw,permanent_csi,acct_mom_leverage,247,368,mapped,9,accounting_momentum,computed,143173,0.0005813557423054971,bounded GBM-only predictor workspace; not full final model-suite importance,mapped,Feature mapped to the canonical AE-FEAT-IMPORT 11-family taxonomy.
AE-FEAT-IMPORT-006R,individual_feature_log_odds_rebuild_20260602_gbm,raw,permanent_csi,yoy_ebitda_margin,55,369,mapped,2,yoy_changes,computed,143173,0.0005768667057975295,bounded GBM-only predictor workspace; not full final model-suite importance,mapped,Feature mapped to the canonical AE-FEAT-IMPORT 11-family taxonomy.
AE-FEAT-IMPORT-006R,individual_feature_log_odds_rebuild_20260602_gbm,raw,permanent_csi,expmean_current_ratio,143,370,mapped,4,expanding_mean,computed,143173,0.0005725974252789167,bounded GBM-only predictor workspace; not full final model-suite importance,mapped,Feature mapped to the canonical AE-FEAT-IMPORT 11-family taxonomy.
AE-FEAT-IMPORT-006R,individual_feature_log_odds_rebuild_20260602_gbm,raw,permanent_csi,accel_cash_pct_act,105,371,mapped,3,acceleration,computed,143173,0.0005659871675786006,bounded GBM-only predictor workspace; not full final model-suite importance,mapped,Feature mapped to the canonical AE-FEAT-IMPORT 11-family taxonomy.
AE-FEAT-IMPORT-006R,individual_feature_log_odds_rebuild_20260602_gbm,raw,permanent_csi,expvol_gross_margin,174,372,mapped,5,expanding_volatility,computed,143173,0.0005605405380002339,bounded GBM-only predictor workspace; not full final model-suite importance,mapped,Feature mapped to the canonical AE-FEAT-IMPORT 11-family taxonomy.
AE-FEAT-IMPORT-006R,individual_feature_log_odds_rebuild_20260602_gbm,raw,permanent_csi,yoy_current_ratio,63,373,mapped,2,yoy_changes,computed,143173,0.0005527459384895117,bounded GBM-only predictor workspace; not full final model-suite importance,mapped,Feature mapped to the canonical AE-FEAT-IMPORT 11-family taxonomy.
AE-FEAT-IMPORT-006R,individual_feature_log_odds_rebuild_20260602_gbm,raw,permanent_csi,roll_trend_3y_accruals_ratio,327,374,mapped,10,rolling_window_statistics,computed,143173,0.0005474850653098671,bounded GBM-only predictor workspace; not full final model-suite importance,mapped,Feature mapped to the canonical AE-FEAT-IMPORT 11-family taxonomy.
AE-FEAT-IMPORT-006R,individual_feature_log_odds_rebuild_20260602_gbm,raw,permanent_csi,expvol_roic,172,375,mapped,5,expanding_volatility,computed,143173,0.0005474018049863536,bounded GBM-only predictor workspace; not full final model-suite importance,mapped,Feature mapped to the canonical AE-FEAT-IMPORT 11-family taxonomy.
AE-FEAT-IMPORT-006R,individual_feature_log_odds_rebuild_20260602_gbm,raw,permanent_csi,roll_sd_3y_ocf_per_share,304,376,mapped,10,rolling_window_statistics,computed,143173,0.0005448921717510042,bounded GBM-only predictor workspace; not full final model-suite importance,mapped,Feature mapped to the canonical AE-FEAT-IMPORT 11-family taxonomy.
AE-FEAT-IMPORT-006R,individual_feature_log_odds_rebuild_20260602_gbm,raw,permanent_csi,yoy_std_debt_pct,59,377,mapped,2,yoy_changes,computed,143173,0.0005412986662541899,bounded GBM-only predictor workspace; not full final model-suite importance,mapped,Feature mapped to the canonical AE-FEAT-IMPORT 11-family taxonomy.
AE-FEAT-IMPORT-006R,individual_feature_log_odds_rebuild_20260602_gbm,raw,permanent_csi,yoy_altman_z,84,378,mapped,2,yoy_changes,computed,143173,0.0005289376642093551,bounded GBM-only predictor workspace; not full final model-suite importance,mapped,Feature mapped to the canonical AE-FEAT-IMPORT 11-family taxonomy.
AE-FEAT-IMPORT-006R,individual_feature_log_odds_rebuild_20260602_gbm,raw,permanent_csi,accel_roic,92,379,mapped,3,acceleration,computed,143173,0.0005283434288444924,bounded GBM-only predictor workspace; not full final model-suite importance,mapped,Feature mapped to the canonical AE-FEAT-IMPORT 11-family taxonomy.
AE-FEAT-IMPORT-006R,individual_feature_log_odds_rebuild_20260602_gbm,raw,permanent_csi,yoy_eff_int_rate,60,380,mapped,2,yoy_changes,computed,143173,0.000521844814621047,bounded GBM-only predictor workspace; not full final model-suite importance,mapped,Feature mapped to the canonical AE-FEAT-IMPORT 11-family taxonomy.
AE-FEAT-IMPORT-006R,individual_feature_log_odds_rebuild_20260602_gbm,raw,permanent_csi,peak_drop_roa,210,381,mapped,6,peak_deterioration,computed,143173,0.0005215339337110207,bounded GBM-only predictor workspace; not full final model-suite importance,mapped,Feature mapped to the canonical AE-FEAT-IMPORT 11-family taxonomy.
AE-FEAT-IMPORT-006R,individual_feature_log_odds_rebuild_20260602_gbm,raw,permanent_csi,expmean_assets_per_emp,160,382,mapped,4,expanding_mean,computed,143173,0.00052064892627913,bounded GBM-only predictor workspace; not full final model-suite importance,mapped,Feature mapped to the canonical AE-FEAT-IMPORT 11-family taxonomy.
AE-FEAT-IMPORT-006R,individual_feature_log_odds_rebuild_20260602_gbm,raw,permanent_csi,roll_autocorr_3y_ebitda_margin,345,383,mapped,10,rolling_window_statistics,computed,143173,0.000515371484251638,bounded GBM-only predictor workspace; not full final model-suite importance,mapped,Feature mapped to the canonical AE-FEAT-IMPORT 11-family taxonomy.
AE-FEAT-IMPORT-006R,individual_feature_log_odds_rebuild_20260602_gbm,raw,permanent_csi,expvol_current_ratio,183,384,mapped,5,expanding_volatility,computed,143173,0.0005150600812843336,bounded GBM-only predictor workspace; not full final model-suite importance,mapped,Feature mapped to the canonical AE-FEAT-IMPORT 11-family taxonomy.
AE-FEAT-IMPORT-006R,individual_feature_log_odds_rebuild_20260602_gbm,raw,permanent_csi,expvol_reinvest_rate,195,385,mapped,5,expanding_volatility,computed,143173,0.0005118924348707601,bounded GBM-only predictor workspace; not full final model-suite importance,mapped,Feature mapped to the canonical AE-FEAT-IMPORT 11-family taxonomy.
AE-FEAT-IMPORT-006R,individual_feature_log_odds_rebuild_20260602_gbm,raw,permanent_csi,roll_mean_3y_cash_pct_act,266,386,mapped,10,rolling_window_statistics,computed,143173,0.0005031051556876854,bounded GBM-only predictor workspace; not full final model-suite importance,mapped,Feature mapped to the canonical AE-FEAT-IMPORT 11-family taxonomy.
AE-FEAT-IMPORT-006R,individual_feature_log_odds_rebuild_20260602_gbm,raw,permanent_csi,expvol_ebit_roa,173,387,mapped,5,expanding_volatility,computed,143173,0.0004915561763446297,bounded GBM-only predictor workspace; not full final model-suite importance,mapped,Feature mapped to the canonical AE-FEAT-IMPORT 11-family taxonomy.
AE-FEAT-IMPORT-006R,individual_feature_log_odds_rebuild_20260602_gbm,raw,permanent_csi,accel_roe,91,388,mapped,3,acceleration,computed,143173,0.0004905071599771353,bounded GBM-only predictor workspace; not full final model-suite importance,mapped,Feature mapped to the canonical AE-FEAT-IMPORT 11-family taxonomy.
AE-FEAT-IMPORT-006R,individual_feature_log_odds_rebuild_20260602_gbm,raw,permanent_csi,expvol_ocf_margin,176,389,mapped,5,expanding_volatility,computed,143173,0.0004862645216420608,bounded GBM-only predictor workspace; not full final model-suite importance,mapped,Feature mapped to the canonical AE-FEAT-IMPORT 11-family taxonomy.
AE-FEAT-IMPORT-006R,individual_feature_log_odds_rebuild_20260602_gbm,raw,permanent_csi,roll_sd_3y_current_ratio,310,390,mapped,10,rolling_window_statistics,computed,143173,0.00047977676600375994,bounded GBM-only predictor workspace; not full final model-suite importance,mapped,Feature mapped to the canonical AE-FEAT-IMPORT 11-family taxonomy.
AE-FEAT-IMPORT-006R,individual_feature_log_odds_rebuild_20260602_gbm,raw,permanent_csi,accel_rental_ratio,119,391,mapped,3,acceleration,computed,143173,0.0004796271556661137,bounded GBM-only predictor workspace; not full final model-suite importance,mapped,Feature mapped to the canonical AE-FEAT-IMPORT 11-family taxonomy.
AE-FEAT-IMPORT-006R,individual_feature_log_odds_rebuild_20260602_gbm,raw,permanent_csi,accel_rd_intensity,114,392,mapped,3,acceleration,computed,143173,0.00047903232641687715,bounded GBM-only predictor workspace; not full final model-suite importance,mapped,Feature mapped to the canonical AE-FEAT-IMPORT 11-family taxonomy.
AE-FEAT-IMPORT-006R,individual_feature_log_odds_rebuild_20260602_gbm,raw,permanent_csi,roll_autocorr_5y_leverage,427,393,mapped,10,rolling_window_statistics,computed,143173,0.00047749830459973414,bounded GBM-only predictor workspace; not full final model-suite importance,mapped,Feature mapped to the canonical AE-FEAT-IMPORT 11-family taxonomy.
AE-FEAT-IMPORT-006R,individual_feature_log_odds_rebuild_20260602_gbm,raw,permanent_csi,accel_interest_cov,101,394,mapped,3,acceleration,computed,143173,0.0004749095755165407,bounded GBM-only predictor workspace; not full final model-suite importance,mapped,Feature mapped to the canonical AE-FEAT-IMPORT 11-family taxonomy.
AE-FEAT-IMPORT-006R,individual_feature_log_odds_rebuild_20260602_gbm,raw,permanent_csi,acct_mom_net_debt_ebitda,248,395,mapped,9,accounting_momentum,computed,143173,0.00047297614419737865,bounded GBM-only predictor workspace; not full final model-suite importance,mapped,Feature mapped to the canonical AE-FEAT-IMPORT 11-family taxonomy.
AE-FEAT-IMPORT-006R,individual_feature_log_odds_rebuild_20260602_gbm,raw,permanent_csi,roll_max_5y_current_ratio,385,396,mapped,10,rolling_window_statistics,computed,143173,0.00045423592903444295,bounded GBM-only predictor workspace; not full final model-suite importance,mapped,Feature mapped to the canonical AE-FEAT-IMPORT 11-family taxonomy.
AE-FEAT-IMPORT-006R,individual_feature_log_odds_rebuild_20260602_gbm,raw,permanent_csi,peak_drop_current_ratio,217,397,mapped,6,peak_deterioration,computed,143173,0.00044593306784056295,bounded GBM-only predictor workspace; not full final model-suite importance,mapped,Feature mapped to the canonical AE-FEAT-IMPORT 11-family taxonomy.
AE-FEAT-IMPORT-006R,individual_feature_log_odds_rebuild_20260602_gbm,raw,permanent_csi,roll_trend_5y_roic,411,398,mapped,10,rolling_window_statistics,computed,143173,0.00043887454198111,bounded GBM-only predictor workspace; not full final model-suite importance,mapped,Feature mapped to the canonical AE-FEAT-IMPORT 11-family taxonomy.
AE-FEAT-IMPORT-006R,individual_feature_log_odds_rebuild_20260602_gbm,raw,permanent_csi,yoy_roe,51,399,mapped,2,yoy_changes,computed,143173,0.0004363979783703564,bounded GBM-only predictor workspace; not full final model-suite importance,mapped,Feature mapped to the canonical AE-FEAT-IMPORT 11-family taxonomy.
AE-FEAT-IMPORT-006R,individual_feature_log_odds_rebuild_20260602_gbm,raw,permanent_csi,roll_sd_3y_interest_cov,309,400,mapped,10,rolling_window_statistics,computed,143173,0.0004328183119812812,bounded GBM-only predictor workspace; not full final model-suite importance,mapped,Feature mapped to the canonical AE-FEAT-IMPORT 11-family taxonomy.
AE-FEAT-IMPORT-006R,individual_feature_log_odds_rebuild_20260602_gbm,raw,permanent_csi,expmean_altman_z4,163,401,mapped,4,expanding_mean,computed,143173,0.0004311378953781856,bounded GBM-only predictor workspace; not full final model-suite importance,mapped,Feature mapped to the canonical AE-FEAT-IMPORT 11-family taxonomy.
AE-FEAT-IMPORT-006R,individual_feature_log_odds_rebuild_20260602_gbm,raw,permanent_csi,roll_autocorr_5y_cash_pct_act,431,402,mapped,10,rolling_window_statistics,computed,143173,0.0004244540061553969,bounded GBM-only predictor workspace; not full final model-suite importance,mapped,Feature mapped to the canonical AE-FEAT-IMPORT 11-family taxonomy.
AE-FEAT-IMPORT-006R,individual_feature_log_odds_rebuild_20260602_gbm,raw,permanent_csi,expmean_log_mkvalt,157,403,mapped,4,expanding_mean,computed,143173,0.0004222632856321502,bounded GBM-only predictor workspace; not full final model-suite importance,mapped,Feature mapped to the canonical AE-FEAT-IMPORT 11-family taxonomy.
AE-FEAT-IMPORT-006R,individual_feature_log_odds_rebuild_20260602_gbm,raw,permanent_csi,roll_max_3y_gross_margin,299,404,mapped,10,rolling_window_statistics,computed,143173,0.0004203390675008873,bounded GBM-only predictor workspace; not full final model-suite importance,mapped,Feature mapped to the canonical AE-FEAT-IMPORT 11-family taxonomy.
AE-FEAT-IMPORT-006R,individual_feature_log_odds_rebuild_20260602_gbm,raw,permanent_csi,expvol_assets_per_emp,200,405,mapped,5,expanding_volatility,computed,143173,0.00041371589598688044,bounded GBM-only predictor workspace; not full final model-suite importance,mapped,Feature mapped to the canonical AE-FEAT-IMPORT 11-family taxonomy.
AE-FEAT-IMPORT-006R,individual_feature_log_odds_rebuild_20260602_gbm,raw,permanent_csi,roll_autocorr_3y_roa,335,406,mapped,10,rolling_window_statistics,computed,143173,0.00040712149376716396,bounded GBM-only predictor workspace; not full final model-suite importance,mapped,Feature mapped to the canonical AE-FEAT-IMPORT 11-family taxonomy.
AE-FEAT-IMPORT-006R,individual_feature_log_odds_rebuild_20260602_gbm,raw,permanent_csi,accel_quick_ratio,104,407,mapped,3,acceleration,computed,143173,0.00040264817950942905,bounded GBM-only predictor workspace; not full final model-suite importance,mapped,Feature mapped to the canonical AE-FEAT-IMPORT 11-family taxonomy.
AE-FEAT-IMPORT-006R,individual_feature_log_odds_rebuild_20260602_gbm,raw,permanent_csi,roll_trend_3y_interest_cov,324,408,mapped,10,rolling_window_statistics,computed,143173,0.0004011113261009001,bounded GBM-only predictor workspace; not full final model-suite importance,mapped,Feature mapped to the canonical AE-FEAT-IMPORT 11-family taxonomy.
AE-FEAT-IMPORT-006R,individual_feature_log_odds_rebuild_20260602_gbm,raw,permanent_csi,accel_eff_int_rate,100,409,mapped,3,acceleration,computed,143173,0.00040045315400999085,bounded GBM-only predictor workspace; not full final model-suite importance,mapped,Feature mapped to the canonical AE-FEAT-IMPORT 11-family taxonomy.
AE-FEAT-IMPORT-006R,individual_feature_log_odds_rebuild_20260602_gbm,raw,permanent_csi,acct_mom_accruals_ratio,252,410,mapped,9,accounting_momentum,computed,143173,0.00038751313657012324,bounded GBM-only predictor workspace; not full final model-suite importance,mapped,Feature mapped to the canonical AE-FEAT-IMPORT 11-family taxonomy.
AE-FEAT-IMPORT-006R,individual_feature_log_odds_rebuild_20260602_gbm,raw,permanent_csi,expmean_bp_ratio,147,411,mapped,4,expanding_mean,computed,143173,0.0003860139159054604,bounded GBM-only predictor workspace; not full final model-suite importance,mapped,Feature mapped to the canonical AE-FEAT-IMPORT 11-family taxonomy.
AE-FEAT-IMPORT-006R,individual_feature_log_odds_rebuild_20260602_gbm,raw,permanent_csi,accel_ni_per_emp,121,412,mapped,3,acceleration,computed,143173,0.0003712941294149824,bounded GBM-only predictor workspace; not full final model-suite importance,mapped,Feature mapped to the canonical AE-FEAT-IMPORT 11-family taxonomy.
AE-FEAT-IMPORT-006R,individual_feature_log_odds_rebuild_20260602_gbm,raw,permanent_csi,accel_ev_to_sales,108,413,mapped,3,acceleration,computed,143173,0.00036944020842892734,bounded GBM-only predictor workspace; not full final model-suite importance,mapped,Feature mapped to the canonical AE-FEAT-IMPORT 11-family taxonomy.
AE-FEAT-IMPORT-006R,individual_feature_log_odds_rebuild_20260602_gbm,raw,permanent_csi,roll_autocorr_3y_earn_yld,333,414,mapped,10,rolling_window_statistics,computed,143173,0.0003690791691963058,bounded GBM-only predictor workspace; not full final model-suite importance,mapped,Feature mapped to the canonical AE-FEAT-IMPORT 11-family taxonomy.
AE-FEAT-IMPORT-006R,individual_feature_log_odds_rebuild_20260602_gbm,raw,permanent_csi,accel_roa,90,415,mapped,3,acceleration,computed,143173,0.00035839829633027895,bounded GBM-only predictor workspace; not full final model-suite importance,mapped,Feature mapped to the canonical AE-FEAT-IMPORT 11-family taxonomy.
AE-FEAT-IMPORT-006R,individual_feature_log_odds_rebuild_20260602_gbm,raw,permanent_csi,expvol_accruals_ratio,191,416,mapped,5,expanding_volatility,computed,143173,0.0003572037526359873,bounded GBM-only predictor workspace; not full final model-suite importance,mapped,Feature mapped to the canonical AE-FEAT-IMPORT 11-family taxonomy.
AE-FEAT-IMPORT-006R,individual_feature_log_odds_rebuild_20260602_gbm,raw,permanent_csi,acct_mom_gross_margin,254,417,mapped,9,accounting_momentum,computed,143173,0.00035657473078847446,bounded GBM-only predictor workspace; not full final model-suite importance,mapped,Feature mapped to the canonical AE-FEAT-IMPORT 11-family taxonomy.
AE-FEAT-IMPORT-006R,individual_feature_log_odds_rebuild_20260602_gbm,raw,permanent_csi,roll_trend_3y_ocf_per_share,319,418,mapped,10,rolling_window_statistics,computed,143173,0.00034493845537992505,bounded GBM-only predictor workspace; not full final model-suite importance,mapped,Feature mapped to the canonical AE-FEAT-IMPORT 11-family taxonomy.
AE-FEAT-IMPORT-006R,individual_feature_log_odds_rebuild_20260602_gbm,raw,permanent_csi,roll_trend_3y_net_debt_ebitda,323,419,mapped,10,rolling_window_statistics,computed,143173,0.0003282379578919243,bounded GBM-only predictor workspace; not full final model-suite importance,mapped,Feature mapped to the canonical AE-FEAT-IMPORT 11-family taxonomy.
AE-FEAT-IMPORT-006R,individual_feature_log_odds_rebuild_20260602_gbm,raw,permanent_csi,roll_autocorr_3y_net_debt_ebitda,338,420,mapped,10,rolling_window_statistics,computed,143173,0.0003263080458487319,bounded GBM-only predictor workspace; not full final model-suite importance,mapped,Feature mapped to the canonical AE-FEAT-IMPORT 11-family taxonomy.
AE-FEAT-IMPORT-006R,individual_feature_log_odds_rebuild_20260602_gbm,raw,permanent_csi,peak_drop_quick_ratio,218,421,mapped,6,peak_deterioration,computed,143173,0.00030715075799401896,bounded GBM-only predictor workspace; not full final model-suite importance,mapped,Feature mapped to the canonical AE-FEAT-IMPORT 11-family taxonomy.
AE-FEAT-IMPORT-006R,individual_feature_log_odds_rebuild_20260602_gbm,raw,permanent_csi,consec_decline_gross_margin,237,422,mapped,8,consecutive_declines,computed,143173,0.0003070916146505906,bounded GBM-only predictor workspace; not full final model-suite importance,mapped,Feature mapped to the canonical AE-FEAT-IMPORT 11-family taxonomy.
AE-FEAT-IMPORT-006R,individual_feature_log_odds_rebuild_20260602_gbm,raw,permanent_csi,accel_std_debt_pct,99,423,mapped,3,acceleration,computed,143173,0.0003029545289624988,bounded GBM-only predictor workspace; not full final model-suite importance,mapped,Feature mapped to the canonical AE-FEAT-IMPORT 11-family taxonomy.
AE-FEAT-IMPORT-006R,individual_feature_log_odds_rebuild_20260602_gbm,raw,permanent_csi,acct_mom_current_ratio,250,424,mapped,9,accounting_momentum,computed,143173,0.00029245698191187523,bounded GBM-only predictor workspace; not full final model-suite importance,mapped,Feature mapped to the canonical AE-FEAT-IMPORT 11-family taxonomy.
AE-FEAT-IMPORT-006R,individual_feature_log_odds_rebuild_20260602_gbm,raw,permanent_csi,accel_altman_z,124,425,mapped,3,acceleration,computed,143173,0.00027919107363780975,bounded GBM-only predictor workspace; not full final model-suite importance,mapped,Feature mapped to the canonical AE-FEAT-IMPORT 11-family taxonomy.
AE-FEAT-IMPORT-006R,individual_feature_log_odds_rebuild_20260602_gbm,raw,permanent_csi,yoy_div_yield,69,426,mapped,2,yoy_changes,computed,143173,0.0002755601945170402,bounded GBM-only predictor workspace; not full final model-suite importance,mapped,Feature mapped to the canonical AE-FEAT-IMPORT 11-family taxonomy.
AE-FEAT-IMPORT-006R,individual_feature_log_odds_rebuild_20260602_gbm,raw,permanent_csi,roll_autocorr_3y_cash_pct_act,341,427,mapped,10,rolling_window_statistics,computed,143173,0.0002585902377676826,bounded GBM-only predictor workspace; not full final model-suite importance,mapped,Feature mapped to the canonical AE-FEAT-IMPORT 11-family taxonomy.
AE-FEAT-IMPORT-006R,individual_feature_log_odds_rebuild_20260602_gbm,raw,permanent_csi,roll_autocorr_3y_ocf_per_share,334,428,mapped,10,rolling_window_statistics,computed,143173,0.00024440276366046295,bounded GBM-only predictor workspace; not full final model-suite importance,mapped,Feature mapped to the canonical AE-FEAT-IMPORT 11-family taxonomy.
AE-FEAT-IMPORT-006R,individual_feature_log_odds_rebuild_20260602_gbm,raw,permanent_csi,roll_autocorr_3y_leverage,337,429,mapped,10,rolling_window_statistics,computed,143173,0.0002397625746907085,bounded GBM-only predictor workspace; not full final model-suite importance,mapped,Feature mapped to the canonical AE-FEAT-IMPORT 11-family taxonomy.
AE-FEAT-IMPORT-006R,individual_feature_log_odds_rebuild_20260602_gbm,raw,permanent_csi,roll_trend_5y_current_ratio,415,430,mapped,10,rolling_window_statistics,computed,143173,0.0002370402518987899,bounded GBM-only predictor workspace; not full final model-suite importance,mapped,Feature mapped to the canonical AE-FEAT-IMPORT 11-family taxonomy.
AE-FEAT-IMPORT-006R,individual_feature_log_odds_rebuild_20260602_gbm,raw,permanent_csi,expvol_log_mkvalt,197,431,mapped,5,expanding_volatility,computed,143173,0.00020490259915615565,bounded GBM-only predictor workspace; not full final model-suite importance,mapped,Feature mapped to the canonical AE-FEAT-IMPORT 11-family taxonomy.
AE-FEAT-IMPORT-006R,individual_feature_log_odds_rebuild_20260602_gbm,raw,permanent_csi,roll_autocorr_3y_current_ratio,340,432,mapped,10,rolling_window_statistics,computed,143173,0.00020161120143540943,bounded GBM-only predictor workspace; not full final model-suite importance,mapped,Feature mapped to the canonical AE-FEAT-IMPORT 11-family taxonomy.
AE-FEAT-IMPORT-006R,individual_feature_log_odds_rebuild_20260602_gbm,raw,permanent_csi,accel_mkt_to_book,110,433,mapped,3,acceleration,computed,143173,0.0001935306486982257,bounded GBM-only predictor workspace; not full final model-suite importance,mapped,Feature mapped to the canonical AE-FEAT-IMPORT 11-family taxonomy.
AE-FEAT-IMPORT-006R,individual_feature_log_odds_rebuild_20260602_gbm,raw,permanent_csi,consec_decline_ocf_per_share,234,434,mapped,8,consecutive_declines,computed,143173,0.00019208660490139897,bounded GBM-only predictor workspace; not full final model-suite importance,mapped,Feature mapped to the canonical AE-FEAT-IMPORT 11-family taxonomy.
AE-FEAT-IMPORT-006R,individual_feature_log_odds_rebuild_20260602_gbm,raw,permanent_csi,consec_decline_log_mkvalt,239,435,mapped,8,consecutive_declines,computed,143173,0.00018905600416868206,bounded GBM-only predictor workspace; not full final model-suite importance,mapped,Feature mapped to the canonical AE-FEAT-IMPORT 11-family taxonomy.
AE-FEAT-IMPORT-006R,individual_feature_log_odds_rebuild_20260602_gbm,raw,permanent_csi,expvol_altman_z4,203,436,mapped,5,expanding_volatility,computed,143173,0.000176566052092595,bounded GBM-only predictor workspace; not full final model-suite importance,mapped,Feature mapped to the canonical AE-FEAT-IMPORT 11-family taxonomy.
AE-FEAT-IMPORT-006R,individual_feature_log_odds_rebuild_20260602_gbm,raw,permanent_csi,consec_decline_earn_yld,233,437,mapped,8,consecutive_declines,computed,143173,0.000173497055965174,bounded GBM-only predictor workspace; not full final model-suite importance,mapped,Feature mapped to the canonical AE-FEAT-IMPORT 11-family taxonomy.
AE-FEAT-IMPORT-006R,individual_feature_log_odds_rebuild_20260602_gbm,raw,permanent_csi,accel_div_yield,109,438,mapped,3,acceleration,computed,143173,0.00016813221822758364,bounded GBM-only predictor workspace; not full final model-suite importance,mapped,Feature mapped to the canonical AE-FEAT-IMPORT 11-family taxonomy.
AE-FEAT-IMPORT-006R,individual_feature_log_odds_rebuild_20260602_gbm,raw,permanent_csi,roll_autocorr_3y_log_mkvalt,346,439,mapped,10,rolling_window_statistics,computed,143173,0.0001595282540256867,bounded GBM-only predictor workspace; not full final model-suite importance,mapped,Feature mapped to the canonical AE-FEAT-IMPORT 11-family taxonomy.
AE-FEAT-IMPORT-006R,individual_feature_log_odds_rebuild_20260602_gbm,raw,permanent_csi,min_int_tcap,42,440,mapped,1,point_in_time_ratios,computed,143173,0.00015932814549000327,bounded GBM-only predictor workspace; not full final model-suite importance,mapped,Feature mapped to the canonical AE-FEAT-IMPORT 11-family taxonomy.
AE-FEAT-IMPORT-006R,individual_feature_log_odds_rebuild_20260602_gbm,raw,permanent_csi,expmean_mkt_to_book,150,441,mapped,4,expanding_mean,computed,143173,0.00015297358541148317,bounded GBM-only predictor workspace; not full final model-suite importance,mapped,Feature mapped to the canonical AE-FEAT-IMPORT 11-family taxonomy.
AE-FEAT-IMPORT-006R,individual_feature_log_odds_rebuild_20260602_gbm,raw,permanent_csi,consec_decline_roic,236,442,mapped,8,consecutive_declines,computed,143173,0.0001481667442970709,bounded GBM-only predictor workspace; not full final model-suite importance,mapped,Feature mapped to the canonical AE-FEAT-IMPORT 11-family taxonomy.
AE-FEAT-IMPORT-006R,individual_feature_log_odds_rebuild_20260602_gbm,raw,permanent_csi,expvol_altman_z,204,443,mapped,5,expanding_volatility,computed,143173,0.00014429794760567846,bounded GBM-only predictor workspace; not full final model-suite importance,mapped,Feature mapped to the canonical AE-FEAT-IMPORT 11-family taxonomy.
AE-FEAT-IMPORT-006R,individual_feature_log_odds_rebuild_20260602_gbm,raw,permanent_csi,div_yield,28,444,mapped,1,point_in_time_ratios,computed,143173,0.00013421681338876342,bounded GBM-only predictor workspace; not full final model-suite importance,mapped,Feature mapped to the canonical AE-FEAT-IMPORT 11-family taxonomy.
AE-FEAT-IMPORT-006R,individual_feature_log_odds_rebuild_20260602_gbm,raw,permanent_csi,expvol_eff_int_rate,180,445,mapped,5,expanding_volatility,computed,143173,0.00012941837656440754,bounded GBM-only predictor workspace; not full final model-suite importance,mapped,Feature mapped to the canonical AE-FEAT-IMPORT 11-family taxonomy.
AE-FEAT-IMPORT-006R,individual_feature_log_odds_rebuild_20260602_gbm,raw,permanent_csi,expmean_div_yield,149,446,mapped,4,expanding_mean,computed,143173,0.000119919542268986,bounded GBM-only predictor workspace; not full final model-suite importance,mapped,Feature mapped to the canonical AE-FEAT-IMPORT 11-family taxonomy.
AE-FEAT-IMPORT-006R,individual_feature_log_odds_rebuild_20260602_gbm,raw,permanent_csi,expvol_div_yield,189,447,mapped,5,expanding_volatility,computed,143173,0.00011593196269823836,bounded GBM-only predictor workspace; not full final model-suite importance,mapped,Feature mapped to the canonical AE-FEAT-IMPORT 11-family taxonomy.
AE-FEAT-IMPORT-006R,individual_feature_log_odds_rebuild_20260602_gbm,raw,permanent_csi,roll_autocorr_3y_roic,336,448,mapped,10,rolling_window_statistics,computed,143173,0.00010541444134765477,bounded GBM-only predictor workspace; not full final model-suite importance,mapped,Feature mapped to the canonical AE-FEAT-IMPORT 11-family taxonomy.
AE-FEAT-IMPORT-006R,individual_feature_log_odds_rebuild_20260602_gbm,raw,permanent_csi,expmean_ev_to_sales,148,449,mapped,4,expanding_mean,computed,143173,0.00010266148541497061,bounded GBM-only predictor workspace; not full final model-suite importance,mapped,Feature mapped to the canonical AE-FEAT-IMPORT 11-family taxonomy.
AE-FEAT-IMPORT-006R,individual_feature_log_odds_rebuild_20260602_gbm,raw,permanent_csi,consec_decline_roa,235,450,mapped,8,consecutive_declines,computed,143173,0.00010096149422841489,bounded GBM-only predictor workspace; not full final model-suite importance,mapped,Feature mapped to the canonical AE-FEAT-IMPORT 11-family taxonomy.
AE-FEAT-IMPORT-006R,individual_feature_log_odds_rebuild_20260602_gbm,raw,permanent_csi,consec_decline_wcap_ratio,242,451,mapped,8,consecutive_declines,computed,143173,9.875059902195807e-05,bounded GBM-only predictor workspace; not full final model-suite importance,mapped,Feature mapped to the canonical AE-FEAT-IMPORT 11-family taxonomy.
AE-FEAT-IMPORT-006R,individual_feature_log_odds_rebuild_20260602_gbm,raw,permanent_csi,expvol_ev_to_sales,188,452,mapped,5,expanding_volatility,computed,143173,8.175791125484953e-05,bounded GBM-only predictor workspace; not full final model-suite importance,mapped,Feature mapped to the canonical AE-FEAT-IMPORT 11-family taxonomy.
AE-FEAT-IMPORT-006R,individual_feature_log_odds_rebuild_20260602_gbm,raw,permanent_csi,expvol_bp_ratio,187,453,mapped,5,expanding_volatility,computed,143173,7.130385143063217e-05,bounded GBM-only predictor workspace; not full final model-suite importance,mapped,Feature mapped to the canonical AE-FEAT-IMPORT 11-family taxonomy.
AE-FEAT-IMPORT-006R,individual_feature_log_odds_rebuild_20260602_gbm,raw,permanent_csi,roll_autocorr_3y_asset_turnover,343,454,mapped,10,rolling_window_statistics,computed,143173,6.563028984396947e-05,bounded GBM-only predictor workspace; not full final model-suite importance,mapped,Feature mapped to the canonical AE-FEAT-IMPORT 11-family taxonomy.
AE-FEAT-IMPORT-006R,individual_feature_log_odds_rebuild_20260602_gbm,raw,permanent_csi,roll_autocorr_3y_accruals_ratio,342,455,mapped,10,rolling_window_statistics,computed,143173,4.3777653280967995e-05,bounded GBM-only predictor workspace; not full final model-suite importance,mapped,Feature mapped to the canonical AE-FEAT-IMPORT 11-family taxonomy.
AE-FEAT-IMPORT-006R,individual_feature_log_odds_rebuild_20260602_gbm,raw,permanent_csi,consec_decline_log_emp,240,456,mapped,8,consecutive_declines,computed,143173,4.104598645962665e-05,bounded GBM-only predictor workspace; not full final model-suite importance,mapped,Feature mapped to the canonical AE-FEAT-IMPORT 11-family taxonomy.
AE-FEAT-IMPORT-006R,individual_feature_log_odds_rebuild_20260602_gbm,raw,permanent_csi,roll_autocorr_3y_interest_cov,339,457,mapped,10,rolling_window_statistics,computed,143173,4.0945208433727867e-05,bounded GBM-only predictor workspace; not full final model-suite importance,mapped,Feature mapped to the canonical AE-FEAT-IMPORT 11-family taxonomy.
AE-FEAT-IMPORT-006R,individual_feature_log_odds_rebuild_20260602_gbm,raw,permanent_csi,expvol_mkt_to_book,190,458,mapped,5,expanding_volatility,computed,143173,1.815255827825428e-05,bounded GBM-only predictor workspace; not full final model-suite importance,mapped,Feature mapped to the canonical AE-FEAT-IMPORT 11-family taxonomy.
AE-FEAT-IMPORT-006R,individual_feature_log_odds_rebuild_20260602_gbm,raw,permanent_csi,consec_decline_interest_cov,238,459,mapped,8,consecutive_declines,computed,143173,1.4219392213907064e-05,bounded GBM-only predictor workspace; not full final model-suite importance,mapped,Feature mapped to the canonical AE-FEAT-IMPORT 11-family taxonomy.
AE-FEAT-IMPORT-006R,individual_feature_log_odds_rebuild_20260602_gbm,raw,permanent_csi,consec_decline_current_ratio,241,460,mapped,8,consecutive_declines,computed,143173,7.666091712430379e-06,bounded GBM-only predictor workspace; not full final model-suite importance,mapped,Feature mapped to the canonical AE-FEAT-IMPORT 11-family taxonomy.
AE-FEAT-IMPORT-006R,individual_feature_log_odds_rebuild_20260602_gbm,raw_plus_latent,permanent_csi,max_dd_12m,443,1,mapped,11,price_momentum_volatility_and_macro_interactions,computed,143173,0.40443578948714676,bounded GBM-only predictor workspace; not full final model-suite importance,mapped,Feature mapped to the canonical AE-FEAT-IMPORT 11-family taxonomy.
AE-FEAT-IMPORT-006R,individual_feature_log_odds_rebuild_20260602_gbm,raw_plus_latent,permanent_csi,earn_yld,8,2,mapped,1,point_in_time_ratios,computed,143173,0.14950317140616878,bounded GBM-only predictor workspace; not full final model-suite importance,mapped,Feature mapped to the canonical AE-FEAT-IMPORT 11-family taxonomy.
AE-FEAT-IMPORT-006R,individual_feature_log_odds_rebuild_20260602_gbm,raw_plus_latent,permanent_csi,ocf_per_share,9,3,mapped,1,point_in_time_ratios,computed,143173,0.07772116002496757,bounded GBM-only predictor workspace; not full final model-suite importance,mapped,Feature mapped to the canonical AE-FEAT-IMPORT 11-family taxonomy.
AE-FEAT-IMPORT-006R,individual_feature_log_odds_rebuild_20260602_gbm,raw_plus_latent,permanent_csi,unrate,455,4,mapped,1,point_in_time_ratios,computed,143173,0.0716628244545189,bounded GBM-only predictor workspace; not full final model-suite importance,mapped,Feature mapped to the canonical AE-FEAT-IMPORT 11-family taxonomy.
AE-FEAT-IMPORT-006R,individual_feature_log_odds_rebuild_20260602_gbm,raw_plus_latent,permanent_csi,altman_z2,45,5,mapped,1,point_in_time_ratios,computed,143173,0.06939170799709887,bounded GBM-only predictor workspace; not full final model-suite importance,mapped,Feature mapped to the canonical AE-FEAT-IMPORT 11-family taxonomy.
AE-FEAT-IMPORT-006R,individual_feature_log_odds_rebuild_20260602_gbm,raw_plus_latent,permanent_csi,ann_return,5,6,mapped,11,price_momentum_volatility_and_macro_interactions,computed,143173,0.0563882704523415,bounded GBM-only predictor workspace; not full final model-suite importance,mapped,Feature mapped to the canonical AE-FEAT-IMPORT 11-family taxonomy.
AE-FEAT-IMPORT-006R,individual_feature_log_odds_rebuild_20260602_gbm,raw_plus_latent,permanent_csi,roll_min_3y_earn_yld,274,7,mapped,10,rolling_window_statistics,computed,143173,0.05498672661023655,bounded GBM-only predictor workspace; not full final model-suite importance,mapped,Feature mapped to the canonical AE-FEAT-IMPORT 11-family taxonomy.
AE-FEAT-IMPORT-006R,individual_feature_log_odds_rebuild_20260602_gbm,raw_plus_latent,permanent_csi,roll_mean_5y_earn_yld,349,8,mapped,10,rolling_window_statistics,computed,143173,0.04644626699165152,bounded GBM-only predictor workspace; not full final model-suite importance,mapped,Feature mapped to the canonical AE-FEAT-IMPORT 11-family taxonomy.
AE-FEAT-IMPORT-006R,individual_feature_log_odds_rebuild_20260602_gbm,raw_plus_latent,permanent_csi,roll_mean_3y_ocf_per_share,260,9,mapped,10,rolling_window_statistics,computed,143173,0.045428832884735496,bounded GBM-only predictor workspace; not full final model-suite importance,mapped,Feature mapped to the canonical AE-FEAT-IMPORT 11-family taxonomy.
AE-FEAT-IMPORT-006R,individual_feature_log_odds_rebuild_20260602_gbm,raw_plus_latent,permanent_csi,roa,10,10,mapped,1,point_in_time_ratios,computed,143173,0.044701227888344734,bounded GBM-only predictor workspace; not full final model-suite importance,mapped,Feature mapped to the canonical AE-FEAT-IMPORT 11-family taxonomy.
AE-FEAT-IMPORT-006R,individual_feature_log_odds_rebuild_20260602_gbm,raw_plus_latent,permanent_csi,mom_6m,441,11,mapped,11,price_momentum_volatility_and_macro_interactions,computed,143173,0.041398286329765395,bounded GBM-only predictor workspace; not full final model-suite importance,mapped,Feature mapped to the canonical AE-FEAT-IMPORT 11-family taxonomy.
AE-FEAT-IMPORT-006R,individual_feature_log_odds_rebuild_20260602_gbm,raw_plus_latent,permanent_csi,roll_min_3y_roa,276,12,mapped,10,rolling_window_statistics,computed,143173,0.03966956054109917,bounded GBM-only predictor workspace; not full final model-suite importance,mapped,Feature mapped to the canonical AE-FEAT-IMPORT 11-family taxonomy.
AE-FEAT-IMPORT-006R,individual_feature_log_odds_rebuild_20260602_gbm,raw_plus_latent,permanent_csi,term_spread,453,13,mapped,1,point_in_time_ratios,computed,143173,0.038613090496584346,bounded GBM-only predictor workspace; not full final model-suite importance,mapped,Feature mapped to the canonical AE-FEAT-IMPORT 11-family taxonomy.
AE-FEAT-IMPORT-006R,individual_feature_log_odds_rebuild_20260602_gbm,raw_plus_latent,permanent_csi,roll_mean_3y_earn_yld,259,14,mapped,10,rolling_window_statistics,computed,143173,0.037050895200927664,bounded GBM-only predictor workspace; not full final model-suite importance,mapped,Feature mapped to the canonical AE-FEAT-IMPORT 11-family taxonomy.
AE-FEAT-IMPORT-006R,individual_feature_log_odds_rebuild_20260602_gbm,raw_plus_latent,permanent_csi,log_return,6,15,mapped,11,price_momentum_volatility_and_macro_interactions,computed,143173,0.03703505840954217,bounded GBM-only predictor workspace; not full final model-suite importance,mapped,Feature mapped to the canonical AE-FEAT-IMPORT 11-family taxonomy.
AE-FEAT-IMPORT-006R,individual_feature_log_odds_rebuild_20260602_gbm,raw_plus_latent,permanent_csi,ocf_margin,16,16,mapped,1,point_in_time_ratios,computed,143173,0.03510031496592669,bounded GBM-only predictor workspace; not full final model-suite importance,mapped,Feature mapped to the canonical AE-FEAT-IMPORT 11-family taxonomy.
AE-FEAT-IMPORT-006R,individual_feature_log_odds_rebuild_20260602_gbm,raw_plus_latent,permanent_csi,vol_60m,445,17,mapped,11,price_momentum_volatility_and_macro_interactions,computed,143173,0.03288345310163743,bounded GBM-only predictor workspace; not full final model-suite importance,mapped,Feature mapped to the canonical AE-FEAT-IMPORT 11-family taxonomy.
AE-FEAT-IMPORT-006R,individual_feature_log_odds_rebuild_20260602_gbm,raw_plus_latent,permanent_csi,interact_ret_vix,451,18,mapped,11,price_momentum_volatility_and_macro_interactions,computed,143173,0.027994642449152143,bounded GBM-only predictor workspace; not full final model-suite importance,mapped,Feature mapped to the canonical AE-FEAT-IMPORT 11-family taxonomy.
AE-FEAT-IMPORT-006R,individual_feature_log_odds_rebuild_20260602_gbm,raw_plus_latent,permanent_csi,roll_max_3y_ocf_per_share,290,19,mapped,10,rolling_window_statistics,computed,143173,0.025717899029122405,bounded GBM-only predictor workspace; not full final model-suite importance,mapped,Feature mapped to the canonical AE-FEAT-IMPORT 11-family taxonomy.
AE-FEAT-IMPORT-006R,individual_feature_log_odds_rebuild_20260602_gbm,raw_plus_latent,permanent_csi,roic,12,20,mapped,1,point_in_time_ratios,computed,143173,0.02528172443734336,bounded GBM-only predictor workspace; not full final model-suite importance,mapped,Feature mapped to the canonical AE-FEAT-IMPORT 11-family taxonomy.
AE-FEAT-IMPORT-006R,individual_feature_log_odds_rebuild_20260602_gbm,raw_plus_latent,permanent_csi,interact_roa_gdp,450,21,mapped,11,price_momentum_volatility_and_macro_interactions,computed,143173,0.024997043840251493,bounded GBM-only predictor workspace; not full final model-suite importance,mapped,Feature mapped to the canonical AE-FEAT-IMPORT 11-family taxonomy.
AE-FEAT-IMPORT-006R,individual_feature_log_odds_rebuild_20260602_gbm,raw_plus_latent,permanent_csi,mom_3m,440,22,mapped,11,price_momentum_volatility_and_macro_interactions,computed,143173,0.02405148823059743,bounded GBM-only predictor workspace; not full final model-suite importance,mapped,Feature mapped to the canonical AE-FEAT-IMPORT 11-family taxonomy.
AE-FEAT-IMPORT-006R,individual_feature_log_odds_rebuild_20260602_gbm,raw_plus_latent,permanent_csi,vol_12m,442,23,mapped,11,price_momentum_volatility_and_macro_interactions,computed,143173,0.02132552528524154,bounded GBM-only predictor workspace; not full final model-suite importance,mapped,Feature mapped to the canonical AE-FEAT-IMPORT 11-family taxonomy.
AE-FEAT-IMPORT-006R,individual_feature_log_odds_rebuild_20260602_gbm,raw_plus_latent,permanent_csi,roll_mean_3y_roic,262,24,mapped,10,rolling_window_statistics,computed,143173,0.019121832502112857,bounded GBM-only predictor workspace; not full final model-suite importance,mapped,Feature mapped to the canonical AE-FEAT-IMPORT 11-family taxonomy.
AE-FEAT-IMPORT-006R,individual_feature_log_odds_rebuild_20260602_gbm,raw_plus_latent,permanent_csi,reinvest_rate,36,25,mapped,1,point_in_time_ratios,computed,143173,0.01810674671146356,bounded GBM-only predictor workspace; not full final model-suite importance,mapped,Feature mapped to the canonical AE-FEAT-IMPORT 11-family taxonomy.
AE-FEAT-IMPORT-006R,individual_feature_log_odds_rebuild_20260602_gbm,raw_plus_latent,permanent_csi,cpi_inflation,458,26,mapped,1,point_in_time_ratios,computed,143173,0.017969194493808932,bounded GBM-only predictor workspace; not full final model-suite importance,mapped,Feature mapped to the canonical AE-FEAT-IMPORT 11-family taxonomy.
AE-FEAT-IMPORT-006R,individual_feature_log_odds_rebuild_20260602_gbm,raw_plus_latent,permanent_csi,ebit_roa,13,27,mapped,1,point_in_time_ratios,computed,143173,0.017934062385180735,bounded GBM-only predictor workspace; not full final model-suite importance,mapped,Feature mapped to the canonical AE-FEAT-IMPORT 11-family taxonomy.
AE-FEAT-IMPORT-006R,individual_feature_log_odds_rebuild_20260602_gbm,raw_plus_latent,permanent_csi,roll_min_3y_ocf_per_share,275,28,mapped,10,rolling_window_statistics,computed,143173,0.017849765627456375,bounded GBM-only predictor workspace; not full final model-suite importance,mapped,Feature mapped to the canonical AE-FEAT-IMPORT 11-family taxonomy.
AE-FEAT-IMPORT-006R,individual_feature_log_odds_rebuild_20260602_gbm,raw_plus_latent,permanent_csi,roll_min_5y_earn_yld,364,29,mapped,10,rolling_window_statistics,computed,143173,0.017709579081164852,bounded GBM-only predictor workspace; not full final model-suite importance,mapped,Feature mapped to the canonical AE-FEAT-IMPORT 11-family taxonomy.
AE-FEAT-IMPORT-006R,individual_feature_log_odds_rebuild_20260602_gbm,raw_plus_latent,permanent_csi,ebitda_margin,15,30,mapped,1,point_in_time_ratios,computed,143173,0.01725130166515126,bounded GBM-only predictor workspace; not full final model-suite importance,mapped,Feature mapped to the canonical AE-FEAT-IMPORT 11-family taxonomy.
AE-FEAT-IMPORT-006R,individual_feature_log_odds_rebuild_20260602_gbm,raw_plus_latent,permanent_csi,wcap_ratio,26,31,mapped,1,point_in_time_ratios,computed,143173,0.015761004259648055,bounded GBM-only predictor workspace; not full final model-suite importance,mapped,Feature mapped to the canonical AE-FEAT-IMPORT 11-family taxonomy.
AE-FEAT-IMPORT-006R,individual_feature_log_odds_rebuild_20260602_gbm,raw_plus_latent,permanent_csi,hy_spread,454,32,mapped,1,point_in_time_ratios,computed,143173,0.01477802941034598,bounded GBM-only predictor workspace; not full final model-suite importance,mapped,Feature mapped to the canonical AE-FEAT-IMPORT 11-family taxonomy.
AE-FEAT-IMPORT-006R,individual_feature_log_odds_rebuild_20260602_gbm,raw_plus_latent,permanent_csi,d_unrate,2,33,mapped,1,point_in_time_ratios,computed,143173,0.01403200120982148,bounded GBM-only predictor workspace; not full final model-suite importance,mapped,Feature mapped to the canonical AE-FEAT-IMPORT 11-family taxonomy.
AE-FEAT-IMPORT-006R,individual_feature_log_odds_rebuild_20260602_gbm,raw_plus_latent,permanent_csi,roll_mean_3y_roa,261,34,mapped,10,rolling_window_statistics,computed,143173,0.013974715972870989,bounded GBM-only predictor workspace; not full final model-suite importance,mapped,Feature mapped to the canonical AE-FEAT-IMPORT 11-family taxonomy.
AE-FEAT-IMPORT-006R,individual_feature_log_odds_rebuild_20260602_gbm,raw_plus_latent,permanent_csi,vix,457,35,mapped,1,point_in_time_ratios,computed,143173,0.013489258326205475,bounded GBM-only predictor workspace; not full final model-suite importance,mapped,Feature mapped to the canonical AE-FEAT-IMPORT 11-family taxonomy.
AE-FEAT-IMPORT-006R,individual_feature_log_odds_rebuild_20260602_gbm,raw_plus_latent,permanent_csi,indpro_growth,460,36,mapped,1,point_in_time_ratios,computed,143173,0.01325998498420845,bounded GBM-only predictor workspace; not full final model-suite importance,mapped,Feature mapped to the canonical AE-FEAT-IMPORT 11-family taxonomy.
AE-FEAT-IMPORT-006R,individual_feature_log_odds_rebuild_20260602_gbm,raw_plus_latent,permanent_csi,roll_mean_5y_ocf_per_share,350,37,mapped,10,rolling_window_statistics,computed,143173,0.012696933068395453,bounded GBM-only predictor workspace; not full final model-suite importance,mapped,Feature mapped to the canonical AE-FEAT-IMPORT 11-family taxonomy.
AE-FEAT-IMPORT-006R,individual_feature_log_odds_rebuild_20260602_gbm,raw_plus_latent,permanent_csi,max_dd_60m,446,38,mapped,11,price_momentum_volatility_and_macro_interactions,computed,143173,0.012229685583456067,bounded GBM-only predictor workspace; not full final model-suite importance,mapped,Feature mapped to the canonical AE-FEAT-IMPORT 11-family taxonomy.
AE-FEAT-IMPORT-006R,individual_feature_log_odds_rebuild_20260602_gbm,raw_plus_latent,permanent_csi,roll_min_5y_current_ratio,371,39,mapped,10,rolling_window_statistics,computed,143173,0.01222869709526517,bounded GBM-only predictor workspace; not full final model-suite importance,mapped,Feature mapped to the canonical AE-FEAT-IMPORT 11-family taxonomy.
AE-FEAT-IMPORT-006R,individual_feature_log_odds_rebuild_20260602_gbm,raw_plus_latent,permanent_csi,fedfunds,456,40,mapped,1,point_in_time_ratios,computed,143173,0.010374499687404302,bounded GBM-only predictor workspace; not full final model-suite importance,mapped,Feature mapped to the canonical AE-FEAT-IMPORT 11-family taxonomy.
AE-FEAT-IMPORT-006R,individual_feature_log_odds_rebuild_20260602_gbm,raw_plus_latent,permanent_csi,d_vix,4,41,mapped,1,point_in_time_ratios,computed,143173,0.010152391403703762,bounded GBM-only predictor workspace; not full final model-suite importance,mapped,Feature mapped to the canonical AE-FEAT-IMPORT 11-family taxonomy.
AE-FEAT-IMPORT-006R,individual_feature_log_odds_rebuild_20260602_gbm,raw_plus_latent,permanent_csi,altman_z,47,42,mapped,1,point_in_time_ratios,computed,143173,0.00969530701942366,bounded GBM-only predictor workspace; not full final model-suite importance,mapped,Feature mapped to the canonical AE-FEAT-IMPORT 11-family taxonomy.
AE-FEAT-IMPORT-006R,individual_feature_log_odds_rebuild_20260602_gbm,raw_plus_latent,permanent_csi,peak_drop_earn_yld,209,43,mapped,6,peak_deterioration,computed,143173,0.009625934472477681,bounded GBM-only predictor workspace; not full final model-suite importance,mapped,Feature mapped to the canonical AE-FEAT-IMPORT 11-family taxonomy.
AE-FEAT-IMPORT-006R,individual_feature_log_odds_rebuild_20260602_gbm,raw_plus_latent,permanent_csi,vae_recon_error,486,44,latent_vae,latent_vae,vae_latent_features,computed,143173,0.009500519984444882,bounded GBM-only predictor workspace; not full final model-suite importance,latent_vae,VAE latent dimension or reconstruction error; outside canonical raw/engineered family taxonomy.
AE-FEAT-IMPORT-006R,individual_feature_log_odds_rebuild_20260602_gbm,raw_plus_latent,permanent_csi,roe,11,45,mapped,1,point_in_time_ratios,computed,143173,0.009392153695363326,bounded GBM-only predictor workspace; not full final model-suite importance,mapped,Feature mapped to the canonical AE-FEAT-IMPORT 11-family taxonomy.
AE-FEAT-IMPORT-006R,individual_feature_log_odds_rebuild_20260602_gbm,raw_plus_latent,permanent_csi,yoy_log_at,77,46,mapped,2,yoy_changes,computed,143173,0.008954025607473187,bounded GBM-only predictor workspace; not full final model-suite importance,mapped,Feature mapped to the canonical AE-FEAT-IMPORT 11-family taxonomy.
AE-FEAT-IMPORT-006R,individual_feature_log_odds_rebuild_20260602_gbm,raw_plus_latent,permanent_csi,d_hy_spread,3,47,mapped,1,point_in_time_ratios,computed,143173,0.008867194347834005,bounded GBM-only predictor workspace; not full final model-suite importance,mapped,Feature mapped to the canonical AE-FEAT-IMPORT 11-family taxonomy.
AE-FEAT-IMPORT-006R,individual_feature_log_odds_rebuild_20260602_gbm,raw_plus_latent,permanent_csi,current_ratio,23,48,mapped,1,point_in_time_ratios,computed,143173,0.008603733843192842,bounded GBM-only predictor workspace; not full final model-suite importance,mapped,Feature mapped to the canonical AE-FEAT-IMPORT 11-family taxonomy.
AE-FEAT-IMPORT-006R,individual_feature_log_odds_rebuild_20260602_gbm,raw_plus_latent,permanent_csi,invest_st_ratio,48,49,mapped,1,point_in_time_ratios,computed,143173,0.007011032759922557,bounded GBM-only predictor workspace; not full final model-suite importance,mapped,Feature mapped to the canonical AE-FEAT-IMPORT 11-family taxonomy.
AE-FEAT-IMPORT-006R,individual_feature_log_odds_rebuild_20260602_gbm,raw_plus_latent,permanent_csi,expvol_log_return,207,50,mapped,5,expanding_volatility,computed,143173,0.006773078100705199,bounded GBM-only predictor workspace; not full final model-suite importance,mapped,Feature mapped to the canonical AE-FEAT-IMPORT 11-family taxonomy.
AE-FEAT-IMPORT-006R,individual_feature_log_odds_rebuild_20260602_gbm,raw_plus_latent,permanent_csi,roll_max_3y_net_debt_ebitda,294,51,mapped,10,rolling_window_statistics,computed,143173,0.00654569314324332,bounded GBM-only predictor workspace; not full final model-suite importance,mapped,Feature mapped to the canonical AE-FEAT-IMPORT 11-family taxonomy.
AE-FEAT-IMPORT-006R,individual_feature_log_odds_rebuild_20260602_gbm,raw_plus_latent,permanent_csi,siccd,7,52,unmapped,,,computed,143173,0.006508228834402303,bounded GBM-only predictor workspace; not full final model-suite importance,unmapped,Required predictor feature did not match canonical family mapping rules.
AE-FEAT-IMPORT-006R,individual_feature_log_odds_rebuild_20260602_gbm,raw_plus_latent,permanent_csi,roll_mean_5y_ebitda_margin,361,53,mapped,10,rolling_window_statistics,computed,143173,0.0062119018323554785,bounded GBM-only predictor workspace; not full final model-suite importance,mapped,Feature mapped to the canonical AE-FEAT-IMPORT 11-family taxonomy.
AE-FEAT-IMPORT-006R,individual_feature_log_odds_rebuild_20260602_gbm,raw_plus_latent,permanent_csi,roll_min_5y_ebitda_margin,376,54,mapped,10,rolling_window_statistics,computed,143173,0.0060022087390008486,bounded GBM-only predictor workspace; not full final model-suite importance,mapped,Feature mapped to the canonical AE-FEAT-IMPORT 11-family taxonomy.
AE-FEAT-IMPORT-006R,individual_feature_log_odds_rebuild_20260602_gbm,raw_plus_latent,permanent_csi,net_debt_ebitda,18,55,mapped,1,point_in_time_ratios,computed,143173,0.005977654283229096,bounded GBM-only predictor workspace; not full final model-suite importance,mapped,Feature mapped to the canonical AE-FEAT-IMPORT 11-family taxonomy.
AE-FEAT-IMPORT-006R,individual_feature_log_odds_rebuild_20260602_gbm,raw_plus_latent,permanent_csi,quick_ratio,24,56,mapped,1,point_in_time_ratios,computed,143173,0.005973552860386827,bounded GBM-only predictor workspace; not full final model-suite importance,mapped,Feature mapped to the canonical AE-FEAT-IMPORT 11-family taxonomy.
AE-FEAT-IMPORT-006R,individual_feature_log_odds_rebuild_20260602_gbm,raw_plus_latent,permanent_csi,fyear,1,57,unmapped,,,computed,143173,0.005942060459916999,bounded GBM-only predictor workspace; not full final model-suite importance,unmapped,Required predictor feature did not match canonical family mapping rules.
AE-FEAT-IMPORT-006R,individual_feature_log_odds_rebuild_20260602_gbm,raw_plus_latent,permanent_csi,roll_min_5y_roa,366,58,mapped,10,rolling_window_statistics,computed,143173,0.005817734517747972,bounded GBM-only predictor workspace; not full final model-suite importance,mapped,Feature mapped to the canonical AE-FEAT-IMPORT 11-family taxonomy.
AE-FEAT-IMPORT-006R,individual_feature_log_odds_rebuild_20260602_gbm,raw_plus_latent,permanent_csi,roll_max_5y_ocf_per_share,380,59,mapped,10,rolling_window_statistics,computed,143173,0.005806443067710687,bounded GBM-only predictor workspace; not full final model-suite importance,mapped,Feature mapped to the canonical AE-FEAT-IMPORT 11-family taxonomy.
AE-FEAT-IMPORT-006R,individual_feature_log_odds_rebuild_20260602_gbm,raw_plus_latent,permanent_csi,interact_lev_rate,447,60,mapped,11,price_momentum_volatility_and_macro_interactions,computed,143173,0.005363867208704255,bounded GBM-only predictor workspace; not full final model-suite importance,mapped,Feature mapped to the canonical AE-FEAT-IMPORT 11-family taxonomy.
AE-FEAT-IMPORT-006R,individual_feature_log_odds_rebuild_20260602_gbm,raw_plus_latent,permanent_csi,interest_cov,21,61,mapped,1,point_in_time_ratios,computed,143173,0.005170283480306141,bounded GBM-only predictor workspace; not full final model-suite importance,mapped,Feature mapped to the canonical AE-FEAT-IMPORT 11-family taxonomy.
AE-FEAT-IMPORT-006R,individual_feature_log_odds_rebuild_20260602_gbm,raw_plus_latent,permanent_csi,mkt_to_book,31,62,mapped,1,point_in_time_ratios,computed,143173,0.005053226026475235,bounded GBM-only predictor workspace; not full final model-suite importance,mapped,Feature mapped to the canonical AE-FEAT-IMPORT 11-family taxonomy.
AE-FEAT-IMPORT-006R,individual_feature_log_odds_rebuild_20260602_gbm,raw_plus_latent,permanent_csi,ev_to_sales,28,63,mapped,1,point_in_time_ratios,computed,143173,0.004805500267688759,bounded GBM-only predictor workspace; not full final model-suite importance,mapped,Feature mapped to the canonical AE-FEAT-IMPORT 11-family taxonomy.
AE-FEAT-IMPORT-006R,individual_feature_log_odds_rebuild_20260602_gbm,raw_plus_latent,permanent_csi,yoy_bp_ratio,68,64,mapped,2,yoy_changes,computed,143173,0.004796180819891419,bounded GBM-only predictor workspace; not full final model-suite importance,mapped,Feature mapped to the canonical AE-FEAT-IMPORT 11-family taxonomy.
AE-FEAT-IMPORT-006R,individual_feature_log_odds_rebuild_20260602_gbm,raw_plus_latent,permanent_csi,roll_sd_5y_log_at,408,65,mapped,10,rolling_window_statistics,computed,143173,0.004320328371374393,bounded GBM-only predictor workspace; not full final model-suite importance,mapped,Feature mapped to the canonical AE-FEAT-IMPORT 11-family taxonomy.
AE-FEAT-IMPORT-006R,individual_feature_log_odds_rebuild_20260602_gbm,raw_plus_latent,permanent_csi,expvol_log_at,197,66,mapped,5,expanding_volatility,computed,143173,0.0041842498792531695,bounded GBM-only predictor workspace; not full final model-suite importance,mapped,Feature mapped to the canonical AE-FEAT-IMPORT 11-family taxonomy.
AE-FEAT-IMPORT-006R,individual_feature_log_odds_rebuild_20260602_gbm,raw_plus_latent,permanent_csi,roll_mean_5y_roa,351,67,mapped,10,rolling_window_statistics,computed,143173,0.00413936392270315,bounded GBM-only predictor workspace; not full final model-suite importance,mapped,Feature mapped to the canonical AE-FEAT-IMPORT 11-family taxonomy.
AE-FEAT-IMPORT-006R,individual_feature_log_odds_rebuild_20260602_gbm,raw_plus_latent,permanent_csi,roll_mean_3y_ebitda_margin,271,68,mapped,10,rolling_window_statistics,computed,143173,0.004090958772664022,bounded GBM-only predictor workspace; not full final model-suite importance,mapped,Feature mapped to the canonical AE-FEAT-IMPORT 11-family taxonomy.
AE-FEAT-IMPORT-006R,individual_feature_log_odds_rebuild_20260602_gbm,raw_plus_latent,permanent_csi,roll_min_5y_log_mkvalt,377,69,mapped,10,rolling_window_statistics,computed,143173,0.00403066141938886,bounded GBM-only predictor workspace; not full final model-suite importance,mapped,Feature mapped to the canonical AE-FEAT-IMPORT 11-family taxonomy.
AE-FEAT-IMPORT-006R,individual_feature_log_odds_rebuild_20260602_gbm,raw_plus_latent,permanent_csi,leverage,17,70,mapped,1,point_in_time_ratios,computed,143173,0.003903043793956965,bounded GBM-only predictor workspace; not full final model-suite importance,mapped,Feature mapped to the canonical AE-FEAT-IMPORT 11-family taxonomy.
AE-FEAT-IMPORT-006R,individual_feature_log_odds_rebuild_20260602_gbm,raw_plus_latent,permanent_csi,expmean_rd_intensity,155,71,mapped,4,expanding_mean,computed,143173,0.0037862541643458726,bounded GBM-only predictor workspace; not full final model-suite importance,mapped,Feature mapped to the canonical AE-FEAT-IMPORT 11-family taxonomy.
AE-FEAT-IMPORT-006R,individual_feature_log_odds_rebuild_20260602_gbm,raw_plus_latent,permanent_csi,roll_min_3y_asset_turnover,284,72,mapped,10,rolling_window_statistics,computed,143173,0.0037211763282689538,bounded GBM-only predictor workspace; not full final model-suite importance,mapped,Feature mapped to the canonical AE-FEAT-IMPORT 11-family taxonomy.
AE-FEAT-IMPORT-006R,individual_feature_log_odds_rebuild_20260602_gbm,raw_plus_latent,permanent_csi,expmean_ocf_per_share,130,73,mapped,4,expanding_mean,computed,143173,0.0037121255493805095,bounded GBM-only predictor workspace; not full final model-suite importance,mapped,Feature mapped to the canonical AE-FEAT-IMPORT 11-family taxonomy.
AE-FEAT-IMPORT-006R,individual_feature_log_odds_rebuild_20260602_gbm,raw_plus_latent,permanent_csi,expmean_earn_yld,129,74,mapped,4,expanding_mean,computed,143173,0.003495155064395669,bounded GBM-only predictor workspace; not full final model-suite importance,mapped,Feature mapped to the canonical AE-FEAT-IMPORT 11-family taxonomy.
AE-FEAT-IMPORT-006R,individual_feature_log_odds_rebuild_20260602_gbm,raw_plus_latent,permanent_csi,ni_per_emp,42,75,mapped,1,point_in_time_ratios,computed,143173,0.003285291232813903,bounded GBM-only predictor workspace; not full final model-suite importance,mapped,Feature mapped to the canonical AE-FEAT-IMPORT 11-family taxonomy.
AE-FEAT-IMPORT-006R,individual_feature_log_odds_rebuild_20260602_gbm,raw_plus_latent,permanent_csi,peak_drop_log_mkvalt,225,76,mapped,6,peak_deterioration,computed,143173,0.003207711158470422,bounded GBM-only predictor workspace; not full final model-suite importance,mapped,Feature mapped to the canonical AE-FEAT-IMPORT 11-family taxonomy.
AE-FEAT-IMPORT-006R,individual_feature_log_odds_rebuild_20260602_gbm,raw_plus_latent,permanent_csi,mom_24m,444,77,mapped,11,price_momentum_volatility_and_macro_interactions,computed,143173,0.0029481593472205736,bounded GBM-only predictor workspace; not full final model-suite importance,mapped,Feature mapped to the canonical AE-FEAT-IMPORT 11-family taxonomy.
AE-FEAT-IMPORT-006R,individual_feature_log_odds_rebuild_20260602_gbm,raw_plus_latent,permanent_csi,expmean_ocf_margin,137,78,mapped,4,expanding_mean,computed,143173,0.0029479355272547963,bounded GBM-only predictor workspace; not full final model-suite importance,mapped,Feature mapped to the canonical AE-FEAT-IMPORT 11-family taxonomy.
AE-FEAT-IMPORT-006R,individual_feature_log_odds_rebuild_20260602_gbm,raw_plus_latent,permanent_csi,peak_drop_bp_ratio,224,79,mapped,6,peak_deterioration,computed,143173,0.002862129648547506,bounded GBM-only predictor workspace; not full final model-suite importance,mapped,Feature mapped to the canonical AE-FEAT-IMPORT 11-family taxonomy.
AE-FEAT-IMPORT-006R,individual_feature_log_odds_rebuild_20260602_gbm,raw_plus_latent,permanent_csi,roll_max_3y_earn_yld,289,80,mapped,10,rolling_window_statistics,computed,143173,0.0027130867419596456,bounded GBM-only predictor workspace; not full final model-suite importance,mapped,Feature mapped to the canonical AE-FEAT-IMPORT 11-family taxonomy.
AE-FEAT-IMPORT-006R,individual_feature_log_odds_rebuild_20260602_gbm,raw_plus_latent,permanent_csi,roll_sd_3y_log_at,318,81,mapped,10,rolling_window_statistics,computed,143173,0.0025691163161712578,bounded GBM-only predictor workspace; not full final model-suite importance,mapped,Feature mapped to the canonical AE-FEAT-IMPORT 11-family taxonomy.
AE-FEAT-IMPORT-006R,individual_feature_log_odds_rebuild_20260602_gbm,raw_plus_latent,permanent_csi,expmean_current_ratio,144,82,mapped,4,expanding_mean,computed,143173,0.002492807804714856,bounded GBM-only predictor workspace; not full final model-suite importance,mapped,Feature mapped to the canonical AE-FEAT-IMPORT 11-family taxonomy.
AE-FEAT-IMPORT-006R,individual_feature_log_odds_rebuild_20260602_gbm,raw_plus_latent,permanent_csi,log_at,37,83,mapped,1,point_in_time_ratios,computed,143173,0.0024026846524806914,bounded GBM-only predictor workspace; not full final model-suite importance,mapped,Feature mapped to the canonical AE-FEAT-IMPORT 11-family taxonomy.
AE-FEAT-IMPORT-006R,individual_feature_log_odds_rebuild_20260602_gbm,raw_plus_latent,permanent_csi,z15,476,84,latent_vae,latent_vae,vae_latent_features,computed,143173,0.0023980278257211486,bounded GBM-only predictor workspace; not full final model-suite importance,latent_vae,VAE latent dimension or reconstruction error; outside canonical raw/engineered family taxonomy.
AE-FEAT-IMPORT-006R,individual_feature_log_odds_rebuild_20260602_gbm,raw_plus_latent,permanent_csi,yoy_altman_z4,84,85,mapped,2,yoy_changes,computed,143173,0.002233531638936496,bounded GBM-only predictor workspace; not full final model-suite importance,mapped,Feature mapped to the canonical AE-FEAT-IMPORT 11-family taxonomy.
AE-FEAT-IMPORT-006R,individual_feature_log_odds_rebuild_20260602_gbm,raw_plus_latent,permanent_csi,peak_drop_log_emp,226,86,mapped,6,peak_deterioration,computed,143173,0.0022291732028443126,bounded GBM-only predictor workspace; not full final model-suite importance,mapped,Feature mapped to the canonical AE-FEAT-IMPORT 11-family taxonomy.
AE-FEAT-IMPORT-006R,individual_feature_log_odds_rebuild_20260602_gbm,raw_plus_latent,permanent_csi,roll_min_3y_log_mkvalt,287,87,mapped,10,rolling_window_statistics,computed,143173,0.0021362375223263432,bounded GBM-only predictor workspace; not full final model-suite importance,mapped,Feature mapped to the canonical AE-FEAT-IMPORT 11-family taxonomy.
AE-FEAT-IMPORT-006R,individual_feature_log_odds_rebuild_20260602_gbm,raw_plus_latent,permanent_csi,expvol_earn_yld,169,88,mapped,5,expanding_volatility,computed,143173,0.002096282876582519,bounded GBM-only predictor workspace; not full final model-suite importance,mapped,Feature mapped to the canonical AE-FEAT-IMPORT 11-family taxonomy.
AE-FEAT-IMPORT-006R,individual_feature_log_odds_rebuild_20260602_gbm,raw_plus_latent,permanent_csi,peak_drop_roe,212,89,mapped,6,peak_deterioration,computed,143173,0.002095976433848379,bounded GBM-only predictor workspace; not full final model-suite importance,mapped,Feature mapped to the canonical AE-FEAT-IMPORT 11-family taxonomy.
AE-FEAT-IMPORT-006R,individual_feature_log_odds_rebuild_20260602_gbm,raw_plus_latent,permanent_csi,bp_ratio,27,90,mapped,1,point_in_time_ratios,computed,143173,0.002076819465614591,bounded GBM-only predictor workspace; not full final model-suite importance,mapped,Feature mapped to the canonical AE-FEAT-IMPORT 11-family taxonomy.
AE-FEAT-IMPORT-006R,individual_feature_log_odds_rebuild_20260602_gbm,raw_plus_latent,permanent_csi,expmean_roa,131,91,mapped,4,expanding_mean,computed,143173,0.0020489348358175533,bounded GBM-only predictor workspace; not full final model-suite importance,mapped,Feature mapped to the canonical AE-FEAT-IMPORT 11-family taxonomy.
AE-FEAT-IMPORT-006R,individual_feature_log_odds_rebuild_20260602_gbm,raw_plus_latent,permanent_csi,roll_min_3y_accruals_ratio,283,92,mapped,10,rolling_window_statistics,computed,143173,0.002032247144075135,bounded GBM-only predictor workspace; not full final model-suite importance,mapped,Feature mapped to the canonical AE-FEAT-IMPORT 11-family taxonomy.
AE-FEAT-IMPORT-006R,individual_feature_log_odds_rebuild_20260602_gbm,raw_plus_latent,permanent_csi,interact_acc_hyspr,452,93,mapped,11,price_momentum_volatility_and_macro_interactions,computed,143173,0.0020190751548901883,bounded GBM-only predictor workspace; not full final model-suite importance,mapped,Feature mapped to the canonical AE-FEAT-IMPORT 11-family taxonomy.
AE-FEAT-IMPORT-006R,individual_feature_log_odds_rebuild_20260602_gbm,raw_plus_latent,permanent_csi,roll_mean_5y_asset_turnover,359,94,mapped,10,rolling_window_statistics,computed,143173,0.0020092822792566393,bounded GBM-only predictor workspace; not full final model-suite importance,mapped,Feature mapped to the canonical AE-FEAT-IMPORT 11-family taxonomy.
AE-FEAT-IMPORT-006R,individual_feature_log_odds_rebuild_20260602_gbm,raw_plus_latent,permanent_csi,roll_min_3y_interest_cov,280,95,mapped,10,rolling_window_statistics,computed,143173,0.001976481512916631,bounded GBM-only predictor workspace; not full final model-suite importance,mapped,Feature mapped to the canonical AE-FEAT-IMPORT 11-family taxonomy.
AE-FEAT-IMPORT-006R,individual_feature_log_odds_rebuild_20260602_gbm,raw_plus_latent,permanent_csi,rd_intensity,35,96,mapped,1,point_in_time_ratios,computed,143173,0.0019582217151384433,bounded GBM-only predictor workspace; not full final model-suite importance,mapped,Feature mapped to the canonical AE-FEAT-IMPORT 11-family taxonomy.
AE-FEAT-IMPORT-006R,individual_feature_log_odds_rebuild_20260602_gbm,raw_plus_latent,permanent_csi,gdp_growth,459,97,mapped,1,point_in_time_ratios,computed,143173,0.0018752036387885932,bounded GBM-only predictor workspace; not full final model-suite importance,mapped,Feature mapped to the canonical AE-FEAT-IMPORT 11-family taxonomy.
AE-FEAT-IMPORT-006R,individual_feature_log_odds_rebuild_20260602_gbm,raw_plus_latent,permanent_csi,dd1_ratio,22,98,mapped,1,point_in_time_ratios,computed,143173,0.001810998770753874,bounded GBM-only predictor workspace; not full final model-suite importance,mapped,Feature mapped to the canonical AE-FEAT-IMPORT 11-family taxonomy.
AE-FEAT-IMPORT-006R,individual_feature_log_odds_rebuild_20260602_gbm,raw_plus_latent,permanent_csi,roll_sd_5y_net_debt_ebitda,399,99,mapped,10,rolling_window_statistics,computed,143173,0.0017577586744940991,bounded GBM-only predictor workspace; not full final model-suite importance,mapped,Feature mapped to the canonical AE-FEAT-IMPORT 11-family taxonomy.
AE-FEAT-IMPORT-006R,individual_feature_log_odds_rebuild_20260602_gbm,raw_plus_latent,permanent_csi,roll_min_5y_roic,367,100,mapped,10,rolling_window_statistics,computed,143173,0.0017509962191739688,bounded GBM-only predictor workspace; not full final model-suite importance,mapped,Feature mapped to the canonical AE-FEAT-IMPORT 11-family taxonomy.
AE-FEAT-IMPORT-006R,individual_feature_log_odds_rebuild_20260602_gbm,raw_plus_latent,permanent_csi,peak_drop_ebitda_margin,216,101,mapped,6,peak_deterioration,computed,143173,0.0017412772694649613,bounded GBM-only predictor workspace; not full final model-suite importance,mapped,Feature mapped to the canonical AE-FEAT-IMPORT 11-family taxonomy.
AE-FEAT-IMPORT-006R,individual_feature_log_odds_rebuild_20260602_gbm,raw_plus_latent,permanent_csi,expmean_cash_pct_act,146,102,mapped,4,expanding_mean,computed,143173,0.0017398315024429803,bounded GBM-only predictor workspace; not full final model-suite importance,mapped,Feature mapped to the canonical AE-FEAT-IMPORT 11-family taxonomy.
AE-FEAT-IMPORT-006R,individual_feature_log_odds_rebuild_20260602_gbm,raw_plus_latent,permanent_csi,roll_max_3y_roic,292,103,mapped,10,rolling_window_statistics,computed,143173,0.0017260025329285467,bounded GBM-only predictor workspace; not full final model-suite importance,mapped,Feature mapped to the canonical AE-FEAT-IMPORT 11-family taxonomy.
AE-FEAT-IMPORT-006R,individual_feature_log_odds_rebuild_20260602_gbm,raw_plus_latent,permanent_csi,log_mkvalt,38,104,mapped,1,point_in_time_ratios,computed,143173,0.001724937567155947,bounded GBM-only predictor workspace; not full final model-suite importance,mapped,Feature mapped to the canonical AE-FEAT-IMPORT 11-family taxonomy.
AE-FEAT-IMPORT-006R,individual_feature_log_odds_rebuild_20260602_gbm,raw_plus_latent,permanent_csi,altman_z4,46,105,mapped,1,point_in_time_ratios,computed,143173,0.0017208146343859556,bounded GBM-only predictor workspace; not full final model-suite importance,mapped,Feature mapped to the canonical AE-FEAT-IMPORT 11-family taxonomy.
AE-FEAT-IMPORT-006R,individual_feature_log_odds_rebuild_20260602_gbm,raw_plus_latent,permanent_csi,mom_1m,439,106,mapped,11,price_momentum_volatility_and_macro_interactions,computed,143173,0.001703939519199411,bounded GBM-only predictor workspace; not full final model-suite importance,mapped,Feature mapped to the canonical AE-FEAT-IMPORT 11-family taxonomy.
AE-FEAT-IMPORT-006R,individual_feature_log_odds_rebuild_20260602_gbm,raw_plus_latent,permanent_csi,roll_max_3y_log_mkvalt,302,107,mapped,10,rolling_window_statistics,computed,143173,0.0016866197059189488,bounded GBM-only predictor workspace; not full final model-suite importance,mapped,Feature mapped to the canonical AE-FEAT-IMPORT 11-family taxonomy.
AE-FEAT-IMPORT-006R,individual_feature_log_odds_rebuild_20260602_gbm,raw_plus_latent,permanent_csi,roll_max_3y_interest_cov,295,108,mapped,10,rolling_window_statistics,computed,143173,0.0016763259567842805,bounded GBM-only predictor workspace; not full final model-suite importance,mapped,Feature mapped to the canonical AE-FEAT-IMPORT 11-family taxonomy.
AE-FEAT-IMPORT-006R,individual_feature_log_odds_rebuild_20260602_gbm,raw_plus_latent,permanent_csi,capex_intensity,34,109,mapped,1,point_in_time_ratios,computed,143173,0.0016722849479002282,bounded GBM-only predictor workspace; not full final model-suite importance,mapped,Feature mapped to the canonical AE-FEAT-IMPORT 11-family taxonomy.
AE-FEAT-IMPORT-006R,individual_feature_log_odds_rebuild_20260602_gbm,raw_plus_latent,permanent_csi,expvol_leverage,178,110,mapped,5,expanding_volatility,computed,143173,0.0016632953655335723,bounded GBM-only predictor workspace; not full final model-suite importance,mapped,Feature mapped to the canonical AE-FEAT-IMPORT 11-family taxonomy.
AE-FEAT-IMPORT-006R,individual_feature_log_odds_rebuild_20260602_gbm,raw_plus_latent,permanent_csi,roll_max_5y_earn_yld,379,111,mapped,10,rolling_window_statistics,computed,143173,0.0016274818413230135,bounded GBM-only predictor workspace; not full final model-suite importance,mapped,Feature mapped to the canonical AE-FEAT-IMPORT 11-family taxonomy.
AE-FEAT-IMPORT-006R,individual_feature_log_odds_rebuild_20260602_gbm,raw_plus_latent,permanent_csi,roll_sd_3y_net_debt_ebitda,309,112,mapped,10,rolling_window_statistics,computed,143173,0.0016242968295096527,bounded GBM-only predictor workspace; not full final model-suite importance,mapped,Feature mapped to the canonical AE-FEAT-IMPORT 11-family taxonomy.
AE-FEAT-IMPORT-006R,individual_feature_log_odds_rebuild_20260602_gbm,raw_plus_latent,permanent_csi,roll_min_3y_gross_margin,285,113,mapped,10,rolling_window_statistics,computed,143173,0.0016119531638986392,bounded GBM-only predictor workspace; not full final model-suite importance,mapped,Feature mapped to the canonical AE-FEAT-IMPORT 11-family taxonomy.
AE-FEAT-IMPORT-006R,individual_feature_log_odds_rebuild_20260602_gbm,raw_plus_latent,permanent_csi,roll_trend_3y_ebitda_margin,331,114,mapped,10,rolling_window_statistics,computed,143173,0.0015988437497322045,bounded GBM-only predictor workspace; not full final model-suite importance,mapped,Feature mapped to the canonical AE-FEAT-IMPORT 11-family taxonomy.
AE-FEAT-IMPORT-006R,individual_feature_log_odds_rebuild_20260602_gbm,raw_plus_latent,permanent_csi,z14,475,115,latent_vae,latent_vae,vae_latent_features,computed,143173,0.0015725839171361212,bounded GBM-only predictor workspace; not full final model-suite importance,latent_vae,VAE latent dimension or reconstruction error; outside canonical raw/engineered family taxonomy.
AE-FEAT-IMPORT-006R,individual_feature_log_odds_rebuild_20260602_gbm,raw_plus_latent,permanent_csi,roll_trend_5y_ebitda_margin,421,116,mapped,10,rolling_window_statistics,computed,143173,0.0015519945521625135,bounded GBM-only predictor workspace; not full final model-suite importance,mapped,Feature mapped to the canonical AE-FEAT-IMPORT 11-family taxonomy.
AE-FEAT-IMPORT-006R,individual_feature_log_odds_rebuild_20260602_gbm,raw_plus_latent,permanent_csi,z1,462,117,latent_vae,latent_vae,vae_latent_features,computed,143173,0.0015390014949690294,bounded GBM-only predictor workspace; not full final model-suite importance,latent_vae,VAE latent dimension or reconstruction error; outside canonical raw/engineered family taxonomy.
AE-FEAT-IMPORT-006R,individual_feature_log_odds_rebuild_20260602_gbm,raw_plus_latent,permanent_csi,roll_mean_3y_log_mkvalt,272,118,mapped,10,rolling_window_statistics,computed,143173,0.0015339376302658104,bounded GBM-only predictor workspace; not full final model-suite importance,mapped,Feature mapped to the canonical AE-FEAT-IMPORT 11-family taxonomy.
AE-FEAT-IMPORT-006R,individual_feature_log_odds_rebuild_20260602_gbm,raw_plus_latent,permanent_csi,cash_pct_act,25,119,mapped,1,point_in_time_ratios,computed,143173,0.0014661108190492525,bounded GBM-only predictor workspace; not full final model-suite importance,mapped,Feature mapped to the canonical AE-FEAT-IMPORT 11-family taxonomy.
AE-FEAT-IMPORT-006R,individual_feature_log_odds_rebuild_20260602_gbm,raw_plus_latent,permanent_csi,roll_max_3y_roa,291,120,mapped,10,rolling_window_statistics,computed,143173,0.001445710185990367,bounded GBM-only predictor workspace; not full final model-suite importance,mapped,Feature mapped to the canonical AE-FEAT-IMPORT 11-family taxonomy.
AE-FEAT-IMPORT-006R,individual_feature_log_odds_rebuild_20260602_gbm,raw_plus_latent,permanent_csi,roll_max_5y_net_debt_ebitda,384,121,mapped,10,rolling_window_statistics,computed,143173,0.0014163610274740017,bounded GBM-only predictor workspace; not full final model-suite importance,mapped,Feature mapped to the canonical AE-FEAT-IMPORT 11-family taxonomy.
AE-FEAT-IMPORT-006R,individual_feature_log_odds_rebuild_20260602_gbm,raw_plus_latent,permanent_csi,acct_mom_log_at,258,122,mapped,9,accounting_momentum,computed,143173,0.0013845580605126246,bounded GBM-only predictor workspace; not full final model-suite importance,mapped,Feature mapped to the canonical AE-FEAT-IMPORT 11-family taxonomy.
AE-FEAT-IMPORT-006R,individual_feature_log_odds_rebuild_20260602_gbm,raw_plus_latent,permanent_csi,roll_trend_3y_gross_margin,330,123,mapped,10,rolling_window_statistics,computed,143173,0.0013774812143375478,bounded GBM-only predictor workspace; not full final model-suite importance,mapped,Feature mapped to the canonical AE-FEAT-IMPORT 11-family taxonomy.
AE-FEAT-IMPORT-006R,individual_feature_log_odds_rebuild_20260602_gbm,raw_plus_latent,permanent_csi,roll_min_3y_roic,277,124,mapped,10,rolling_window_statistics,computed,143173,0.00136682521768576,bounded GBM-only predictor workspace; not full final model-suite importance,mapped,Feature mapped to the canonical AE-FEAT-IMPORT 11-family taxonomy.
AE-FEAT-IMPORT-006R,individual_feature_log_odds_rebuild_20260602_gbm,raw_plus_latent,permanent_csi,roll_min_5y_ocf_per_share,365,125,mapped,10,rolling_window_statistics,computed,143173,0.0013584022898864693,bounded GBM-only predictor workspace; not full final model-suite importance,mapped,Feature mapped to the canonical AE-FEAT-IMPORT 11-family taxonomy.
AE-FEAT-IMPORT-006R,individual_feature_log_odds_rebuild_20260602_gbm,raw_plus_latent,permanent_csi,roll_mean_5y_gross_margin,360,126,mapped,10,rolling_window_statistics,computed,143173,0.0013524590289629044,bounded GBM-only predictor workspace; not full final model-suite importance,mapped,Feature mapped to the canonical AE-FEAT-IMPORT 11-family taxonomy.
AE-FEAT-IMPORT-006R,individual_feature_log_odds_rebuild_20260602_gbm,raw_plus_latent,permanent_csi,yoy_ann_return,88,127,mapped,2,yoy_changes,computed,143173,0.0013276217482049457,bounded GBM-only predictor workspace; not full final model-suite importance,mapped,Feature mapped to the canonical AE-FEAT-IMPORT 11-family taxonomy.
AE-FEAT-IMPORT-006R,individual_feature_log_odds_rebuild_20260602_gbm,raw_plus_latent,permanent_csi,roll_mean_3y_asset_turnover,269,128,mapped,10,rolling_window_statistics,computed,143173,0.0013049911215512059,bounded GBM-only predictor workspace; not full final model-suite importance,mapped,Feature mapped to the canonical AE-FEAT-IMPORT 11-family taxonomy.
AE-FEAT-IMPORT-006R,individual_feature_log_odds_rebuild_20260602_gbm,raw_plus_latent,permanent_csi,roll_max_3y_leverage,293,129,mapped,10,rolling_window_statistics,computed,143173,0.0012687714702898322,bounded GBM-only predictor workspace; not full final model-suite importance,mapped,Feature mapped to the canonical AE-FEAT-IMPORT 11-family taxonomy.
AE-FEAT-IMPORT-006R,individual_feature_log_odds_rebuild_20260602_gbm,raw_plus_latent,permanent_csi,yoy_mkt_to_book,71,130,mapped,2,yoy_changes,computed,143173,0.0012514920984240318,bounded GBM-only predictor workspace; not full final model-suite importance,mapped,Feature mapped to the canonical AE-FEAT-IMPORT 11-family taxonomy.
AE-FEAT-IMPORT-006R,individual_feature_log_odds_rebuild_20260602_gbm,raw_plus_latent,permanent_csi,expmean_quick_ratio,145,131,mapped,4,expanding_mean,computed,143173,0.0012395243206971438,bounded GBM-only predictor workspace; not full final model-suite importance,mapped,Feature mapped to the canonical AE-FEAT-IMPORT 11-family taxonomy.
AE-FEAT-IMPORT-006R,individual_feature_log_odds_rebuild_20260602_gbm,raw_plus_latent,permanent_csi,roll_max_3y_cash_pct_act,297,132,mapped,10,rolling_window_statistics,computed,143173,0.0012375171006654732,bounded GBM-only predictor workspace; not full final model-suite importance,mapped,Feature mapped to the canonical AE-FEAT-IMPORT 11-family taxonomy.
AE-FEAT-IMPORT-006R,individual_feature_log_odds_rebuild_20260602_gbm,raw_plus_latent,permanent_csi,roll_min_5y_leverage,368,133,mapped,10,rolling_window_statistics,computed,143173,0.00123488839554702,bounded GBM-only predictor workspace; not full final model-suite importance,mapped,Feature mapped to the canonical AE-FEAT-IMPORT 11-family taxonomy.
AE-FEAT-IMPORT-006R,individual_feature_log_odds_rebuild_20260602_gbm,raw_plus_latent,permanent_csi,roll_min_3y_current_ratio,281,134,mapped,10,rolling_window_statistics,computed,143173,0.0012218389037771283,bounded GBM-only predictor workspace; not full final model-suite importance,mapped,Feature mapped to the canonical AE-FEAT-IMPORT 11-family taxonomy.
AE-FEAT-IMPORT-006R,individual_feature_log_odds_rebuild_20260602_gbm,raw_plus_latent,permanent_csi,expmean_altman_z2,163,135,mapped,4,expanding_mean,computed,143173,0.001207224536437659,bounded GBM-only predictor workspace; not full final model-suite importance,mapped,Feature mapped to the canonical AE-FEAT-IMPORT 11-family taxonomy.
AE-FEAT-IMPORT-006R,individual_feature_log_odds_rebuild_20260602_gbm,raw_plus_latent,permanent_csi,recession,461,136,mapped,1,point_in_time_ratios,computed,143173,0.0011991850932068578,bounded GBM-only predictor workspace; not full final model-suite importance,mapped,Feature mapped to the canonical AE-FEAT-IMPORT 11-family taxonomy.
AE-FEAT-IMPORT-006R,individual_feature_log_odds_rebuild_20260602_gbm,raw_plus_latent,permanent_csi,roll_sd_5y_asset_turnover,404,137,mapped,10,rolling_window_statistics,computed,143173,0.0011922415572640968,bounded GBM-only predictor workspace; not full final model-suite importance,mapped,Feature mapped to the canonical AE-FEAT-IMPORT 11-family taxonomy.
AE-FEAT-IMPORT-006R,individual_feature_log_odds_rebuild_20260602_gbm,raw_plus_latent,permanent_csi,accel_ann_return,128,138,mapped,3,acceleration,computed,143173,0.0011891783878984414,bounded GBM-only predictor workspace; not full final model-suite importance,mapped,Feature mapped to the canonical AE-FEAT-IMPORT 11-family taxonomy.
AE-FEAT-IMPORT-006R,individual_feature_log_odds_rebuild_20260602_gbm,raw_plus_latent,permanent_csi,roll_mean_3y_current_ratio,266,139,mapped,10,rolling_window_statistics,computed,143173,0.0011826687601636022,bounded GBM-only predictor workspace; not full final model-suite importance,mapped,Feature mapped to the canonical AE-FEAT-IMPORT 11-family taxonomy.
AE-FEAT-IMPORT-006R,individual_feature_log_odds_rebuild_20260602_gbm,raw_plus_latent,permanent_csi,yoy_net_debt_ebitda,59,140,mapped,2,yoy_changes,computed,143173,0.0011730488006463143,bounded GBM-only predictor workspace; not full final model-suite importance,mapped,Feature mapped to the canonical AE-FEAT-IMPORT 11-family taxonomy.
AE-FEAT-IMPORT-006R,individual_feature_log_odds_rebuild_20260602_gbm,raw_plus_latent,permanent_csi,roll_trend_3y_log_at,333,141,mapped,10,rolling_window_statistics,computed,143173,0.0010914283602481477,bounded GBM-only predictor workspace; not full final model-suite importance,mapped,Feature mapped to the canonical AE-FEAT-IMPORT 11-family taxonomy.
AE-FEAT-IMPORT-006R,individual_feature_log_odds_rebuild_20260602_gbm,raw_plus_latent,permanent_csi,acct_mom_earn_yld,244,142,mapped,9,accounting_momentum,computed,143173,0.001077805356111106,bounded GBM-only predictor workspace; not full final model-suite importance,mapped,Feature mapped to the canonical AE-FEAT-IMPORT 11-family taxonomy.
AE-FEAT-IMPORT-006R,individual_feature_log_odds_rebuild_20260602_gbm,raw_plus_latent,permanent_csi,compr_inc_ratio,44,143,mapped,1,point_in_time_ratios,computed,143173,0.001051761066548698,bounded GBM-only predictor workspace; not full final model-suite importance,mapped,Feature mapped to the canonical AE-FEAT-IMPORT 11-family taxonomy.
AE-FEAT-IMPORT-006R,individual_feature_log_odds_rebuild_20260602_gbm,raw_plus_latent,permanent_csi,yoy_roe,52,144,mapped,2,yoy_changes,computed,143173,0.0010455774228907528,bounded GBM-only predictor workspace; not full final model-suite importance,mapped,Feature mapped to the canonical AE-FEAT-IMPORT 11-family taxonomy.
AE-FEAT-IMPORT-006R,individual_feature_log_odds_rebuild_20260602_gbm,raw_plus_latent,permanent_csi,roll_sd_5y_earn_yld,394,145,mapped,10,rolling_window_statistics,computed,143173,0.001028519035238978,bounded GBM-only predictor workspace; not full final model-suite importance,mapped,Feature mapped to the canonical AE-FEAT-IMPORT 11-family taxonomy.
AE-FEAT-IMPORT-006R,individual_feature_log_odds_rebuild_20260602_gbm,raw_plus_latent,permanent_csi,expvol_altman_z2,203,146,mapped,5,expanding_volatility,computed,143173,0.0010016948960382198,bounded GBM-only predictor workspace; not full final model-suite importance,mapped,Feature mapped to the canonical AE-FEAT-IMPORT 11-family taxonomy.
AE-FEAT-IMPORT-006R,individual_feature_log_odds_rebuild_20260602_gbm,raw_plus_latent,permanent_csi,roll_min_3y_net_debt_ebitda,279,147,mapped,10,rolling_window_statistics,computed,143173,0.0009936683436554902,bounded GBM-only predictor workspace; not full final model-suite importance,mapped,Feature mapped to the canonical AE-FEAT-IMPORT 11-family taxonomy.
AE-FEAT-IMPORT-006R,individual_feature_log_odds_rebuild_20260602_gbm,raw_plus_latent,permanent_csi,z9,470,148,latent_vae,latent_vae,vae_latent_features,computed,143173,0.0009780932014162435,bounded GBM-only predictor workspace; not full final model-suite importance,latent_vae,VAE latent dimension or reconstruction error; outside canonical raw/engineered family taxonomy.
AE-FEAT-IMPORT-006R,individual_feature_log_odds_rebuild_20260602_gbm,raw_plus_latent,permanent_csi,expvol_log_emp,199,149,mapped,5,expanding_volatility,computed,143173,0.0009743263851401348,bounded GBM-only predictor workspace; not full final model-suite importance,mapped,Feature mapped to the canonical AE-FEAT-IMPORT 11-family taxonomy.
AE-FEAT-IMPORT-006R,individual_feature_log_odds_rebuild_20260602_gbm,raw_plus_latent,permanent_csi,roll_mean_5y_log_mkvalt,362,150,mapped,10,rolling_window_statistics,computed,143173,0.0009709639724902647,bounded GBM-only predictor workspace; not full final model-suite importance,mapped,Feature mapped to the canonical AE-FEAT-IMPORT 11-family taxonomy.
AE-FEAT-IMPORT-006R,individual_feature_log_odds_rebuild_20260602_gbm,raw_plus_latent,permanent_csi,roll_mean_5y_roic,352,151,mapped,10,rolling_window_statistics,computed,143173,0.0009702165179348208,bounded GBM-only predictor workspace; not full final model-suite importance,mapped,Feature mapped to the canonical AE-FEAT-IMPORT 11-family taxonomy.
AE-FEAT-IMPORT-006R,individual_feature_log_odds_rebuild_20260602_gbm,raw_plus_latent,permanent_csi,yoy_log_mkvalt,78,152,mapped,2,yoy_changes,computed,143173,0.0009696049035817945,bounded GBM-only predictor workspace; not full final model-suite importance,mapped,Feature mapped to the canonical AE-FEAT-IMPORT 11-family taxonomy.
AE-FEAT-IMPORT-006R,individual_feature_log_odds_rebuild_20260602_gbm,raw_plus_latent,permanent_csi,trough_rise_eff_int_rate,230,153,mapped,7,trough_rise,computed,143173,0.0009627128756925423,bounded GBM-only predictor workspace; not full final model-suite importance,mapped,Feature mapped to the canonical AE-FEAT-IMPORT 11-family taxonomy.
AE-FEAT-IMPORT-006R,individual_feature_log_odds_rebuild_20260602_gbm,raw_plus_latent,permanent_csi,expmean_log_return,167,154,mapped,4,expanding_mean,computed,143173,0.0009605559336325892,bounded GBM-only predictor workspace; not full final model-suite importance,mapped,Feature mapped to the canonical AE-FEAT-IMPORT 11-family taxonomy.
AE-FEAT-IMPORT-006R,individual_feature_log_odds_rebuild_20260602_gbm,raw_plus_latent,permanent_csi,roll_min_5y_cash_pct_act,372,155,mapped,10,rolling_window_statistics,computed,143173,0.0009572209653832407,bounded GBM-only predictor workspace; not full final model-suite importance,mapped,Feature mapped to the canonical AE-FEAT-IMPORT 11-family taxonomy.
AE-FEAT-IMPORT-006R,individual_feature_log_odds_rebuild_20260602_gbm,raw_plus_latent,permanent_csi,gross_margin,14,156,mapped,1,point_in_time_ratios,computed,143173,0.0009250181999737374,bounded GBM-only predictor workspace; not full final model-suite importance,mapped,Feature mapped to the canonical AE-FEAT-IMPORT 11-family taxonomy.
AE-FEAT-IMPORT-006R,individual_feature_log_odds_rebuild_20260602_gbm,raw_plus_latent,permanent_csi,roll_max_3y_asset_turnover,299,157,mapped,10,rolling_window_statistics,computed,143173,0.0009242980790600639,bounded GBM-only predictor workspace; not full final model-suite importance,mapped,Feature mapped to the canonical AE-FEAT-IMPORT 11-family taxonomy.
AE-FEAT-IMPORT-006R,individual_feature_log_odds_rebuild_20260602_gbm,raw_plus_latent,permanent_csi,yoy_log_emp,79,158,mapped,2,yoy_changes,computed,143173,0.0009003982503819499,bounded GBM-only predictor workspace; not full final model-suite importance,mapped,Feature mapped to the canonical AE-FEAT-IMPORT 11-family taxonomy.
AE-FEAT-IMPORT-006R,individual_feature_log_odds_rebuild_20260602_gbm,raw_plus_latent,permanent_csi,expvol_roic,173,159,mapped,5,expanding_volatility,computed,143173,0.0008852492928815681,bounded GBM-only predictor workspace; not full final model-suite importance,mapped,Feature mapped to the canonical AE-FEAT-IMPORT 11-family taxonomy.
AE-FEAT-IMPORT-006R,individual_feature_log_odds_rebuild_20260602_gbm,raw_plus_latent,permanent_csi,yoy_assets_per_emp,81,160,mapped,2,yoy_changes,computed,143173,0.0008838146579636344,bounded GBM-only predictor workspace; not full final model-suite importance,mapped,Feature mapped to the canonical AE-FEAT-IMPORT 11-family taxonomy.
AE-FEAT-IMPORT-006R,individual_feature_log_odds_rebuild_20260602_gbm,raw_plus_latent,permanent_csi,expmean_capex_intensity,154,161,mapped,4,expanding_mean,computed,143173,0.0008801189331708685,bounded GBM-only predictor workspace; not full final model-suite importance,mapped,Feature mapped to the canonical AE-FEAT-IMPORT 11-family taxonomy.
AE-FEAT-IMPORT-006R,individual_feature_log_odds_rebuild_20260602_gbm,raw_plus_latent,permanent_csi,expmean_wcap_ratio,147,162,mapped,4,expanding_mean,computed,143173,0.000875413456910292,bounded GBM-only predictor workspace; not full final model-suite importance,mapped,Feature mapped to the canonical AE-FEAT-IMPORT 11-family taxonomy.
AE-FEAT-IMPORT-006R,individual_feature_log_odds_rebuild_20260602_gbm,raw_plus_latent,permanent_csi,yoy_earn_yld,49,163,mapped,2,yoy_changes,computed,143173,0.000875158086057604,bounded GBM-only predictor workspace; not full final model-suite importance,mapped,Feature mapped to the canonical AE-FEAT-IMPORT 11-family taxonomy.
AE-FEAT-IMPORT-006R,individual_feature_log_odds_rebuild_20260602_gbm,raw_plus_latent,permanent_csi,yoy_log_return,87,164,mapped,2,yoy_changes,computed,143173,0.0008416678921689542,bounded GBM-only predictor workspace; not full final model-suite importance,mapped,Feature mapped to the canonical AE-FEAT-IMPORT 11-family taxonomy.
AE-FEAT-IMPORT-006R,individual_feature_log_odds_rebuild_20260602_gbm,raw_plus_latent,permanent_csi,roll_trend_5y_asset_turnover,419,165,mapped,10,rolling_window_statistics,computed,143173,0.0008333740433640445,bounded GBM-only predictor workspace; not full final model-suite importance,mapped,Feature mapped to the canonical AE-FEAT-IMPORT 11-family taxonomy.
AE-FEAT-IMPORT-006R,individual_feature_log_odds_rebuild_20260602_gbm,raw_plus_latent,permanent_csi,asset_turnover,33,166,mapped,1,point_in_time_ratios,computed,143173,0.0008310586174024763,bounded GBM-only predictor workspace; not full final model-suite importance,mapped,Feature mapped to the canonical AE-FEAT-IMPORT 11-family taxonomy.
AE-FEAT-IMPORT-006R,individual_feature_log_odds_rebuild_20260602_gbm,raw_plus_latent,permanent_csi,roll_sd_5y_gross_margin,405,167,mapped,10,rolling_window_statistics,computed,143173,0.0008253974649087807,bounded GBM-only predictor workspace; not full final model-suite importance,mapped,Feature mapped to the canonical AE-FEAT-IMPORT 11-family taxonomy.
AE-FEAT-IMPORT-006R,individual_feature_log_odds_rebuild_20260602_gbm,raw_plus_latent,permanent_csi,accel_roic,93,168,mapped,3,acceleration,computed,143173,0.0008140038779209548,bounded GBM-only predictor workspace; not full final model-suite importance,mapped,Feature mapped to the canonical AE-FEAT-IMPORT 11-family taxonomy.
AE-FEAT-IMPORT-006R,individual_feature_log_odds_rebuild_20260602_gbm,raw_plus_latent,permanent_csi,z12,473,169,latent_vae,latent_vae,vae_latent_features,computed,143173,0.0008099504880881695,bounded GBM-only predictor workspace; not full final model-suite importance,latent_vae,VAE latent dimension or reconstruction error; outside canonical raw/engineered family taxonomy.
AE-FEAT-IMPORT-006R,individual_feature_log_odds_rebuild_20260602_gbm,raw_plus_latent,permanent_csi,expmean_gross_margin,135,170,mapped,4,expanding_mean,computed,143173,0.0008059427997453216,bounded GBM-only predictor workspace; not full final model-suite importance,mapped,Feature mapped to the canonical AE-FEAT-IMPORT 11-family taxonomy.
AE-FEAT-IMPORT-006R,individual_feature_log_odds_rebuild_20260602_gbm,raw_plus_latent,permanent_csi,yoy_ebit_roa,54,171,mapped,2,yoy_changes,computed,143173,0.0008012453024892798,bounded GBM-only predictor workspace; not full final model-suite importance,mapped,Feature mapped to the canonical AE-FEAT-IMPORT 11-family taxonomy.
AE-FEAT-IMPORT-006R,individual_feature_log_odds_rebuild_20260602_gbm,raw_plus_latent,permanent_csi,roll_trend_3y_asset_turnover,329,172,mapped,10,rolling_window_statistics,computed,143173,0.000799969459893793,bounded GBM-only predictor workspace; not full final model-suite importance,mapped,Feature mapped to the canonical AE-FEAT-IMPORT 11-family taxonomy.
AE-FEAT-IMPORT-006R,individual_feature_log_odds_rebuild_20260602_gbm,raw_plus_latent,permanent_csi,accel_bp_ratio,108,173,mapped,3,acceleration,computed,143173,0.0007917474539025372,bounded GBM-only predictor workspace; not full final model-suite importance,mapped,Feature mapped to the canonical AE-FEAT-IMPORT 11-family taxonomy.
AE-FEAT-IMPORT-006R,individual_feature_log_odds_rebuild_20260602_gbm,raw_plus_latent,permanent_csi,yoy_altman_z,85,174,mapped,2,yoy_changes,computed,143173,0.0007869251166254108,bounded GBM-only predictor workspace; not full final model-suite importance,mapped,Feature mapped to the canonical AE-FEAT-IMPORT 11-family taxonomy.
AE-FEAT-IMPORT-006R,individual_feature_log_odds_rebuild_20260602_gbm,raw_plus_latent,permanent_csi,accel_reinvest_rate,116,175,mapped,3,acceleration,computed,143173,0.0007698085720649858,bounded GBM-only predictor workspace; not full final model-suite importance,mapped,Feature mapped to the canonical AE-FEAT-IMPORT 11-family taxonomy.
AE-FEAT-IMPORT-006R,individual_feature_log_odds_rebuild_20260602_gbm,raw_plus_latent,permanent_csi,roll_sd_5y_leverage,398,176,mapped,10,rolling_window_statistics,computed,143173,0.0007655024597124824,bounded GBM-only predictor workspace; not full final model-suite importance,mapped,Feature mapped to the canonical AE-FEAT-IMPORT 11-family taxonomy.
AE-FEAT-IMPORT-006R,individual_feature_log_odds_rebuild_20260602_gbm,raw_plus_latent,permanent_csi,peak_drop_ebit_roa,214,177,mapped,6,peak_deterioration,computed,143173,0.0007265844114565927,bounded GBM-only predictor workspace; not full final model-suite importance,mapped,Feature mapped to the canonical AE-FEAT-IMPORT 11-family taxonomy.
AE-FEAT-IMPORT-006R,individual_feature_log_odds_rebuild_20260602_gbm,raw_plus_latent,permanent_csi,peak_drop_ocf_per_share,210,178,mapped,6,peak_deterioration,computed,143173,0.0007131713747827061,bounded GBM-only predictor workspace; not full final model-suite importance,mapped,Feature mapped to the canonical AE-FEAT-IMPORT 11-family taxonomy.
AE-FEAT-IMPORT-006R,individual_feature_log_odds_rebuild_20260602_gbm,raw_plus_latent,permanent_csi,expmean_accruals_ratio,152,179,mapped,4,expanding_mean,computed,143173,0.0007109884158499073,bounded GBM-only predictor workspace; not full final model-suite importance,mapped,Feature mapped to the canonical AE-FEAT-IMPORT 11-family taxonomy.
AE-FEAT-IMPORT-006R,individual_feature_log_odds_rebuild_20260602_gbm,raw_plus_latent,permanent_csi,roll_sd_5y_log_mkvalt,407,180,mapped,10,rolling_window_statistics,computed,143173,0.0006991791085032632,bounded GBM-only predictor workspace; not full final model-suite importance,mapped,Feature mapped to the canonical AE-FEAT-IMPORT 11-family taxonomy.
AE-FEAT-IMPORT-006R,individual_feature_log_odds_rebuild_20260602_gbm,raw_plus_latent,permanent_csi,expvol_dd1_ratio,183,181,mapped,5,expanding_volatility,computed,143173,0.0006805834780226164,bounded GBM-only predictor workspace; not full final model-suite importance,mapped,Feature mapped to the canonical AE-FEAT-IMPORT 11-family taxonomy.
AE-FEAT-IMPORT-006R,individual_feature_log_odds_rebuild_20260602_gbm,raw_plus_latent,permanent_csi,accel_log_mkvalt,118,182,mapped,3,acceleration,computed,143173,0.0006763818067743636,bounded GBM-only predictor workspace; not full final model-suite importance,mapped,Feature mapped to the canonical AE-FEAT-IMPORT 11-family taxonomy.
AE-FEAT-IMPORT-006R,individual_feature_log_odds_rebuild_20260602_gbm,raw_plus_latent,permanent_csi,roll_mean_5y_accruals_ratio,358,183,mapped,10,rolling_window_statistics,computed,143173,0.000673868491113354,bounded GBM-only predictor workspace; not full final model-suite importance,mapped,Feature mapped to the canonical AE-FEAT-IMPORT 11-family taxonomy.
AE-FEAT-IMPORT-006R,individual_feature_log_odds_rebuild_20260602_gbm,raw_plus_latent,permanent_csi,expvol_roa,171,184,mapped,5,expanding_volatility,computed,143173,0.0006626487517039324,bounded GBM-only predictor workspace; not full final model-suite importance,mapped,Feature mapped to the canonical AE-FEAT-IMPORT 11-family taxonomy.
AE-FEAT-IMPORT-006R,individual_feature_log_odds_rebuild_20260602_gbm,raw_plus_latent,permanent_csi,roll_mean_3y_cash_pct_act,267,185,mapped,10,rolling_window_statistics,computed,143173,0.0006564691847870697,bounded GBM-only predictor workspace; not full final model-suite importance,mapped,Feature mapped to the canonical AE-FEAT-IMPORT 11-family taxonomy.
AE-FEAT-IMPORT-006R,individual_feature_log_odds_rebuild_20260602_gbm,raw_plus_latent,permanent_csi,accel_ev_to_sales,109,186,mapped,3,acceleration,computed,143173,0.0006542894017291148,bounded GBM-only predictor workspace; not full final model-suite importance,mapped,Feature mapped to the canonical AE-FEAT-IMPORT 11-family taxonomy.
AE-FEAT-IMPORT-006R,individual_feature_log_odds_rebuild_20260602_gbm,raw_plus_latent,permanent_csi,std_debt_pct,19,187,mapped,1,point_in_time_ratios,computed,143173,0.0006536029481059682,bounded GBM-only predictor workspace; not full final model-suite importance,mapped,Feature mapped to the canonical AE-FEAT-IMPORT 11-family taxonomy.
AE-FEAT-IMPORT-006R,individual_feature_log_odds_rebuild_20260602_gbm,raw_plus_latent,permanent_csi,trough_rise_leverage,227,188,mapped,7,trough_rise,computed,143173,0.000649214802856919,bounded GBM-only predictor workspace; not full final model-suite importance,mapped,Feature mapped to the canonical AE-FEAT-IMPORT 11-family taxonomy.
AE-FEAT-IMPORT-006R,individual_feature_log_odds_rebuild_20260602_gbm,raw_plus_latent,permanent_csi,expmean_asset_turnover,153,189,mapped,4,expanding_mean,computed,143173,0.0006345864541318082,bounded GBM-only predictor workspace; not full final model-suite importance,mapped,Feature mapped to the canonical AE-FEAT-IMPORT 11-family taxonomy.
AE-FEAT-IMPORT-006R,individual_feature_log_odds_rebuild_20260602_gbm,raw_plus_latent,permanent_csi,z22,483,190,latent_vae,latent_vae,vae_latent_features,computed,143173,0.0006070758781590558,bounded GBM-only predictor workspace; not full final model-suite importance,latent_vae,VAE latent dimension or reconstruction error; outside canonical raw/engineered family taxonomy.
AE-FEAT-IMPORT-006R,individual_feature_log_odds_rebuild_20260602_gbm,raw_plus_latent,permanent_csi,expvol_invest_st_ratio,206,191,mapped,5,expanding_volatility,computed,143173,0.0005974607372022664,bounded GBM-only predictor workspace; not full final model-suite importance,mapped,Feature mapped to the canonical AE-FEAT-IMPORT 11-family taxonomy.
AE-FEAT-IMPORT-006R,individual_feature_log_odds_rebuild_20260602_gbm,raw_plus_latent,permanent_csi,z20,481,192,latent_vae,latent_vae,vae_latent_features,computed,143173,0.0005943852210555851,bounded GBM-only predictor workspace; not full final model-suite importance,latent_vae,VAE latent dimension or reconstruction error; outside canonical raw/engineered family taxonomy.
AE-FEAT-IMPORT-006R,individual_feature_log_odds_rebuild_20260602_gbm,raw_plus_latent,permanent_csi,roll_autocorr_5y_log_mkvalt,437,193,mapped,10,rolling_window_statistics,computed,143173,0.0005636243665941262,bounded GBM-only predictor workspace; not full final model-suite importance,mapped,Feature mapped to the canonical AE-FEAT-IMPORT 11-family taxonomy.
AE-FEAT-IMPORT-006R,individual_feature_log_odds_rebuild_20260602_gbm,raw_plus_latent,permanent_csi,roll_autocorr_3y_log_mkvalt,347,194,mapped,10,rolling_window_statistics,computed,143173,0.0005438534058485256,bounded GBM-only predictor workspace; not full final model-suite importance,mapped,Feature mapped to the canonical AE-FEAT-IMPORT 11-family taxonomy.
AE-FEAT-IMPORT-006R,individual_feature_log_odds_rebuild_20260602_gbm,raw_plus_latent,permanent_csi,roll_mean_3y_leverage,263,195,mapped,10,rolling_window_statistics,computed,143173,0.0005335330508106373,bounded GBM-only predictor workspace; not full final model-suite importance,mapped,Feature mapped to the canonical AE-FEAT-IMPORT 11-family taxonomy.
AE-FEAT-IMPORT-006R,individual_feature_log_odds_rebuild_20260602_gbm,raw_plus_latent,permanent_csi,roll_autocorr_5y_roa,426,196,mapped,10,rolling_window_statistics,computed,143173,0.0005227880189576092,bounded GBM-only predictor workspace; not full final model-suite importance,mapped,Feature mapped to the canonical AE-FEAT-IMPORT 11-family taxonomy.
AE-FEAT-IMPORT-006R,individual_feature_log_odds_rebuild_20260602_gbm,raw_plus_latent,permanent_csi,expmean_log_at,157,197,mapped,4,expanding_mean,computed,143173,0.0005212880161972621,bounded GBM-only predictor workspace; not full final model-suite importance,mapped,Feature mapped to the canonical AE-FEAT-IMPORT 11-family taxonomy.
AE-FEAT-IMPORT-006R,individual_feature_log_odds_rebuild_20260602_gbm,raw_plus_latent,permanent_csi,expvol_ocf_margin,177,198,mapped,5,expanding_volatility,computed,143173,0.0005191535795954405,bounded GBM-only predictor workspace; not full final model-suite importance,mapped,Feature mapped to the canonical AE-FEAT-IMPORT 11-family taxonomy.
AE-FEAT-IMPORT-006R,individual_feature_log_odds_rebuild_20260602_gbm,raw_plus_latent,permanent_csi,roll_max_5y_leverage,383,199,mapped,10,rolling_window_statistics,computed,143173,0.0005142175954397562,bounded GBM-only predictor workspace; not full final model-suite importance,mapped,Feature mapped to the canonical AE-FEAT-IMPORT 11-family taxonomy.
AE-FEAT-IMPORT-006R,individual_feature_log_odds_rebuild_20260602_gbm,raw_plus_latent,permanent_csi,roll_trend_5y_log_at,423,200,mapped,10,rolling_window_statistics,computed,143173,0.0005110573171232563,bounded GBM-only predictor workspace; not full final model-suite importance,mapped,Feature mapped to the canonical AE-FEAT-IMPORT 11-family taxonomy.
AE-FEAT-IMPORT-006R,individual_feature_log_odds_rebuild_20260602_gbm,raw_plus_latent,permanent_csi,eff_int_rate,20,201,mapped,1,point_in_time_ratios,computed,143173,0.0005047542676736433,bounded GBM-only predictor workspace; not full final model-suite importance,mapped,Feature mapped to the canonical AE-FEAT-IMPORT 11-family taxonomy.
AE-FEAT-IMPORT-006R,individual_feature_log_odds_rebuild_20260602_gbm,raw_plus_latent,permanent_csi,roll_trend_5y_cash_pct_act,417,202,mapped,10,rolling_window_statistics,computed,143173,0.0004897067445166309,bounded GBM-only predictor workspace; not full final model-suite importance,mapped,Feature mapped to the canonical AE-FEAT-IMPORT 11-family taxonomy.
AE-FEAT-IMPORT-006R,individual_feature_log_odds_rebuild_20260602_gbm,raw_plus_latent,permanent_csi,roll_min_5y_asset_turnover,374,203,mapped,10,rolling_window_statistics,computed,143173,0.0004892676160625408,bounded GBM-only predictor workspace; not full final model-suite importance,mapped,Feature mapped to the canonical AE-FEAT-IMPORT 11-family taxonomy.
AE-FEAT-IMPORT-006R,individual_feature_log_odds_rebuild_20260602_gbm,raw_plus_latent,permanent_csi,roll_mean_5y_leverage,353,204,mapped,10,rolling_window_statistics,computed,143173,0.0004886853743966982,bounded GBM-only predictor workspace; not full final model-suite importance,mapped,Feature mapped to the canonical AE-FEAT-IMPORT 11-family taxonomy.
AE-FEAT-IMPORT-006R,individual_feature_log_odds_rebuild_20260602_gbm,raw_plus_latent,permanent_csi,expmean_ni_per_emp,162,205,mapped,4,expanding_mean,computed,143173,0.00046128661296269627,bounded GBM-only predictor workspace; not full final model-suite importance,mapped,Feature mapped to the canonical AE-FEAT-IMPORT 11-family taxonomy.
AE-FEAT-IMPORT-006R,individual_feature_log_odds_rebuild_20260602_gbm,raw_plus_latent,permanent_csi,accel_rental_ratio,120,206,mapped,3,acceleration,computed,143173,0.00045570662095191684,bounded GBM-only predictor workspace; not full final model-suite importance,mapped,Feature mapped to the canonical AE-FEAT-IMPORT 11-family taxonomy.
AE-FEAT-IMPORT-006R,individual_feature_log_odds_rebuild_20260602_gbm,raw_plus_latent,permanent_csi,z18,479,207,latent_vae,latent_vae,vae_latent_features,computed,143173,0.0004548707811604464,bounded GBM-only predictor workspace; not full final model-suite importance,latent_vae,VAE latent dimension or reconstruction error; outside canonical raw/engineered family taxonomy.
AE-FEAT-IMPORT-006R,individual_feature_log_odds_rebuild_20260602_gbm,raw_plus_latent,permanent_csi,yoy_ebitda_margin,56,208,mapped,2,yoy_changes,computed,143173,0.00044751775763821863,bounded GBM-only predictor workspace; not full final model-suite importance,mapped,Feature mapped to the canonical AE-FEAT-IMPORT 11-family taxonomy.
AE-FEAT-IMPORT-006R,individual_feature_log_odds_rebuild_20260602_gbm,raw_plus_latent,permanent_csi,z13,474,209,latent_vae,latent_vae,vae_latent_features,computed,143173,0.0004422862644719247,bounded GBM-only predictor workspace; not full final model-suite importance,latent_vae,VAE latent dimension or reconstruction error; outside canonical raw/engineered family taxonomy.
AE-FEAT-IMPORT-006R,individual_feature_log_odds_rebuild_20260602_gbm,raw_plus_latent,permanent_csi,peak_drop_gross_margin,215,210,mapped,6,peak_deterioration,computed,143173,0.00043900258032501235,bounded GBM-only predictor workspace; not full final model-suite importance,mapped,Feature mapped to the canonical AE-FEAT-IMPORT 11-family taxonomy.
AE-FEAT-IMPORT-006R,individual_feature_log_odds_rebuild_20260602_gbm,raw_plus_latent,permanent_csi,yoy_dd1_ratio,63,211,mapped,2,yoy_changes,computed,143173,0.00043451257860648034,bounded GBM-only predictor workspace; not full final model-suite importance,mapped,Feature mapped to the canonical AE-FEAT-IMPORT 11-family taxonomy.
AE-FEAT-IMPORT-006R,individual_feature_log_odds_rebuild_20260602_gbm,raw_plus_latent,permanent_csi,expvol_current_ratio,184,212,mapped,5,expanding_volatility,computed,143173,0.0004258784210729549,bounded GBM-only predictor workspace; not full final model-suite importance,mapped,Feature mapped to the canonical AE-FEAT-IMPORT 11-family taxonomy.
AE-FEAT-IMPORT-006R,individual_feature_log_odds_rebuild_20260602_gbm,raw_plus_latent,permanent_csi,expvol_roe,172,213,mapped,5,expanding_volatility,computed,143173,0.00042247181190506125,bounded GBM-only predictor workspace; not full final model-suite importance,mapped,Feature mapped to the canonical AE-FEAT-IMPORT 11-family taxonomy.
AE-FEAT-IMPORT-006R,individual_feature_log_odds_rebuild_20260602_gbm,raw_plus_latent,permanent_csi,peak_drop_wcap_ratio,221,214,mapped,6,peak_deterioration,computed,143173,0.0004083779428852025,bounded GBM-only predictor workspace; not full final model-suite importance,mapped,Feature mapped to the canonical AE-FEAT-IMPORT 11-family taxonomy.
AE-FEAT-IMPORT-006R,individual_feature_log_odds_rebuild_20260602_gbm,raw_plus_latent,permanent_csi,expvol_ni_per_emp,202,215,mapped,5,expanding_volatility,computed,143173,0.00038734081725943847,bounded GBM-only predictor workspace; not full final model-suite importance,mapped,Feature mapped to the canonical AE-FEAT-IMPORT 11-family taxonomy.
AE-FEAT-IMPORT-006R,individual_feature_log_odds_rebuild_20260602_gbm,raw_plus_latent,permanent_csi,roll_trend_5y_gross_margin,420,216,mapped,10,rolling_window_statistics,computed,143173,0.0003850676031575248,bounded GBM-only predictor workspace; not full final model-suite importance,mapped,Feature mapped to the canonical AE-FEAT-IMPORT 11-family taxonomy.
AE-FEAT-IMPORT-006R,individual_feature_log_odds_rebuild_20260602_gbm,raw_plus_latent,permanent_csi,yoy_ni_per_emp,82,217,mapped,2,yoy_changes,computed,143173,0.00037972196100088804,bounded GBM-only predictor workspace; not full final model-suite importance,mapped,Feature mapped to the canonical AE-FEAT-IMPORT 11-family taxonomy.
AE-FEAT-IMPORT-006R,individual_feature_log_odds_rebuild_20260602_gbm,raw_plus_latent,permanent_csi,roll_min_3y_leverage,278,218,mapped,10,rolling_window_statistics,computed,143173,0.0003745236305151533,bounded GBM-only predictor workspace; not full final model-suite importance,mapped,Feature mapped to the canonical AE-FEAT-IMPORT 11-family taxonomy.
AE-FEAT-IMPORT-006R,individual_feature_log_odds_rebuild_20260602_gbm,raw_plus_latent,permanent_csi,roll_min_5y_log_at,378,219,mapped,10,rolling_window_statistics,computed,143173,0.00036576759004364575,bounded GBM-only predictor workspace; not full final model-suite importance,mapped,Feature mapped to the canonical AE-FEAT-IMPORT 11-family taxonomy.
AE-FEAT-IMPORT-006R,individual_feature_log_odds_rebuild_20260602_gbm,raw_plus_latent,permanent_csi,roll_mean_3y_net_debt_ebitda,264,220,mapped,10,rolling_window_statistics,computed,143173,0.00036447856286545515,bounded GBM-only predictor workspace; not full final model-suite importance,mapped,Feature mapped to the canonical AE-FEAT-IMPORT 11-family taxonomy.
AE-FEAT-IMPORT-006R,individual_feature_log_odds_rebuild_20260602_gbm,raw_plus_latent,permanent_csi,yoy_capex_intensity,74,221,mapped,2,yoy_changes,computed,143173,0.00035373453481994123,bounded GBM-only predictor workspace; not full final model-suite importance,mapped,Feature mapped to the canonical AE-FEAT-IMPORT 11-family taxonomy.
AE-FEAT-IMPORT-006R,individual_feature_log_odds_rebuild_20260602_gbm,raw_plus_latent,permanent_csi,rental_ratio,40,222,mapped,1,point_in_time_ratios,computed,143173,0.0003408905898252962,bounded GBM-only predictor workspace; not full final model-suite importance,mapped,Feature mapped to the canonical AE-FEAT-IMPORT 11-family taxonomy.
AE-FEAT-IMPORT-006R,individual_feature_log_odds_rebuild_20260602_gbm,raw_plus_latent,permanent_csi,roll_mean_5y_current_ratio,356,223,mapped,10,rolling_window_statistics,computed,143173,0.00033519443330949996,bounded GBM-only predictor workspace; not full final model-suite importance,mapped,Feature mapped to the canonical AE-FEAT-IMPORT 11-family taxonomy.
AE-FEAT-IMPORT-006R,individual_feature_log_odds_rebuild_20260602_gbm,raw_plus_latent,permanent_csi,roll_max_3y_log_at,303,224,mapped,10,rolling_window_statistics,computed,143173,0.0003341358333036198,bounded GBM-only predictor workspace; not full final model-suite importance,mapped,Feature mapped to the canonical AE-FEAT-IMPORT 11-family taxonomy.
AE-FEAT-IMPORT-006R,individual_feature_log_odds_rebuild_20260602_gbm,raw_plus_latent,permanent_csi,roll_mean_3y_log_at,273,225,mapped,10,rolling_window_statistics,computed,143173,0.00033028976842936956,bounded GBM-only predictor workspace; not full final model-suite importance,mapped,Feature mapped to the canonical AE-FEAT-IMPORT 11-family taxonomy.
AE-FEAT-IMPORT-006R,individual_feature_log_odds_rebuild_20260602_gbm,raw_plus_latent,permanent_csi,accruals_ratio,32,226,mapped,1,point_in_time_ratios,computed,143173,0.00032565398135376634,bounded GBM-only predictor workspace; not full final model-suite importance,mapped,Feature mapped to the canonical AE-FEAT-IMPORT 11-family taxonomy.
AE-FEAT-IMPORT-006R,individual_feature_log_odds_rebuild_20260602_gbm,raw_plus_latent,permanent_csi,roll_sd_3y_ocf_per_share,305,227,mapped,10,rolling_window_statistics,computed,143173,0.0003155647036183032,bounded GBM-only predictor workspace; not full final model-suite importance,mapped,Feature mapped to the canonical AE-FEAT-IMPORT 11-family taxonomy.
AE-FEAT-IMPORT-006R,individual_feature_log_odds_rebuild_20260602_gbm,raw_plus_latent,permanent_csi,accel_earn_yld,89,228,mapped,3,acceleration,computed,143173,0.00031460239591743673,bounded GBM-only predictor workspace; not full final model-suite importance,mapped,Feature mapped to the canonical AE-FEAT-IMPORT 11-family taxonomy.
AE-FEAT-IMPORT-006R,individual_feature_log_odds_rebuild_20260602_gbm,raw_plus_latent,permanent_csi,roll_sd_5y_roa,396,229,mapped,10,rolling_window_statistics,computed,143173,0.0003127082767778548,bounded GBM-only predictor workspace; not full final model-suite importance,mapped,Feature mapped to the canonical AE-FEAT-IMPORT 11-family taxonomy.
AE-FEAT-IMPORT-006R,individual_feature_log_odds_rebuild_20260602_gbm,raw_plus_latent,permanent_csi,roll_trend_3y_leverage,323,230,mapped,10,rolling_window_statistics,computed,143173,0.0003126173399919265,bounded GBM-only predictor workspace; not full final model-suite importance,mapped,Feature mapped to the canonical AE-FEAT-IMPORT 11-family taxonomy.
AE-FEAT-IMPORT-006R,individual_feature_log_odds_rebuild_20260602_gbm,raw_plus_latent,permanent_csi,roll_autocorr_5y_ebitda_margin,436,231,mapped,10,rolling_window_statistics,computed,143173,0.00031167084752829863,bounded GBM-only predictor workspace; not full final model-suite importance,mapped,Feature mapped to the canonical AE-FEAT-IMPORT 11-family taxonomy.
AE-FEAT-IMPORT-006R,individual_feature_log_odds_rebuild_20260602_gbm,raw_plus_latent,permanent_csi,acct_mom_asset_turnover,254,232,mapped,9,accounting_momentum,computed,143173,0.00030511956269014097,bounded GBM-only predictor workspace; not full final model-suite importance,mapped,Feature mapped to the canonical AE-FEAT-IMPORT 11-family taxonomy.
AE-FEAT-IMPORT-006R,individual_feature_log_odds_rebuild_20260602_gbm,raw_plus_latent,permanent_csi,accel_log_at,117,233,mapped,3,acceleration,computed,143173,0.00030179999861401993,bounded GBM-only predictor workspace; not full final model-suite importance,mapped,Feature mapped to the canonical AE-FEAT-IMPORT 11-family taxonomy.
AE-FEAT-IMPORT-006R,individual_feature_log_odds_rebuild_20260602_gbm,raw_plus_latent,permanent_csi,roll_sd_5y_current_ratio,401,234,mapped,10,rolling_window_statistics,computed,143173,0.0002975718027891219,bounded GBM-only predictor workspace; not full final model-suite importance,mapped,Feature mapped to the canonical AE-FEAT-IMPORT 11-family taxonomy.
AE-FEAT-IMPORT-006R,individual_feature_log_odds_rebuild_20260602_gbm,raw_plus_latent,permanent_csi,consec_decline_roic,237,235,mapped,8,consecutive_declines,computed,143173,0.0002972747991651381,bounded GBM-only predictor workspace; not full final model-suite importance,mapped,Feature mapped to the canonical AE-FEAT-IMPORT 11-family taxonomy.
AE-FEAT-IMPORT-006R,individual_feature_log_odds_rebuild_20260602_gbm,raw_plus_latent,permanent_csi,expmean_leverage,138,236,mapped,4,expanding_mean,computed,143173,0.00029560461155824343,bounded GBM-only predictor workspace; not full final model-suite importance,mapped,Feature mapped to the canonical AE-FEAT-IMPORT 11-family taxonomy.
AE-FEAT-IMPORT-006R,individual_feature_log_odds_rebuild_20260602_gbm,raw_plus_latent,permanent_csi,z19,480,237,latent_vae,latent_vae,vae_latent_features,computed,143173,0.0002893009010728018,bounded GBM-only predictor workspace; not full final model-suite importance,latent_vae,VAE latent dimension or reconstruction error; outside canonical raw/engineered family taxonomy.
AE-FEAT-IMPORT-006R,individual_feature_log_odds_rebuild_20260602_gbm,raw_plus_latent,permanent_csi,expvol_reinvest_rate,196,238,mapped,5,expanding_volatility,computed,143173,0.000284697923568987,bounded GBM-only predictor workspace; not full final model-suite importance,mapped,Feature mapped to the canonical AE-FEAT-IMPORT 11-family taxonomy.
AE-FEAT-IMPORT-006R,individual_feature_log_odds_rebuild_20260602_gbm,raw_plus_latent,permanent_csi,roll_trend_5y_accruals_ratio,418,239,mapped,10,rolling_window_statistics,computed,143173,0.00028336297695949356,bounded GBM-only predictor workspace; not full final model-suite importance,mapped,Feature mapped to the canonical AE-FEAT-IMPORT 11-family taxonomy.
AE-FEAT-IMPORT-006R,individual_feature_log_odds_rebuild_20260602_gbm,raw_plus_latent,permanent_csi,trough_rise_rental_ratio,232,240,mapped,7,trough_rise,computed,143173,0.00028284478341358523,bounded GBM-only predictor workspace; not full final model-suite importance,mapped,Feature mapped to the canonical AE-FEAT-IMPORT 11-family taxonomy.
AE-FEAT-IMPORT-006R,individual_feature_log_odds_rebuild_20260602_gbm,raw_plus_latent,permanent_csi,yoy_roic,53,241,mapped,2,yoy_changes,computed,143173,0.0002683889303456791,bounded GBM-only predictor workspace; not full final model-suite importance,mapped,Feature mapped to the canonical AE-FEAT-IMPORT 11-family taxonomy.
AE-FEAT-IMPORT-006R,individual_feature_log_odds_rebuild_20260602_gbm,raw_plus_latent,permanent_csi,expvol_ebitda_margin,176,242,mapped,5,expanding_volatility,computed,143173,0.0002623083017207841,bounded GBM-only predictor workspace; not full final model-suite importance,mapped,Feature mapped to the canonical AE-FEAT-IMPORT 11-family taxonomy.
AE-FEAT-IMPORT-006R,individual_feature_log_odds_rebuild_20260602_gbm,raw_plus_latent,permanent_csi,z16,477,243,latent_vae,latent_vae,vae_latent_features,computed,143173,0.000260980205522982,bounded GBM-only predictor workspace; not full final model-suite importance,latent_vae,VAE latent dimension or reconstruction error; outside canonical raw/engineered family taxonomy.
AE-FEAT-IMPORT-006R,individual_feature_log_odds_rebuild_20260602_gbm,raw_plus_latent,permanent_csi,accel_altman_z,125,244,mapped,3,acceleration,computed,143173,0.0002479328167087401,bounded GBM-only predictor workspace; not full final model-suite importance,mapped,Feature mapped to the canonical AE-FEAT-IMPORT 11-family taxonomy.
AE-FEAT-IMPORT-006R,individual_feature_log_odds_rebuild_20260602_gbm,raw_plus_latent,permanent_csi,log_emp,39,245,mapped,1,point_in_time_ratios,computed,143173,0.00024302195305810317,bounded GBM-only predictor workspace; not full final model-suite importance,mapped,Feature mapped to the canonical AE-FEAT-IMPORT 11-family taxonomy.
AE-FEAT-IMPORT-006R,individual_feature_log_odds_rebuild_20260602_gbm,raw_plus_latent,permanent_csi,expmean_log_mkvalt,158,246,mapped,4,expanding_mean,computed,143173,0.00024284478152294655,bounded GBM-only predictor workspace; not full final model-suite importance,mapped,Feature mapped to the canonical AE-FEAT-IMPORT 11-family taxonomy.
AE-FEAT-IMPORT-006R,individual_feature_log_odds_rebuild_20260602_gbm,raw_plus_latent,permanent_csi,trough_rise_dd1_ratio,231,247,mapped,7,trough_rise,computed,143173,0.0002426752660283039,bounded GBM-only predictor workspace; not full final model-suite importance,mapped,Feature mapped to the canonical AE-FEAT-IMPORT 11-family taxonomy.
AE-FEAT-IMPORT-006R,individual_feature_log_odds_rebuild_20260602_gbm,raw_plus_latent,permanent_csi,consec_decline_current_ratio,242,248,mapped,8,consecutive_declines,computed,143173,0.00024136776052139484,bounded GBM-only predictor workspace; not full final model-suite importance,mapped,Feature mapped to the canonical AE-FEAT-IMPORT 11-family taxonomy.
AE-FEAT-IMPORT-006R,individual_feature_log_odds_rebuild_20260602_gbm,raw_plus_latent,permanent_csi,roll_mean_5y_net_debt_ebitda,354,249,mapped,10,rolling_window_statistics,computed,143173,0.00023344420677751012,bounded GBM-only predictor workspace; not full final model-suite importance,mapped,Feature mapped to the canonical AE-FEAT-IMPORT 11-family taxonomy.
AE-FEAT-IMPORT-006R,individual_feature_log_odds_rebuild_20260602_gbm,raw_plus_latent,permanent_csi,expvol_ebit_roa,174,250,mapped,5,expanding_volatility,computed,143173,0.0002327421444627256,bounded GBM-only predictor workspace; not full final model-suite importance,mapped,Feature mapped to the canonical AE-FEAT-IMPORT 11-family taxonomy.
AE-FEAT-IMPORT-006R,individual_feature_log_odds_rebuild_20260602_gbm,raw_plus_latent,permanent_csi,expvol_cash_pct_act,186,251,mapped,5,expanding_volatility,computed,143173,0.00022322150526217418,bounded GBM-only predictor workspace; not full final model-suite importance,mapped,Feature mapped to the canonical AE-FEAT-IMPORT 11-family taxonomy.
AE-FEAT-IMPORT-006R,individual_feature_log_odds_rebuild_20260602_gbm,raw_plus_latent,permanent_csi,roll_sd_5y_ebitda_margin,406,252,mapped,10,rolling_window_statistics,computed,143173,0.00022151323802400492,bounded GBM-only predictor workspace; not full final model-suite importance,mapped,Feature mapped to the canonical AE-FEAT-IMPORT 11-family taxonomy.
AE-FEAT-IMPORT-006R,individual_feature_log_odds_rebuild_20260602_gbm,raw_plus_latent,permanent_csi,acct_mom_roic,247,253,mapped,9,accounting_momentum,computed,143173,0.000217682796657666,bounded GBM-only predictor workspace; not full final model-suite importance,mapped,Feature mapped to the canonical AE-FEAT-IMPORT 11-family taxonomy.
AE-FEAT-IMPORT-006R,individual_feature_log_odds_rebuild_20260602_gbm,raw_plus_latent,permanent_csi,roll_autocorr_3y_earn_yld,334,254,mapped,10,rolling_window_statistics,computed,143173,0.00021345089775301593,bounded GBM-only predictor workspace; not full final model-suite importance,mapped,Feature mapped to the canonical AE-FEAT-IMPORT 11-family taxonomy.
AE-FEAT-IMPORT-006R,individual_feature_log_odds_rebuild_20260602_gbm,raw_plus_latent,permanent_csi,expmean_reinvest_rate,156,255,mapped,4,expanding_mean,computed,143173,0.0002078624208075187,bounded GBM-only predictor workspace; not full final model-suite importance,mapped,Feature mapped to the canonical AE-FEAT-IMPORT 11-family taxonomy.
AE-FEAT-IMPORT-006R,individual_feature_log_odds_rebuild_20260602_gbm,raw_plus_latent,permanent_csi,expmean_assets_per_emp,161,256,mapped,4,expanding_mean,computed,143173,0.00020655199934471106,bounded GBM-only predictor workspace; not full final model-suite importance,mapped,Feature mapped to the canonical AE-FEAT-IMPORT 11-family taxonomy.
AE-FEAT-IMPORT-006R,individual_feature_log_odds_rebuild_20260602_gbm,raw_plus_latent,permanent_csi,roll_autocorr_5y_asset_turnover,434,257,mapped,10,rolling_window_statistics,computed,143173,0.00019997934792996075,bounded GBM-only predictor workspace; not full final model-suite importance,mapped,Feature mapped to the canonical AE-FEAT-IMPORT 11-family taxonomy.
AE-FEAT-IMPORT-006R,individual_feature_log_odds_rebuild_20260602_gbm,raw_plus_latent,permanent_csi,expmean_altman_z,165,258,mapped,4,expanding_mean,computed,143173,0.00019660347514289075,bounded GBM-only predictor workspace; not full final model-suite importance,mapped,Feature mapped to the canonical AE-FEAT-IMPORT 11-family taxonomy.
AE-FEAT-IMPORT-006R,individual_feature_log_odds_rebuild_20260602_gbm,raw_plus_latent,permanent_csi,peak_drop_asset_turnover,223,259,mapped,6,peak_deterioration,computed,143173,0.00019353515053637457,bounded GBM-only predictor workspace; not full final model-suite importance,mapped,Feature mapped to the canonical AE-FEAT-IMPORT 11-family taxonomy.
AE-FEAT-IMPORT-006R,individual_feature_log_odds_rebuild_20260602_gbm,raw_plus_latent,permanent_csi,roll_autocorr_3y_interest_cov,340,260,mapped,10,rolling_window_statistics,computed,143173,0.00019230395427937934,bounded GBM-only predictor workspace; not full final model-suite importance,mapped,Feature mapped to the canonical AE-FEAT-IMPORT 11-family taxonomy.
AE-FEAT-IMPORT-006R,individual_feature_log_odds_rebuild_20260602_gbm,raw_plus_latent,permanent_csi,roll_max_3y_gross_margin,300,261,mapped,10,rolling_window_statistics,computed,143173,0.00018819656304462328,bounded GBM-only predictor workspace; not full final model-suite importance,mapped,Feature mapped to the canonical AE-FEAT-IMPORT 11-family taxonomy.
AE-FEAT-IMPORT-006R,individual_feature_log_odds_rebuild_20260602_gbm,raw_plus_latent,permanent_csi,consec_decline_interest_cov,239,262,mapped,8,consecutive_declines,computed,143173,0.0001859633791946317,bounded GBM-only predictor workspace; not full final model-suite importance,mapped,Feature mapped to the canonical AE-FEAT-IMPORT 11-family taxonomy.
AE-FEAT-IMPORT-006R,individual_feature_log_odds_rebuild_20260602_gbm,raw_plus_latent,permanent_csi,roll_min_5y_net_debt_ebitda,369,263,mapped,10,rolling_window_statistics,computed,143173,0.00018513343843932497,bounded GBM-only predictor workspace; not full final model-suite importance,mapped,Feature mapped to the canonical AE-FEAT-IMPORT 11-family taxonomy.
AE-FEAT-IMPORT-006R,individual_feature_log_odds_rebuild_20260602_gbm,raw_plus_latent,permanent_csi,trough_rise_accruals_ratio,233,264,mapped,7,trough_rise,computed,143173,0.00018470858242682135,bounded GBM-only predictor workspace; not full final model-suite importance,mapped,Feature mapped to the canonical AE-FEAT-IMPORT 11-family taxonomy.
AE-FEAT-IMPORT-006R,individual_feature_log_odds_rebuild_20260602_gbm,raw_plus_latent,permanent_csi,z24,485,265,latent_vae,latent_vae,vae_latent_features,computed,143173,0.0001841382390431299,bounded GBM-only predictor workspace; not full final model-suite importance,latent_vae,VAE latent dimension or reconstruction error; outside canonical raw/engineered family taxonomy.
AE-FEAT-IMPORT-006R,individual_feature_log_odds_rebuild_20260602_gbm,raw_plus_latent,permanent_csi,roll_max_5y_gross_margin,390,266,mapped,10,rolling_window_statistics,computed,143173,0.00017388603552757111,bounded GBM-only predictor workspace; not full final model-suite importance,mapped,Feature mapped to the canonical AE-FEAT-IMPORT 11-family taxonomy.
AE-FEAT-IMPORT-006R,individual_feature_log_odds_rebuild_20260602_gbm,raw_plus_latent,permanent_csi,trough_rise_net_debt_ebitda,228,267,mapped,7,trough_rise,computed,143173,0.0001666156938146864,bounded GBM-only predictor workspace; not full final model-suite importance,mapped,Feature mapped to the canonical AE-FEAT-IMPORT 11-family taxonomy.
AE-FEAT-IMPORT-006R,individual_feature_log_odds_rebuild_20260602_gbm,raw_plus_latent,permanent_csi,roll_trend_3y_interest_cov,325,268,mapped,10,rolling_window_statistics,computed,143173,0.00016619281343016316,bounded GBM-only predictor workspace; not full final model-suite importance,mapped,Feature mapped to the canonical AE-FEAT-IMPORT 11-family taxonomy.
AE-FEAT-IMPORT-006R,individual_feature_log_odds_rebuild_20260602_gbm,raw_plus_latent,permanent_csi,roll_sd_3y_roa,306,269,mapped,10,rolling_window_statistics,computed,143173,0.00016410727825178715,bounded GBM-only predictor workspace; not full final model-suite importance,mapped,Feature mapped to the canonical AE-FEAT-IMPORT 11-family taxonomy.
AE-FEAT-IMPORT-006R,individual_feature_log_odds_rebuild_20260602_gbm,raw_plus_latent,permanent_csi,assets_per_emp,41,270,mapped,1,point_in_time_ratios,computed,143173,0.00016340663016690501,bounded GBM-only predictor workspace; not full final model-suite importance,mapped,Feature mapped to the canonical AE-FEAT-IMPORT 11-family taxonomy.
AE-FEAT-IMPORT-006R,individual_feature_log_odds_rebuild_20260602_gbm,raw_plus_latent,permanent_csi,roll_mean_3y_gross_margin,270,271,mapped,10,rolling_window_statistics,computed,143173,0.00016291483342486418,bounded GBM-only predictor workspace; not full final model-suite importance,mapped,Feature mapped to the canonical AE-FEAT-IMPORT 11-family taxonomy.
AE-FEAT-IMPORT-006R,individual_feature_log_odds_rebuild_20260602_gbm,raw_plus_latent,permanent_csi,yoy_leverage,58,272,mapped,2,yoy_changes,computed,143173,0.0001610372397449809,bounded GBM-only predictor workspace; not full final model-suite importance,mapped,Feature mapped to the canonical AE-FEAT-IMPORT 11-family taxonomy.
AE-FEAT-IMPORT-006R,individual_feature_log_odds_rebuild_20260602_gbm,raw_plus_latent,permanent_csi,accel_asset_turnover,113,273,mapped,3,acceleration,computed,143173,0.00015560071540354168,bounded GBM-only predictor workspace; not full final model-suite importance,mapped,Feature mapped to the canonical AE-FEAT-IMPORT 11-family taxonomy.
AE-FEAT-IMPORT-006R,individual_feature_log_odds_rebuild_20260602_gbm,raw_plus_latent,permanent_csi,accel_invest_st_ratio,126,274,mapped,3,acceleration,computed,143173,0.00015361952072259012,bounded GBM-only predictor workspace; not full final model-suite importance,mapped,Feature mapped to the canonical AE-FEAT-IMPORT 11-family taxonomy.
AE-FEAT-IMPORT-006R,individual_feature_log_odds_rebuild_20260602_gbm,raw_plus_latent,permanent_csi,yoy_altman_z2,83,275,mapped,2,yoy_changes,computed,143173,0.00014866478392241102,bounded GBM-only predictor workspace; not full final model-suite importance,mapped,Feature mapped to the canonical AE-FEAT-IMPORT 11-family taxonomy.
AE-FEAT-IMPORT-006R,individual_feature_log_odds_rebuild_20260602_gbm,raw_plus_latent,permanent_csi,yoy_ev_to_sales,69,276,mapped,2,yoy_changes,computed,143173,0.00014749603583542745,bounded GBM-only predictor workspace; not full final model-suite importance,mapped,Feature mapped to the canonical AE-FEAT-IMPORT 11-family taxonomy.
AE-FEAT-IMPORT-006R,individual_feature_log_odds_rebuild_20260602_gbm,raw_plus_latent,permanent_csi,roll_sd_3y_ebitda_margin,316,277,mapped,10,rolling_window_statistics,computed,143173,0.00014673270637558593,bounded GBM-only predictor workspace; not full final model-suite importance,mapped,Feature mapped to the canonical AE-FEAT-IMPORT 11-family taxonomy.
AE-FEAT-IMPORT-006R,individual_feature_log_odds_rebuild_20260602_gbm,raw_plus_latent,permanent_csi,roll_autocorr_5y_roic,427,278,mapped,10,rolling_window_statistics,computed,143173,0.00014388124288418314,bounded GBM-only predictor workspace; not full final model-suite importance,mapped,Feature mapped to the canonical AE-FEAT-IMPORT 11-family taxonomy.
AE-FEAT-IMPORT-006R,individual_feature_log_odds_rebuild_20260602_gbm,raw_plus_latent,permanent_csi,accel_ni_per_emp,122,279,mapped,3,acceleration,computed,143173,0.00014190421244087868,bounded GBM-only predictor workspace; not full final model-suite importance,mapped,Feature mapped to the canonical AE-FEAT-IMPORT 11-family taxonomy.
AE-FEAT-IMPORT-006R,individual_feature_log_odds_rebuild_20260602_gbm,raw_plus_latent,permanent_csi,roll_trend_5y_roic,412,280,mapped,10,rolling_window_statistics,computed,143173,0.0001407239437198833,bounded GBM-only predictor workspace; not full final model-suite importance,mapped,Feature mapped to the canonical AE-FEAT-IMPORT 11-family taxonomy.
AE-FEAT-IMPORT-006R,individual_feature_log_odds_rebuild_20260602_gbm,raw_plus_latent,permanent_csi,roll_mean_5y_log_at,363,281,mapped,10,rolling_window_statistics,computed,143173,0.00013784911728585155,bounded GBM-only predictor workspace; not full final model-suite importance,mapped,Feature mapped to the canonical AE-FEAT-IMPORT 11-family taxonomy.
AE-FEAT-IMPORT-006R,individual_feature_log_odds_rebuild_20260602_gbm,raw_plus_latent,permanent_csi,peak_drop_roa,211,282,mapped,6,peak_deterioration,computed,143173,0.00013452877517388832,bounded GBM-only predictor workspace; not full final model-suite importance,mapped,Feature mapped to the canonical AE-FEAT-IMPORT 11-family taxonomy.
AE-FEAT-IMPORT-006R,individual_feature_log_odds_rebuild_20260602_gbm,raw_plus_latent,permanent_csi,accel_altman_z4,124,283,mapped,3,acceleration,computed,143173,0.00013057966914286137,bounded GBM-only predictor workspace; not full final model-suite importance,mapped,Feature mapped to the canonical AE-FEAT-IMPORT 11-family taxonomy.
AE-FEAT-IMPORT-006R,individual_feature_log_odds_rebuild_20260602_gbm,raw_plus_latent,permanent_csi,roll_autocorr_3y_log_at,348,284,mapped,10,rolling_window_statistics,computed,143173,0.00013041002634031894,bounded GBM-only predictor workspace; not full final model-suite importance,mapped,Feature mapped to the canonical AE-FEAT-IMPORT 11-family taxonomy.
AE-FEAT-IMPORT-006R,individual_feature_log_odds_rebuild_20260602_gbm,raw_plus_latent,permanent_csi,z11,472,285,latent_vae,latent_vae,vae_latent_features,computed,143173,0.0001278345869617537,bounded GBM-only predictor workspace; not full final model-suite importance,latent_vae,VAE latent dimension or reconstruction error; outside canonical raw/engineered family taxonomy.
AE-FEAT-IMPORT-006R,individual_feature_log_odds_rebuild_20260602_gbm,raw_plus_latent,permanent_csi,expmean_eff_int_rate,141,286,mapped,4,expanding_mean,computed,143173,0.0001232324454981763,bounded GBM-only predictor workspace; not full final model-suite importance,mapped,Feature mapped to the canonical AE-FEAT-IMPORT 11-family taxonomy.
AE-FEAT-IMPORT-006R,individual_feature_log_odds_rebuild_20260602_gbm,raw_plus_latent,permanent_csi,yoy_ocf_per_share,50,287,mapped,2,yoy_changes,computed,143173,0.00012271943853961245,bounded GBM-only predictor workspace; not full final model-suite importance,mapped,Feature mapped to the canonical AE-FEAT-IMPORT 11-family taxonomy.
AE-FEAT-IMPORT-006R,individual_feature_log_odds_rebuild_20260602_gbm,raw_plus_latent,permanent_csi,yoy_ocf_margin,57,288,mapped,2,yoy_changes,computed,143173,0.00012167053378878057,bounded GBM-only predictor workspace; not full final model-suite importance,mapped,Feature mapped to the canonical AE-FEAT-IMPORT 11-family taxonomy.
AE-FEAT-IMPORT-006R,individual_feature_log_odds_rebuild_20260602_gbm,raw_plus_latent,permanent_csi,z5,466,289,latent_vae,latent_vae,vae_latent_features,computed,143173,0.00012125768615474208,bounded GBM-only predictor workspace; not full final model-suite importance,latent_vae,VAE latent dimension or reconstruction error; outside canonical raw/engineered family taxonomy.
AE-FEAT-IMPORT-006R,individual_feature_log_odds_rebuild_20260602_gbm,raw_plus_latent,permanent_csi,expmean_altman_z4,164,290,mapped,4,expanding_mean,computed,143173,0.0001209377095903694,bounded GBM-only predictor workspace; not full final model-suite importance,mapped,Feature mapped to the canonical AE-FEAT-IMPORT 11-family taxonomy.
AE-FEAT-IMPORT-006R,individual_feature_log_odds_rebuild_20260602_gbm,raw_plus_latent,permanent_csi,accel_eff_int_rate,101,291,mapped,3,acceleration,computed,143173,0.00012000925623576421,bounded GBM-only predictor workspace; not full final model-suite importance,mapped,Feature mapped to the canonical AE-FEAT-IMPORT 11-family taxonomy.
AE-FEAT-IMPORT-006R,individual_feature_log_odds_rebuild_20260602_gbm,raw_plus_latent,permanent_csi,expvol_altman_z4,204,292,mapped,5,expanding_volatility,computed,143173,0.00011818300647556344,bounded GBM-only predictor workspace; not full final model-suite importance,mapped,Feature mapped to the canonical AE-FEAT-IMPORT 11-family taxonomy.
AE-FEAT-IMPORT-006R,individual_feature_log_odds_rebuild_20260602_gbm,raw_plus_latent,permanent_csi,expmean_dd1_ratio,143,293,mapped,4,expanding_mean,computed,143173,0.00011587451005197248,bounded GBM-only predictor workspace; not full final model-suite importance,mapped,Feature mapped to the canonical AE-FEAT-IMPORT 11-family taxonomy.
AE-FEAT-IMPORT-006R,individual_feature_log_odds_rebuild_20260602_gbm,raw_plus_latent,permanent_csi,accel_mkt_to_book,111,294,mapped,3,acceleration,computed,143173,0.00011332344942667987,bounded GBM-only predictor workspace; not full final model-suite importance,mapped,Feature mapped to the canonical AE-FEAT-IMPORT 11-family taxonomy.
AE-FEAT-IMPORT-006R,individual_feature_log_odds_rebuild_20260602_gbm,raw_plus_latent,permanent_csi,roll_min_3y_ebitda_margin,286,295,mapped,10,rolling_window_statistics,computed,143173,0.00011222856935648601,bounded GBM-only predictor workspace; not full final model-suite importance,mapped,Feature mapped to the canonical AE-FEAT-IMPORT 11-family taxonomy.
AE-FEAT-IMPORT-006R,individual_feature_log_odds_rebuild_20260602_gbm,raw_plus_latent,permanent_csi,accel_std_debt_pct,100,296,mapped,3,acceleration,computed,143173,0.00010461094934796655,bounded GBM-only predictor workspace; not full final model-suite importance,mapped,Feature mapped to the canonical AE-FEAT-IMPORT 11-family taxonomy.
AE-FEAT-IMPORT-006R,individual_feature_log_odds_rebuild_20260602_gbm,raw_plus_latent,permanent_csi,yoy_quick_ratio,65,297,mapped,2,yoy_changes,computed,143173,0.00010458496833402405,bounded GBM-only predictor workspace; not full final model-suite importance,mapped,Feature mapped to the canonical AE-FEAT-IMPORT 11-family taxonomy.
AE-FEAT-IMPORT-006R,individual_feature_log_odds_rebuild_20260602_gbm,raw_plus_latent,permanent_csi,accel_net_debt_ebitda,99,298,mapped,3,acceleration,computed,143173,0.0001020892235785297,bounded GBM-only predictor workspace; not full final model-suite importance,mapped,Feature mapped to the canonical AE-FEAT-IMPORT 11-family taxonomy.
AE-FEAT-IMPORT-006R,individual_feature_log_odds_rebuild_20260602_gbm,raw_plus_latent,permanent_csi,roll_sd_3y_asset_turnover,314,299,mapped,10,rolling_window_statistics,computed,143173,0.0001009444050258792,bounded GBM-only predictor workspace; not full final model-suite importance,mapped,Feature mapped to the canonical AE-FEAT-IMPORT 11-family taxonomy.
AE-FEAT-IMPORT-006R,individual_feature_log_odds_rebuild_20260602_gbm,raw_plus_latent,permanent_csi,roll_max_5y_log_mkvalt,392,300,mapped,10,rolling_window_statistics,computed,143173,9.117534266040695e-05,bounded GBM-only predictor workspace; not full final model-suite importance,mapped,Feature mapped to the canonical AE-FEAT-IMPORT 11-family taxonomy.
AE-FEAT-IMPORT-006R,individual_feature_log_odds_rebuild_20260602_gbm,raw_plus_latent,permanent_csi,trough_rise_std_debt_pct,229,301,mapped,7,trough_rise,computed,143173,8.571149078277767e-05,bounded GBM-only predictor workspace; not full final model-suite importance,mapped,Feature mapped to the canonical AE-FEAT-IMPORT 11-family taxonomy.
AE-FEAT-IMPORT-006R,individual_feature_log_odds_rebuild_20260602_gbm,raw_plus_latent,permanent_csi,expmean_ann_return,168,302,mapped,4,expanding_mean,computed,143173,8.353993254720236e-05,bounded GBM-only predictor workspace; not full final model-suite importance,mapped,Feature mapped to the canonical AE-FEAT-IMPORT 11-family taxonomy.
AE-FEAT-IMPORT-006R,individual_feature_log_odds_rebuild_20260602_gbm,raw_plus_latent,permanent_csi,z10,471,303,latent_vae,latent_vae,vae_latent_features,computed,143173,8.089195040776424e-05,bounded GBM-only predictor workspace; not full final model-suite importance,latent_vae,VAE latent dimension or reconstruction error; outside canonical raw/engineered family taxonomy.
AE-FEAT-IMPORT-006R,individual_feature_log_odds_rebuild_20260602_gbm,raw_plus_latent,permanent_csi,roll_min_5y_gross_margin,375,304,mapped,10,rolling_window_statistics,computed,143173,8.027509900003481e-05,bounded GBM-only predictor workspace; not full final model-suite importance,mapped,Feature mapped to the canonical AE-FEAT-IMPORT 11-family taxonomy.
AE-FEAT-IMPORT-006R,individual_feature_log_odds_rebuild_20260602_gbm,raw_plus_latent,permanent_csi,roll_autocorr_5y_accruals_ratio,433,305,mapped,10,rolling_window_statistics,computed,143173,8.011064046545831e-05,bounded GBM-only predictor workspace; not full final model-suite importance,mapped,Feature mapped to the canonical AE-FEAT-IMPORT 11-family taxonomy.
AE-FEAT-IMPORT-006R,individual_feature_log_odds_rebuild_20260602_gbm,raw_plus_latent,permanent_csi,roll_trend_5y_leverage,413,306,mapped,10,rolling_window_statistics,computed,143173,7.887017531243396e-05,bounded GBM-only predictor workspace; not full final model-suite importance,mapped,Feature mapped to the canonical AE-FEAT-IMPORT 11-family taxonomy.
AE-FEAT-IMPORT-006R,individual_feature_log_odds_rebuild_20260602_gbm,raw_plus_latent,permanent_csi,roll_autocorr_5y_current_ratio,431,307,mapped,10,rolling_window_statistics,computed,143173,7.870674977664835e-05,bounded GBM-only predictor workspace; not full final model-suite importance,mapped,Feature mapped to the canonical AE-FEAT-IMPORT 11-family taxonomy.
AE-FEAT-IMPORT-006R,individual_feature_log_odds_rebuild_20260602_gbm,raw_plus_latent,permanent_csi,roll_mean_5y_cash_pct_act,357,308,mapped,10,rolling_window_statistics,computed,143173,7.676449584368044e-05,bounded GBM-only predictor workspace; not full final model-suite importance,mapped,Feature mapped to the canonical AE-FEAT-IMPORT 11-family taxonomy.
AE-FEAT-IMPORT-006R,individual_feature_log_odds_rebuild_20260602_gbm,raw_plus_latent,permanent_csi,accel_ocf_per_share,90,309,mapped,3,acceleration,computed,143173,7.636573336181988e-05,bounded GBM-only predictor workspace; not full final model-suite importance,mapped,Feature mapped to the canonical AE-FEAT-IMPORT 11-family taxonomy.
AE-FEAT-IMPORT-006R,individual_feature_log_odds_rebuild_20260602_gbm,raw_plus_latent,permanent_csi,expmean_net_debt_ebitda,139,310,mapped,4,expanding_mean,computed,143173,7.608821056528433e-05,bounded GBM-only predictor workspace; not full final model-suite importance,mapped,Feature mapped to the canonical AE-FEAT-IMPORT 11-family taxonomy.
AE-FEAT-IMPORT-006R,individual_feature_log_odds_rebuild_20260602_gbm,raw_plus_latent,permanent_csi,roll_sd_3y_roic,307,311,mapped,10,rolling_window_statistics,computed,143173,7.54760317557638e-05,bounded GBM-only predictor workspace; not full final model-suite importance,mapped,Feature mapped to the canonical AE-FEAT-IMPORT 11-family taxonomy.
AE-FEAT-IMPORT-006R,individual_feature_log_odds_rebuild_20260602_gbm,raw_plus_latent,permanent_csi,roll_trend_3y_roa,321,312,mapped,10,rolling_window_statistics,computed,143173,7.490651532683684e-05,bounded GBM-only predictor workspace; not full final model-suite importance,mapped,Feature mapped to the canonical AE-FEAT-IMPORT 11-family taxonomy.
AE-FEAT-IMPORT-006R,individual_feature_log_odds_rebuild_20260602_gbm,raw_plus_latent,permanent_csi,accel_assets_per_emp,121,313,mapped,3,acceleration,computed,143173,6.864375315371535e-05,bounded GBM-only predictor workspace; not full final model-suite importance,mapped,Feature mapped to the canonical AE-FEAT-IMPORT 11-family taxonomy.
AE-FEAT-IMPORT-006R,individual_feature_log_odds_rebuild_20260602_gbm,raw_plus_latent,permanent_csi,expvol_rental_ratio,200,314,mapped,5,expanding_volatility,computed,143173,6.700996097967064e-05,bounded GBM-only predictor workspace; not full final model-suite importance,mapped,Feature mapped to the canonical AE-FEAT-IMPORT 11-family taxonomy.
AE-FEAT-IMPORT-006R,individual_feature_log_odds_rebuild_20260602_gbm,raw_plus_latent,permanent_csi,roll_autocorr_5y_earn_yld,424,315,mapped,10,rolling_window_statistics,computed,143173,6.081863840870358e-05,bounded GBM-only predictor workspace; not full final model-suite importance,mapped,Feature mapped to the canonical AE-FEAT-IMPORT 11-family taxonomy.
AE-FEAT-IMPORT-006R,individual_feature_log_odds_rebuild_20260602_gbm,raw_plus_latent,permanent_csi,z7,468,316,latent_vae,latent_vae,vae_latent_features,computed,143173,5.9805086486933305e-05,bounded GBM-only predictor workspace; not full final model-suite importance,latent_vae,VAE latent dimension or reconstruction error; outside canonical raw/engineered family taxonomy.
AE-FEAT-IMPORT-006R,individual_feature_log_odds_rebuild_20260602_gbm,raw_plus_latent,permanent_csi,roll_trend_5y_interest_cov,415,317,mapped,10,rolling_window_statistics,computed,143173,5.887097212148316e-05,bounded GBM-only predictor workspace; not full final model-suite importance,mapped,Feature mapped to the canonical AE-FEAT-IMPORT 11-family taxonomy.
AE-FEAT-IMPORT-006R,individual_feature_log_odds_rebuild_20260602_gbm,raw_plus_latent,permanent_csi,roll_autocorr_5y_log_at,438,318,mapped,10,rolling_window_statistics,computed,143173,5.748186944376635e-05,bounded GBM-only predictor workspace; not full final model-suite importance,mapped,Feature mapped to the canonical AE-FEAT-IMPORT 11-family taxonomy.
AE-FEAT-IMPORT-006R,individual_feature_log_odds_rebuild_20260602_gbm,raw_plus_latent,permanent_csi,roll_autocorr_3y_leverage,338,319,mapped,10,rolling_window_statistics,computed,143173,5.6622525502021924e-05,bounded GBM-only predictor workspace; not full final model-suite importance,mapped,Feature mapped to the canonical AE-FEAT-IMPORT 11-family taxonomy.
AE-FEAT-IMPORT-006R,individual_feature_log_odds_rebuild_20260602_gbm,raw_plus_latent,permanent_csi,yoy_rental_ratio,80,320,mapped,2,yoy_changes,computed,143173,5.548302097497731e-05,bounded GBM-only predictor workspace; not full final model-suite importance,mapped,Feature mapped to the canonical AE-FEAT-IMPORT 11-family taxonomy.
AE-FEAT-IMPORT-006R,individual_feature_log_odds_rebuild_20260602_gbm,raw_plus_latent,permanent_csi,expmean_roic,133,321,mapped,4,expanding_mean,computed,143173,5.5185762676539186e-05,bounded GBM-only predictor workspace; not full final model-suite importance,mapped,Feature mapped to the canonical AE-FEAT-IMPORT 11-family taxonomy.
AE-FEAT-IMPORT-006R,individual_feature_log_odds_rebuild_20260602_gbm,raw_plus_latent,permanent_csi,peak_drop_current_ratio,218,322,mapped,6,peak_deterioration,computed,143173,5.44012431731368e-05,bounded GBM-only predictor workspace; not full final model-suite importance,mapped,Feature mapped to the canonical AE-FEAT-IMPORT 11-family taxonomy.
AE-FEAT-IMPORT-006R,individual_feature_log_odds_rebuild_20260602_gbm,raw_plus_latent,permanent_csi,roll_max_3y_accruals_ratio,298,323,mapped,10,rolling_window_statistics,computed,143173,5.028867743584277e-05,bounded GBM-only predictor workspace; not full final model-suite importance,mapped,Feature mapped to the canonical AE-FEAT-IMPORT 11-family taxonomy.
AE-FEAT-IMPORT-006R,individual_feature_log_odds_rebuild_20260602_gbm,raw_plus_latent,permanent_csi,yoy_cash_pct_act,66,324,mapped,2,yoy_changes,computed,143173,3.9876851017739144e-05,bounded GBM-only predictor workspace; not full final model-suite importance,mapped,Feature mapped to the canonical AE-FEAT-IMPORT 11-family taxonomy.
AE-FEAT-IMPORT-006R,individual_feature_log_odds_rebuild_20260602_gbm,raw_plus_latent,permanent_csi,div_yield,29,325,mapped,1,point_in_time_ratios,computed,143173,0.0,bounded GBM-only predictor workspace; not full final model-suite importance,mapped,Feature mapped to the canonical AE-FEAT-IMPORT 11-family taxonomy.
AE-FEAT-IMPORT-006R,individual_feature_log_odds_rebuild_20260602_gbm,raw_plus_latent,permanent_csi,cash_div_cf,30,326,mapped,1,point_in_time_ratios,computed,143173,0.0,bounded GBM-only predictor workspace; not full final model-suite importance,mapped,Feature mapped to the canonical AE-FEAT-IMPORT 11-family taxonomy.
AE-FEAT-IMPORT-006R,individual_feature_log_odds_rebuild_20260602_gbm,raw_plus_latent,permanent_csi,min_int_tcap,43,327,mapped,1,point_in_time_ratios,computed,143173,0.0,bounded GBM-only predictor workspace; not full final model-suite importance,mapped,Feature mapped to the canonical AE-FEAT-IMPORT 11-family taxonomy.
AE-FEAT-IMPORT-006R,individual_feature_log_odds_rebuild_20260602_gbm,raw_plus_latent,permanent_csi,yoy_roa,51,328,mapped,2,yoy_changes,computed,143173,0.0,bounded GBM-only predictor workspace; not full final model-suite importance,mapped,Feature mapped to the canonical AE-FEAT-IMPORT 11-family taxonomy.
AE-FEAT-IMPORT-006R,individual_feature_log_odds_rebuild_20260602_gbm,raw_plus_latent,permanent_csi,yoy_gross_margin,55,329,mapped,2,yoy_changes,computed,143173,0.0,bounded GBM-only predictor workspace; not full final model-suite importance,mapped,Feature mapped to the canonical AE-FEAT-IMPORT 11-family taxonomy.
AE-FEAT-IMPORT-006R,individual_feature_log_odds_rebuild_20260602_gbm,raw_plus_latent,permanent_csi,yoy_std_debt_pct,60,330,mapped,2,yoy_changes,computed,143173,0.0,bounded GBM-only predictor workspace; not full final model-suite importance,mapped,Feature mapped to the canonical AE-FEAT-IMPORT 11-family taxonomy.
AE-FEAT-IMPORT-006R,individual_feature_log_odds_rebuild_20260602_gbm,raw_plus_latent,permanent_csi,yoy_eff_int_rate,61,331,mapped,2,yoy_changes,computed,143173,0.0,bounded GBM-only predictor workspace; not full final model-suite importance,mapped,Feature mapped to the canonical AE-FEAT-IMPORT 11-family taxonomy.
AE-FEAT-IMPORT-006R,individual_feature_log_odds_rebuild_20260602_gbm,raw_plus_latent,permanent_csi,yoy_interest_cov,62,332,mapped,2,yoy_changes,computed,143173,0.0,bounded GBM-only predictor workspace; not full final model-suite importance,mapped,Feature mapped to the canonical AE-FEAT-IMPORT 11-family taxonomy.
AE-FEAT-IMPORT-006R,individual_feature_log_odds_rebuild_20260602_gbm,raw_plus_latent,permanent_csi,yoy_current_ratio,64,333,mapped,2,yoy_changes,computed,143173,0.0,bounded GBM-only predictor workspace; not full final model-suite importance,mapped,Feature mapped to the canonical AE-FEAT-IMPORT 11-family taxonomy.
AE-FEAT-IMPORT-006R,individual_feature_log_odds_rebuild_20260602_gbm,raw_plus_latent,permanent_csi,yoy_wcap_ratio,67,334,mapped,2,yoy_changes,computed,143173,0.0,bounded GBM-only predictor workspace; not full final model-suite importance,mapped,Feature mapped to the canonical AE-FEAT-IMPORT 11-family taxonomy.
AE-FEAT-IMPORT-006R,individual_feature_log_odds_rebuild_20260602_gbm,raw_plus_latent,permanent_csi,yoy_div_yield,70,335,mapped,2,yoy_changes,computed,143173,0.0,bounded GBM-only predictor workspace; not full final model-suite importance,mapped,Feature mapped to the canonical AE-FEAT-IMPORT 11-family taxonomy.
AE-FEAT-IMPORT-006R,individual_feature_log_odds_rebuild_20260602_gbm,raw_plus_latent,permanent_csi,yoy_accruals_ratio,72,336,mapped,2,yoy_changes,computed,143173,0.0,bounded GBM-only predictor workspace; not full final model-suite importance,mapped,Feature mapped to the canonical AE-FEAT-IMPORT 11-family taxonomy.
AE-FEAT-IMPORT-006R,individual_feature_log_odds_rebuild_20260602_gbm,raw_plus_latent,permanent_csi,yoy_asset_turnover,73,337,mapped,2,yoy_changes,computed,143173,0.0,bounded GBM-only predictor workspace; not full final model-suite importance,mapped,Feature mapped to the canonical AE-FEAT-IMPORT 11-family taxonomy.
AE-FEAT-IMPORT-006R,individual_feature_log_odds_rebuild_20260602_gbm,raw_plus_latent,permanent_csi,yoy_rd_intensity,75,338,mapped,2,yoy_changes,computed,143173,0.0,bounded GBM-only predictor workspace; not full final model-suite importance,mapped,Feature mapped to the canonical AE-FEAT-IMPORT 11-family taxonomy.
AE-FEAT-IMPORT-006R,individual_feature_log_odds_rebuild_20260602_gbm,raw_plus_latent,permanent_csi,yoy_reinvest_rate,76,339,mapped,2,yoy_changes,computed,143173,0.0,bounded GBM-only predictor workspace; not full final model-suite importance,mapped,Feature mapped to the canonical AE-FEAT-IMPORT 11-family taxonomy.
AE-FEAT-IMPORT-006R,individual_feature_log_odds_rebuild_20260602_gbm,raw_plus_latent,permanent_csi,yoy_invest_st_ratio,86,340,mapped,2,yoy_changes,computed,143173,0.0,bounded GBM-only predictor workspace; not full final model-suite importance,mapped,Feature mapped to the canonical AE-FEAT-IMPORT 11-family taxonomy.
AE-FEAT-IMPORT-006R,individual_feature_log_odds_rebuild_20260602_gbm,raw_plus_latent,permanent_csi,accel_roa,91,341,mapped,3,acceleration,computed,143173,0.0,bounded GBM-only predictor workspace; not full final model-suite importance,mapped,Feature mapped to the canonical AE-FEAT-IMPORT 11-family taxonomy.
AE-FEAT-IMPORT-006R,individual_feature_log_odds_rebuild_20260602_gbm,raw_plus_latent,permanent_csi,accel_roe,92,342,mapped,3,acceleration,computed,143173,0.0,bounded GBM-only predictor workspace; not full final model-suite importance,mapped,Feature mapped to the canonical AE-FEAT-IMPORT 11-family taxonomy.
AE-FEAT-IMPORT-006R,individual_feature_log_odds_rebuild_20260602_gbm,raw_plus_latent,permanent_csi,accel_ebit_roa,94,343,mapped,3,acceleration,computed,143173,0.0,bounded GBM-only predictor workspace; not full final model-suite importance,mapped,Feature mapped to the canonical AE-FEAT-IMPORT 11-family taxonomy.
AE-FEAT-IMPORT-006R,individual_feature_log_odds_rebuild_20260602_gbm,raw_plus_latent,permanent_csi,accel_gross_margin,95,344,mapped,3,acceleration,computed,143173,0.0,bounded GBM-only predictor workspace; not full final model-suite importance,mapped,Feature mapped to the canonical AE-FEAT-IMPORT 11-family taxonomy.
AE-FEAT-IMPORT-006R,individual_feature_log_odds_rebuild_20260602_gbm,raw_plus_latent,permanent_csi,accel_ebitda_margin,96,345,mapped,3,acceleration,computed,143173,0.0,bounded GBM-only predictor workspace; not full final model-suite importance,mapped,Feature mapped to the canonical AE-FEAT-IMPORT 11-family taxonomy.
AE-FEAT-IMPORT-006R,individual_feature_log_odds_rebuild_20260602_gbm,raw_plus_latent,permanent_csi,accel_ocf_margin,97,346,mapped,3,acceleration,computed,143173,0.0,bounded GBM-only predictor workspace; not full final model-suite importance,mapped,Feature mapped to the canonical AE-FEAT-IMPORT 11-family taxonomy.
AE-FEAT-IMPORT-006R,individual_feature_log_odds_rebuild_20260602_gbm,raw_plus_latent,permanent_csi,accel_leverage,98,347,mapped,3,acceleration,computed,143173,0.0,bounded GBM-only predictor workspace; not full final model-suite importance,mapped,Feature mapped to the canonical AE-FEAT-IMPORT 11-family taxonomy.
AE-FEAT-IMPORT-006R,individual_feature_log_odds_rebuild_20260602_gbm,raw_plus_latent,permanent_csi,accel_interest_cov,102,348,mapped,3,acceleration,computed,143173,0.0,bounded GBM-only predictor workspace; not full final model-suite importance,mapped,Feature mapped to the canonical AE-FEAT-IMPORT 11-family taxonomy.
AE-FEAT-IMPORT-006R,individual_feature_log_odds_rebuild_20260602_gbm,raw_plus_latent,permanent_csi,accel_dd1_ratio,103,349,mapped,3,acceleration,computed,143173,0.0,bounded GBM-only predictor workspace; not full final model-suite importance,mapped,Feature mapped to the canonical AE-FEAT-IMPORT 11-family taxonomy.
AE-FEAT-IMPORT-006R,individual_feature_log_odds_rebuild_20260602_gbm,raw_plus_latent,permanent_csi,accel_current_ratio,104,350,mapped,3,acceleration,computed,143173,0.0,bounded GBM-only predictor workspace; not full final model-suite importance,mapped,Feature mapped to the canonical AE-FEAT-IMPORT 11-family taxonomy.
AE-FEAT-IMPORT-006R,individual_feature_log_odds_rebuild_20260602_gbm,raw_plus_latent,permanent_csi,accel_quick_ratio,105,351,mapped,3,acceleration,computed,143173,0.0,bounded GBM-only predictor workspace; not full final model-suite importance,mapped,Feature mapped to the canonical AE-FEAT-IMPORT 11-family taxonomy.
AE-FEAT-IMPORT-006R,individual_feature_log_odds_rebuild_20260602_gbm,raw_plus_latent,permanent_csi,accel_cash_pct_act,106,352,mapped,3,acceleration,computed,143173,0.0,bounded GBM-only predictor workspace; not full final model-suite importance,mapped,Feature mapped to the canonical AE-FEAT-IMPORT 11-family taxonomy.
AE-FEAT-IMPORT-006R,individual_feature_log_odds_rebuild_20260602_gbm,raw_plus_latent,permanent_csi,accel_wcap_ratio,107,353,mapped,3,acceleration,computed,143173,0.0,bounded GBM-only predictor workspace; not full final model-suite importance,mapped,Feature mapped to the canonical AE-FEAT-IMPORT 11-family taxonomy.
AE-FEAT-IMPORT-006R,individual_feature_log_odds_rebuild_20260602_gbm,raw_plus_latent,permanent_csi,accel_div_yield,110,354,mapped,3,acceleration,computed,143173,0.0,bounded GBM-only predictor workspace; not full final model-suite importance,mapped,Feature mapped to the canonical AE-FEAT-IMPORT 11-family taxonomy.
AE-FEAT-IMPORT-006R,individual_feature_log_odds_rebuild_20260602_gbm,raw_plus_latent,permanent_csi,accel_accruals_ratio,112,355,mapped,3,acceleration,computed,143173,0.0,bounded GBM-only predictor workspace; not full final model-suite importance,mapped,Feature mapped to the canonical AE-FEAT-IMPORT 11-family taxonomy.
AE-FEAT-IMPORT-006R,individual_feature_log_odds_rebuild_20260602_gbm,raw_plus_latent,permanent_csi,accel_capex_intensity,114,356,mapped,3,acceleration,computed,143173,0.0,bounded GBM-only predictor workspace; not full final model-suite importance,mapped,Feature mapped to the canonical AE-FEAT-IMPORT 11-family taxonomy.
AE-FEAT-IMPORT-006R,individual_feature_log_odds_rebuild_20260602_gbm,raw_plus_latent,permanent_csi,accel_rd_intensity,115,357,mapped,3,acceleration,computed,143173,0.0,bounded GBM-only predictor workspace; not full final model-suite importance,mapped,Feature mapped to the canonical AE-FEAT-IMPORT 11-family taxonomy.
AE-FEAT-IMPORT-006R,individual_feature_log_odds_rebuild_20260602_gbm,raw_plus_latent,permanent_csi,accel_log_emp,119,358,mapped,3,acceleration,computed,143173,0.0,bounded GBM-only predictor workspace; not full final model-suite importance,mapped,Feature mapped to the canonical AE-FEAT-IMPORT 11-family taxonomy.
AE-FEAT-IMPORT-006R,individual_feature_log_odds_rebuild_20260602_gbm,raw_plus_latent,permanent_csi,accel_altman_z2,123,359,mapped,3,acceleration,computed,143173,0.0,bounded GBM-only predictor workspace; not full final model-suite importance,mapped,Feature mapped to the canonical AE-FEAT-IMPORT 11-family taxonomy.
AE-FEAT-IMPORT-006R,individual_feature_log_odds_rebuild_20260602_gbm,raw_plus_latent,permanent_csi,accel_log_return,127,360,mapped,3,acceleration,computed,143173,0.0,bounded GBM-only predictor workspace; not full final model-suite importance,mapped,Feature mapped to the canonical AE-FEAT-IMPORT 11-family taxonomy.
AE-FEAT-IMPORT-006R,individual_feature_log_odds_rebuild_20260602_gbm,raw_plus_latent,permanent_csi,expmean_roe,132,361,mapped,4,expanding_mean,computed,143173,0.0,bounded GBM-only predictor workspace; not full final model-suite importance,mapped,Feature mapped to the canonical AE-FEAT-IMPORT 11-family taxonomy.
AE-FEAT-IMPORT-006R,individual_feature_log_odds_rebuild_20260602_gbm,raw_plus_latent,permanent_csi,expmean_ebit_roa,134,362,mapped,4,expanding_mean,computed,143173,0.0,bounded GBM-only predictor workspace; not full final model-suite importance,mapped,Feature mapped to the canonical AE-FEAT-IMPORT 11-family taxonomy.
AE-FEAT-IMPORT-006R,individual_feature_log_odds_rebuild_20260602_gbm,raw_plus_latent,permanent_csi,expmean_ebitda_margin,136,363,mapped,4,expanding_mean,computed,143173,0.0,bounded GBM-only predictor workspace; not full final model-suite importance,mapped,Feature mapped to the canonical AE-FEAT-IMPORT 11-family taxonomy.
AE-FEAT-IMPORT-006R,individual_feature_log_odds_rebuild_20260602_gbm,raw_plus_latent,permanent_csi,expmean_std_debt_pct,140,364,mapped,4,expanding_mean,computed,143173,0.0,bounded GBM-only predictor workspace; not full final model-suite importance,mapped,Feature mapped to the canonical AE-FEAT-IMPORT 11-family taxonomy.
AE-FEAT-IMPORT-006R,individual_feature_log_odds_rebuild_20260602_gbm,raw_plus_latent,permanent_csi,expmean_interest_cov,142,365,mapped,4,expanding_mean,computed,143173,0.0,bounded GBM-only predictor workspace; not full final model-suite importance,mapped,Feature mapped to the canonical AE-FEAT-IMPORT 11-family taxonomy.
AE-FEAT-IMPORT-006R,individual_feature_log_odds_rebuild_20260602_gbm,raw_plus_latent,permanent_csi,expmean_bp_ratio,148,366,mapped,4,expanding_mean,computed,143173,0.0,bounded GBM-only predictor workspace; not full final model-suite importance,mapped,Feature mapped to the canonical AE-FEAT-IMPORT 11-family taxonomy.
AE-FEAT-IMPORT-006R,individual_feature_log_odds_rebuild_20260602_gbm,raw_plus_latent,permanent_csi,expmean_ev_to_sales,149,367,mapped,4,expanding_mean,computed,143173,0.0,bounded GBM-only predictor workspace; not full final model-suite importance,mapped,Feature mapped to the canonical AE-FEAT-IMPORT 11-family taxonomy.
AE-FEAT-IMPORT-006R,individual_feature_log_odds_rebuild_20260602_gbm,raw_plus_latent,permanent_csi,expmean_div_yield,150,368,mapped,4,expanding_mean,computed,143173,0.0,bounded GBM-only predictor workspace; not full final model-suite importance,mapped,Feature mapped to the canonical AE-FEAT-IMPORT 11-family taxonomy.
AE-FEAT-IMPORT-006R,individual_feature_log_odds_rebuild_20260602_gbm,raw_plus_latent,permanent_csi,expmean_mkt_to_book,151,369,mapped,4,expanding_mean,computed,143173,0.0,bounded GBM-only predictor workspace; not full final model-suite importance,mapped,Feature mapped to the canonical AE-FEAT-IMPORT 11-family taxonomy.
AE-FEAT-IMPORT-006R,individual_feature_log_odds_rebuild_20260602_gbm,raw_plus_latent,permanent_csi,expmean_log_emp,159,370,mapped,4,expanding_mean,computed,143173,0.0,bounded GBM-only predictor workspace; not full final model-suite importance,mapped,Feature mapped to the canonical AE-FEAT-IMPORT 11-family taxonomy.
AE-FEAT-IMPORT-006R,individual_feature_log_odds_rebuild_20260602_gbm,raw_plus_latent,permanent_csi,expmean_rental_ratio,160,371,mapped,4,expanding_mean,computed,143173,0.0,bounded GBM-only predictor workspace; not full final model-suite importance,mapped,Feature mapped to the canonical AE-FEAT-IMPORT 11-family taxonomy.
AE-FEAT-IMPORT-006R,individual_feature_log_odds_rebuild_20260602_gbm,raw_plus_latent,permanent_csi,expmean_invest_st_ratio,166,372,mapped,4,expanding_mean,computed,143173,0.0,bounded GBM-only predictor workspace; not full final model-suite importance,mapped,Feature mapped to the canonical AE-FEAT-IMPORT 11-family taxonomy.
AE-FEAT-IMPORT-006R,individual_feature_log_odds_rebuild_20260602_gbm,raw_plus_latent,permanent_csi,expvol_ocf_per_share,170,373,mapped,5,expanding_volatility,computed,143173,0.0,bounded GBM-only predictor workspace; not full final model-suite importance,mapped,Feature mapped to the canonical AE-FEAT-IMPORT 11-family taxonomy.
AE-FEAT-IMPORT-006R,individual_feature_log_odds_rebuild_20260602_gbm,raw_plus_latent,permanent_csi,expvol_gross_margin,175,374,mapped,5,expanding_volatility,computed,143173,0.0,bounded GBM-only predictor workspace; not full final model-suite importance,mapped,Feature mapped to the canonical AE-FEAT-IMPORT 11-family taxonomy.
AE-FEAT-IMPORT-006R,individual_feature_log_odds_rebuild_20260602_gbm,raw_plus_latent,permanent_csi,expvol_net_debt_ebitda,179,375,mapped,5,expanding_volatility,computed,143173,0.0,bounded GBM-only predictor workspace; not full final model-suite importance,mapped,Feature mapped to the canonical AE-FEAT-IMPORT 11-family taxonomy.
AE-FEAT-IMPORT-006R,individual_feature_log_odds_rebuild_20260602_gbm,raw_plus_latent,permanent_csi,expvol_std_debt_pct,180,376,mapped,5,expanding_volatility,computed,143173,0.0,bounded GBM-only predictor workspace; not full final model-suite importance,mapped,Feature mapped to the canonical AE-FEAT-IMPORT 11-family taxonomy.
AE-FEAT-IMPORT-006R,individual_feature_log_odds_rebuild_20260602_gbm,raw_plus_latent,permanent_csi,expvol_eff_int_rate,181,377,mapped,5,expanding_volatility,computed,143173,0.0,bounded GBM-only predictor workspace; not full final model-suite importance,mapped,Feature mapped to the canonical AE-FEAT-IMPORT 11-family taxonomy.
AE-FEAT-IMPORT-006R,individual_feature_log_odds_rebuild_20260602_gbm,raw_plus_latent,permanent_csi,expvol_interest_cov,182,378,mapped,5,expanding_volatility,computed,143173,0.0,bounded GBM-only predictor workspace; not full final model-suite importance,mapped,Feature mapped to the canonical AE-FEAT-IMPORT 11-family taxonomy.
AE-FEAT-IMPORT-006R,individual_feature_log_odds_rebuild_20260602_gbm,raw_plus_latent,permanent_csi,expvol_quick_ratio,185,379,mapped,5,expanding_volatility,computed,143173,0.0,bounded GBM-only predictor workspace; not full final model-suite importance,mapped,Feature mapped to the canonical AE-FEAT-IMPORT 11-family taxonomy.
AE-FEAT-IMPORT-006R,individual_feature_log_odds_rebuild_20260602_gbm,raw_plus_latent,permanent_csi,expvol_wcap_ratio,187,380,mapped,5,expanding_volatility,computed,143173,0.0,bounded GBM-only predictor workspace; not full final model-suite importance,mapped,Feature mapped to the canonical AE-FEAT-IMPORT 11-family taxonomy.
AE-FEAT-IMPORT-006R,individual_feature_log_odds_rebuild_20260602_gbm,raw_plus_latent,permanent_csi,expvol_bp_ratio,188,381,mapped,5,expanding_volatility,computed,143173,0.0,bounded GBM-only predictor workspace; not full final model-suite importance,mapped,Feature mapped to the canonical AE-FEAT-IMPORT 11-family taxonomy.
AE-FEAT-IMPORT-006R,individual_feature_log_odds_rebuild_20260602_gbm,raw_plus_latent,permanent_csi,expvol_ev_to_sales,189,382,mapped,5,expanding_volatility,computed,143173,0.0,bounded GBM-only predictor workspace; not full final model-suite importance,mapped,Feature mapped to the canonical AE-FEAT-IMPORT 11-family taxonomy.
AE-FEAT-IMPORT-006R,individual_feature_log_odds_rebuild_20260602_gbm,raw_plus_latent,permanent_csi,expvol_div_yield,190,383,mapped,5,expanding_volatility,computed,143173,0.0,bounded GBM-only predictor workspace; not full final model-suite importance,mapped,Feature mapped to the canonical AE-FEAT-IMPORT 11-family taxonomy.
AE-FEAT-IMPORT-006R,individual_feature_log_odds_rebuild_20260602_gbm,raw_plus_latent,permanent_csi,expvol_mkt_to_book,191,384,mapped,5,expanding_volatility,computed,143173,0.0,bounded GBM-only predictor workspace; not full final model-suite importance,mapped,Feature mapped to the canonical AE-FEAT-IMPORT 11-family taxonomy.
AE-FEAT-IMPORT-006R,individual_feature_log_odds_rebuild_20260602_gbm,raw_plus_latent,permanent_csi,expvol_accruals_ratio,192,385,mapped,5,expanding_volatility,computed,143173,0.0,bounded GBM-only predictor workspace; not full final model-suite importance,mapped,Feature mapped to the canonical AE-FEAT-IMPORT 11-family taxonomy.
AE-FEAT-IMPORT-006R,individual_feature_log_odds_rebuild_20260602_gbm,raw_plus_latent,permanent_csi,expvol_asset_turnover,193,386,mapped,5,expanding_volatility,computed,143173,0.0,bounded GBM-only predictor workspace; not full final model-suite importance,mapped,Feature mapped to the canonical AE-FEAT-IMPORT 11-family taxonomy.
AE-FEAT-IMPORT-006R,individual_feature_log_odds_rebuild_20260602_gbm,raw_plus_latent,permanent_csi,expvol_capex_intensity,194,387,mapped,5,expanding_volatility,computed,143173,0.0,bounded GBM-only predictor workspace; not full final model-suite importance,mapped,Feature mapped to the canonical AE-FEAT-IMPORT 11-family taxonomy.
AE-FEAT-IMPORT-006R,individual_feature_log_odds_rebuild_20260602_gbm,raw_plus_latent,permanent_csi,expvol_rd_intensity,195,388,mapped,5,expanding_volatility,computed,143173,0.0,bounded GBM-only predictor workspace; not full final model-suite importance,mapped,Feature mapped to the canonical AE-FEAT-IMPORT 11-family taxonomy.
AE-FEAT-IMPORT-006R,individual_feature_log_odds_rebuild_20260602_gbm,raw_plus_latent,permanent_csi,expvol_log_mkvalt,198,389,mapped,5,expanding_volatility,computed,143173,0.0,bounded GBM-only predictor workspace; not full final model-suite importance,mapped,Feature mapped to the canonical AE-FEAT-IMPORT 11-family taxonomy.
AE-FEAT-IMPORT-006R,individual_feature_log_odds_rebuild_20260602_gbm,raw_plus_latent,permanent_csi,expvol_assets_per_emp,201,390,mapped,5,expanding_volatility,computed,143173,0.0,bounded GBM-only predictor workspace; not full final model-suite importance,mapped,Feature mapped to the canonical AE-FEAT-IMPORT 11-family taxonomy.
AE-FEAT-IMPORT-006R,individual_feature_log_odds_rebuild_20260602_gbm,raw_plus_latent,permanent_csi,expvol_altman_z,205,391,mapped,5,expanding_volatility,computed,143173,0.0,bounded GBM-only predictor workspace; not full final model-suite importance,mapped,Feature mapped to the canonical AE-FEAT-IMPORT 11-family taxonomy.
AE-FEAT-IMPORT-006R,individual_feature_log_odds_rebuild_20260602_gbm,raw_plus_latent,permanent_csi,expvol_ann_return,208,392,mapped,5,expanding_volatility,computed,143173,0.0,bounded GBM-only predictor workspace; not full final model-suite importance,mapped,Feature mapped to the canonical AE-FEAT-IMPORT 11-family taxonomy.
AE-FEAT-IMPORT-006R,individual_feature_log_odds_rebuild_20260602_gbm,raw_plus_latent,permanent_csi,peak_drop_roic,213,393,mapped,6,peak_deterioration,computed,143173,0.0,bounded GBM-only predictor workspace; not full final model-suite importance,mapped,Feature mapped to the canonical AE-FEAT-IMPORT 11-family taxonomy.
AE-FEAT-IMPORT-006R,individual_feature_log_odds_rebuild_20260602_gbm,raw_plus_latent,permanent_csi,peak_drop_ocf_margin,217,394,mapped,6,peak_deterioration,computed,143173,0.0,bounded GBM-only predictor workspace; not full final model-suite importance,mapped,Feature mapped to the canonical AE-FEAT-IMPORT 11-family taxonomy.
AE-FEAT-IMPORT-006R,individual_feature_log_odds_rebuild_20260602_gbm,raw_plus_latent,permanent_csi,peak_drop_quick_ratio,219,395,mapped,6,peak_deterioration,computed,143173,0.0,bounded GBM-only predictor workspace; not full final model-suite importance,mapped,Feature mapped to the canonical AE-FEAT-IMPORT 11-family taxonomy.
AE-FEAT-IMPORT-006R,individual_feature_log_odds_rebuild_20260602_gbm,raw_plus_latent,permanent_csi,peak_drop_cash_pct_act,220,396,mapped,6,peak_deterioration,computed,143173,0.0,bounded GBM-only predictor workspace; not full final model-suite importance,mapped,Feature mapped to the canonical AE-FEAT-IMPORT 11-family taxonomy.
AE-FEAT-IMPORT-006R,individual_feature_log_odds_rebuild_20260602_gbm,raw_plus_latent,permanent_csi,peak_drop_interest_cov,222,397,mapped,6,peak_deterioration,computed,143173,0.0,bounded GBM-only predictor workspace; not full final model-suite importance,mapped,Feature mapped to the canonical AE-FEAT-IMPORT 11-family taxonomy.
AE-FEAT-IMPORT-006R,individual_feature_log_odds_rebuild_20260602_gbm,raw_plus_latent,permanent_csi,consec_decline_earn_yld,234,398,mapped,8,consecutive_declines,computed,143173,0.0,bounded GBM-only predictor workspace; not full final model-suite importance,mapped,Feature mapped to the canonical AE-FEAT-IMPORT 11-family taxonomy.
AE-FEAT-IMPORT-006R,individual_feature_log_odds_rebuild_20260602_gbm,raw_plus_latent,permanent_csi,consec_decline_ocf_per_share,235,399,mapped,8,consecutive_declines,computed,143173,0.0,bounded GBM-only predictor workspace; not full final model-suite importance,mapped,Feature mapped to the canonical AE-FEAT-IMPORT 11-family taxonomy.
AE-FEAT-IMPORT-006R,individual_feature_log_odds_rebuild_20260602_gbm,raw_plus_latent,permanent_csi,consec_decline_roa,236,400,mapped,8,consecutive_declines,computed,143173,0.0,bounded GBM-only predictor workspace; not full final model-suite importance,mapped,Feature mapped to the canonical AE-FEAT-IMPORT 11-family taxonomy.
AE-FEAT-IMPORT-006R,individual_feature_log_odds_rebuild_20260602_gbm,raw_plus_latent,permanent_csi,consec_decline_gross_margin,238,401,mapped,8,consecutive_declines,computed,143173,0.0,bounded GBM-only predictor workspace; not full final model-suite importance,mapped,Feature mapped to the canonical AE-FEAT-IMPORT 11-family taxonomy.
AE-FEAT-IMPORT-006R,individual_feature_log_odds_rebuild_20260602_gbm,raw_plus_latent,permanent_csi,consec_decline_log_mkvalt,240,402,mapped,8,consecutive_declines,computed,143173,0.0,bounded GBM-only predictor workspace; not full final model-suite importance,mapped,Feature mapped to the canonical AE-FEAT-IMPORT 11-family taxonomy.
AE-FEAT-IMPORT-006R,individual_feature_log_odds_rebuild_20260602_gbm,raw_plus_latent,permanent_csi,consec_decline_log_emp,241,403,mapped,8,consecutive_declines,computed,143173,0.0,bounded GBM-only predictor workspace; not full final model-suite importance,mapped,Feature mapped to the canonical AE-FEAT-IMPORT 11-family taxonomy.
AE-FEAT-IMPORT-006R,individual_feature_log_odds_rebuild_20260602_gbm,raw_plus_latent,permanent_csi,consec_decline_wcap_ratio,243,404,mapped,8,consecutive_declines,computed,143173,0.0,bounded GBM-only predictor workspace; not full final model-suite importance,mapped,Feature mapped to the canonical AE-FEAT-IMPORT 11-family taxonomy.
AE-FEAT-IMPORT-006R,individual_feature_log_odds_rebuild_20260602_gbm,raw_plus_latent,permanent_csi,acct_mom_ocf_per_share,245,405,mapped,9,accounting_momentum,computed,143173,0.0,bounded GBM-only predictor workspace; not full final model-suite importance,mapped,Feature mapped to the canonical AE-FEAT-IMPORT 11-family taxonomy.
AE-FEAT-IMPORT-006R,individual_feature_log_odds_rebuild_20260602_gbm,raw_plus_latent,permanent_csi,acct_mom_roa,246,406,mapped,9,accounting_momentum,computed,143173,0.0,bounded GBM-only predictor workspace; not full final model-suite importance,mapped,Feature mapped to the canonical AE-FEAT-IMPORT 11-family taxonomy.
AE-FEAT-IMPORT-006R,individual_feature_log_odds_rebuild_20260602_gbm,raw_plus_latent,permanent_csi,acct_mom_leverage,248,407,mapped,9,accounting_momentum,computed,143173,0.0,bounded GBM-only predictor workspace; not full final model-suite importance,mapped,Feature mapped to the canonical AE-FEAT-IMPORT 11-family taxonomy.
AE-FEAT-IMPORT-006R,individual_feature_log_odds_rebuild_20260602_gbm,raw_plus_latent,permanent_csi,acct_mom_net_debt_ebitda,249,408,mapped,9,accounting_momentum,computed,143173,0.0,bounded GBM-only predictor workspace; not full final model-suite importance,mapped,Feature mapped to the canonical AE-FEAT-IMPORT 11-family taxonomy.
AE-FEAT-IMPORT-006R,individual_feature_log_odds_rebuild_20260602_gbm,raw_plus_latent,permanent_csi,acct_mom_interest_cov,250,409,mapped,9,accounting_momentum,computed,143173,0.0,bounded GBM-only predictor workspace; not full final model-suite importance,mapped,Feature mapped to the canonical AE-FEAT-IMPORT 11-family taxonomy.
AE-FEAT-IMPORT-006R,individual_feature_log_odds_rebuild_20260602_gbm,raw_plus_latent,permanent_csi,acct_mom_current_ratio,251,410,mapped,9,accounting_momentum,computed,143173,0.0,bounded GBM-only predictor workspace; not full final model-suite importance,mapped,Feature mapped to the canonical AE-FEAT-IMPORT 11-family taxonomy.
AE-FEAT-IMPORT-006R,individual_feature_log_odds_rebuild_20260602_gbm,raw_plus_latent,permanent_csi,acct_mom_cash_pct_act,252,411,mapped,9,accounting_momentum,computed,143173,0.0,bounded GBM-only predictor workspace; not full final model-suite importance,mapped,Feature mapped to the canonical AE-FEAT-IMPORT 11-family taxonomy.
AE-FEAT-IMPORT-006R,individual_feature_log_odds_rebuild_20260602_gbm,raw_plus_latent,permanent_csi,acct_mom_accruals_ratio,253,412,mapped,9,accounting_momentum,computed,143173,0.0,bounded GBM-only predictor workspace; not full final model-suite importance,mapped,Feature mapped to the canonical AE-FEAT-IMPORT 11-family taxonomy.
AE-FEAT-IMPORT-006R,individual_feature_log_odds_rebuild_20260602_gbm,raw_plus_latent,permanent_csi,acct_mom_gross_margin,255,413,mapped,9,accounting_momentum,computed,143173,0.0,bounded GBM-only predictor workspace; not full final model-suite importance,mapped,Feature mapped to the canonical AE-FEAT-IMPORT 11-family taxonomy.
AE-FEAT-IMPORT-006R,individual_feature_log_odds_rebuild_20260602_gbm,raw_plus_latent,permanent_csi,acct_mom_ebitda_margin,256,414,mapped,9,accounting_momentum,computed,143173,0.0,bounded GBM-only predictor workspace; not full final model-suite importance,mapped,Feature mapped to the canonical AE-FEAT-IMPORT 11-family taxonomy.
AE-FEAT-IMPORT-006R,individual_feature_log_odds_rebuild_20260602_gbm,raw_plus_latent,permanent_csi,acct_mom_log_mkvalt,257,415,mapped,9,accounting_momentum,computed,143173,0.0,bounded GBM-only predictor workspace; not full final model-suite importance,mapped,Feature mapped to the canonical AE-FEAT-IMPORT 11-family taxonomy.
AE-FEAT-IMPORT-006R,individual_feature_log_odds_rebuild_20260602_gbm,raw_plus_latent,permanent_csi,roll_mean_3y_interest_cov,265,416,mapped,10,rolling_window_statistics,computed,143173,0.0,bounded GBM-only predictor workspace; not full final model-suite importance,mapped,Feature mapped to the canonical AE-FEAT-IMPORT 11-family taxonomy.
AE-FEAT-IMPORT-006R,individual_feature_log_odds_rebuild_20260602_gbm,raw_plus_latent,permanent_csi,roll_mean_3y_accruals_ratio,268,417,mapped,10,rolling_window_statistics,computed,143173,0.0,bounded GBM-only predictor workspace; not full final model-suite importance,mapped,Feature mapped to the canonical AE-FEAT-IMPORT 11-family taxonomy.
AE-FEAT-IMPORT-006R,individual_feature_log_odds_rebuild_20260602_gbm,raw_plus_latent,permanent_csi,roll_min_3y_cash_pct_act,282,418,mapped,10,rolling_window_statistics,computed,143173,0.0,bounded GBM-only predictor workspace; not full final model-suite importance,mapped,Feature mapped to the canonical AE-FEAT-IMPORT 11-family taxonomy.
AE-FEAT-IMPORT-006R,individual_feature_log_odds_rebuild_20260602_gbm,raw_plus_latent,permanent_csi,roll_min_3y_log_at,288,419,mapped,10,rolling_window_statistics,computed,143173,0.0,bounded GBM-only predictor workspace; not full final model-suite importance,mapped,Feature mapped to the canonical AE-FEAT-IMPORT 11-family taxonomy.
AE-FEAT-IMPORT-006R,individual_feature_log_odds_rebuild_20260602_gbm,raw_plus_latent,permanent_csi,roll_max_3y_current_ratio,296,420,mapped,10,rolling_window_statistics,computed,143173,0.0,bounded GBM-only predictor workspace; not full final model-suite importance,mapped,Feature mapped to the canonical AE-FEAT-IMPORT 11-family taxonomy.
AE-FEAT-IMPORT-006R,individual_feature_log_odds_rebuild_20260602_gbm,raw_plus_latent,permanent_csi,roll_max_3y_ebitda_margin,301,421,mapped,10,rolling_window_statistics,computed,143173,0.0,bounded GBM-only predictor workspace; not full final model-suite importance,mapped,Feature mapped to the canonical AE-FEAT-IMPORT 11-family taxonomy.
AE-FEAT-IMPORT-006R,individual_feature_log_odds_rebuild_20260602_gbm,raw_plus_latent,permanent_csi,roll_sd_3y_earn_yld,304,422,mapped,10,rolling_window_statistics,computed,143173,0.0,bounded GBM-only predictor workspace; not full final model-suite importance,mapped,Feature mapped to the canonical AE-FEAT-IMPORT 11-family taxonomy.
AE-FEAT-IMPORT-006R,individual_feature_log_odds_rebuild_20260602_gbm,raw_plus_latent,permanent_csi,roll_sd_3y_leverage,308,423,mapped,10,rolling_window_statistics,computed,143173,0.0,bounded GBM-only predictor workspace; not full final model-suite importance,mapped,Feature mapped to the canonical AE-FEAT-IMPORT 11-family taxonomy.
AE-FEAT-IMPORT-006R,individual_feature_log_odds_rebuild_20260602_gbm,raw_plus_latent,permanent_csi,roll_sd_3y_interest_cov,310,424,mapped,10,rolling_window_statistics,computed,143173,0.0,bounded GBM-only predictor workspace; not full final model-suite importance,mapped,Feature mapped to the canonical AE-FEAT-IMPORT 11-family taxonomy.
AE-FEAT-IMPORT-006R,individual_feature_log_odds_rebuild_20260602_gbm,raw_plus_latent,permanent_csi,roll_sd_3y_current_ratio,311,425,mapped,10,rolling_window_statistics,computed,143173,0.0,bounded GBM-only predictor workspace; not full final model-suite importance,mapped,Feature mapped to the canonical AE-FEAT-IMPORT 11-family taxonomy.
AE-FEAT-IMPORT-006R,individual_feature_log_odds_rebuild_20260602_gbm,raw_plus_latent,permanent_csi,roll_sd_3y_cash_pct_act,312,426,mapped,10,rolling_window_statistics,computed,143173,0.0,bounded GBM-only predictor workspace; not full final model-suite importance,mapped,Feature mapped to the canonical AE-FEAT-IMPORT 11-family taxonomy.
AE-FEAT-IMPORT-006R,individual_feature_log_odds_rebuild_20260602_gbm,raw_plus_latent,permanent_csi,roll_sd_3y_accruals_ratio,313,427,mapped,10,rolling_window_statistics,computed,143173,0.0,bounded GBM-only predictor workspace; not full final model-suite importance,mapped,Feature mapped to the canonical AE-FEAT-IMPORT 11-family taxonomy.
AE-FEAT-IMPORT-006R,individual_feature_log_odds_rebuild_20260602_gbm,raw_plus_latent,permanent_csi,roll_sd_3y_gross_margin,315,428,mapped,10,rolling_window_statistics,computed,143173,0.0,bounded GBM-only predictor workspace; not full final model-suite importance,mapped,Feature mapped to the canonical AE-FEAT-IMPORT 11-family taxonomy.
AE-FEAT-IMPORT-006R,individual_feature_log_odds_rebuild_20260602_gbm,raw_plus_latent,permanent_csi,roll_sd_3y_log_mkvalt,317,429,mapped,10,rolling_window_statistics,computed,143173,0.0,bounded GBM-only predictor workspace; not full final model-suite importance,mapped,Feature mapped to the canonical AE-FEAT-IMPORT 11-family taxonomy.
AE-FEAT-IMPORT-006R,individual_feature_log_odds_rebuild_20260602_gbm,raw_plus_latent,permanent_csi,roll_trend_3y_earn_yld,319,430,mapped,10,rolling_window_statistics,computed,143173,0.0,bounded GBM-only predictor workspace; not full final model-suite importance,mapped,Feature mapped to the canonical AE-FEAT-IMPORT 11-family taxonomy.
AE-FEAT-IMPORT-006R,individual_feature_log_odds_rebuild_20260602_gbm,raw_plus_latent,permanent_csi,roll_trend_3y_ocf_per_share,320,431,mapped,10,rolling_window_statistics,computed,143173,0.0,bounded GBM-only predictor workspace; not full final model-suite importance,mapped,Feature mapped to the canonical AE-FEAT-IMPORT 11-family taxonomy.
AE-FEAT-IMPORT-006R,individual_feature_log_odds_rebuild_20260602_gbm,raw_plus_latent,permanent_csi,roll_trend_3y_roic,322,432,mapped,10,rolling_window_statistics,computed,143173,0.0,bounded GBM-only predictor workspace; not full final model-suite importance,mapped,Feature mapped to the canonical AE-FEAT-IMPORT 11-family taxonomy.
AE-FEAT-IMPORT-006R,individual_feature_log_odds_rebuild_20260602_gbm,raw_plus_latent,permanent_csi,roll_trend_3y_net_debt_ebitda,324,433,mapped,10,rolling_window_statistics,computed,143173,0.0,bounded GBM-only predictor workspace; not full final model-suite importance,mapped,Feature mapped to the canonical AE-FEAT-IMPORT 11-family taxonomy.
AE-FEAT-IMPORT-006R,individual_feature_log_odds_rebuild_20260602_gbm,raw_plus_latent,permanent_csi,roll_trend_3y_current_ratio,326,434,mapped,10,rolling_window_statistics,computed,143173,0.0,bounded GBM-only predictor workspace; not full final model-suite importance,mapped,Feature mapped to the canonical AE-FEAT-IMPORT 11-family taxonomy.
AE-FEAT-IMPORT-006R,individual_feature_log_odds_rebuild_20260602_gbm,raw_plus_latent,permanent_csi,roll_trend_3y_cash_pct_act,327,435,mapped,10,rolling_window_statistics,computed,143173,0.0,bounded GBM-only predictor workspace; not full final model-suite importance,mapped,Feature mapped to the canonical AE-FEAT-IMPORT 11-family taxonomy.
AE-FEAT-IMPORT-006R,individual_feature_log_odds_rebuild_20260602_gbm,raw_plus_latent,permanent_csi,roll_trend_3y_accruals_ratio,328,436,mapped,10,rolling_window_statistics,computed,143173,0.0,bounded GBM-only predictor workspace; not full final model-suite importance,mapped,Feature mapped to the canonical AE-FEAT-IMPORT 11-family taxonomy.
AE-FEAT-IMPORT-006R,individual_feature_log_odds_rebuild_20260602_gbm,raw_plus_latent,permanent_csi,roll_trend_3y_log_mkvalt,332,437,mapped,10,rolling_window_statistics,computed,143173,0.0,bounded GBM-only predictor workspace; not full final model-suite importance,mapped,Feature mapped to the canonical AE-FEAT-IMPORT 11-family taxonomy.
AE-FEAT-IMPORT-006R,individual_feature_log_odds_rebuild_20260602_gbm,raw_plus_latent,permanent_csi,roll_autocorr_3y_ocf_per_share,335,438,mapped,10,rolling_window_statistics,computed,143173,0.0,bounded GBM-only predictor workspace; not full final model-suite importance,mapped,Feature mapped to the canonical AE-FEAT-IMPORT 11-family taxonomy.
AE-FEAT-IMPORT-006R,individual_feature_log_odds_rebuild_20260602_gbm,raw_plus_latent,permanent_csi,roll_autocorr_3y_roa,336,439,mapped,10,rolling_window_statistics,computed,143173,0.0,bounded GBM-only predictor workspace; not full final model-suite importance,mapped,Feature mapped to the canonical AE-FEAT-IMPORT 11-family taxonomy.
AE-FEAT-IMPORT-006R,individual_feature_log_odds_rebuild_20260602_gbm,raw_plus_latent,permanent_csi,roll_autocorr_3y_roic,337,440,mapped,10,rolling_window_statistics,computed,143173,0.0,bounded GBM-only predictor workspace; not full final model-suite importance,mapped,Feature mapped to the canonical AE-FEAT-IMPORT 11-family taxonomy.
AE-FEAT-IMPORT-006R,individual_feature_log_odds_rebuild_20260602_gbm,raw_plus_latent,permanent_csi,roll_autocorr_3y_net_debt_ebitda,339,441,mapped,10,rolling_window_statistics,computed,143173,0.0,bounded GBM-only predictor workspace; not full final model-suite importance,mapped,Feature mapped to the canonical AE-FEAT-IMPORT 11-family taxonomy.
AE-FEAT-IMPORT-006R,individual_feature_log_odds_rebuild_20260602_gbm,raw_plus_latent,permanent_csi,roll_autocorr_3y_current_ratio,341,442,mapped,10,rolling_window_statistics,computed,143173,0.0,bounded GBM-only predictor workspace; not full final model-suite importance,mapped,Feature mapped to the canonical AE-FEAT-IMPORT 11-family taxonomy.
AE-FEAT-IMPORT-006R,individual_feature_log_odds_rebuild_20260602_gbm,raw_plus_latent,permanent_csi,roll_autocorr_3y_cash_pct_act,342,443,mapped,10,rolling_window_statistics,computed,143173,0.0,bounded GBM-only predictor workspace; not full final model-suite importance,mapped,Feature mapped to the canonical AE-FEAT-IMPORT 11-family taxonomy.
AE-FEAT-IMPORT-006R,individual_feature_log_odds_rebuild_20260602_gbm,raw_plus_latent,permanent_csi,roll_autocorr_3y_accruals_ratio,343,444,mapped,10,rolling_window_statistics,computed,143173,0.0,bounded GBM-only predictor workspace; not full final model-suite importance,mapped,Feature mapped to the canonical AE-FEAT-IMPORT 11-family taxonomy.
AE-FEAT-IMPORT-006R,individual_feature_log_odds_rebuild_20260602_gbm,raw_plus_latent,permanent_csi,roll_autocorr_3y_asset_turnover,344,445,mapped,10,rolling_window_statistics,computed,143173,0.0,bounded GBM-only predictor workspace; not full final model-suite importance,mapped,Feature mapped to the canonical AE-FEAT-IMPORT 11-family taxonomy.
AE-FEAT-IMPORT-006R,individual_feature_log_odds_rebuild_20260602_gbm,raw_plus_latent,permanent_csi,roll_autocorr_3y_gross_margin,345,446,mapped,10,rolling_window_statistics,computed,143173,0.0,bounded GBM-only predictor workspace; not full final model-suite importance,mapped,Feature mapped to the canonical AE-FEAT-IMPORT 11-family taxonomy.
AE-FEAT-IMPORT-006R,individual_feature_log_odds_rebuild_20260602_gbm,raw_plus_latent,permanent_csi,roll_autocorr_3y_ebitda_margin,346,447,mapped,10,rolling_window_statistics,computed,143173,0.0,bounded GBM-only predictor workspace; not full final model-suite importance,mapped,Feature mapped to the canonical AE-FEAT-IMPORT 11-family taxonomy.
AE-FEAT-IMPORT-006R,individual_feature_log_odds_rebuild_20260602_gbm,raw_plus_latent,permanent_csi,roll_mean_5y_interest_cov,355,448,mapped,10,rolling_window_statistics,computed,143173,0.0,bounded GBM-only predictor workspace; not full final model-suite importance,mapped,Feature mapped to the canonical AE-FEAT-IMPORT 11-family taxonomy.
AE-FEAT-IMPORT-006R,individual_feature_log_odds_rebuild_20260602_gbm,raw_plus_latent,permanent_csi,roll_min_5y_interest_cov,370,449,mapped,10,rolling_window_statistics,computed,143173,0.0,bounded GBM-only predictor workspace; not full final model-suite importance,mapped,Feature mapped to the canonical AE-FEAT-IMPORT 11-family taxonomy.
AE-FEAT-IMPORT-006R,individual_feature_log_odds_rebuild_20260602_gbm,raw_plus_latent,permanent_csi,roll_min_5y_accruals_ratio,373,450,mapped,10,rolling_window_statistics,computed,143173,0.0,bounded GBM-only predictor workspace; not full final model-suite importance,mapped,Feature mapped to the canonical AE-FEAT-IMPORT 11-family taxonomy.
AE-FEAT-IMPORT-006R,individual_feature_log_odds_rebuild_20260602_gbm,raw_plus_latent,permanent_csi,roll_max_5y_roa,381,451,mapped,10,rolling_window_statistics,computed,143173,0.0,bounded GBM-only predictor workspace; not full final model-suite importance,mapped,Feature mapped to the canonical AE-FEAT-IMPORT 11-family taxonomy.
AE-FEAT-IMPORT-006R,individual_feature_log_odds_rebuild_20260602_gbm,raw_plus_latent,permanent_csi,roll_max_5y_roic,382,452,mapped,10,rolling_window_statistics,computed,143173,0.0,bounded GBM-only predictor workspace; not full final model-suite importance,mapped,Feature mapped to the canonical AE-FEAT-IMPORT 11-family taxonomy.
AE-FEAT-IMPORT-006R,individual_feature_log_odds_rebuild_20260602_gbm,raw_plus_latent,permanent_csi,roll_max_5y_interest_cov,385,453,mapped,10,rolling_window_statistics,computed,143173,0.0,bounded GBM-only predictor workspace; not full final model-suite importance,mapped,Feature mapped to the canonical AE-FEAT-IMPORT 11-family taxonomy.
AE-FEAT-IMPORT-006R,individual_feature_log_odds_rebuild_20260602_gbm,raw_plus_latent,permanent_csi,roll_max_5y_current_ratio,386,454,mapped,10,rolling_window_statistics,computed,143173,0.0,bounded GBM-only predictor workspace; not full final model-suite importance,mapped,Feature mapped to the canonical AE-FEAT-IMPORT 11-family taxonomy.
AE-FEAT-IMPORT-006R,individual_feature_log_odds_rebuild_20260602_gbm,raw_plus_latent,permanent_csi,roll_max_5y_cash_pct_act,387,455,mapped,10,rolling_window_statistics,computed,143173,0.0,bounded GBM-only predictor workspace; not full final model-suite importance,mapped,Feature mapped to the canonical AE-FEAT-IMPORT 11-family taxonomy.
AE-FEAT-IMPORT-006R,individual_feature_log_odds_rebuild_20260602_gbm,raw_plus_latent,permanent_csi,roll_max_5y_accruals_ratio,388,456,mapped,10,rolling_window_statistics,computed,143173,0.0,bounded GBM-only predictor workspace; not full final model-suite importance,mapped,Feature mapped to the canonical AE-FEAT-IMPORT 11-family taxonomy.
AE-FEAT-IMPORT-006R,individual_feature_log_odds_rebuild_20260602_gbm,raw_plus_latent,permanent_csi,roll_max_5y_asset_turnover,389,457,mapped,10,rolling_window_statistics,computed,143173,0.0,bounded GBM-only predictor workspace; not full final model-suite importance,mapped,Feature mapped to the canonical AE-FEAT-IMPORT 11-family taxonomy.
AE-FEAT-IMPORT-006R,individual_feature_log_odds_rebuild_20260602_gbm,raw_plus_latent,permanent_csi,roll_max_5y_ebitda_margin,391,458,mapped,10,rolling_window_statistics,computed,143173,0.0,bounded GBM-only predictor workspace; not full final model-suite importance,mapped,Feature mapped to the canonical AE-FEAT-IMPORT 11-family taxonomy.
AE-FEAT-IMPORT-006R,individual_feature_log_odds_rebuild_20260602_gbm,raw_plus_latent,permanent_csi,roll_max_5y_log_at,393,459,mapped,10,rolling_window_statistics,computed,143173,0.0,bounded GBM-only predictor workspace; not full final model-suite importance,mapped,Feature mapped to the canonical AE-FEAT-IMPORT 11-family taxonomy.
AE-FEAT-IMPORT-006R,individual_feature_log_odds_rebuild_20260602_gbm,raw_plus_latent,permanent_csi,roll_sd_5y_ocf_per_share,395,460,mapped,10,rolling_window_statistics,computed,143173,0.0,bounded GBM-only predictor workspace; not full final model-suite importance,mapped,Feature mapped to the canonical AE-FEAT-IMPORT 11-family taxonomy.
AE-FEAT-IMPORT-006R,individual_feature_log_odds_rebuild_20260602_gbm,raw_plus_latent,permanent_csi,roll_sd_5y_roic,397,461,mapped,10,rolling_window_statistics,computed,143173,0.0,bounded GBM-only predictor workspace; not full final model-suite importance,mapped,Feature mapped to the canonical AE-FEAT-IMPORT 11-family taxonomy.
AE-FEAT-IMPORT-006R,individual_feature_log_odds_rebuild_20260602_gbm,raw_plus_latent,permanent_csi,roll_sd_5y_interest_cov,400,462,mapped,10,rolling_window_statistics,computed,143173,0.0,bounded GBM-only predictor workspace; not full final model-suite importance,mapped,Feature mapped to the canonical AE-FEAT-IMPORT 11-family taxonomy.
AE-FEAT-IMPORT-006R,individual_feature_log_odds_rebuild_20260602_gbm,raw_plus_latent,permanent_csi,roll_sd_5y_cash_pct_act,402,463,mapped,10,rolling_window_statistics,computed,143173,0.0,bounded GBM-only predictor workspace; not full final model-suite importance,mapped,Feature mapped to the canonical AE-FEAT-IMPORT 11-family taxonomy.
AE-FEAT-IMPORT-006R,individual_feature_log_odds_rebuild_20260602_gbm,raw_plus_latent,permanent_csi,roll_sd_5y_accruals_ratio,403,464,mapped,10,rolling_window_statistics,computed,143173,0.0,bounded GBM-only predictor workspace; not full final model-suite importance,mapped,Feature mapped to the canonical AE-FEAT-IMPORT 11-family taxonomy.
AE-FEAT-IMPORT-006R,individual_feature_log_odds_rebuild_20260602_gbm,raw_plus_latent,permanent_csi,roll_trend_5y_earn_yld,409,465,mapped,10,rolling_window_statistics,computed,143173,0.0,bounded GBM-only predictor workspace; not full final model-suite importance,mapped,Feature mapped to the canonical AE-FEAT-IMPORT 11-family taxonomy.
AE-FEAT-IMPORT-006R,individual_feature_log_odds_rebuild_20260602_gbm,raw_plus_latent,permanent_csi,roll_trend_5y_ocf_per_share,410,466,mapped,10,rolling_window_statistics,computed,143173,0.0,bounded GBM-only predictor workspace; not full final model-suite importance,mapped,Feature mapped to the canonical AE-FEAT-IMPORT 11-family taxonomy.
AE-FEAT-IMPORT-006R,individual_feature_log_odds_rebuild_20260602_gbm,raw_plus_latent,permanent_csi,roll_trend_5y_roa,411,467,mapped,10,rolling_window_statistics,computed,143173,0.0,bounded GBM-only predictor workspace; not full final model-suite importance,mapped,Feature mapped to the canonical AE-FEAT-IMPORT 11-family taxonomy.
AE-FEAT-IMPORT-006R,individual_feature_log_odds_rebuild_20260602_gbm,raw_plus_latent,permanent_csi,roll_trend_5y_net_debt_ebitda,414,468,mapped,10,rolling_window_statistics,computed,143173,0.0,bounded GBM-only predictor workspace; not full final model-suite importance,mapped,Feature mapped to the canonical AE-FEAT-IMPORT 11-family taxonomy.
AE-FEAT-IMPORT-006R,individual_feature_log_odds_rebuild_20260602_gbm,raw_plus_latent,permanent_csi,roll_trend_5y_current_ratio,416,469,mapped,10,rolling_window_statistics,computed,143173,0.0,bounded GBM-only predictor workspace; not full final model-suite importance,mapped,Feature mapped to the canonical AE-FEAT-IMPORT 11-family taxonomy.
AE-FEAT-IMPORT-006R,individual_feature_log_odds_rebuild_20260602_gbm,raw_plus_latent,permanent_csi,roll_trend_5y_log_mkvalt,422,470,mapped,10,rolling_window_statistics,computed,143173,0.0,bounded GBM-only predictor workspace; not full final model-suite importance,mapped,Feature mapped to the canonical AE-FEAT-IMPORT 11-family taxonomy.
AE-FEAT-IMPORT-006R,individual_feature_log_odds_rebuild_20260602_gbm,raw_plus_latent,permanent_csi,roll_autocorr_5y_ocf_per_share,425,471,mapped,10,rolling_window_statistics,computed,143173,0.0,bounded GBM-only predictor workspace; not full final model-suite importance,mapped,Feature mapped to the canonical AE-FEAT-IMPORT 11-family taxonomy.
AE-FEAT-IMPORT-006R,individual_feature_log_odds_rebuild_20260602_gbm,raw_plus_latent,permanent_csi,roll_autocorr_5y_leverage,428,472,mapped,10,rolling_window_statistics,computed,143173,0.0,bounded GBM-only predictor workspace; not full final model-suite importance,mapped,Feature mapped to the canonical AE-FEAT-IMPORT 11-family taxonomy.
AE-FEAT-IMPORT-006R,individual_feature_log_odds_rebuild_20260602_gbm,raw_plus_latent,permanent_csi,roll_autocorr_5y_net_debt_ebitda,429,473,mapped,10,rolling_window_statistics,computed,143173,0.0,bounded GBM-only predictor workspace; not full final model-suite importance,mapped,Feature mapped to the canonical AE-FEAT-IMPORT 11-family taxonomy.
AE-FEAT-IMPORT-006R,individual_feature_log_odds_rebuild_20260602_gbm,raw_plus_latent,permanent_csi,roll_autocorr_5y_interest_cov,430,474,mapped,10,rolling_window_statistics,computed,143173,0.0,bounded GBM-only predictor workspace; not full final model-suite importance,mapped,Feature mapped to the canonical AE-FEAT-IMPORT 11-family taxonomy.
AE-FEAT-IMPORT-006R,individual_feature_log_odds_rebuild_20260602_gbm,raw_plus_latent,permanent_csi,roll_autocorr_5y_cash_pct_act,432,475,mapped,10,rolling_window_statistics,computed,143173,0.0,bounded GBM-only predictor workspace; not full final model-suite importance,mapped,Feature mapped to the canonical AE-FEAT-IMPORT 11-family taxonomy.
AE-FEAT-IMPORT-006R,individual_feature_log_odds_rebuild_20260602_gbm,raw_plus_latent,permanent_csi,roll_autocorr_5y_gross_margin,435,476,mapped,10,rolling_window_statistics,computed,143173,0.0,bounded GBM-only predictor workspace; not full final model-suite importance,mapped,Feature mapped to the canonical AE-FEAT-IMPORT 11-family taxonomy.
AE-FEAT-IMPORT-006R,individual_feature_log_odds_rebuild_20260602_gbm,raw_plus_latent,permanent_csi,interact_cov_rate,448,477,mapped,11,price_momentum_volatility_and_macro_interactions,computed,143173,0.0,bounded GBM-only predictor workspace; not full final model-suite importance,mapped,Feature mapped to the canonical AE-FEAT-IMPORT 11-family taxonomy.
AE-FEAT-IMPORT-006R,individual_feature_log_odds_rebuild_20260602_gbm,raw_plus_latent,permanent_csi,interact_nde_hyspr,449,478,mapped,11,price_momentum_volatility_and_macro_interactions,computed,143173,0.0,bounded GBM-only predictor workspace; not full final model-suite importance,mapped,Feature mapped to the canonical AE-FEAT-IMPORT 11-family taxonomy.
AE-FEAT-IMPORT-006R,individual_feature_log_odds_rebuild_20260602_gbm,raw_plus_latent,permanent_csi,z2,463,479,latent_vae,latent_vae,vae_latent_features,computed,143173,0.0,bounded GBM-only predictor workspace; not full final model-suite importance,latent_vae,VAE latent dimension or reconstruction error; outside canonical raw/engineered family taxonomy.
AE-FEAT-IMPORT-006R,individual_feature_log_odds_rebuild_20260602_gbm,raw_plus_latent,permanent_csi,z3,464,480,latent_vae,latent_vae,vae_latent_features,computed,143173,0.0,bounded GBM-only predictor workspace; not full final model-suite importance,latent_vae,VAE latent dimension or reconstruction error; outside canonical raw/engineered family taxonomy.
AE-FEAT-IMPORT-006R,individual_feature_log_odds_rebuild_20260602_gbm,raw_plus_latent,permanent_csi,z4,465,481,latent_vae,latent_vae,vae_latent_features,computed,143173,0.0,bounded GBM-only predictor workspace; not full final model-suite importance,latent_vae,VAE latent dimension or reconstruction error; outside canonical raw/engineered family taxonomy.
AE-FEAT-IMPORT-006R,individual_feature_log_odds_rebuild_20260602_gbm,raw_plus_latent,permanent_csi,z6,467,482,latent_vae,latent_vae,vae_latent_features,computed,143173,0.0,bounded GBM-only predictor workspace; not full final model-suite importance,latent_vae,VAE latent dimension or reconstruction error; outside canonical raw/engineered family taxonomy.
AE-FEAT-IMPORT-006R,individual_feature_log_odds_rebuild_20260602_gbm,raw_plus_latent,permanent_csi,z8,469,483,latent_vae,latent_vae,vae_latent_features,computed,143173,0.0,bounded GBM-only predictor workspace; not full final model-suite importance,latent_vae,VAE latent dimension or reconstruction error; outside canonical raw/engineered family taxonomy.
AE-FEAT-IMPORT-006R,individual_feature_log_odds_rebuild_20260602_gbm,raw_plus_latent,permanent_csi,z17,478,484,latent_vae,latent_vae,vae_latent_features,computed,143173,0.0,bounded GBM-only predictor workspace; not full final model-suite importance,latent_vae,VAE latent dimension or reconstruction error; outside canonical raw/engineered family taxonomy.
AE-FEAT-IMPORT-006R,individual_feature_log_odds_rebuild_20260602_gbm,raw_plus_latent,permanent_csi,z21,482,485,latent_vae,latent_vae,vae_latent_features,computed,143173,0.0,bounded GBM-only predictor workspace; not full final model-suite importance,latent_vae,VAE latent dimension or reconstruction error; outside canonical raw/engineered family taxonomy.
AE-FEAT-IMPORT-006R,individual_feature_log_odds_rebuild_20260602_gbm,raw_plus_latent,permanent_csi,z23,484,486,latent_vae,latent_vae,vae_latent_features,computed,143173,0.0,bounded GBM-only predictor workspace; not full final model-suite importance,latent_vae,VAE latent dimension or reconstruction error; outside canonical raw/engineered family taxonomy.
