ticket_id,run_id,feature_set,track,feature_name,feature_family,result_status,n_rows_used,baseline_mean_probability,perturbed_mean_probability,mean_abs_delta_log_odds,mean_signed_delta_log_odds,median_abs_delta_log_odds,p90_abs_delta_log_odds,probability_clip_eps,perturbation_policy,permutation_strata,perturbation_seed,predictor_path,best_model,bounded_predictor_note,pit_ratio_source,rank_within_model_track
AE-FEAT-IMPORT-005R,pit_ratio_log_odds_rebuild_20260602_gbm,fund,dynamic_csi,earn_yld,point_in_time_ratios,computed,143173,0.0445495519883664,0.04127350991158189,0.13322605745542895,-0.016540878005460096,0.047375907044147514,0.40523918549135163,1e-06,deterministic_individual_feature_permutation_within_cv_block,initial_train_1993_2001;cv_fold2_2002_2006;cv_fold3_2007_2010;cv_fold4_holdout_2011_2015,20260602,03_Data_Output\10_FeatureImportance\predictor_workspace\rebuild_20260602_gbm\3_Modelling_Results\Necessary\temporary_csi\AutoGluon\ag_fund\ag_predictor,WeightedEnsemble_L2,bounded GBM-only predictor workspace; not full final model-suite importance,AE-FEAT-IMPORT-001R base ratio subset plus 06B/004R evidence for cash_div_cf; macro point-in-time controls excluded,1
AE-FEAT-IMPORT-005R,pit_ratio_log_odds_rebuild_20260602_gbm,fund,dynamic_csi,altman_z2,point_in_time_ratios,computed,143173,0.0445495519883664,0.04088396951805668,0.1312592553419016,0.012409673452803402,0.0922942885925746,0.31637466674790554,1e-06,deterministic_individual_feature_permutation_within_cv_block,initial_train_1993_2001;cv_fold2_2002_2006;cv_fold3_2007_2010;cv_fold4_holdout_2011_2015,20260602,03_Data_Output\10_FeatureImportance\predictor_workspace\rebuild_20260602_gbm\3_Modelling_Results\Necessary\temporary_csi\AutoGluon\ag_fund\ag_predictor,WeightedEnsemble_L2,bounded GBM-only predictor workspace; not full final model-suite importance,AE-FEAT-IMPORT-001R base ratio subset plus 06B/004R evidence for cash_div_cf; macro point-in-time controls excluded,2
AE-FEAT-IMPORT-005R,pit_ratio_log_odds_rebuild_20260602_gbm,fund,dynamic_csi,ocf_per_share,point_in_time_ratios,computed,143173,0.0445495519883664,0.04292846926953914,0.10059802432266893,-0.015448762216074049,0.04507860963580779,0.27841853629311797,1e-06,deterministic_individual_feature_permutation_within_cv_block,initial_train_1993_2001;cv_fold2_2002_2006;cv_fold3_2007_2010;cv_fold4_holdout_2011_2015,20260602,03_Data_Output\10_FeatureImportance\predictor_workspace\rebuild_20260602_gbm\3_Modelling_Results\Necessary\temporary_csi\AutoGluon\ag_fund\ag_predictor,WeightedEnsemble_L2,bounded GBM-only predictor workspace; not full final model-suite importance,AE-FEAT-IMPORT-001R base ratio subset plus 06B/004R evidence for cash_div_cf; macro point-in-time controls excluded,3
AE-FEAT-IMPORT-005R,pit_ratio_log_odds_rebuild_20260602_gbm,fund,dynamic_csi,roic,point_in_time_ratios,computed,143173,0.0445495519883664,0.04381516191313015,0.06657669316674764,-0.019458368714509927,0.04029477955091476,0.17480726312339173,1e-06,deterministic_individual_feature_permutation_within_cv_block,initial_train_1993_2001;cv_fold2_2002_2006;cv_fold3_2007_2010;cv_fold4_holdout_2011_2015,20260602,03_Data_Output\10_FeatureImportance\predictor_workspace\rebuild_20260602_gbm\3_Modelling_Results\Necessary\temporary_csi\AutoGluon\ag_fund\ag_predictor,WeightedEnsemble_L2,bounded GBM-only predictor workspace; not full final model-suite importance,AE-FEAT-IMPORT-001R base ratio subset plus 06B/004R evidence for cash_div_cf; macro point-in-time controls excluded,4
AE-FEAT-IMPORT-005R,pit_ratio_log_odds_rebuild_20260602_gbm,fund,dynamic_csi,roa,point_in_time_ratios,computed,143173,0.0445495519883664,0.04406485992041554,0.04768583603108117,-0.020151688248237782,0.012377033018120542,0.157457350418061,1e-06,deterministic_individual_feature_permutation_within_cv_block,initial_train_1993_2001;cv_fold2_2002_2006;cv_fold3_2007_2010;cv_fold4_holdout_2011_2015,20260602,03_Data_Output\10_FeatureImportance\predictor_workspace\rebuild_20260602_gbm\3_Modelling_Results\Necessary\temporary_csi\AutoGluon\ag_fund\ag_predictor,WeightedEnsemble_L2,bounded GBM-only predictor workspace; not full final model-suite importance,AE-FEAT-IMPORT-001R base ratio subset plus 06B/004R evidence for cash_div_cf; macro point-in-time controls excluded,5
AE-FEAT-IMPORT-005R,pit_ratio_log_odds_rebuild_20260602_gbm,fund,dynamic_csi,ocf_margin,point_in_time_ratios,computed,143173,0.0445495519883664,0.04369459289900335,0.046097660989205126,-0.009074592249062834,0.009042217570782718,0.133315216192422,1e-06,deterministic_individual_feature_permutation_within_cv_block,initial_train_1993_2001;cv_fold2_2002_2006;cv_fold3_2007_2010;cv_fold4_holdout_2011_2015,20260602,03_Data_Output\10_FeatureImportance\predictor_workspace\rebuild_20260602_gbm\3_Modelling_Results\Necessary\temporary_csi\AutoGluon\ag_fund\ag_predictor,WeightedEnsemble_L2,bounded GBM-only predictor workspace; not full final model-suite importance,AE-FEAT-IMPORT-001R base ratio subset plus 06B/004R evidence for cash_div_cf; macro point-in-time controls excluded,6
AE-FEAT-IMPORT-005R,pit_ratio_log_odds_rebuild_20260602_gbm,fund,dynamic_csi,interest_cov,point_in_time_ratios,computed,143173,0.0445495519883664,0.0444573577904443,0.04161005144863528,-0.013409998076601667,0.017912359207772788,0.10973226049757176,1e-06,deterministic_individual_feature_permutation_within_cv_block,initial_train_1993_2001;cv_fold2_2002_2006;cv_fold3_2007_2010;cv_fold4_holdout_2011_2015,20260602,03_Data_Output\10_FeatureImportance\predictor_workspace\rebuild_20260602_gbm\3_Modelling_Results\Necessary\temporary_csi\AutoGluon\ag_fund\ag_predictor,WeightedEnsemble_L2,bounded GBM-only predictor workspace; not full final model-suite importance,AE-FEAT-IMPORT-001R base ratio subset plus 06B/004R evidence for cash_div_cf; macro point-in-time controls excluded,7
AE-FEAT-IMPORT-005R,pit_ratio_log_odds_rebuild_20260602_gbm,fund,dynamic_csi,quick_ratio,point_in_time_ratios,computed,143173,0.0445495519883664,0.04433903459874561,0.02836474646974072,-0.002690721974827005,0.0,0.09611537228206316,1e-06,deterministic_individual_feature_permutation_within_cv_block,initial_train_1993_2001;cv_fold2_2002_2006;cv_fold3_2007_2010;cv_fold4_holdout_2011_2015,20260602,03_Data_Output\10_FeatureImportance\predictor_workspace\rebuild_20260602_gbm\3_Modelling_Results\Necessary\temporary_csi\AutoGluon\ag_fund\ag_predictor,WeightedEnsemble_L2,bounded GBM-only predictor workspace; not full final model-suite importance,AE-FEAT-IMPORT-001R base ratio subset plus 06B/004R evidence for cash_div_cf; macro point-in-time controls excluded,8
AE-FEAT-IMPORT-005R,pit_ratio_log_odds_rebuild_20260602_gbm,fund,dynamic_csi,log_mkvalt,point_in_time_ratios,computed,143173,0.0445495519883664,0.04392785939593362,0.02639458749548464,0.005337063589559679,0.0,0.0837321877648292,1e-06,deterministic_individual_feature_permutation_within_cv_block,initial_train_1993_2001;cv_fold2_2002_2006;cv_fold3_2007_2010;cv_fold4_holdout_2011_2015,20260602,03_Data_Output\10_FeatureImportance\predictor_workspace\rebuild_20260602_gbm\3_Modelling_Results\Necessary\temporary_csi\AutoGluon\ag_fund\ag_predictor,WeightedEnsemble_L2,bounded GBM-only predictor workspace; not full final model-suite importance,AE-FEAT-IMPORT-001R base ratio subset plus 06B/004R evidence for cash_div_cf; macro point-in-time controls excluded,9
AE-FEAT-IMPORT-005R,pit_ratio_log_odds_rebuild_20260602_gbm,fund,dynamic_csi,roe,point_in_time_ratios,computed,143173,0.0445495519883664,0.04392227860687577,0.023074530733463265,0.0009271019868893351,0.009190196946475826,0.06654479884678237,1e-06,deterministic_individual_feature_permutation_within_cv_block,initial_train_1993_2001;cv_fold2_2002_2006;cv_fold3_2007_2010;cv_fold4_holdout_2011_2015,20260602,03_Data_Output\10_FeatureImportance\predictor_workspace\rebuild_20260602_gbm\3_Modelling_Results\Necessary\temporary_csi\AutoGluon\ag_fund\ag_predictor,WeightedEnsemble_L2,bounded GBM-only predictor workspace; not full final model-suite importance,AE-FEAT-IMPORT-001R base ratio subset plus 06B/004R evidence for cash_div_cf; macro point-in-time controls excluded,10
AE-FEAT-IMPORT-005R,pit_ratio_log_odds_rebuild_20260602_gbm,fund,dynamic_csi,wcap_ratio,point_in_time_ratios,computed,143173,0.0445495519883664,0.04457465907838983,0.01873182028674758,-0.0030081085576281813,0.00013924613886828752,0.05551614191876784,1e-06,deterministic_individual_feature_permutation_within_cv_block,initial_train_1993_2001;cv_fold2_2002_2006;cv_fold3_2007_2010;cv_fold4_holdout_2011_2015,20260602,03_Data_Output\10_FeatureImportance\predictor_workspace\rebuild_20260602_gbm\3_Modelling_Results\Necessary\temporary_csi\AutoGluon\ag_fund\ag_predictor,WeightedEnsemble_L2,bounded GBM-only predictor workspace; not full final model-suite importance,AE-FEAT-IMPORT-001R base ratio subset plus 06B/004R evidence for cash_div_cf; macro point-in-time controls excluded,11
AE-FEAT-IMPORT-005R,pit_ratio_log_odds_rebuild_20260602_gbm,fund,dynamic_csi,altman_z4,point_in_time_ratios,computed,143173,0.0445495519883664,0.044184962958214155,0.017380829003523977,0.002650044706833024,0.0034420858617023598,0.042944307205118375,1e-06,deterministic_individual_feature_permutation_within_cv_block,initial_train_1993_2001;cv_fold2_2002_2006;cv_fold3_2007_2010;cv_fold4_holdout_2011_2015,20260602,03_Data_Output\10_FeatureImportance\predictor_workspace\rebuild_20260602_gbm\3_Modelling_Results\Necessary\temporary_csi\AutoGluon\ag_fund\ag_predictor,WeightedEnsemble_L2,bounded GBM-only predictor workspace; not full final model-suite importance,AE-FEAT-IMPORT-001R base ratio subset plus 06B/004R evidence for cash_div_cf; macro point-in-time controls excluded,12
AE-FEAT-IMPORT-005R,pit_ratio_log_odds_rebuild_20260602_gbm,fund,dynamic_csi,altman_z,point_in_time_ratios,computed,143173,0.0445495519883664,0.044333373920841794,0.01722205181145361,0.00014883287816458727,0.0,0.05173296425177425,1e-06,deterministic_individual_feature_permutation_within_cv_block,initial_train_1993_2001;cv_fold2_2002_2006;cv_fold3_2007_2010;cv_fold4_holdout_2011_2015,20260602,03_Data_Output\10_FeatureImportance\predictor_workspace\rebuild_20260602_gbm\3_Modelling_Results\Necessary\temporary_csi\AutoGluon\ag_fund\ag_predictor,WeightedEnsemble_L2,bounded GBM-only predictor workspace; not full final model-suite importance,AE-FEAT-IMPORT-001R base ratio subset plus 06B/004R evidence for cash_div_cf; macro point-in-time controls excluded,13
AE-FEAT-IMPORT-005R,pit_ratio_log_odds_rebuild_20260602_gbm,fund,dynamic_csi,ebitda_margin,point_in_time_ratios,computed,143173,0.0445495519883664,0.04430768518791044,0.016462981834612044,-0.0011742017897309733,0.0,0.052154025294149524,1e-06,deterministic_individual_feature_permutation_within_cv_block,initial_train_1993_2001;cv_fold2_2002_2006;cv_fold3_2007_2010;cv_fold4_holdout_2011_2015,20260602,03_Data_Output\10_FeatureImportance\predictor_workspace\rebuild_20260602_gbm\3_Modelling_Results\Necessary\temporary_csi\AutoGluon\ag_fund\ag_predictor,WeightedEnsemble_L2,bounded GBM-only predictor workspace; not full final model-suite importance,AE-FEAT-IMPORT-001R base ratio subset plus 06B/004R evidence for cash_div_cf; macro point-in-time controls excluded,14
AE-FEAT-IMPORT-005R,pit_ratio_log_odds_rebuild_20260602_gbm,fund,dynamic_csi,div_yield,point_in_time_ratios,computed,143173,0.0445495519883664,0.044327598631408435,0.016279428387502005,0.0008866239296535936,0.0,0.060918087048151125,1e-06,deterministic_individual_feature_permutation_within_cv_block,initial_train_1993_2001;cv_fold2_2002_2006;cv_fold3_2007_2010;cv_fold4_holdout_2011_2015,20260602,03_Data_Output\10_FeatureImportance\predictor_workspace\rebuild_20260602_gbm\3_Modelling_Results\Necessary\temporary_csi\AutoGluon\ag_fund\ag_predictor,WeightedEnsemble_L2,bounded GBM-only predictor workspace; not full final model-suite importance,AE-FEAT-IMPORT-001R base ratio subset plus 06B/004R evidence for cash_div_cf; macro point-in-time controls excluded,15
AE-FEAT-IMPORT-005R,pit_ratio_log_odds_rebuild_20260602_gbm,fund,dynamic_csi,ni_per_emp,point_in_time_ratios,computed,143173,0.0445495519883664,0.04459986199943634,0.014681869668154513,-0.009701048951074298,0.0,0.06542379550574112,1e-06,deterministic_individual_feature_permutation_within_cv_block,initial_train_1993_2001;cv_fold2_2002_2006;cv_fold3_2007_2010;cv_fold4_holdout_2011_2015,20260602,03_Data_Output\10_FeatureImportance\predictor_workspace\rebuild_20260602_gbm\3_Modelling_Results\Necessary\temporary_csi\AutoGluon\ag_fund\ag_predictor,WeightedEnsemble_L2,bounded GBM-only predictor workspace; not full final model-suite importance,AE-FEAT-IMPORT-001R base ratio subset plus 06B/004R evidence for cash_div_cf; macro point-in-time controls excluded,16
AE-FEAT-IMPORT-005R,pit_ratio_log_odds_rebuild_20260602_gbm,fund,dynamic_csi,rd_intensity,point_in_time_ratios,computed,143173,0.0445495519883664,0.044890619424882316,0.014628975437603501,-0.0034994125997414205,0.0,0.046003713249487,1e-06,deterministic_individual_feature_permutation_within_cv_block,initial_train_1993_2001;cv_fold2_2002_2006;cv_fold3_2007_2010;cv_fold4_holdout_2011_2015,20260602,03_Data_Output\10_FeatureImportance\predictor_workspace\rebuild_20260602_gbm\3_Modelling_Results\Necessary\temporary_csi\AutoGluon\ag_fund\ag_predictor,WeightedEnsemble_L2,bounded GBM-only predictor workspace; not full final model-suite importance,AE-FEAT-IMPORT-001R base ratio subset plus 06B/004R evidence for cash_div_cf; macro point-in-time controls excluded,17
AE-FEAT-IMPORT-005R,pit_ratio_log_odds_rebuild_20260602_gbm,fund,dynamic_csi,ebit_roa,point_in_time_ratios,computed,143173,0.0445495519883664,0.04442093767085257,0.014478544416849655,-0.00627000934228082,0.0,0.0581305384626113,1e-06,deterministic_individual_feature_permutation_within_cv_block,initial_train_1993_2001;cv_fold2_2002_2006;cv_fold3_2007_2010;cv_fold4_holdout_2011_2015,20260602,03_Data_Output\10_FeatureImportance\predictor_workspace\rebuild_20260602_gbm\3_Modelling_Results\Necessary\temporary_csi\AutoGluon\ag_fund\ag_predictor,WeightedEnsemble_L2,bounded GBM-only predictor workspace; not full final model-suite importance,AE-FEAT-IMPORT-001R base ratio subset plus 06B/004R evidence for cash_div_cf; macro point-in-time controls excluded,18
AE-FEAT-IMPORT-005R,pit_ratio_log_odds_rebuild_20260602_gbm,fund,dynamic_csi,reinvest_rate,point_in_time_ratios,computed,143173,0.0445495519883664,0.04405329345194412,0.01120459642959175,0.003188830984706156,0.0,0.04094697009774892,1e-06,deterministic_individual_feature_permutation_within_cv_block,initial_train_1993_2001;cv_fold2_2002_2006;cv_fold3_2007_2010;cv_fold4_holdout_2011_2015,20260602,03_Data_Output\10_FeatureImportance\predictor_workspace\rebuild_20260602_gbm\3_Modelling_Results\Necessary\temporary_csi\AutoGluon\ag_fund\ag_predictor,WeightedEnsemble_L2,bounded GBM-only predictor workspace; not full final model-suite importance,AE-FEAT-IMPORT-001R base ratio subset plus 06B/004R evidence for cash_div_cf; macro point-in-time controls excluded,19
AE-FEAT-IMPORT-005R,pit_ratio_log_odds_rebuild_20260602_gbm,fund,dynamic_csi,cash_div_cf,point_in_time_ratios,computed,143173,0.0445495519883664,0.044443878474222195,0.00952797063962847,0.0007124737146964019,0.0,0.03320124914247399,1e-06,deterministic_individual_feature_permutation_within_cv_block,initial_train_1993_2001;cv_fold2_2002_2006;cv_fold3_2007_2010;cv_fold4_holdout_2011_2015,20260602,03_Data_Output\10_FeatureImportance\predictor_workspace\rebuild_20260602_gbm\3_Modelling_Results\Necessary\temporary_csi\AutoGluon\ag_fund\ag_predictor,WeightedEnsemble_L2,bounded GBM-only predictor workspace; not full final model-suite importance,AE-FEAT-IMPORT-001R base ratio subset plus 06B/004R evidence for cash_div_cf; macro point-in-time controls excluded,20
AE-FEAT-IMPORT-005R,pit_ratio_log_odds_rebuild_20260602_gbm,fund,dynamic_csi,leverage,point_in_time_ratios,computed,143173,0.0445495519883664,0.0444521089532795,0.00925242121494661,-0.0004565136637964925,0.0,0.029791764280451185,1e-06,deterministic_individual_feature_permutation_within_cv_block,initial_train_1993_2001;cv_fold2_2002_2006;cv_fold3_2007_2010;cv_fold4_holdout_2011_2015,20260602,03_Data_Output\10_FeatureImportance\predictor_workspace\rebuild_20260602_gbm\3_Modelling_Results\Necessary\temporary_csi\AutoGluon\ag_fund\ag_predictor,WeightedEnsemble_L2,bounded GBM-only predictor workspace; not full final model-suite importance,AE-FEAT-IMPORT-001R base ratio subset plus 06B/004R evidence for cash_div_cf; macro point-in-time controls excluded,21
AE-FEAT-IMPORT-005R,pit_ratio_log_odds_rebuild_20260602_gbm,fund,dynamic_csi,capex_intensity,point_in_time_ratios,computed,143173,0.0445495519883664,0.04452385372782486,0.008660657041551561,-0.0003374471734538364,0.0,0.019073295426257977,1e-06,deterministic_individual_feature_permutation_within_cv_block,initial_train_1993_2001;cv_fold2_2002_2006;cv_fold3_2007_2010;cv_fold4_holdout_2011_2015,20260602,03_Data_Output\10_FeatureImportance\predictor_workspace\rebuild_20260602_gbm\3_Modelling_Results\Necessary\temporary_csi\AutoGluon\ag_fund\ag_predictor,WeightedEnsemble_L2,bounded GBM-only predictor workspace; not full final model-suite importance,AE-FEAT-IMPORT-001R base ratio subset plus 06B/004R evidence for cash_div_cf; macro point-in-time controls excluded,22
AE-FEAT-IMPORT-005R,pit_ratio_log_odds_rebuild_20260602_gbm,fund,dynamic_csi,mkt_to_book,point_in_time_ratios,computed,143173,0.0445495519883664,0.04450540339173218,0.008252682989984298,1.2824986642540313e-05,0.0,0.031648562412948424,1e-06,deterministic_individual_feature_permutation_within_cv_block,initial_train_1993_2001;cv_fold2_2002_2006;cv_fold3_2007_2010;cv_fold4_holdout_2011_2015,20260602,03_Data_Output\10_FeatureImportance\predictor_workspace\rebuild_20260602_gbm\3_Modelling_Results\Necessary\temporary_csi\AutoGluon\ag_fund\ag_predictor,WeightedEnsemble_L2,bounded GBM-only predictor workspace; not full final model-suite importance,AE-FEAT-IMPORT-001R base ratio subset plus 06B/004R evidence for cash_div_cf; macro point-in-time controls excluded,23
AE-FEAT-IMPORT-005R,pit_ratio_log_odds_rebuild_20260602_gbm,fund,dynamic_csi,bp_ratio,point_in_time_ratios,computed,143173,0.0445495519883664,0.04439513983423746,0.008045938773579921,-1.2968221157326446e-05,0.0,0.022816006290431456,1e-06,deterministic_individual_feature_permutation_within_cv_block,initial_train_1993_2001;cv_fold2_2002_2006;cv_fold3_2007_2010;cv_fold4_holdout_2011_2015,20260602,03_Data_Output\10_FeatureImportance\predictor_workspace\rebuild_20260602_gbm\3_Modelling_Results\Necessary\temporary_csi\AutoGluon\ag_fund\ag_predictor,WeightedEnsemble_L2,bounded GBM-only predictor workspace; not full final model-suite importance,AE-FEAT-IMPORT-001R base ratio subset plus 06B/004R evidence for cash_div_cf; macro point-in-time controls excluded,24
AE-FEAT-IMPORT-005R,pit_ratio_log_odds_rebuild_20260602_gbm,fund,dynamic_csi,net_debt_ebitda,point_in_time_ratios,computed,143173,0.0445495519883664,0.044572954812073635,0.007231221776566457,-0.001927966860599435,0.0,0.015711613748183695,1e-06,deterministic_individual_feature_permutation_within_cv_block,initial_train_1993_2001;cv_fold2_2002_2006;cv_fold3_2007_2010;cv_fold4_holdout_2011_2015,20260602,03_Data_Output\10_FeatureImportance\predictor_workspace\rebuild_20260602_gbm\3_Modelling_Results\Necessary\temporary_csi\AutoGluon\ag_fund\ag_predictor,WeightedEnsemble_L2,bounded GBM-only predictor workspace; not full final model-suite importance,AE-FEAT-IMPORT-001R base ratio subset plus 06B/004R evidence for cash_div_cf; macro point-in-time controls excluded,25
AE-FEAT-IMPORT-005R,pit_ratio_log_odds_rebuild_20260602_gbm,fund,dynamic_csi,cash_pct_act,point_in_time_ratios,computed,143173,0.0445495519883664,0.04460303097223358,0.006890372394365712,-0.001259290390307654,0.0,0.02081886226865921,1e-06,deterministic_individual_feature_permutation_within_cv_block,initial_train_1993_2001;cv_fold2_2002_2006;cv_fold3_2007_2010;cv_fold4_holdout_2011_2015,20260602,03_Data_Output\10_FeatureImportance\predictor_workspace\rebuild_20260602_gbm\3_Modelling_Results\Necessary\temporary_csi\AutoGluon\ag_fund\ag_predictor,WeightedEnsemble_L2,bounded GBM-only predictor workspace; not full final model-suite importance,AE-FEAT-IMPORT-001R base ratio subset plus 06B/004R evidence for cash_div_cf; macro point-in-time controls excluded,26
AE-FEAT-IMPORT-005R,pit_ratio_log_odds_rebuild_20260602_gbm,fund,dynamic_csi,invest_st_ratio,point_in_time_ratios,computed,143173,0.0445495519883664,0.0447911044867095,0.0067443281093976055,-0.002280648019317363,0.0,0.011777159861346058,1e-06,deterministic_individual_feature_permutation_within_cv_block,initial_train_1993_2001;cv_fold2_2002_2006;cv_fold3_2007_2010;cv_fold4_holdout_2011_2015,20260602,03_Data_Output\10_FeatureImportance\predictor_workspace\rebuild_20260602_gbm\3_Modelling_Results\Necessary\temporary_csi\AutoGluon\ag_fund\ag_predictor,WeightedEnsemble_L2,bounded GBM-only predictor workspace; not full final model-suite importance,AE-FEAT-IMPORT-001R base ratio subset plus 06B/004R evidence for cash_div_cf; macro point-in-time controls excluded,27
AE-FEAT-IMPORT-005R,pit_ratio_log_odds_rebuild_20260602_gbm,fund,dynamic_csi,accruals_ratio,point_in_time_ratios,computed,143173,0.0445495519883664,0.04459665582893649,0.0065656886560338445,-0.001091075490968137,0.0,0.017917116514438548,1e-06,deterministic_individual_feature_permutation_within_cv_block,initial_train_1993_2001;cv_fold2_2002_2006;cv_fold3_2007_2010;cv_fold4_holdout_2011_2015,20260602,03_Data_Output\10_FeatureImportance\predictor_workspace\rebuild_20260602_gbm\3_Modelling_Results\Necessary\temporary_csi\AutoGluon\ag_fund\ag_predictor,WeightedEnsemble_L2,bounded GBM-only predictor workspace; not full final model-suite importance,AE-FEAT-IMPORT-001R base ratio subset plus 06B/004R evidence for cash_div_cf; macro point-in-time controls excluded,28
AE-FEAT-IMPORT-005R,pit_ratio_log_odds_rebuild_20260602_gbm,fund,dynamic_csi,current_ratio,point_in_time_ratios,computed,143173,0.0445495519883664,0.044542128219307746,0.006211841924164014,-0.0011930661021612786,0.0,0.015374789805782418,1e-06,deterministic_individual_feature_permutation_within_cv_block,initial_train_1993_2001;cv_fold2_2002_2006;cv_fold3_2007_2010;cv_fold4_holdout_2011_2015,20260602,03_Data_Output\10_FeatureImportance\predictor_workspace\rebuild_20260602_gbm\3_Modelling_Results\Necessary\temporary_csi\AutoGluon\ag_fund\ag_predictor,WeightedEnsemble_L2,bounded GBM-only predictor workspace; not full final model-suite importance,AE-FEAT-IMPORT-001R base ratio subset plus 06B/004R evidence for cash_div_cf; macro point-in-time controls excluded,29
AE-FEAT-IMPORT-005R,pit_ratio_log_odds_rebuild_20260602_gbm,fund,dynamic_csi,log_at,point_in_time_ratios,computed,143173,0.0445495519883664,0.044468304244905284,0.00615875985453617,0.0005897071534394262,0.0,0.021042351225556824,1e-06,deterministic_individual_feature_permutation_within_cv_block,initial_train_1993_2001;cv_fold2_2002_2006;cv_fold3_2007_2010;cv_fold4_holdout_2011_2015,20260602,03_Data_Output\10_FeatureImportance\predictor_workspace\rebuild_20260602_gbm\3_Modelling_Results\Necessary\temporary_csi\AutoGluon\ag_fund\ag_predictor,WeightedEnsemble_L2,bounded GBM-only predictor workspace; not full final model-suite importance,AE-FEAT-IMPORT-001R base ratio subset plus 06B/004R evidence for cash_div_cf; macro point-in-time controls excluded,30
AE-FEAT-IMPORT-005R,pit_ratio_log_odds_rebuild_20260602_gbm,fund,dynamic_csi,gross_margin,point_in_time_ratios,computed,143173,0.0445495519883664,0.044516167424249825,0.005449548531478719,9.087782191580694e-05,0.0,0.01570423426540126,1e-06,deterministic_individual_feature_permutation_within_cv_block,initial_train_1993_2001;cv_fold2_2002_2006;cv_fold3_2007_2010;cv_fold4_holdout_2011_2015,20260602,03_Data_Output\10_FeatureImportance\predictor_workspace\rebuild_20260602_gbm\3_Modelling_Results\Necessary\temporary_csi\AutoGluon\ag_fund\ag_predictor,WeightedEnsemble_L2,bounded GBM-only predictor workspace; not full final model-suite importance,AE-FEAT-IMPORT-001R base ratio subset plus 06B/004R evidence for cash_div_cf; macro point-in-time controls excluded,31
AE-FEAT-IMPORT-005R,pit_ratio_log_odds_rebuild_20260602_gbm,fund,dynamic_csi,log_emp,point_in_time_ratios,computed,143173,0.0445495519883664,0.04458796650387704,0.005327970537934361,0.00040148876595529325,0.0,0.014522386873695605,1e-06,deterministic_individual_feature_permutation_within_cv_block,initial_train_1993_2001;cv_fold2_2002_2006;cv_fold3_2007_2010;cv_fold4_holdout_2011_2015,20260602,03_Data_Output\10_FeatureImportance\predictor_workspace\rebuild_20260602_gbm\3_Modelling_Results\Necessary\temporary_csi\AutoGluon\ag_fund\ag_predictor,WeightedEnsemble_L2,bounded GBM-only predictor workspace; not full final model-suite importance,AE-FEAT-IMPORT-001R base ratio subset plus 06B/004R evidence for cash_div_cf; macro point-in-time controls excluded,32
AE-FEAT-IMPORT-005R,pit_ratio_log_odds_rebuild_20260602_gbm,fund,dynamic_csi,assets_per_emp,point_in_time_ratios,computed,143173,0.0445495519883664,0.044503074759159066,0.0050004361283954675,0.0006232469013015776,0.0,0.01406541836762947,1e-06,deterministic_individual_feature_permutation_within_cv_block,initial_train_1993_2001;cv_fold2_2002_2006;cv_fold3_2007_2010;cv_fold4_holdout_2011_2015,20260602,03_Data_Output\10_FeatureImportance\predictor_workspace\rebuild_20260602_gbm\3_Modelling_Results\Necessary\temporary_csi\AutoGluon\ag_fund\ag_predictor,WeightedEnsemble_L2,bounded GBM-only predictor workspace; not full final model-suite importance,AE-FEAT-IMPORT-001R base ratio subset plus 06B/004R evidence for cash_div_cf; macro point-in-time controls excluded,33
AE-FEAT-IMPORT-005R,pit_ratio_log_odds_rebuild_20260602_gbm,fund,dynamic_csi,asset_turnover,point_in_time_ratios,computed,143173,0.0445495519883664,0.0445387765992529,0.004775040079107893,-0.0010695511882995957,0.0,0.017541888875105195,1e-06,deterministic_individual_feature_permutation_within_cv_block,initial_train_1993_2001;cv_fold2_2002_2006;cv_fold3_2007_2010;cv_fold4_holdout_2011_2015,20260602,03_Data_Output\10_FeatureImportance\predictor_workspace\rebuild_20260602_gbm\3_Modelling_Results\Necessary\temporary_csi\AutoGluon\ag_fund\ag_predictor,WeightedEnsemble_L2,bounded GBM-only predictor workspace; not full final model-suite importance,AE-FEAT-IMPORT-001R base ratio subset plus 06B/004R evidence for cash_div_cf; macro point-in-time controls excluded,34
AE-FEAT-IMPORT-005R,pit_ratio_log_odds_rebuild_20260602_gbm,fund,dynamic_csi,std_debt_pct,point_in_time_ratios,computed,143173,0.0445495519883664,0.04453463943861174,0.0046576050039970965,-0.0002293124441900975,0.0,0.014153600393452948,1e-06,deterministic_individual_feature_permutation_within_cv_block,initial_train_1993_2001;cv_fold2_2002_2006;cv_fold3_2007_2010;cv_fold4_holdout_2011_2015,20260602,03_Data_Output\10_FeatureImportance\predictor_workspace\rebuild_20260602_gbm\3_Modelling_Results\Necessary\temporary_csi\AutoGluon\ag_fund\ag_predictor,WeightedEnsemble_L2,bounded GBM-only predictor workspace; not full final model-suite importance,AE-FEAT-IMPORT-001R base ratio subset plus 06B/004R evidence for cash_div_cf; macro point-in-time controls excluded,35
AE-FEAT-IMPORT-005R,pit_ratio_log_odds_rebuild_20260602_gbm,fund,dynamic_csi,ev_to_sales,point_in_time_ratios,computed,143173,0.0445495519883664,0.04463421088953343,0.004631400254050195,-0.0012378278321005067,0.0,0.012218432754606923,1e-06,deterministic_individual_feature_permutation_within_cv_block,initial_train_1993_2001;cv_fold2_2002_2006;cv_fold3_2007_2010;cv_fold4_holdout_2011_2015,20260602,03_Data_Output\10_FeatureImportance\predictor_workspace\rebuild_20260602_gbm\3_Modelling_Results\Necessary\temporary_csi\AutoGluon\ag_fund\ag_predictor,WeightedEnsemble_L2,bounded GBM-only predictor workspace; not full final model-suite importance,AE-FEAT-IMPORT-001R base ratio subset plus 06B/004R evidence for cash_div_cf; macro point-in-time controls excluded,36
AE-FEAT-IMPORT-005R,pit_ratio_log_odds_rebuild_20260602_gbm,fund,dynamic_csi,min_int_tcap,point_in_time_ratios,computed,143173,0.0445495519883664,0.044545219385069695,0.0017918827728011445,6.936685272758e-05,0.0,0.0,1e-06,deterministic_individual_feature_permutation_within_cv_block,initial_train_1993_2001;cv_fold2_2002_2006;cv_fold3_2007_2010;cv_fold4_holdout_2011_2015,20260602,03_Data_Output\10_FeatureImportance\predictor_workspace\rebuild_20260602_gbm\3_Modelling_Results\Necessary\temporary_csi\AutoGluon\ag_fund\ag_predictor,WeightedEnsemble_L2,bounded GBM-only predictor workspace; not full final model-suite importance,AE-FEAT-IMPORT-001R base ratio subset plus 06B/004R evidence for cash_div_cf; macro point-in-time controls excluded,37
AE-FEAT-IMPORT-005R,pit_ratio_log_odds_rebuild_20260602_gbm,fund,dynamic_csi,eff_int_rate,point_in_time_ratios,computed,143173,0.0445495519883664,0.044525782949858546,0.000976705175945018,0.0001263742398659188,0.0,0.0,1e-06,deterministic_individual_feature_permutation_within_cv_block,initial_train_1993_2001;cv_fold2_2002_2006;cv_fold3_2007_2010;cv_fold4_holdout_2011_2015,20260602,03_Data_Output\10_FeatureImportance\predictor_workspace\rebuild_20260602_gbm\3_Modelling_Results\Necessary\temporary_csi\AutoGluon\ag_fund\ag_predictor,WeightedEnsemble_L2,bounded GBM-only predictor workspace; not full final model-suite importance,AE-FEAT-IMPORT-001R base ratio subset plus 06B/004R evidence for cash_div_cf; macro point-in-time controls excluded,38
AE-FEAT-IMPORT-005R,pit_ratio_log_odds_rebuild_20260602_gbm,fund,dynamic_csi,dd1_ratio,point_in_time_ratios,computed,143173,0.0445495519883664,0.044544241225869224,0.0007765030689461747,2.1034642964117568e-05,0.0,0.0,1e-06,deterministic_individual_feature_permutation_within_cv_block,initial_train_1993_2001;cv_fold2_2002_2006;cv_fold3_2007_2010;cv_fold4_holdout_2011_2015,20260602,03_Data_Output\10_FeatureImportance\predictor_workspace\rebuild_20260602_gbm\3_Modelling_Results\Necessary\temporary_csi\AutoGluon\ag_fund\ag_predictor,WeightedEnsemble_L2,bounded GBM-only predictor workspace; not full final model-suite importance,AE-FEAT-IMPORT-001R base ratio subset plus 06B/004R evidence for cash_div_cf; macro point-in-time controls excluded,39
AE-FEAT-IMPORT-005R,pit_ratio_log_odds_rebuild_20260602_gbm,fund,dynamic_csi,rental_ratio,point_in_time_ratios,computed,143173,0.0445495519883664,0.044547851948885935,0.0004858036298059567,-7.851133285348099e-06,0.0,0.0,1e-06,deterministic_individual_feature_permutation_within_cv_block,initial_train_1993_2001;cv_fold2_2002_2006;cv_fold3_2007_2010;cv_fold4_holdout_2011_2015,20260602,03_Data_Output\10_FeatureImportance\predictor_workspace\rebuild_20260602_gbm\3_Modelling_Results\Necessary\temporary_csi\AutoGluon\ag_fund\ag_predictor,WeightedEnsemble_L2,bounded GBM-only predictor workspace; not full final model-suite importance,AE-FEAT-IMPORT-001R base ratio subset plus 06B/004R evidence for cash_div_cf; macro point-in-time controls excluded,40
AE-FEAT-IMPORT-005R,pit_ratio_log_odds_rebuild_20260602_gbm,fund,dynamic_csi,compr_inc_ratio,point_in_time_ratios,computed,143173,0.0445495519883664,0.04454775128936678,0.00026256441472693,-2.2454716928691075e-05,0.0,0.0,1e-06,deterministic_individual_feature_permutation_within_cv_block,initial_train_1993_2001;cv_fold2_2002_2006;cv_fold3_2007_2010;cv_fold4_holdout_2011_2015,20260602,03_Data_Output\10_FeatureImportance\predictor_workspace\rebuild_20260602_gbm\3_Modelling_Results\Necessary\temporary_csi\AutoGluon\ag_fund\ag_predictor,WeightedEnsemble_L2,bounded GBM-only predictor workspace; not full final model-suite importance,AE-FEAT-IMPORT-001R base ratio subset plus 06B/004R evidence for cash_div_cf; macro point-in-time controls excluded,41
AE-FEAT-IMPORT-005R,pit_ratio_log_odds_rebuild_20260602_gbm,raw,dynamic_csi,earn_yld,point_in_time_ratios,computed,143173,0.044568785798582165,0.04307137596998303,0.11690389570138267,-0.036515518871047724,0.040962804526336605,0.36169738043433336,1e-06,deterministic_individual_feature_permutation_within_cv_block,initial_train_1993_2001;cv_fold2_2002_2006;cv_fold3_2007_2010;cv_fold4_holdout_2011_2015,20260602,03_Data_Output\10_FeatureImportance\predictor_workspace\rebuild_20260602_gbm\3_Modelling_Results\Necessary\temporary_csi\AutoGluon\ag_raw\ag_predictor,WeightedEnsemble_L2,bounded GBM-only predictor workspace; not full final model-suite importance,AE-FEAT-IMPORT-001R base ratio subset plus 06B/004R evidence for cash_div_cf; macro point-in-time controls excluded,1
AE-FEAT-IMPORT-005R,pit_ratio_log_odds_rebuild_20260602_gbm,raw,dynamic_csi,altman_z2,point_in_time_ratios,computed,143173,0.044568785798582165,0.04134233696207237,0.10126621644973635,0.0008264723704413284,0.04682061517136038,0.2897857416495599,1e-06,deterministic_individual_feature_permutation_within_cv_block,initial_train_1993_2001;cv_fold2_2002_2006;cv_fold3_2007_2010;cv_fold4_holdout_2011_2015,20260602,03_Data_Output\10_FeatureImportance\predictor_workspace\rebuild_20260602_gbm\3_Modelling_Results\Necessary\temporary_csi\AutoGluon\ag_raw\ag_predictor,WeightedEnsemble_L2,bounded GBM-only predictor workspace; not full final model-suite importance,AE-FEAT-IMPORT-001R base ratio subset plus 06B/004R evidence for cash_div_cf; macro point-in-time controls excluded,2
AE-FEAT-IMPORT-005R,pit_ratio_log_odds_rebuild_20260602_gbm,raw,dynamic_csi,ocf_per_share,point_in_time_ratios,computed,143173,0.044568785798582165,0.04275248436983077,0.10082818707073149,-0.016855140897233157,0.05468506749983959,0.2634990113710248,1e-06,deterministic_individual_feature_permutation_within_cv_block,initial_train_1993_2001;cv_fold2_2002_2006;cv_fold3_2007_2010;cv_fold4_holdout_2011_2015,20260602,03_Data_Output\10_FeatureImportance\predictor_workspace\rebuild_20260602_gbm\3_Modelling_Results\Necessary\temporary_csi\AutoGluon\ag_raw\ag_predictor,WeightedEnsemble_L2,bounded GBM-only predictor workspace; not full final model-suite importance,AE-FEAT-IMPORT-001R base ratio subset plus 06B/004R evidence for cash_div_cf; macro point-in-time controls excluded,3
AE-FEAT-IMPORT-005R,pit_ratio_log_odds_rebuild_20260602_gbm,raw,dynamic_csi,roa,point_in_time_ratios,computed,143173,0.044568785798582165,0.043077509719234255,0.06028719765750996,-0.011149273721628638,0.02201890097097592,0.17626250794664608,1e-06,deterministic_individual_feature_permutation_within_cv_block,initial_train_1993_2001;cv_fold2_2002_2006;cv_fold3_2007_2010;cv_fold4_holdout_2011_2015,20260602,03_Data_Output\10_FeatureImportance\predictor_workspace\rebuild_20260602_gbm\3_Modelling_Results\Necessary\temporary_csi\AutoGluon\ag_raw\ag_predictor,WeightedEnsemble_L2,bounded GBM-only predictor workspace; not full final model-suite importance,AE-FEAT-IMPORT-001R base ratio subset plus 06B/004R evidence for cash_div_cf; macro point-in-time controls excluded,4
AE-FEAT-IMPORT-005R,pit_ratio_log_odds_rebuild_20260602_gbm,raw,dynamic_csi,ocf_margin,point_in_time_ratios,computed,143173,0.044568785798582165,0.0437325616595767,0.042607948735193545,-0.006323323104344003,0.0032184611252770168,0.1253295446930191,1e-06,deterministic_individual_feature_permutation_within_cv_block,initial_train_1993_2001;cv_fold2_2002_2006;cv_fold3_2007_2010;cv_fold4_holdout_2011_2015,20260602,03_Data_Output\10_FeatureImportance\predictor_workspace\rebuild_20260602_gbm\3_Modelling_Results\Necessary\temporary_csi\AutoGluon\ag_raw\ag_predictor,WeightedEnsemble_L2,bounded GBM-only predictor workspace; not full final model-suite importance,AE-FEAT-IMPORT-001R base ratio subset plus 06B/004R evidence for cash_div_cf; macro point-in-time controls excluded,5
AE-FEAT-IMPORT-005R,pit_ratio_log_odds_rebuild_20260602_gbm,raw,dynamic_csi,roic,point_in_time_ratios,computed,143173,0.044568785798582165,0.04344236207073834,0.03989240184707984,-0.005099546689600451,0.018987152863952694,0.11100697398747103,1e-06,deterministic_individual_feature_permutation_within_cv_block,initial_train_1993_2001;cv_fold2_2002_2006;cv_fold3_2007_2010;cv_fold4_holdout_2011_2015,20260602,03_Data_Output\10_FeatureImportance\predictor_workspace\rebuild_20260602_gbm\3_Modelling_Results\Necessary\temporary_csi\AutoGluon\ag_raw\ag_predictor,WeightedEnsemble_L2,bounded GBM-only predictor workspace; not full final model-suite importance,AE-FEAT-IMPORT-001R base ratio subset plus 06B/004R evidence for cash_div_cf; macro point-in-time controls excluded,6
AE-FEAT-IMPORT-005R,pit_ratio_log_odds_rebuild_20260602_gbm,raw,dynamic_csi,interest_cov,point_in_time_ratios,computed,143173,0.044568785798582165,0.04415089235313545,0.02727123882555453,-0.006774553805790612,0.0022560551405534923,0.07774123781938957,1e-06,deterministic_individual_feature_permutation_within_cv_block,initial_train_1993_2001;cv_fold2_2002_2006;cv_fold3_2007_2010;cv_fold4_holdout_2011_2015,20260602,03_Data_Output\10_FeatureImportance\predictor_workspace\rebuild_20260602_gbm\3_Modelling_Results\Necessary\temporary_csi\AutoGluon\ag_raw\ag_predictor,WeightedEnsemble_L2,bounded GBM-only predictor workspace; not full final model-suite importance,AE-FEAT-IMPORT-001R base ratio subset plus 06B/004R evidence for cash_div_cf; macro point-in-time controls excluded,7
AE-FEAT-IMPORT-005R,pit_ratio_log_odds_rebuild_20260602_gbm,raw,dynamic_csi,wcap_ratio,point_in_time_ratios,computed,143173,0.044568785798582165,0.044552678702622174,0.01862748246595809,-0.002445168140762552,0.0,0.06256120898097565,1e-06,deterministic_individual_feature_permutation_within_cv_block,initial_train_1993_2001;cv_fold2_2002_2006;cv_fold3_2007_2010;cv_fold4_holdout_2011_2015,20260602,03_Data_Output\10_FeatureImportance\predictor_workspace\rebuild_20260602_gbm\3_Modelling_Results\Necessary\temporary_csi\AutoGluon\ag_raw\ag_predictor,WeightedEnsemble_L2,bounded GBM-only predictor workspace; not full final model-suite importance,AE-FEAT-IMPORT-001R base ratio subset plus 06B/004R evidence for cash_div_cf; macro point-in-time controls excluded,8
AE-FEAT-IMPORT-005R,pit_ratio_log_odds_rebuild_20260602_gbm,raw,dynamic_csi,ni_per_emp,point_in_time_ratios,computed,143173,0.044568785798582165,0.04435186377005085,0.015340813645380712,-0.0038555914825526014,0.0,0.042222649890408824,1e-06,deterministic_individual_feature_permutation_within_cv_block,initial_train_1993_2001;cv_fold2_2002_2006;cv_fold3_2007_2010;cv_fold4_holdout_2011_2015,20260602,03_Data_Output\10_FeatureImportance\predictor_workspace\rebuild_20260602_gbm\3_Modelling_Results\Necessary\temporary_csi\AutoGluon\ag_raw\ag_predictor,WeightedEnsemble_L2,bounded GBM-only predictor workspace; not full final model-suite importance,AE-FEAT-IMPORT-001R base ratio subset plus 06B/004R evidence for cash_div_cf; macro point-in-time controls excluded,9
AE-FEAT-IMPORT-005R,pit_ratio_log_odds_rebuild_20260602_gbm,raw,dynamic_csi,quick_ratio,point_in_time_ratios,computed,143173,0.044568785798582165,0.04446798183887592,0.01513102854415658,-0.0012341322347900197,0.0,0.0468240534755733,1e-06,deterministic_individual_feature_permutation_within_cv_block,initial_train_1993_2001;cv_fold2_2002_2006;cv_fold3_2007_2010;cv_fold4_holdout_2011_2015,20260602,03_Data_Output\10_FeatureImportance\predictor_workspace\rebuild_20260602_gbm\3_Modelling_Results\Necessary\temporary_csi\AutoGluon\ag_raw\ag_predictor,WeightedEnsemble_L2,bounded GBM-only predictor workspace; not full final model-suite importance,AE-FEAT-IMPORT-001R base ratio subset plus 06B/004R evidence for cash_div_cf; macro point-in-time controls excluded,10
AE-FEAT-IMPORT-005R,pit_ratio_log_odds_rebuild_20260602_gbm,raw,dynamic_csi,roe,point_in_time_ratios,computed,143173,0.044568785798582165,0.04417867388813866,0.014839328847555825,-0.002635847003286244,0.0,0.049067607897528114,1e-06,deterministic_individual_feature_permutation_within_cv_block,initial_train_1993_2001;cv_fold2_2002_2006;cv_fold3_2007_2010;cv_fold4_holdout_2011_2015,20260602,03_Data_Output\10_FeatureImportance\predictor_workspace\rebuild_20260602_gbm\3_Modelling_Results\Necessary\temporary_csi\AutoGluon\ag_raw\ag_predictor,WeightedEnsemble_L2,bounded GBM-only predictor workspace; not full final model-suite importance,AE-FEAT-IMPORT-001R base ratio subset plus 06B/004R evidence for cash_div_cf; macro point-in-time controls excluded,11
AE-FEAT-IMPORT-005R,pit_ratio_log_odds_rebuild_20260602_gbm,raw,dynamic_csi,log_mkvalt,point_in_time_ratios,computed,143173,0.044568785798582165,0.044367425485550754,0.01151372042108283,0.0009801928503249677,0.0,0.035584436594326446,1e-06,deterministic_individual_feature_permutation_within_cv_block,initial_train_1993_2001;cv_fold2_2002_2006;cv_fold3_2007_2010;cv_fold4_holdout_2011_2015,20260602,03_Data_Output\10_FeatureImportance\predictor_workspace\rebuild_20260602_gbm\3_Modelling_Results\Necessary\temporary_csi\AutoGluon\ag_raw\ag_predictor,WeightedEnsemble_L2,bounded GBM-only predictor workspace; not full final model-suite importance,AE-FEAT-IMPORT-001R base ratio subset plus 06B/004R evidence for cash_div_cf; macro point-in-time controls excluded,12
AE-FEAT-IMPORT-005R,pit_ratio_log_odds_rebuild_20260602_gbm,raw,dynamic_csi,altman_z4,point_in_time_ratios,computed,143173,0.044568785798582165,0.04432878262340328,0.011268476756124133,0.0006726470437127481,0.0,0.036466653016901954,1e-06,deterministic_individual_feature_permutation_within_cv_block,initial_train_1993_2001;cv_fold2_2002_2006;cv_fold3_2007_2010;cv_fold4_holdout_2011_2015,20260602,03_Data_Output\10_FeatureImportance\predictor_workspace\rebuild_20260602_gbm\3_Modelling_Results\Necessary\temporary_csi\AutoGluon\ag_raw\ag_predictor,WeightedEnsemble_L2,bounded GBM-only predictor workspace; not full final model-suite importance,AE-FEAT-IMPORT-001R base ratio subset plus 06B/004R evidence for cash_div_cf; macro point-in-time controls excluded,13
AE-FEAT-IMPORT-005R,pit_ratio_log_odds_rebuild_20260602_gbm,raw,dynamic_csi,reinvest_rate,point_in_time_ratios,computed,143173,0.044568785798582165,0.044004178473038454,0.01099362697136576,0.0021003391645221465,0.0,0.04071809665151839,1e-06,deterministic_individual_feature_permutation_within_cv_block,initial_train_1993_2001;cv_fold2_2002_2006;cv_fold3_2007_2010;cv_fold4_holdout_2011_2015,20260602,03_Data_Output\10_FeatureImportance\predictor_workspace\rebuild_20260602_gbm\3_Modelling_Results\Necessary\temporary_csi\AutoGluon\ag_raw\ag_predictor,WeightedEnsemble_L2,bounded GBM-only predictor workspace; not full final model-suite importance,AE-FEAT-IMPORT-001R base ratio subset plus 06B/004R evidence for cash_div_cf; macro point-in-time controls excluded,14
AE-FEAT-IMPORT-005R,pit_ratio_log_odds_rebuild_20260602_gbm,raw,dynamic_csi,altman_z,point_in_time_ratios,computed,143173,0.044568785798582165,0.04444677871767653,0.010110104775115217,-0.0013156999873161024,0.0,0.030120035118172607,1e-06,deterministic_individual_feature_permutation_within_cv_block,initial_train_1993_2001;cv_fold2_2002_2006;cv_fold3_2007_2010;cv_fold4_holdout_2011_2015,20260602,03_Data_Output\10_FeatureImportance\predictor_workspace\rebuild_20260602_gbm\3_Modelling_Results\Necessary\temporary_csi\AutoGluon\ag_raw\ag_predictor,WeightedEnsemble_L2,bounded GBM-only predictor workspace; not full final model-suite importance,AE-FEAT-IMPORT-001R base ratio subset plus 06B/004R evidence for cash_div_cf; macro point-in-time controls excluded,15
AE-FEAT-IMPORT-005R,pit_ratio_log_odds_rebuild_20260602_gbm,raw,dynamic_csi,rd_intensity,point_in_time_ratios,computed,143173,0.044568785798582165,0.044861881106511806,0.010103213935572772,-0.0025229846667825613,0.0,0.03622084630960601,1e-06,deterministic_individual_feature_permutation_within_cv_block,initial_train_1993_2001;cv_fold2_2002_2006;cv_fold3_2007_2010;cv_fold4_holdout_2011_2015,20260602,03_Data_Output\10_FeatureImportance\predictor_workspace\rebuild_20260602_gbm\3_Modelling_Results\Necessary\temporary_csi\AutoGluon\ag_raw\ag_predictor,WeightedEnsemble_L2,bounded GBM-only predictor workspace; not full final model-suite importance,AE-FEAT-IMPORT-001R base ratio subset plus 06B/004R evidence for cash_div_cf; macro point-in-time controls excluded,16
AE-FEAT-IMPORT-005R,pit_ratio_log_odds_rebuild_20260602_gbm,raw,dynamic_csi,mkt_to_book,point_in_time_ratios,computed,143173,0.044568785798582165,0.04450511303186014,0.007039021003791305,-0.0010438382555066443,0.0,0.014131129982314005,1e-06,deterministic_individual_feature_permutation_within_cv_block,initial_train_1993_2001;cv_fold2_2002_2006;cv_fold3_2007_2010;cv_fold4_holdout_2011_2015,20260602,03_Data_Output\10_FeatureImportance\predictor_workspace\rebuild_20260602_gbm\3_Modelling_Results\Necessary\temporary_csi\AutoGluon\ag_raw\ag_predictor,WeightedEnsemble_L2,bounded GBM-only predictor workspace; not full final model-suite importance,AE-FEAT-IMPORT-001R base ratio subset plus 06B/004R evidence for cash_div_cf; macro point-in-time controls excluded,17
AE-FEAT-IMPORT-005R,pit_ratio_log_odds_rebuild_20260602_gbm,raw,dynamic_csi,ebitda_margin,point_in_time_ratios,computed,143173,0.044568785798582165,0.04448692085547275,0.006882576770526874,-0.0011417169284943169,0.0,0.028141310651131592,1e-06,deterministic_individual_feature_permutation_within_cv_block,initial_train_1993_2001;cv_fold2_2002_2006;cv_fold3_2007_2010;cv_fold4_holdout_2011_2015,20260602,03_Data_Output\10_FeatureImportance\predictor_workspace\rebuild_20260602_gbm\3_Modelling_Results\Necessary\temporary_csi\AutoGluon\ag_raw\ag_predictor,WeightedEnsemble_L2,bounded GBM-only predictor workspace; not full final model-suite importance,AE-FEAT-IMPORT-001R base ratio subset plus 06B/004R evidence for cash_div_cf; macro point-in-time controls excluded,18
AE-FEAT-IMPORT-005R,pit_ratio_log_odds_rebuild_20260602_gbm,raw,dynamic_csi,ev_to_sales,point_in_time_ratios,computed,143173,0.044568785798582165,0.04448890569421842,0.006603770385657033,-0.00014870749533691692,0.0,0.02675214438194562,1e-06,deterministic_individual_feature_permutation_within_cv_block,initial_train_1993_2001;cv_fold2_2002_2006;cv_fold3_2007_2010;cv_fold4_holdout_2011_2015,20260602,03_Data_Output\10_FeatureImportance\predictor_workspace\rebuild_20260602_gbm\3_Modelling_Results\Necessary\temporary_csi\AutoGluon\ag_raw\ag_predictor,WeightedEnsemble_L2,bounded GBM-only predictor workspace; not full final model-suite importance,AE-FEAT-IMPORT-001R base ratio subset plus 06B/004R evidence for cash_div_cf; macro point-in-time controls excluded,19
AE-FEAT-IMPORT-005R,pit_ratio_log_odds_rebuild_20260602_gbm,raw,dynamic_csi,invest_st_ratio,point_in_time_ratios,computed,143173,0.044568785798582165,0.04472698198587621,0.00642439982410986,-0.00167704292573636,0.0,0.019029261229917264,1e-06,deterministic_individual_feature_permutation_within_cv_block,initial_train_1993_2001;cv_fold2_2002_2006;cv_fold3_2007_2010;cv_fold4_holdout_2011_2015,20260602,03_Data_Output\10_FeatureImportance\predictor_workspace\rebuild_20260602_gbm\3_Modelling_Results\Necessary\temporary_csi\AutoGluon\ag_raw\ag_predictor,WeightedEnsemble_L2,bounded GBM-only predictor workspace; not full final model-suite importance,AE-FEAT-IMPORT-001R base ratio subset plus 06B/004R evidence for cash_div_cf; macro point-in-time controls excluded,20
AE-FEAT-IMPORT-005R,pit_ratio_log_odds_rebuild_20260602_gbm,raw,dynamic_csi,ebit_roa,point_in_time_ratios,computed,143173,0.044568785798582165,0.04440002482201757,0.00408326843176284,0.0006587099771767117,0.0,0.01311634638579573,1e-06,deterministic_individual_feature_permutation_within_cv_block,initial_train_1993_2001;cv_fold2_2002_2006;cv_fold3_2007_2010;cv_fold4_holdout_2011_2015,20260602,03_Data_Output\10_FeatureImportance\predictor_workspace\rebuild_20260602_gbm\3_Modelling_Results\Necessary\temporary_csi\AutoGluon\ag_raw\ag_predictor,WeightedEnsemble_L2,bounded GBM-only predictor workspace; not full final model-suite importance,AE-FEAT-IMPORT-001R base ratio subset plus 06B/004R evidence for cash_div_cf; macro point-in-time controls excluded,21
AE-FEAT-IMPORT-005R,pit_ratio_log_odds_rebuild_20260602_gbm,raw,dynamic_csi,cash_pct_act,point_in_time_ratios,computed,143173,0.044568785798582165,0.04459056575193382,0.004012701949225848,-0.0005723065152820968,0.0,0.015974094664528815,1e-06,deterministic_individual_feature_permutation_within_cv_block,initial_train_1993_2001;cv_fold2_2002_2006;cv_fold3_2007_2010;cv_fold4_holdout_2011_2015,20260602,03_Data_Output\10_FeatureImportance\predictor_workspace\rebuild_20260602_gbm\3_Modelling_Results\Necessary\temporary_csi\AutoGluon\ag_raw\ag_predictor,WeightedEnsemble_L2,bounded GBM-only predictor workspace; not full final model-suite importance,AE-FEAT-IMPORT-001R base ratio subset plus 06B/004R evidence for cash_div_cf; macro point-in-time controls excluded,22
AE-FEAT-IMPORT-005R,pit_ratio_log_odds_rebuild_20260602_gbm,raw,dynamic_csi,std_debt_pct,point_in_time_ratios,computed,143173,0.044568785798582165,0.0445349954168065,0.003837127722960304,-0.00030103497699707107,0.0,0.0,1e-06,deterministic_individual_feature_permutation_within_cv_block,initial_train_1993_2001;cv_fold2_2002_2006;cv_fold3_2007_2010;cv_fold4_holdout_2011_2015,20260602,03_Data_Output\10_FeatureImportance\predictor_workspace\rebuild_20260602_gbm\3_Modelling_Results\Necessary\temporary_csi\AutoGluon\ag_raw\ag_predictor,WeightedEnsemble_L2,bounded GBM-only predictor workspace; not full final model-suite importance,AE-FEAT-IMPORT-001R base ratio subset plus 06B/004R evidence for cash_div_cf; macro point-in-time controls excluded,23
AE-FEAT-IMPORT-005R,pit_ratio_log_odds_rebuild_20260602_gbm,raw,dynamic_csi,accruals_ratio,point_in_time_ratios,computed,143173,0.044568785798582165,0.04459185648838667,0.0037387588822428933,-0.00041092623643491813,0.0,0.0,1e-06,deterministic_individual_feature_permutation_within_cv_block,initial_train_1993_2001;cv_fold2_2002_2006;cv_fold3_2007_2010;cv_fold4_holdout_2011_2015,20260602,03_Data_Output\10_FeatureImportance\predictor_workspace\rebuild_20260602_gbm\3_Modelling_Results\Necessary\temporary_csi\AutoGluon\ag_raw\ag_predictor,WeightedEnsemble_L2,bounded GBM-only predictor workspace; not full final model-suite importance,AE-FEAT-IMPORT-001R base ratio subset plus 06B/004R evidence for cash_div_cf; macro point-in-time controls excluded,24
AE-FEAT-IMPORT-005R,pit_ratio_log_odds_rebuild_20260602_gbm,raw,dynamic_csi,log_emp,point_in_time_ratios,computed,143173,0.044568785798582165,0.04464026855098558,0.0036662139357144714,-0.0006417384780237774,0.0,0.015416927084474353,1e-06,deterministic_individual_feature_permutation_within_cv_block,initial_train_1993_2001;cv_fold2_2002_2006;cv_fold3_2007_2010;cv_fold4_holdout_2011_2015,20260602,03_Data_Output\10_FeatureImportance\predictor_workspace\rebuild_20260602_gbm\3_Modelling_Results\Necessary\temporary_csi\AutoGluon\ag_raw\ag_predictor,WeightedEnsemble_L2,bounded GBM-only predictor workspace; not full final model-suite importance,AE-FEAT-IMPORT-001R base ratio subset plus 06B/004R evidence for cash_div_cf; macro point-in-time controls excluded,25
AE-FEAT-IMPORT-005R,pit_ratio_log_odds_rebuild_20260602_gbm,raw,dynamic_csi,bp_ratio,point_in_time_ratios,computed,143173,0.044568785798582165,0.0445095520495599,0.0035933640559218686,0.00023343473854271117,0.0,0.01567510919225619,1e-06,deterministic_individual_feature_permutation_within_cv_block,initial_train_1993_2001;cv_fold2_2002_2006;cv_fold3_2007_2010;cv_fold4_holdout_2011_2015,20260602,03_Data_Output\10_FeatureImportance\predictor_workspace\rebuild_20260602_gbm\3_Modelling_Results\Necessary\temporary_csi\AutoGluon\ag_raw\ag_predictor,WeightedEnsemble_L2,bounded GBM-only predictor workspace; not full final model-suite importance,AE-FEAT-IMPORT-001R base ratio subset plus 06B/004R evidence for cash_div_cf; macro point-in-time controls excluded,26
AE-FEAT-IMPORT-005R,pit_ratio_log_odds_rebuild_20260602_gbm,raw,dynamic_csi,gross_margin,point_in_time_ratios,computed,143173,0.044568785798582165,0.044554359046819564,0.003320915534892509,-1.8662477856279074e-05,0.0,0.010974399636084443,1e-06,deterministic_individual_feature_permutation_within_cv_block,initial_train_1993_2001;cv_fold2_2002_2006;cv_fold3_2007_2010;cv_fold4_holdout_2011_2015,20260602,03_Data_Output\10_FeatureImportance\predictor_workspace\rebuild_20260602_gbm\3_Modelling_Results\Necessary\temporary_csi\AutoGluon\ag_raw\ag_predictor,WeightedEnsemble_L2,bounded GBM-only predictor workspace; not full final model-suite importance,AE-FEAT-IMPORT-001R base ratio subset plus 06B/004R evidence for cash_div_cf; macro point-in-time controls excluded,27
AE-FEAT-IMPORT-005R,pit_ratio_log_odds_rebuild_20260602_gbm,raw,dynamic_csi,leverage,point_in_time_ratios,computed,143173,0.044568785798582165,0.04446988311918658,0.00304121867211828,0.0006959581433327749,0.0,0.0062014336301235325,1e-06,deterministic_individual_feature_permutation_within_cv_block,initial_train_1993_2001;cv_fold2_2002_2006;cv_fold3_2007_2010;cv_fold4_holdout_2011_2015,20260602,03_Data_Output\10_FeatureImportance\predictor_workspace\rebuild_20260602_gbm\3_Modelling_Results\Necessary\temporary_csi\AutoGluon\ag_raw\ag_predictor,WeightedEnsemble_L2,bounded GBM-only predictor workspace; not full final model-suite importance,AE-FEAT-IMPORT-001R base ratio subset plus 06B/004R evidence for cash_div_cf; macro point-in-time controls excluded,28
AE-FEAT-IMPORT-005R,pit_ratio_log_odds_rebuild_20260602_gbm,raw,dynamic_csi,current_ratio,point_in_time_ratios,computed,143173,0.044568785798582165,0.044570912547542536,0.0029920926327888803,-0.000759264194508263,0.0,0.0012840347208181951,1e-06,deterministic_individual_feature_permutation_within_cv_block,initial_train_1993_2001;cv_fold2_2002_2006;cv_fold3_2007_2010;cv_fold4_holdout_2011_2015,20260602,03_Data_Output\10_FeatureImportance\predictor_workspace\rebuild_20260602_gbm\3_Modelling_Results\Necessary\temporary_csi\AutoGluon\ag_raw\ag_predictor,WeightedEnsemble_L2,bounded GBM-only predictor workspace; not full final model-suite importance,AE-FEAT-IMPORT-001R base ratio subset plus 06B/004R evidence for cash_div_cf; macro point-in-time controls excluded,29
AE-FEAT-IMPORT-005R,pit_ratio_log_odds_rebuild_20260602_gbm,raw,dynamic_csi,net_debt_ebitda,point_in_time_ratios,computed,143173,0.044568785798582165,0.044551743853512925,0.002613165170424392,-2.7679382236142244e-05,0.0,0.004395110199436703,1e-06,deterministic_individual_feature_permutation_within_cv_block,initial_train_1993_2001;cv_fold2_2002_2006;cv_fold3_2007_2010;cv_fold4_holdout_2011_2015,20260602,03_Data_Output\10_FeatureImportance\predictor_workspace\rebuild_20260602_gbm\3_Modelling_Results\Necessary\temporary_csi\AutoGluon\ag_raw\ag_predictor,WeightedEnsemble_L2,bounded GBM-only predictor workspace; not full final model-suite importance,AE-FEAT-IMPORT-001R base ratio subset plus 06B/004R evidence for cash_div_cf; macro point-in-time controls excluded,30
AE-FEAT-IMPORT-005R,pit_ratio_log_odds_rebuild_20260602_gbm,raw,dynamic_csi,compr_inc_ratio,point_in_time_ratios,computed,143173,0.044568785798582165,0.044503384500966185,0.0024464973819684687,0.0002587663493827904,0.0,0.0,1e-06,deterministic_individual_feature_permutation_within_cv_block,initial_train_1993_2001;cv_fold2_2002_2006;cv_fold3_2007_2010;cv_fold4_holdout_2011_2015,20260602,03_Data_Output\10_FeatureImportance\predictor_workspace\rebuild_20260602_gbm\3_Modelling_Results\Necessary\temporary_csi\AutoGluon\ag_raw\ag_predictor,WeightedEnsemble_L2,bounded GBM-only predictor workspace; not full final model-suite importance,AE-FEAT-IMPORT-001R base ratio subset plus 06B/004R evidence for cash_div_cf; macro point-in-time controls excluded,31
AE-FEAT-IMPORT-005R,pit_ratio_log_odds_rebuild_20260602_gbm,raw,dynamic_csi,capex_intensity,point_in_time_ratios,computed,143173,0.044568785798582165,0.044560916692387896,0.0022410575022259703,-0.00014899306353345165,0.0,0.0007472666572465601,1e-06,deterministic_individual_feature_permutation_within_cv_block,initial_train_1993_2001;cv_fold2_2002_2006;cv_fold3_2007_2010;cv_fold4_holdout_2011_2015,20260602,03_Data_Output\10_FeatureImportance\predictor_workspace\rebuild_20260602_gbm\3_Modelling_Results\Necessary\temporary_csi\AutoGluon\ag_raw\ag_predictor,WeightedEnsemble_L2,bounded GBM-only predictor workspace; not full final model-suite importance,AE-FEAT-IMPORT-001R base ratio subset plus 06B/004R evidence for cash_div_cf; macro point-in-time controls excluded,32
AE-FEAT-IMPORT-005R,pit_ratio_log_odds_rebuild_20260602_gbm,raw,dynamic_csi,dd1_ratio,point_in_time_ratios,computed,143173,0.044568785798582165,0.04456258333120321,0.0019694538071265435,-0.00018843757035954685,0.0,0.0,1e-06,deterministic_individual_feature_permutation_within_cv_block,initial_train_1993_2001;cv_fold2_2002_2006;cv_fold3_2007_2010;cv_fold4_holdout_2011_2015,20260602,03_Data_Output\10_FeatureImportance\predictor_workspace\rebuild_20260602_gbm\3_Modelling_Results\Necessary\temporary_csi\AutoGluon\ag_raw\ag_predictor,WeightedEnsemble_L2,bounded GBM-only predictor workspace; not full final model-suite importance,AE-FEAT-IMPORT-001R base ratio subset plus 06B/004R evidence for cash_div_cf; macro point-in-time controls excluded,33
AE-FEAT-IMPORT-005R,pit_ratio_log_odds_rebuild_20260602_gbm,raw,dynamic_csi,asset_turnover,point_in_time_ratios,computed,143173,0.044568785798582165,0.044557962342820404,0.0012569103500218593,-0.00012467572156397156,0.0,0.0,1e-06,deterministic_individual_feature_permutation_within_cv_block,initial_train_1993_2001;cv_fold2_2002_2006;cv_fold3_2007_2010;cv_fold4_holdout_2011_2015,20260602,03_Data_Output\10_FeatureImportance\predictor_workspace\rebuild_20260602_gbm\3_Modelling_Results\Necessary\temporary_csi\AutoGluon\ag_raw\ag_predictor,WeightedEnsemble_L2,bounded GBM-only predictor workspace; not full final model-suite importance,AE-FEAT-IMPORT-001R base ratio subset plus 06B/004R evidence for cash_div_cf; macro point-in-time controls excluded,34
AE-FEAT-IMPORT-005R,pit_ratio_log_odds_rebuild_20260602_gbm,raw,dynamic_csi,log_at,point_in_time_ratios,computed,143173,0.044568785798582165,0.0445891538236297,0.0011931751575404437,-0.00032898960955043884,0.0,0.0,1e-06,deterministic_individual_feature_permutation_within_cv_block,initial_train_1993_2001;cv_fold2_2002_2006;cv_fold3_2007_2010;cv_fold4_holdout_2011_2015,20260602,03_Data_Output\10_FeatureImportance\predictor_workspace\rebuild_20260602_gbm\3_Modelling_Results\Necessary\temporary_csi\AutoGluon\ag_raw\ag_predictor,WeightedEnsemble_L2,bounded GBM-only predictor workspace; not full final model-suite importance,AE-FEAT-IMPORT-001R base ratio subset plus 06B/004R evidence for cash_div_cf; macro point-in-time controls excluded,35
AE-FEAT-IMPORT-005R,pit_ratio_log_odds_rebuild_20260602_gbm,raw,dynamic_csi,cash_div_cf,point_in_time_ratios,computed,143173,0.044568785798582165,0.04460207251260371,0.0008430547759956178,-0.00027949045471282953,0.0,0.0,1e-06,deterministic_individual_feature_permutation_within_cv_block,initial_train_1993_2001;cv_fold2_2002_2006;cv_fold3_2007_2010;cv_fold4_holdout_2011_2015,20260602,03_Data_Output\10_FeatureImportance\predictor_workspace\rebuild_20260602_gbm\3_Modelling_Results\Necessary\temporary_csi\AutoGluon\ag_raw\ag_predictor,WeightedEnsemble_L2,bounded GBM-only predictor workspace; not full final model-suite importance,AE-FEAT-IMPORT-001R base ratio subset plus 06B/004R evidence for cash_div_cf; macro point-in-time controls excluded,36
AE-FEAT-IMPORT-005R,pit_ratio_log_odds_rebuild_20260602_gbm,raw,dynamic_csi,eff_int_rate,point_in_time_ratios,computed,143173,0.044568785798582165,0.04456272583692789,0.0005357014028192699,-2.37977962985904e-05,0.0,0.0,1e-06,deterministic_individual_feature_permutation_within_cv_block,initial_train_1993_2001;cv_fold2_2002_2006;cv_fold3_2007_2010;cv_fold4_holdout_2011_2015,20260602,03_Data_Output\10_FeatureImportance\predictor_workspace\rebuild_20260602_gbm\3_Modelling_Results\Necessary\temporary_csi\AutoGluon\ag_raw\ag_predictor,WeightedEnsemble_L2,bounded GBM-only predictor workspace; not full final model-suite importance,AE-FEAT-IMPORT-001R base ratio subset plus 06B/004R evidence for cash_div_cf; macro point-in-time controls excluded,37
AE-FEAT-IMPORT-005R,pit_ratio_log_odds_rebuild_20260602_gbm,raw,dynamic_csi,assets_per_emp,point_in_time_ratios,computed,143173,0.044568785798582165,0.04456975078997406,0.00015453987619657944,-1.848024164153859e-05,0.0,0.0,1e-06,deterministic_individual_feature_permutation_within_cv_block,initial_train_1993_2001;cv_fold2_2002_2006;cv_fold3_2007_2010;cv_fold4_holdout_2011_2015,20260602,03_Data_Output\10_FeatureImportance\predictor_workspace\rebuild_20260602_gbm\3_Modelling_Results\Necessary\temporary_csi\AutoGluon\ag_raw\ag_predictor,WeightedEnsemble_L2,bounded GBM-only predictor workspace; not full final model-suite importance,AE-FEAT-IMPORT-001R base ratio subset plus 06B/004R evidence for cash_div_cf; macro point-in-time controls excluded,38
AE-FEAT-IMPORT-005R,pit_ratio_log_odds_rebuild_20260602_gbm,raw,dynamic_csi,rental_ratio,point_in_time_ratios,computed,143173,0.044568785798582165,0.044568238655419465,9.552840892779852e-05,1.552866595660211e-06,0.0,0.0,1e-06,deterministic_individual_feature_permutation_within_cv_block,initial_train_1993_2001;cv_fold2_2002_2006;cv_fold3_2007_2010;cv_fold4_holdout_2011_2015,20260602,03_Data_Output\10_FeatureImportance\predictor_workspace\rebuild_20260602_gbm\3_Modelling_Results\Necessary\temporary_csi\AutoGluon\ag_raw\ag_predictor,WeightedEnsemble_L2,bounded GBM-only predictor workspace; not full final model-suite importance,AE-FEAT-IMPORT-001R base ratio subset plus 06B/004R evidence for cash_div_cf; macro point-in-time controls excluded,39
AE-FEAT-IMPORT-005R,pit_ratio_log_odds_rebuild_20260602_gbm,raw,dynamic_csi,div_yield,point_in_time_ratios,computed,143173,0.044568785798582165,0.044568785798582165,0.0,0.0,0.0,0.0,1e-06,deterministic_individual_feature_permutation_within_cv_block,initial_train_1993_2001;cv_fold2_2002_2006;cv_fold3_2007_2010;cv_fold4_holdout_2011_2015,20260602,03_Data_Output\10_FeatureImportance\predictor_workspace\rebuild_20260602_gbm\3_Modelling_Results\Necessary\temporary_csi\AutoGluon\ag_raw\ag_predictor,WeightedEnsemble_L2,bounded GBM-only predictor workspace; not full final model-suite importance,AE-FEAT-IMPORT-001R base ratio subset plus 06B/004R evidence for cash_div_cf; macro point-in-time controls excluded,40
AE-FEAT-IMPORT-005R,pit_ratio_log_odds_rebuild_20260602_gbm,raw,dynamic_csi,min_int_tcap,point_in_time_ratios,computed,143173,0.044568785798582165,0.044568785798582165,0.0,0.0,0.0,0.0,1e-06,deterministic_individual_feature_permutation_within_cv_block,initial_train_1993_2001;cv_fold2_2002_2006;cv_fold3_2007_2010;cv_fold4_holdout_2011_2015,20260602,03_Data_Output\10_FeatureImportance\predictor_workspace\rebuild_20260602_gbm\3_Modelling_Results\Necessary\temporary_csi\AutoGluon\ag_raw\ag_predictor,WeightedEnsemble_L2,bounded GBM-only predictor workspace; not full final model-suite importance,AE-FEAT-IMPORT-001R base ratio subset plus 06B/004R evidence for cash_div_cf; macro point-in-time controls excluded,41
AE-FEAT-IMPORT-005R,pit_ratio_log_odds_rebuild_20260602_gbm,raw_plus_latent,dynamic_csi,earn_yld,point_in_time_ratios,computed,143173,0.0466164111048515,0.04613728308120981,0.03633466530901925,-0.004243830208039598,0.0,0.14183496307418225,1e-06,deterministic_individual_feature_permutation_within_cv_block,initial_train_1993_2001;cv_fold2_2002_2006;cv_fold3_2007_2010;cv_fold4_holdout_2011_2015,20260602,03_Data_Output\10_FeatureImportance\predictor_workspace\rebuild_20260602_gbm\3_Modelling_Results\Necessary\temporary_csi\AutoGluon\ag_raw_plus_latent\ag_predictor,WeightedEnsemble_L2,bounded GBM-only predictor workspace; not full final model-suite importance,AE-FEAT-IMPORT-001R base ratio subset plus 06B/004R evidence for cash_div_cf; macro point-in-time controls excluded,1
AE-FEAT-IMPORT-005R,pit_ratio_log_odds_rebuild_20260602_gbm,raw_plus_latent,dynamic_csi,roa,point_in_time_ratios,computed,143173,0.0466164111048515,0.04631980563563326,0.03583238619244052,-0.005591014795983664,0.0002170147014641799,0.10597777431748705,1e-06,deterministic_individual_feature_permutation_within_cv_block,initial_train_1993_2001;cv_fold2_2002_2006;cv_fold3_2007_2010;cv_fold4_holdout_2011_2015,20260602,03_Data_Output\10_FeatureImportance\predictor_workspace\rebuild_20260602_gbm\3_Modelling_Results\Necessary\temporary_csi\AutoGluon\ag_raw_plus_latent\ag_predictor,WeightedEnsemble_L2,bounded GBM-only predictor workspace; not full final model-suite importance,AE-FEAT-IMPORT-001R base ratio subset plus 06B/004R evidence for cash_div_cf; macro point-in-time controls excluded,2
AE-FEAT-IMPORT-005R,pit_ratio_log_odds_rebuild_20260602_gbm,raw_plus_latent,dynamic_csi,ocf_per_share,point_in_time_ratios,computed,143173,0.0466164111048515,0.046570551255949125,0.014427666390499411,-0.0017785494767805121,0.0,0.05240449122046007,1e-06,deterministic_individual_feature_permutation_within_cv_block,initial_train_1993_2001;cv_fold2_2002_2006;cv_fold3_2007_2010;cv_fold4_holdout_2011_2015,20260602,03_Data_Output\10_FeatureImportance\predictor_workspace\rebuild_20260602_gbm\3_Modelling_Results\Necessary\temporary_csi\AutoGluon\ag_raw_plus_latent\ag_predictor,WeightedEnsemble_L2,bounded GBM-only predictor workspace; not full final model-suite importance,AE-FEAT-IMPORT-001R base ratio subset plus 06B/004R evidence for cash_div_cf; macro point-in-time controls excluded,3
AE-FEAT-IMPORT-005R,pit_ratio_log_odds_rebuild_20260602_gbm,raw_plus_latent,dynamic_csi,altman_z2,point_in_time_ratios,computed,143173,0.0466164111048515,0.046592504991843815,0.010290902534649683,-0.0013066905250747201,0.0,0.03669022983442316,1e-06,deterministic_individual_feature_permutation_within_cv_block,initial_train_1993_2001;cv_fold2_2002_2006;cv_fold3_2007_2010;cv_fold4_holdout_2011_2015,20260602,03_Data_Output\10_FeatureImportance\predictor_workspace\rebuild_20260602_gbm\3_Modelling_Results\Necessary\temporary_csi\AutoGluon\ag_raw_plus_latent\ag_predictor,WeightedEnsemble_L2,bounded GBM-only predictor workspace; not full final model-suite importance,AE-FEAT-IMPORT-001R base ratio subset plus 06B/004R evidence for cash_div_cf; macro point-in-time controls excluded,4
AE-FEAT-IMPORT-005R,pit_ratio_log_odds_rebuild_20260602_gbm,raw_plus_latent,dynamic_csi,ni_per_emp,point_in_time_ratios,computed,143173,0.0466164111048515,0.04668712543899278,0.008539379870365783,-0.003894396989390492,0.0,0.029029944757190673,1e-06,deterministic_individual_feature_permutation_within_cv_block,initial_train_1993_2001;cv_fold2_2002_2006;cv_fold3_2007_2010;cv_fold4_holdout_2011_2015,20260602,03_Data_Output\10_FeatureImportance\predictor_workspace\rebuild_20260602_gbm\3_Modelling_Results\Necessary\temporary_csi\AutoGluon\ag_raw_plus_latent\ag_predictor,WeightedEnsemble_L2,bounded GBM-only predictor workspace; not full final model-suite importance,AE-FEAT-IMPORT-001R base ratio subset plus 06B/004R evidence for cash_div_cf; macro point-in-time controls excluded,5
AE-FEAT-IMPORT-005R,pit_ratio_log_odds_rebuild_20260602_gbm,raw_plus_latent,dynamic_csi,roic,point_in_time_ratios,computed,143173,0.0466164111048515,0.0462101098521001,0.008307570485664197,0.0037944979759024743,0.0,0.0009740803650292839,1e-06,deterministic_individual_feature_permutation_within_cv_block,initial_train_1993_2001;cv_fold2_2002_2006;cv_fold3_2007_2010;cv_fold4_holdout_2011_2015,20260602,03_Data_Output\10_FeatureImportance\predictor_workspace\rebuild_20260602_gbm\3_Modelling_Results\Necessary\temporary_csi\AutoGluon\ag_raw_plus_latent\ag_predictor,WeightedEnsemble_L2,bounded GBM-only predictor workspace; not full final model-suite importance,AE-FEAT-IMPORT-001R base ratio subset plus 06B/004R evidence for cash_div_cf; macro point-in-time controls excluded,6
AE-FEAT-IMPORT-005R,pit_ratio_log_odds_rebuild_20260602_gbm,raw_plus_latent,dynamic_csi,ebit_roa,point_in_time_ratios,computed,143173,0.0466164111048515,0.046390137797552626,0.006281841295449562,0.0017066485406478987,0.0,0.021932822921345796,1e-06,deterministic_individual_feature_permutation_within_cv_block,initial_train_1993_2001;cv_fold2_2002_2006;cv_fold3_2007_2010;cv_fold4_holdout_2011_2015,20260602,03_Data_Output\10_FeatureImportance\predictor_workspace\rebuild_20260602_gbm\3_Modelling_Results\Necessary\temporary_csi\AutoGluon\ag_raw_plus_latent\ag_predictor,WeightedEnsemble_L2,bounded GBM-only predictor workspace; not full final model-suite importance,AE-FEAT-IMPORT-001R base ratio subset plus 06B/004R evidence for cash_div_cf; macro point-in-time controls excluded,7
AE-FEAT-IMPORT-005R,pit_ratio_log_odds_rebuild_20260602_gbm,raw_plus_latent,dynamic_csi,roe,point_in_time_ratios,computed,143173,0.0466164111048515,0.04661848599354529,0.006240320296131158,-0.001394851534798833,0.0,0.0,1e-06,deterministic_individual_feature_permutation_within_cv_block,initial_train_1993_2001;cv_fold2_2002_2006;cv_fold3_2007_2010;cv_fold4_holdout_2011_2015,20260602,03_Data_Output\10_FeatureImportance\predictor_workspace\rebuild_20260602_gbm\3_Modelling_Results\Necessary\temporary_csi\AutoGluon\ag_raw_plus_latent\ag_predictor,WeightedEnsemble_L2,bounded GBM-only predictor workspace; not full final model-suite importance,AE-FEAT-IMPORT-001R base ratio subset plus 06B/004R evidence for cash_div_cf; macro point-in-time controls excluded,8
AE-FEAT-IMPORT-005R,pit_ratio_log_odds_rebuild_20260602_gbm,raw_plus_latent,dynamic_csi,interest_cov,point_in_time_ratios,computed,143173,0.0466164111048515,0.04658087079128055,0.004232369844245591,-0.0005484154862851487,0.0,0.0009122834878184882,1e-06,deterministic_individual_feature_permutation_within_cv_block,initial_train_1993_2001;cv_fold2_2002_2006;cv_fold3_2007_2010;cv_fold4_holdout_2011_2015,20260602,03_Data_Output\10_FeatureImportance\predictor_workspace\rebuild_20260602_gbm\3_Modelling_Results\Necessary\temporary_csi\AutoGluon\ag_raw_plus_latent\ag_predictor,WeightedEnsemble_L2,bounded GBM-only predictor workspace; not full final model-suite importance,AE-FEAT-IMPORT-001R base ratio subset plus 06B/004R evidence for cash_div_cf; macro point-in-time controls excluded,9
AE-FEAT-IMPORT-005R,pit_ratio_log_odds_rebuild_20260602_gbm,raw_plus_latent,dynamic_csi,ocf_margin,point_in_time_ratios,computed,143173,0.0466164111048515,0.046506756696881466,0.0033978306271383427,0.0008072295241030794,0.0,0.0,1e-06,deterministic_individual_feature_permutation_within_cv_block,initial_train_1993_2001;cv_fold2_2002_2006;cv_fold3_2007_2010;cv_fold4_holdout_2011_2015,20260602,03_Data_Output\10_FeatureImportance\predictor_workspace\rebuild_20260602_gbm\3_Modelling_Results\Necessary\temporary_csi\AutoGluon\ag_raw_plus_latent\ag_predictor,WeightedEnsemble_L2,bounded GBM-only predictor workspace; not full final model-suite importance,AE-FEAT-IMPORT-001R base ratio subset plus 06B/004R evidence for cash_div_cf; macro point-in-time controls excluded,10
AE-FEAT-IMPORT-005R,pit_ratio_log_odds_rebuild_20260602_gbm,raw_plus_latent,dynamic_csi,reinvest_rate,point_in_time_ratios,computed,143173,0.0466164111048515,0.04640762951787402,0.0028469642467980312,0.0018042719611746493,0.0,0.0,1e-06,deterministic_individual_feature_permutation_within_cv_block,initial_train_1993_2001;cv_fold2_2002_2006;cv_fold3_2007_2010;cv_fold4_holdout_2011_2015,20260602,03_Data_Output\10_FeatureImportance\predictor_workspace\rebuild_20260602_gbm\3_Modelling_Results\Necessary\temporary_csi\AutoGluon\ag_raw_plus_latent\ag_predictor,WeightedEnsemble_L2,bounded GBM-only predictor workspace; not full final model-suite importance,AE-FEAT-IMPORT-001R base ratio subset plus 06B/004R evidence for cash_div_cf; macro point-in-time controls excluded,11
AE-FEAT-IMPORT-005R,pit_ratio_log_odds_rebuild_20260602_gbm,raw_plus_latent,dynamic_csi,wcap_ratio,point_in_time_ratios,computed,143173,0.0466164111048515,0.04657336908635429,0.00209547494002016,0.0003841974093637544,0.0,0.0,1e-06,deterministic_individual_feature_permutation_within_cv_block,initial_train_1993_2001;cv_fold2_2002_2006;cv_fold3_2007_2010;cv_fold4_holdout_2011_2015,20260602,03_Data_Output\10_FeatureImportance\predictor_workspace\rebuild_20260602_gbm\3_Modelling_Results\Necessary\temporary_csi\AutoGluon\ag_raw_plus_latent\ag_predictor,WeightedEnsemble_L2,bounded GBM-only predictor workspace; not full final model-suite importance,AE-FEAT-IMPORT-001R base ratio subset plus 06B/004R evidence for cash_div_cf; macro point-in-time controls excluded,12
AE-FEAT-IMPORT-005R,pit_ratio_log_odds_rebuild_20260602_gbm,raw_plus_latent,dynamic_csi,ebitda_margin,point_in_time_ratios,computed,143173,0.0466164111048515,0.046650272259542706,0.002032624757445118,-0.0014576121046676709,0.0,0.0,1e-06,deterministic_individual_feature_permutation_within_cv_block,initial_train_1993_2001;cv_fold2_2002_2006;cv_fold3_2007_2010;cv_fold4_holdout_2011_2015,20260602,03_Data_Output\10_FeatureImportance\predictor_workspace\rebuild_20260602_gbm\3_Modelling_Results\Necessary\temporary_csi\AutoGluon\ag_raw_plus_latent\ag_predictor,WeightedEnsemble_L2,bounded GBM-only predictor workspace; not full final model-suite importance,AE-FEAT-IMPORT-001R base ratio subset plus 06B/004R evidence for cash_div_cf; macro point-in-time controls excluded,13
AE-FEAT-IMPORT-005R,pit_ratio_log_odds_rebuild_20260602_gbm,raw_plus_latent,dynamic_csi,ev_to_sales,point_in_time_ratios,computed,143173,0.0466164111048515,0.04660584683736062,0.0015901080698863847,2.064731305774174e-05,0.0,0.0,1e-06,deterministic_individual_feature_permutation_within_cv_block,initial_train_1993_2001;cv_fold2_2002_2006;cv_fold3_2007_2010;cv_fold4_holdout_2011_2015,20260602,03_Data_Output\10_FeatureImportance\predictor_workspace\rebuild_20260602_gbm\3_Modelling_Results\Necessary\temporary_csi\AutoGluon\ag_raw_plus_latent\ag_predictor,WeightedEnsemble_L2,bounded GBM-only predictor workspace; not full final model-suite importance,AE-FEAT-IMPORT-001R base ratio subset plus 06B/004R evidence for cash_div_cf; macro point-in-time controls excluded,14
AE-FEAT-IMPORT-005R,pit_ratio_log_odds_rebuild_20260602_gbm,raw_plus_latent,dynamic_csi,altman_z,point_in_time_ratios,computed,143173,0.0466164111048515,0.046607030378269965,0.0011959029542243935,-1.6053888727128433e-05,0.0,0.0,1e-06,deterministic_individual_feature_permutation_within_cv_block,initial_train_1993_2001;cv_fold2_2002_2006;cv_fold3_2007_2010;cv_fold4_holdout_2011_2015,20260602,03_Data_Output\10_FeatureImportance\predictor_workspace\rebuild_20260602_gbm\3_Modelling_Results\Necessary\temporary_csi\AutoGluon\ag_raw_plus_latent\ag_predictor,WeightedEnsemble_L2,bounded GBM-only predictor workspace; not full final model-suite importance,AE-FEAT-IMPORT-001R base ratio subset plus 06B/004R evidence for cash_div_cf; macro point-in-time controls excluded,15
AE-FEAT-IMPORT-005R,pit_ratio_log_odds_rebuild_20260602_gbm,raw_plus_latent,dynamic_csi,mkt_to_book,point_in_time_ratios,computed,143173,0.0466164111048515,0.04661411293844448,0.0009328674496072764,-9.246138706646049e-05,0.0,0.0,1e-06,deterministic_individual_feature_permutation_within_cv_block,initial_train_1993_2001;cv_fold2_2002_2006;cv_fold3_2007_2010;cv_fold4_holdout_2011_2015,20260602,03_Data_Output\10_FeatureImportance\predictor_workspace\rebuild_20260602_gbm\3_Modelling_Results\Necessary\temporary_csi\AutoGluon\ag_raw_plus_latent\ag_predictor,WeightedEnsemble_L2,bounded GBM-only predictor workspace; not full final model-suite importance,AE-FEAT-IMPORT-001R base ratio subset plus 06B/004R evidence for cash_div_cf; macro point-in-time controls excluded,16
AE-FEAT-IMPORT-005R,pit_ratio_log_odds_rebuild_20260602_gbm,raw_plus_latent,dynamic_csi,log_mkvalt,point_in_time_ratios,computed,143173,0.0466164111048515,0.046633262757082634,0.0007476976832865994,-0.00047581892785997947,0.0,0.0,1e-06,deterministic_individual_feature_permutation_within_cv_block,initial_train_1993_2001;cv_fold2_2002_2006;cv_fold3_2007_2010;cv_fold4_holdout_2011_2015,20260602,03_Data_Output\10_FeatureImportance\predictor_workspace\rebuild_20260602_gbm\3_Modelling_Results\Necessary\temporary_csi\AutoGluon\ag_raw_plus_latent\ag_predictor,WeightedEnsemble_L2,bounded GBM-only predictor workspace; not full final model-suite importance,AE-FEAT-IMPORT-001R base ratio subset plus 06B/004R evidence for cash_div_cf; macro point-in-time controls excluded,17
AE-FEAT-IMPORT-005R,pit_ratio_log_odds_rebuild_20260602_gbm,raw_plus_latent,dynamic_csi,compr_inc_ratio,point_in_time_ratios,computed,143173,0.0466164111048515,0.046577990283327306,0.0007151468165015884,0.00047078198172265226,0.0,0.0,1e-06,deterministic_individual_feature_permutation_within_cv_block,initial_train_1993_2001;cv_fold2_2002_2006;cv_fold3_2007_2010;cv_fold4_holdout_2011_2015,20260602,03_Data_Output\10_FeatureImportance\predictor_workspace\rebuild_20260602_gbm\3_Modelling_Results\Necessary\temporary_csi\AutoGluon\ag_raw_plus_latent\ag_predictor,WeightedEnsemble_L2,bounded GBM-only predictor workspace; not full final model-suite importance,AE-FEAT-IMPORT-001R base ratio subset plus 06B/004R evidence for cash_div_cf; macro point-in-time controls excluded,18
AE-FEAT-IMPORT-005R,pit_ratio_log_odds_rebuild_20260602_gbm,raw_plus_latent,dynamic_csi,invest_st_ratio,point_in_time_ratios,computed,143173,0.0466164111048515,0.0466440742353118,0.0004547420979843584,-0.0002349141608404114,0.0,0.0,1e-06,deterministic_individual_feature_permutation_within_cv_block,initial_train_1993_2001;cv_fold2_2002_2006;cv_fold3_2007_2010;cv_fold4_holdout_2011_2015,20260602,03_Data_Output\10_FeatureImportance\predictor_workspace\rebuild_20260602_gbm\3_Modelling_Results\Necessary\temporary_csi\AutoGluon\ag_raw_plus_latent\ag_predictor,WeightedEnsemble_L2,bounded GBM-only predictor workspace; not full final model-suite importance,AE-FEAT-IMPORT-001R base ratio subset plus 06B/004R evidence for cash_div_cf; macro point-in-time controls excluded,19
AE-FEAT-IMPORT-005R,pit_ratio_log_odds_rebuild_20260602_gbm,raw_plus_latent,dynamic_csi,rd_intensity,point_in_time_ratios,computed,143173,0.0466164111048515,0.046641831923905,0.0003851485447054104,-0.00023297172588144442,0.0,0.0,1e-06,deterministic_individual_feature_permutation_within_cv_block,initial_train_1993_2001;cv_fold2_2002_2006;cv_fold3_2007_2010;cv_fold4_holdout_2011_2015,20260602,03_Data_Output\10_FeatureImportance\predictor_workspace\rebuild_20260602_gbm\3_Modelling_Results\Necessary\temporary_csi\AutoGluon\ag_raw_plus_latent\ag_predictor,WeightedEnsemble_L2,bounded GBM-only predictor workspace; not full final model-suite importance,AE-FEAT-IMPORT-001R base ratio subset plus 06B/004R evidence for cash_div_cf; macro point-in-time controls excluded,20
AE-FEAT-IMPORT-005R,pit_ratio_log_odds_rebuild_20260602_gbm,raw_plus_latent,dynamic_csi,altman_z4,point_in_time_ratios,computed,143173,0.0466164111048515,0.046602411832385074,0.0003246339052408815,0.00018128254563219207,0.0,0.0,1e-06,deterministic_individual_feature_permutation_within_cv_block,initial_train_1993_2001;cv_fold2_2002_2006;cv_fold3_2007_2010;cv_fold4_holdout_2011_2015,20260602,03_Data_Output\10_FeatureImportance\predictor_workspace\rebuild_20260602_gbm\3_Modelling_Results\Necessary\temporary_csi\AutoGluon\ag_raw_plus_latent\ag_predictor,WeightedEnsemble_L2,bounded GBM-only predictor workspace; not full final model-suite importance,AE-FEAT-IMPORT-001R base ratio subset plus 06B/004R evidence for cash_div_cf; macro point-in-time controls excluded,21
AE-FEAT-IMPORT-005R,pit_ratio_log_odds_rebuild_20260602_gbm,raw_plus_latent,dynamic_csi,dd1_ratio,point_in_time_ratios,computed,143173,0.0466164111048515,0.04661117416594193,0.0001899454414887835,3.885247495270315e-05,0.0,0.0,1e-06,deterministic_individual_feature_permutation_within_cv_block,initial_train_1993_2001;cv_fold2_2002_2006;cv_fold3_2007_2010;cv_fold4_holdout_2011_2015,20260602,03_Data_Output\10_FeatureImportance\predictor_workspace\rebuild_20260602_gbm\3_Modelling_Results\Necessary\temporary_csi\AutoGluon\ag_raw_plus_latent\ag_predictor,WeightedEnsemble_L2,bounded GBM-only predictor workspace; not full final model-suite importance,AE-FEAT-IMPORT-001R base ratio subset plus 06B/004R evidence for cash_div_cf; macro point-in-time controls excluded,22
AE-FEAT-IMPORT-005R,pit_ratio_log_odds_rebuild_20260602_gbm,raw_plus_latent,dynamic_csi,asset_turnover,point_in_time_ratios,computed,143173,0.0466164111048515,0.04661719379848301,0.0001468279273299741,-3.371604541314186e-05,0.0,0.0,1e-06,deterministic_individual_feature_permutation_within_cv_block,initial_train_1993_2001;cv_fold2_2002_2006;cv_fold3_2007_2010;cv_fold4_holdout_2011_2015,20260602,03_Data_Output\10_FeatureImportance\predictor_workspace\rebuild_20260602_gbm\3_Modelling_Results\Necessary\temporary_csi\AutoGluon\ag_raw_plus_latent\ag_predictor,WeightedEnsemble_L2,bounded GBM-only predictor workspace; not full final model-suite importance,AE-FEAT-IMPORT-001R base ratio subset plus 06B/004R evidence for cash_div_cf; macro point-in-time controls excluded,23
AE-FEAT-IMPORT-005R,pit_ratio_log_odds_rebuild_20260602_gbm,raw_plus_latent,dynamic_csi,cash_pct_act,point_in_time_ratios,computed,143173,0.0466164111048515,0.04661614910724269,7.556489899775045e-05,-1.4816637487612066e-06,0.0,0.0,1e-06,deterministic_individual_feature_permutation_within_cv_block,initial_train_1993_2001;cv_fold2_2002_2006;cv_fold3_2007_2010;cv_fold4_holdout_2011_2015,20260602,03_Data_Output\10_FeatureImportance\predictor_workspace\rebuild_20260602_gbm\3_Modelling_Results\Necessary\temporary_csi\AutoGluon\ag_raw_plus_latent\ag_predictor,WeightedEnsemble_L2,bounded GBM-only predictor workspace; not full final model-suite importance,AE-FEAT-IMPORT-001R base ratio subset plus 06B/004R evidence for cash_div_cf; macro point-in-time controls excluded,24
AE-FEAT-IMPORT-005R,pit_ratio_log_odds_rebuild_20260602_gbm,raw_plus_latent,dynamic_csi,gross_margin,point_in_time_ratios,computed,143173,0.0466164111048515,0.0466164111048515,0.0,0.0,0.0,0.0,1e-06,deterministic_individual_feature_permutation_within_cv_block,initial_train_1993_2001;cv_fold2_2002_2006;cv_fold3_2007_2010;cv_fold4_holdout_2011_2015,20260602,03_Data_Output\10_FeatureImportance\predictor_workspace\rebuild_20260602_gbm\3_Modelling_Results\Necessary\temporary_csi\AutoGluon\ag_raw_plus_latent\ag_predictor,WeightedEnsemble_L2,bounded GBM-only predictor workspace; not full final model-suite importance,AE-FEAT-IMPORT-001R base ratio subset plus 06B/004R evidence for cash_div_cf; macro point-in-time controls excluded,25
AE-FEAT-IMPORT-005R,pit_ratio_log_odds_rebuild_20260602_gbm,raw_plus_latent,dynamic_csi,leverage,point_in_time_ratios,computed,143173,0.0466164111048515,0.0466164111048515,0.0,0.0,0.0,0.0,1e-06,deterministic_individual_feature_permutation_within_cv_block,initial_train_1993_2001;cv_fold2_2002_2006;cv_fold3_2007_2010;cv_fold4_holdout_2011_2015,20260602,03_Data_Output\10_FeatureImportance\predictor_workspace\rebuild_20260602_gbm\3_Modelling_Results\Necessary\temporary_csi\AutoGluon\ag_raw_plus_latent\ag_predictor,WeightedEnsemble_L2,bounded GBM-only predictor workspace; not full final model-suite importance,AE-FEAT-IMPORT-001R base ratio subset plus 06B/004R evidence for cash_div_cf; macro point-in-time controls excluded,26
AE-FEAT-IMPORT-005R,pit_ratio_log_odds_rebuild_20260602_gbm,raw_plus_latent,dynamic_csi,net_debt_ebitda,point_in_time_ratios,computed,143173,0.0466164111048515,0.0466164111048515,0.0,0.0,0.0,0.0,1e-06,deterministic_individual_feature_permutation_within_cv_block,initial_train_1993_2001;cv_fold2_2002_2006;cv_fold3_2007_2010;cv_fold4_holdout_2011_2015,20260602,03_Data_Output\10_FeatureImportance\predictor_workspace\rebuild_20260602_gbm\3_Modelling_Results\Necessary\temporary_csi\AutoGluon\ag_raw_plus_latent\ag_predictor,WeightedEnsemble_L2,bounded GBM-only predictor workspace; not full final model-suite importance,AE-FEAT-IMPORT-001R base ratio subset plus 06B/004R evidence for cash_div_cf; macro point-in-time controls excluded,27
AE-FEAT-IMPORT-005R,pit_ratio_log_odds_rebuild_20260602_gbm,raw_plus_latent,dynamic_csi,std_debt_pct,point_in_time_ratios,computed,143173,0.0466164111048515,0.0466164111048515,0.0,0.0,0.0,0.0,1e-06,deterministic_individual_feature_permutation_within_cv_block,initial_train_1993_2001;cv_fold2_2002_2006;cv_fold3_2007_2010;cv_fold4_holdout_2011_2015,20260602,03_Data_Output\10_FeatureImportance\predictor_workspace\rebuild_20260602_gbm\3_Modelling_Results\Necessary\temporary_csi\AutoGluon\ag_raw_plus_latent\ag_predictor,WeightedEnsemble_L2,bounded GBM-only predictor workspace; not full final model-suite importance,AE-FEAT-IMPORT-001R base ratio subset plus 06B/004R evidence for cash_div_cf; macro point-in-time controls excluded,28
AE-FEAT-IMPORT-005R,pit_ratio_log_odds_rebuild_20260602_gbm,raw_plus_latent,dynamic_csi,eff_int_rate,point_in_time_ratios,computed,143173,0.0466164111048515,0.0466164111048515,0.0,0.0,0.0,0.0,1e-06,deterministic_individual_feature_permutation_within_cv_block,initial_train_1993_2001;cv_fold2_2002_2006;cv_fold3_2007_2010;cv_fold4_holdout_2011_2015,20260602,03_Data_Output\10_FeatureImportance\predictor_workspace\rebuild_20260602_gbm\3_Modelling_Results\Necessary\temporary_csi\AutoGluon\ag_raw_plus_latent\ag_predictor,WeightedEnsemble_L2,bounded GBM-only predictor workspace; not full final model-suite importance,AE-FEAT-IMPORT-001R base ratio subset plus 06B/004R evidence for cash_div_cf; macro point-in-time controls excluded,29
AE-FEAT-IMPORT-005R,pit_ratio_log_odds_rebuild_20260602_gbm,raw_plus_latent,dynamic_csi,current_ratio,point_in_time_ratios,computed,143173,0.0466164111048515,0.0466164111048515,0.0,0.0,0.0,0.0,1e-06,deterministic_individual_feature_permutation_within_cv_block,initial_train_1993_2001;cv_fold2_2002_2006;cv_fold3_2007_2010;cv_fold4_holdout_2011_2015,20260602,03_Data_Output\10_FeatureImportance\predictor_workspace\rebuild_20260602_gbm\3_Modelling_Results\Necessary\temporary_csi\AutoGluon\ag_raw_plus_latent\ag_predictor,WeightedEnsemble_L2,bounded GBM-only predictor workspace; not full final model-suite importance,AE-FEAT-IMPORT-001R base ratio subset plus 06B/004R evidence for cash_div_cf; macro point-in-time controls excluded,30
AE-FEAT-IMPORT-005R,pit_ratio_log_odds_rebuild_20260602_gbm,raw_plus_latent,dynamic_csi,quick_ratio,point_in_time_ratios,computed,143173,0.0466164111048515,0.0466164111048515,0.0,0.0,0.0,0.0,1e-06,deterministic_individual_feature_permutation_within_cv_block,initial_train_1993_2001;cv_fold2_2002_2006;cv_fold3_2007_2010;cv_fold4_holdout_2011_2015,20260602,03_Data_Output\10_FeatureImportance\predictor_workspace\rebuild_20260602_gbm\3_Modelling_Results\Necessary\temporary_csi\AutoGluon\ag_raw_plus_latent\ag_predictor,WeightedEnsemble_L2,bounded GBM-only predictor workspace; not full final model-suite importance,AE-FEAT-IMPORT-001R base ratio subset plus 06B/004R evidence for cash_div_cf; macro point-in-time controls excluded,31
AE-FEAT-IMPORT-005R,pit_ratio_log_odds_rebuild_20260602_gbm,raw_plus_latent,dynamic_csi,bp_ratio,point_in_time_ratios,computed,143173,0.0466164111048515,0.0466164111048515,0.0,0.0,0.0,0.0,1e-06,deterministic_individual_feature_permutation_within_cv_block,initial_train_1993_2001;cv_fold2_2002_2006;cv_fold3_2007_2010;cv_fold4_holdout_2011_2015,20260602,03_Data_Output\10_FeatureImportance\predictor_workspace\rebuild_20260602_gbm\3_Modelling_Results\Necessary\temporary_csi\AutoGluon\ag_raw_plus_latent\ag_predictor,WeightedEnsemble_L2,bounded GBM-only predictor workspace; not full final model-suite importance,AE-FEAT-IMPORT-001R base ratio subset plus 06B/004R evidence for cash_div_cf; macro point-in-time controls excluded,32
AE-FEAT-IMPORT-005R,pit_ratio_log_odds_rebuild_20260602_gbm,raw_plus_latent,dynamic_csi,div_yield,point_in_time_ratios,computed,143173,0.0466164111048515,0.0466164111048515,0.0,0.0,0.0,0.0,1e-06,deterministic_individual_feature_permutation_within_cv_block,initial_train_1993_2001;cv_fold2_2002_2006;cv_fold3_2007_2010;cv_fold4_holdout_2011_2015,20260602,03_Data_Output\10_FeatureImportance\predictor_workspace\rebuild_20260602_gbm\3_Modelling_Results\Necessary\temporary_csi\AutoGluon\ag_raw_plus_latent\ag_predictor,WeightedEnsemble_L2,bounded GBM-only predictor workspace; not full final model-suite importance,AE-FEAT-IMPORT-001R base ratio subset plus 06B/004R evidence for cash_div_cf; macro point-in-time controls excluded,33
AE-FEAT-IMPORT-005R,pit_ratio_log_odds_rebuild_20260602_gbm,raw_plus_latent,dynamic_csi,cash_div_cf,point_in_time_ratios,computed,143173,0.0466164111048515,0.0466164111048515,0.0,0.0,0.0,0.0,1e-06,deterministic_individual_feature_permutation_within_cv_block,initial_train_1993_2001;cv_fold2_2002_2006;cv_fold3_2007_2010;cv_fold4_holdout_2011_2015,20260602,03_Data_Output\10_FeatureImportance\predictor_workspace\rebuild_20260602_gbm\3_Modelling_Results\Necessary\temporary_csi\AutoGluon\ag_raw_plus_latent\ag_predictor,WeightedEnsemble_L2,bounded GBM-only predictor workspace; not full final model-suite importance,AE-FEAT-IMPORT-001R base ratio subset plus 06B/004R evidence for cash_div_cf; macro point-in-time controls excluded,34
AE-FEAT-IMPORT-005R,pit_ratio_log_odds_rebuild_20260602_gbm,raw_plus_latent,dynamic_csi,accruals_ratio,point_in_time_ratios,computed,143173,0.0466164111048515,0.0466164111048515,0.0,0.0,0.0,0.0,1e-06,deterministic_individual_feature_permutation_within_cv_block,initial_train_1993_2001;cv_fold2_2002_2006;cv_fold3_2007_2010;cv_fold4_holdout_2011_2015,20260602,03_Data_Output\10_FeatureImportance\predictor_workspace\rebuild_20260602_gbm\3_Modelling_Results\Necessary\temporary_csi\AutoGluon\ag_raw_plus_latent\ag_predictor,WeightedEnsemble_L2,bounded GBM-only predictor workspace; not full final model-suite importance,AE-FEAT-IMPORT-001R base ratio subset plus 06B/004R evidence for cash_div_cf; macro point-in-time controls excluded,35
AE-FEAT-IMPORT-005R,pit_ratio_log_odds_rebuild_20260602_gbm,raw_plus_latent,dynamic_csi,capex_intensity,point_in_time_ratios,computed,143173,0.0466164111048515,0.0466164111048515,0.0,0.0,0.0,0.0,1e-06,deterministic_individual_feature_permutation_within_cv_block,initial_train_1993_2001;cv_fold2_2002_2006;cv_fold3_2007_2010;cv_fold4_holdout_2011_2015,20260602,03_Data_Output\10_FeatureImportance\predictor_workspace\rebuild_20260602_gbm\3_Modelling_Results\Necessary\temporary_csi\AutoGluon\ag_raw_plus_latent\ag_predictor,WeightedEnsemble_L2,bounded GBM-only predictor workspace; not full final model-suite importance,AE-FEAT-IMPORT-001R base ratio subset plus 06B/004R evidence for cash_div_cf; macro point-in-time controls excluded,36
AE-FEAT-IMPORT-005R,pit_ratio_log_odds_rebuild_20260602_gbm,raw_plus_latent,dynamic_csi,log_at,point_in_time_ratios,computed,143173,0.0466164111048515,0.0466164111048515,0.0,0.0,0.0,0.0,1e-06,deterministic_individual_feature_permutation_within_cv_block,initial_train_1993_2001;cv_fold2_2002_2006;cv_fold3_2007_2010;cv_fold4_holdout_2011_2015,20260602,03_Data_Output\10_FeatureImportance\predictor_workspace\rebuild_20260602_gbm\3_Modelling_Results\Necessary\temporary_csi\AutoGluon\ag_raw_plus_latent\ag_predictor,WeightedEnsemble_L2,bounded GBM-only predictor workspace; not full final model-suite importance,AE-FEAT-IMPORT-001R base ratio subset plus 06B/004R evidence for cash_div_cf; macro point-in-time controls excluded,37
AE-FEAT-IMPORT-005R,pit_ratio_log_odds_rebuild_20260602_gbm,raw_plus_latent,dynamic_csi,log_emp,point_in_time_ratios,computed,143173,0.0466164111048515,0.0466164111048515,0.0,0.0,0.0,0.0,1e-06,deterministic_individual_feature_permutation_within_cv_block,initial_train_1993_2001;cv_fold2_2002_2006;cv_fold3_2007_2010;cv_fold4_holdout_2011_2015,20260602,03_Data_Output\10_FeatureImportance\predictor_workspace\rebuild_20260602_gbm\3_Modelling_Results\Necessary\temporary_csi\AutoGluon\ag_raw_plus_latent\ag_predictor,WeightedEnsemble_L2,bounded GBM-only predictor workspace; not full final model-suite importance,AE-FEAT-IMPORT-001R base ratio subset plus 06B/004R evidence for cash_div_cf; macro point-in-time controls excluded,38
AE-FEAT-IMPORT-005R,pit_ratio_log_odds_rebuild_20260602_gbm,raw_plus_latent,dynamic_csi,rental_ratio,point_in_time_ratios,computed,143173,0.0466164111048515,0.0466164111048515,0.0,0.0,0.0,0.0,1e-06,deterministic_individual_feature_permutation_within_cv_block,initial_train_1993_2001;cv_fold2_2002_2006;cv_fold3_2007_2010;cv_fold4_holdout_2011_2015,20260602,03_Data_Output\10_FeatureImportance\predictor_workspace\rebuild_20260602_gbm\3_Modelling_Results\Necessary\temporary_csi\AutoGluon\ag_raw_plus_latent\ag_predictor,WeightedEnsemble_L2,bounded GBM-only predictor workspace; not full final model-suite importance,AE-FEAT-IMPORT-001R base ratio subset plus 06B/004R evidence for cash_div_cf; macro point-in-time controls excluded,39
AE-FEAT-IMPORT-005R,pit_ratio_log_odds_rebuild_20260602_gbm,raw_plus_latent,dynamic_csi,assets_per_emp,point_in_time_ratios,computed,143173,0.0466164111048515,0.0466164111048515,0.0,0.0,0.0,0.0,1e-06,deterministic_individual_feature_permutation_within_cv_block,initial_train_1993_2001;cv_fold2_2002_2006;cv_fold3_2007_2010;cv_fold4_holdout_2011_2015,20260602,03_Data_Output\10_FeatureImportance\predictor_workspace\rebuild_20260602_gbm\3_Modelling_Results\Necessary\temporary_csi\AutoGluon\ag_raw_plus_latent\ag_predictor,WeightedEnsemble_L2,bounded GBM-only predictor workspace; not full final model-suite importance,AE-FEAT-IMPORT-001R base ratio subset plus 06B/004R evidence for cash_div_cf; macro point-in-time controls excluded,40
AE-FEAT-IMPORT-005R,pit_ratio_log_odds_rebuild_20260602_gbm,raw_plus_latent,dynamic_csi,min_int_tcap,point_in_time_ratios,computed,143173,0.0466164111048515,0.0466164111048515,0.0,0.0,0.0,0.0,1e-06,deterministic_individual_feature_permutation_within_cv_block,initial_train_1993_2001;cv_fold2_2002_2006;cv_fold3_2007_2010;cv_fold4_holdout_2011_2015,20260602,03_Data_Output\10_FeatureImportance\predictor_workspace\rebuild_20260602_gbm\3_Modelling_Results\Necessary\temporary_csi\AutoGluon\ag_raw_plus_latent\ag_predictor,WeightedEnsemble_L2,bounded GBM-only predictor workspace; not full final model-suite importance,AE-FEAT-IMPORT-001R base ratio subset plus 06B/004R evidence for cash_div_cf; macro point-in-time controls excluded,41
AE-FEAT-IMPORT-005R,pit_ratio_log_odds_rebuild_20260602_gbm,fund,permanent_csi,earn_yld,point_in_time_ratios,computed,143173,0.03732692819908748,0.036388821094027864,0.15623144774906902,-0.05684924472245022,0.04494937559047418,0.4942345938097665,1e-06,deterministic_individual_feature_permutation_within_cv_block,initial_train_1993_2001;cv_fold2_2002_2006;cv_fold3_2007_2010;cv_fold4_holdout_2011_2015,20260602,03_Data_Output\10_FeatureImportance\predictor_workspace\rebuild_20260602_gbm\3_Modelling_Results\Necessary\permanent_csi\AutoGluon\ag_fund\ag_predictor,WeightedEnsemble_L2,bounded GBM-only predictor workspace; not full final model-suite importance,AE-FEAT-IMPORT-001R base ratio subset plus 06B/004R evidence for cash_div_cf; macro point-in-time controls excluded,1
AE-FEAT-IMPORT-005R,pit_ratio_log_odds_rebuild_20260602_gbm,fund,permanent_csi,ocf_per_share,point_in_time_ratios,computed,143173,0.03732692819908748,0.03570159825845824,0.12786330509637925,-0.03276100175988229,0.057317223937928485,0.356110650870855,1e-06,deterministic_individual_feature_permutation_within_cv_block,initial_train_1993_2001;cv_fold2_2002_2006;cv_fold3_2007_2010;cv_fold4_holdout_2011_2015,20260602,03_Data_Output\10_FeatureImportance\predictor_workspace\rebuild_20260602_gbm\3_Modelling_Results\Necessary\permanent_csi\AutoGluon\ag_fund\ag_predictor,WeightedEnsemble_L2,bounded GBM-only predictor workspace; not full final model-suite importance,AE-FEAT-IMPORT-001R base ratio subset plus 06B/004R evidence for cash_div_cf; macro point-in-time controls excluded,2
AE-FEAT-IMPORT-005R,pit_ratio_log_odds_rebuild_20260602_gbm,fund,permanent_csi,altman_z2,point_in_time_ratios,computed,143173,0.03732692819908748,0.03425845416541558,0.0936867204627299,0.02268135392976907,0.050199868245531576,0.2472810379643269,1e-06,deterministic_individual_feature_permutation_within_cv_block,initial_train_1993_2001;cv_fold2_2002_2006;cv_fold3_2007_2010;cv_fold4_holdout_2011_2015,20260602,03_Data_Output\10_FeatureImportance\predictor_workspace\rebuild_20260602_gbm\3_Modelling_Results\Necessary\permanent_csi\AutoGluon\ag_fund\ag_predictor,WeightedEnsemble_L2,bounded GBM-only predictor workspace; not full final model-suite importance,AE-FEAT-IMPORT-001R base ratio subset plus 06B/004R evidence for cash_div_cf; macro point-in-time controls excluded,3
AE-FEAT-IMPORT-005R,pit_ratio_log_odds_rebuild_20260602_gbm,fund,permanent_csi,roa,point_in_time_ratios,computed,143173,0.03732692819908748,0.03543663873810094,0.09044924834172231,-0.02428409379100768,0.01911122067259785,0.2736720616614353,1e-06,deterministic_individual_feature_permutation_within_cv_block,initial_train_1993_2001;cv_fold2_2002_2006;cv_fold3_2007_2010;cv_fold4_holdout_2011_2015,20260602,03_Data_Output\10_FeatureImportance\predictor_workspace\rebuild_20260602_gbm\3_Modelling_Results\Necessary\permanent_csi\AutoGluon\ag_fund\ag_predictor,WeightedEnsemble_L2,bounded GBM-only predictor workspace; not full final model-suite importance,AE-FEAT-IMPORT-001R base ratio subset plus 06B/004R evidence for cash_div_cf; macro point-in-time controls excluded,4
AE-FEAT-IMPORT-005R,pit_ratio_log_odds_rebuild_20260602_gbm,fund,permanent_csi,roic,point_in_time_ratios,computed,143173,0.03732692819908748,0.03596946087646543,0.05313783057486542,-0.008777964759582922,0.018065954994002986,0.16452805488539363,1e-06,deterministic_individual_feature_permutation_within_cv_block,initial_train_1993_2001;cv_fold2_2002_2006;cv_fold3_2007_2010;cv_fold4_holdout_2011_2015,20260602,03_Data_Output\10_FeatureImportance\predictor_workspace\rebuild_20260602_gbm\3_Modelling_Results\Necessary\permanent_csi\AutoGluon\ag_fund\ag_predictor,WeightedEnsemble_L2,bounded GBM-only predictor workspace; not full final model-suite importance,AE-FEAT-IMPORT-001R base ratio subset plus 06B/004R evidence for cash_div_cf; macro point-in-time controls excluded,5
AE-FEAT-IMPORT-005R,pit_ratio_log_odds_rebuild_20260602_gbm,fund,permanent_csi,interest_cov,point_in_time_ratios,computed,143173,0.03732692819908748,0.03714475534642127,0.0433824259183017,-0.018932532786243326,0.01588374758421196,0.11532912962396562,1e-06,deterministic_individual_feature_permutation_within_cv_block,initial_train_1993_2001;cv_fold2_2002_2006;cv_fold3_2007_2010;cv_fold4_holdout_2011_2015,20260602,03_Data_Output\10_FeatureImportance\predictor_workspace\rebuild_20260602_gbm\3_Modelling_Results\Necessary\permanent_csi\AutoGluon\ag_fund\ag_predictor,WeightedEnsemble_L2,bounded GBM-only predictor workspace; not full final model-suite importance,AE-FEAT-IMPORT-001R base ratio subset plus 06B/004R evidence for cash_div_cf; macro point-in-time controls excluded,6
AE-FEAT-IMPORT-005R,pit_ratio_log_odds_rebuild_20260602_gbm,fund,permanent_csi,ebit_roa,point_in_time_ratios,computed,143173,0.03732692819908748,0.036944719717032885,0.0396142990367215,-0.012411873023510914,0.0,0.12762236926735462,1e-06,deterministic_individual_feature_permutation_within_cv_block,initial_train_1993_2001;cv_fold2_2002_2006;cv_fold3_2007_2010;cv_fold4_holdout_2011_2015,20260602,03_Data_Output\10_FeatureImportance\predictor_workspace\rebuild_20260602_gbm\3_Modelling_Results\Necessary\permanent_csi\AutoGluon\ag_fund\ag_predictor,WeightedEnsemble_L2,bounded GBM-only predictor workspace; not full final model-suite importance,AE-FEAT-IMPORT-001R base ratio subset plus 06B/004R evidence for cash_div_cf; macro point-in-time controls excluded,7
AE-FEAT-IMPORT-005R,pit_ratio_log_odds_rebuild_20260602_gbm,fund,permanent_csi,ocf_margin,point_in_time_ratios,computed,143173,0.03732692819908748,0.03627439392854219,0.026709226957742593,0.004943156356254954,0.0,0.09223353033127037,1e-06,deterministic_individual_feature_permutation_within_cv_block,initial_train_1993_2001;cv_fold2_2002_2006;cv_fold3_2007_2010;cv_fold4_holdout_2011_2015,20260602,03_Data_Output\10_FeatureImportance\predictor_workspace\rebuild_20260602_gbm\3_Modelling_Results\Necessary\permanent_csi\AutoGluon\ag_fund\ag_predictor,WeightedEnsemble_L2,bounded GBM-only predictor workspace; not full final model-suite importance,AE-FEAT-IMPORT-001R base ratio subset plus 06B/004R evidence for cash_div_cf; macro point-in-time controls excluded,8
AE-FEAT-IMPORT-005R,pit_ratio_log_odds_rebuild_20260602_gbm,fund,permanent_csi,roe,point_in_time_ratios,computed,143173,0.03732692819908748,0.03715439758937765,0.022378462926205836,-0.0064115235061049,0.007617326103608768,0.06910738031328183,1e-06,deterministic_individual_feature_permutation_within_cv_block,initial_train_1993_2001;cv_fold2_2002_2006;cv_fold3_2007_2010;cv_fold4_holdout_2011_2015,20260602,03_Data_Output\10_FeatureImportance\predictor_workspace\rebuild_20260602_gbm\3_Modelling_Results\Necessary\permanent_csi\AutoGluon\ag_fund\ag_predictor,WeightedEnsemble_L2,bounded GBM-only predictor workspace; not full final model-suite importance,AE-FEAT-IMPORT-001R base ratio subset plus 06B/004R evidence for cash_div_cf; macro point-in-time controls excluded,9
AE-FEAT-IMPORT-005R,pit_ratio_log_odds_rebuild_20260602_gbm,fund,permanent_csi,ni_per_emp,point_in_time_ratios,computed,143173,0.03732692819908748,0.037344465755293745,0.01770089393009964,-0.011460288696573827,0.0,0.07424157715093571,1e-06,deterministic_individual_feature_permutation_within_cv_block,initial_train_1993_2001;cv_fold2_2002_2006;cv_fold3_2007_2010;cv_fold4_holdout_2011_2015,20260602,03_Data_Output\10_FeatureImportance\predictor_workspace\rebuild_20260602_gbm\3_Modelling_Results\Necessary\permanent_csi\AutoGluon\ag_fund\ag_predictor,WeightedEnsemble_L2,bounded GBM-only predictor workspace; not full final model-suite importance,AE-FEAT-IMPORT-001R base ratio subset plus 06B/004R evidence for cash_div_cf; macro point-in-time controls excluded,10
AE-FEAT-IMPORT-005R,pit_ratio_log_odds_rebuild_20260602_gbm,fund,permanent_csi,bp_ratio,point_in_time_ratios,computed,143173,0.03732692819908748,0.03714613185340921,0.014018035219280174,0.0007737195833772289,0.0,0.049903188025452926,1e-06,deterministic_individual_feature_permutation_within_cv_block,initial_train_1993_2001;cv_fold2_2002_2006;cv_fold3_2007_2010;cv_fold4_holdout_2011_2015,20260602,03_Data_Output\10_FeatureImportance\predictor_workspace\rebuild_20260602_gbm\3_Modelling_Results\Necessary\permanent_csi\AutoGluon\ag_fund\ag_predictor,WeightedEnsemble_L2,bounded GBM-only predictor workspace; not full final model-suite importance,AE-FEAT-IMPORT-001R base ratio subset plus 06B/004R evidence for cash_div_cf; macro point-in-time controls excluded,11
AE-FEAT-IMPORT-005R,pit_ratio_log_odds_rebuild_20260602_gbm,fund,permanent_csi,net_debt_ebitda,point_in_time_ratios,computed,143173,0.03732692819908748,0.03715853333226651,0.011268582636668266,-0.0015445678699824914,0.0,0.039694416154195535,1e-06,deterministic_individual_feature_permutation_within_cv_block,initial_train_1993_2001;cv_fold2_2002_2006;cv_fold3_2007_2010;cv_fold4_holdout_2011_2015,20260602,03_Data_Output\10_FeatureImportance\predictor_workspace\rebuild_20260602_gbm\3_Modelling_Results\Necessary\permanent_csi\AutoGluon\ag_fund\ag_predictor,WeightedEnsemble_L2,bounded GBM-only predictor workspace; not full final model-suite importance,AE-FEAT-IMPORT-001R base ratio subset plus 06B/004R evidence for cash_div_cf; macro point-in-time controls excluded,12
AE-FEAT-IMPORT-005R,pit_ratio_log_odds_rebuild_20260602_gbm,fund,permanent_csi,current_ratio,point_in_time_ratios,computed,143173,0.03732692819908748,0.03722744873443815,0.010743233139163057,-0.0009412971194268495,0.0,0.0391722083896779,1e-06,deterministic_individual_feature_permutation_within_cv_block,initial_train_1993_2001;cv_fold2_2002_2006;cv_fold3_2007_2010;cv_fold4_holdout_2011_2015,20260602,03_Data_Output\10_FeatureImportance\predictor_workspace\rebuild_20260602_gbm\3_Modelling_Results\Necessary\permanent_csi\AutoGluon\ag_fund\ag_predictor,WeightedEnsemble_L2,bounded GBM-only predictor workspace; not full final model-suite importance,AE-FEAT-IMPORT-001R base ratio subset plus 06B/004R evidence for cash_div_cf; macro point-in-time controls excluded,13
AE-FEAT-IMPORT-005R,pit_ratio_log_odds_rebuild_20260602_gbm,fund,permanent_csi,cash_pct_act,point_in_time_ratios,computed,143173,0.03732692819908748,0.037352286000939185,0.010083747563145737,-0.0023890370631777912,0.0,0.03785856837449293,1e-06,deterministic_individual_feature_permutation_within_cv_block,initial_train_1993_2001;cv_fold2_2002_2006;cv_fold3_2007_2010;cv_fold4_holdout_2011_2015,20260602,03_Data_Output\10_FeatureImportance\predictor_workspace\rebuild_20260602_gbm\3_Modelling_Results\Necessary\permanent_csi\AutoGluon\ag_fund\ag_predictor,WeightedEnsemble_L2,bounded GBM-only predictor workspace; not full final model-suite importance,AE-FEAT-IMPORT-001R base ratio subset plus 06B/004R evidence for cash_div_cf; macro point-in-time controls excluded,14
AE-FEAT-IMPORT-005R,pit_ratio_log_odds_rebuild_20260602_gbm,fund,permanent_csi,wcap_ratio,point_in_time_ratios,computed,143173,0.03732692819908748,0.03727227110749703,0.009412869812875098,-0.000853916471925542,0.0,0.03337593977334885,1e-06,deterministic_individual_feature_permutation_within_cv_block,initial_train_1993_2001;cv_fold2_2002_2006;cv_fold3_2007_2010;cv_fold4_holdout_2011_2015,20260602,03_Data_Output\10_FeatureImportance\predictor_workspace\rebuild_20260602_gbm\3_Modelling_Results\Necessary\permanent_csi\AutoGluon\ag_fund\ag_predictor,WeightedEnsemble_L2,bounded GBM-only predictor workspace; not full final model-suite importance,AE-FEAT-IMPORT-001R base ratio subset plus 06B/004R evidence for cash_div_cf; macro point-in-time controls excluded,15
AE-FEAT-IMPORT-005R,pit_ratio_log_odds_rebuild_20260602_gbm,fund,permanent_csi,altman_z,point_in_time_ratios,computed,143173,0.03732692819908748,0.03722667829341173,0.00936887342407595,-0.001967065717273759,0.0,0.039667699547215385,1e-06,deterministic_individual_feature_permutation_within_cv_block,initial_train_1993_2001;cv_fold2_2002_2006;cv_fold3_2007_2010;cv_fold4_holdout_2011_2015,20260602,03_Data_Output\10_FeatureImportance\predictor_workspace\rebuild_20260602_gbm\3_Modelling_Results\Necessary\permanent_csi\AutoGluon\ag_fund\ag_predictor,WeightedEnsemble_L2,bounded GBM-only predictor workspace; not full final model-suite importance,AE-FEAT-IMPORT-001R base ratio subset plus 06B/004R evidence for cash_div_cf; macro point-in-time controls excluded,16
AE-FEAT-IMPORT-005R,pit_ratio_log_odds_rebuild_20260602_gbm,fund,permanent_csi,altman_z4,point_in_time_ratios,computed,143173,0.03732692819908748,0.037165113611952474,0.009097177532336374,0.0009517972501623195,0.0,0.027728886939654362,1e-06,deterministic_individual_feature_permutation_within_cv_block,initial_train_1993_2001;cv_fold2_2002_2006;cv_fold3_2007_2010;cv_fold4_holdout_2011_2015,20260602,03_Data_Output\10_FeatureImportance\predictor_workspace\rebuild_20260602_gbm\3_Modelling_Results\Necessary\permanent_csi\AutoGluon\ag_fund\ag_predictor,WeightedEnsemble_L2,bounded GBM-only predictor workspace; not full final model-suite importance,AE-FEAT-IMPORT-001R base ratio subset plus 06B/004R evidence for cash_div_cf; macro point-in-time controls excluded,17
AE-FEAT-IMPORT-005R,pit_ratio_log_odds_rebuild_20260602_gbm,fund,permanent_csi,quick_ratio,point_in_time_ratios,computed,143173,0.03732692819908748,0.03721752251640383,0.008739444346193316,-0.0002548098229523572,0.0,0.023049626500006682,1e-06,deterministic_individual_feature_permutation_within_cv_block,initial_train_1993_2001;cv_fold2_2002_2006;cv_fold3_2007_2010;cv_fold4_holdout_2011_2015,20260602,03_Data_Output\10_FeatureImportance\predictor_workspace\rebuild_20260602_gbm\3_Modelling_Results\Necessary\permanent_csi\AutoGluon\ag_fund\ag_predictor,WeightedEnsemble_L2,bounded GBM-only predictor workspace; not full final model-suite importance,AE-FEAT-IMPORT-001R base ratio subset plus 06B/004R evidence for cash_div_cf; macro point-in-time controls excluded,18
AE-FEAT-IMPORT-005R,pit_ratio_log_odds_rebuild_20260602_gbm,fund,permanent_csi,invest_st_ratio,point_in_time_ratios,computed,143173,0.03732692819908748,0.03758254138874023,0.007964089017556889,-0.0030276961430585306,0.0,0.018810728862714222,1e-06,deterministic_individual_feature_permutation_within_cv_block,initial_train_1993_2001;cv_fold2_2002_2006;cv_fold3_2007_2010;cv_fold4_holdout_2011_2015,20260602,03_Data_Output\10_FeatureImportance\predictor_workspace\rebuild_20260602_gbm\3_Modelling_Results\Necessary\permanent_csi\AutoGluon\ag_fund\ag_predictor,WeightedEnsemble_L2,bounded GBM-only predictor workspace; not full final model-suite importance,AE-FEAT-IMPORT-001R base ratio subset plus 06B/004R evidence for cash_div_cf; macro point-in-time controls excluded,19
AE-FEAT-IMPORT-005R,pit_ratio_log_odds_rebuild_20260602_gbm,fund,permanent_csi,rd_intensity,point_in_time_ratios,computed,143173,0.03732692819908748,0.0377902494990785,0.007842693437710917,-0.004504510704274895,0.0,0.023331995742142377,1e-06,deterministic_individual_feature_permutation_within_cv_block,initial_train_1993_2001;cv_fold2_2002_2006;cv_fold3_2007_2010;cv_fold4_holdout_2011_2015,20260602,03_Data_Output\10_FeatureImportance\predictor_workspace\rebuild_20260602_gbm\3_Modelling_Results\Necessary\permanent_csi\AutoGluon\ag_fund\ag_predictor,WeightedEnsemble_L2,bounded GBM-only predictor workspace; not full final model-suite importance,AE-FEAT-IMPORT-001R base ratio subset plus 06B/004R evidence for cash_div_cf; macro point-in-time controls excluded,20
AE-FEAT-IMPORT-005R,pit_ratio_log_odds_rebuild_20260602_gbm,fund,permanent_csi,reinvest_rate,point_in_time_ratios,computed,143173,0.03732692819908748,0.03704656367042977,0.005979452899348548,0.0018911221464519288,0.0,0.023642705096304263,1e-06,deterministic_individual_feature_permutation_within_cv_block,initial_train_1993_2001;cv_fold2_2002_2006;cv_fold3_2007_2010;cv_fold4_holdout_2011_2015,20260602,03_Data_Output\10_FeatureImportance\predictor_workspace\rebuild_20260602_gbm\3_Modelling_Results\Necessary\permanent_csi\AutoGluon\ag_fund\ag_predictor,WeightedEnsemble_L2,bounded GBM-only predictor workspace; not full final model-suite importance,AE-FEAT-IMPORT-001R base ratio subset plus 06B/004R evidence for cash_div_cf; macro point-in-time controls excluded,21
AE-FEAT-IMPORT-005R,pit_ratio_log_odds_rebuild_20260602_gbm,fund,permanent_csi,mkt_to_book,point_in_time_ratios,computed,143173,0.03732692819908748,0.037326027152115374,0.005020619407314306,-0.0014779842696804899,0.0,0.01349698196170035,1e-06,deterministic_individual_feature_permutation_within_cv_block,initial_train_1993_2001;cv_fold2_2002_2006;cv_fold3_2007_2010;cv_fold4_holdout_2011_2015,20260602,03_Data_Output\10_FeatureImportance\predictor_workspace\rebuild_20260602_gbm\3_Modelling_Results\Necessary\permanent_csi\AutoGluon\ag_fund\ag_predictor,WeightedEnsemble_L2,bounded GBM-only predictor workspace; not full final model-suite importance,AE-FEAT-IMPORT-001R base ratio subset plus 06B/004R evidence for cash_div_cf; macro point-in-time controls excluded,22
AE-FEAT-IMPORT-005R,pit_ratio_log_odds_rebuild_20260602_gbm,fund,permanent_csi,ebitda_margin,point_in_time_ratios,computed,143173,0.03732692819908748,0.03718390101765082,0.003777665108385875,0.0007773996378374302,0.0,0.01643352803832663,1e-06,deterministic_individual_feature_permutation_within_cv_block,initial_train_1993_2001;cv_fold2_2002_2006;cv_fold3_2007_2010;cv_fold4_holdout_2011_2015,20260602,03_Data_Output\10_FeatureImportance\predictor_workspace\rebuild_20260602_gbm\3_Modelling_Results\Necessary\permanent_csi\AutoGluon\ag_fund\ag_predictor,WeightedEnsemble_L2,bounded GBM-only predictor workspace; not full final model-suite importance,AE-FEAT-IMPORT-001R base ratio subset plus 06B/004R evidence for cash_div_cf; macro point-in-time controls excluded,23
AE-FEAT-IMPORT-005R,pit_ratio_log_odds_rebuild_20260602_gbm,fund,permanent_csi,log_mkvalt,point_in_time_ratios,computed,143173,0.03732692819908748,0.037284142465690374,0.0031782943055487884,-0.0002014287181140442,0.0,0.012014362520405086,1e-06,deterministic_individual_feature_permutation_within_cv_block,initial_train_1993_2001;cv_fold2_2002_2006;cv_fold3_2007_2010;cv_fold4_holdout_2011_2015,20260602,03_Data_Output\10_FeatureImportance\predictor_workspace\rebuild_20260602_gbm\3_Modelling_Results\Necessary\permanent_csi\AutoGluon\ag_fund\ag_predictor,WeightedEnsemble_L2,bounded GBM-only predictor workspace; not full final model-suite importance,AE-FEAT-IMPORT-001R base ratio subset plus 06B/004R evidence for cash_div_cf; macro point-in-time controls excluded,24
AE-FEAT-IMPORT-005R,pit_ratio_log_odds_rebuild_20260602_gbm,fund,permanent_csi,ev_to_sales,point_in_time_ratios,computed,143173,0.03732692819908748,0.037347125506264164,0.002874990047109505,-0.0003062475273171485,0.0,0.0,1e-06,deterministic_individual_feature_permutation_within_cv_block,initial_train_1993_2001;cv_fold2_2002_2006;cv_fold3_2007_2010;cv_fold4_holdout_2011_2015,20260602,03_Data_Output\10_FeatureImportance\predictor_workspace\rebuild_20260602_gbm\3_Modelling_Results\Necessary\permanent_csi\AutoGluon\ag_fund\ag_predictor,WeightedEnsemble_L2,bounded GBM-only predictor workspace; not full final model-suite importance,AE-FEAT-IMPORT-001R base ratio subset plus 06B/004R evidence for cash_div_cf; macro point-in-time controls excluded,25
AE-FEAT-IMPORT-005R,pit_ratio_log_odds_rebuild_20260602_gbm,fund,permanent_csi,accruals_ratio,point_in_time_ratios,computed,143173,0.03732692819908748,0.03739175022352176,0.002427073799082518,-0.0002706215273066631,0.0,0.0,1e-06,deterministic_individual_feature_permutation_within_cv_block,initial_train_1993_2001;cv_fold2_2002_2006;cv_fold3_2007_2010;cv_fold4_holdout_2011_2015,20260602,03_Data_Output\10_FeatureImportance\predictor_workspace\rebuild_20260602_gbm\3_Modelling_Results\Necessary\permanent_csi\AutoGluon\ag_fund\ag_predictor,WeightedEnsemble_L2,bounded GBM-only predictor workspace; not full final model-suite importance,AE-FEAT-IMPORT-001R base ratio subset plus 06B/004R evidence for cash_div_cf; macro point-in-time controls excluded,26
AE-FEAT-IMPORT-005R,pit_ratio_log_odds_rebuild_20260602_gbm,fund,permanent_csi,gross_margin,point_in_time_ratios,computed,143173,0.03732692819908748,0.037309286972481114,0.002097779590556031,-1.045952517321457e-05,0.0,0.0,1e-06,deterministic_individual_feature_permutation_within_cv_block,initial_train_1993_2001;cv_fold2_2002_2006;cv_fold3_2007_2010;cv_fold4_holdout_2011_2015,20260602,03_Data_Output\10_FeatureImportance\predictor_workspace\rebuild_20260602_gbm\3_Modelling_Results\Necessary\permanent_csi\AutoGluon\ag_fund\ag_predictor,WeightedEnsemble_L2,bounded GBM-only predictor workspace; not full final model-suite importance,AE-FEAT-IMPORT-001R base ratio subset plus 06B/004R evidence for cash_div_cf; macro point-in-time controls excluded,27
AE-FEAT-IMPORT-005R,pit_ratio_log_odds_rebuild_20260602_gbm,fund,permanent_csi,asset_turnover,point_in_time_ratios,computed,143173,0.03732692819908748,0.03730075299698122,0.0020587842430442012,7.997001391937849e-05,0.0,0.0,1e-06,deterministic_individual_feature_permutation_within_cv_block,initial_train_1993_2001;cv_fold2_2002_2006;cv_fold3_2007_2010;cv_fold4_holdout_2011_2015,20260602,03_Data_Output\10_FeatureImportance\predictor_workspace\rebuild_20260602_gbm\3_Modelling_Results\Necessary\permanent_csi\AutoGluon\ag_fund\ag_predictor,WeightedEnsemble_L2,bounded GBM-only predictor workspace; not full final model-suite importance,AE-FEAT-IMPORT-001R base ratio subset plus 06B/004R evidence for cash_div_cf; macro point-in-time controls excluded,28
AE-FEAT-IMPORT-005R,pit_ratio_log_odds_rebuild_20260602_gbm,fund,permanent_csi,std_debt_pct,point_in_time_ratios,computed,143173,0.03732692819908748,0.03731844512291978,0.0017054334111518792,-0.00016836970755608618,0.0,0.0,1e-06,deterministic_individual_feature_permutation_within_cv_block,initial_train_1993_2001;cv_fold2_2002_2006;cv_fold3_2007_2010;cv_fold4_holdout_2011_2015,20260602,03_Data_Output\10_FeatureImportance\predictor_workspace\rebuild_20260602_gbm\3_Modelling_Results\Necessary\permanent_csi\AutoGluon\ag_fund\ag_predictor,WeightedEnsemble_L2,bounded GBM-only predictor workspace; not full final model-suite importance,AE-FEAT-IMPORT-001R base ratio subset plus 06B/004R evidence for cash_div_cf; macro point-in-time controls excluded,29
AE-FEAT-IMPORT-005R,pit_ratio_log_odds_rebuild_20260602_gbm,fund,permanent_csi,leverage,point_in_time_ratios,computed,143173,0.03732692819908748,0.03732507683203977,0.0015396464473496447,-0.0001247343218573109,0.0,0.0,1e-06,deterministic_individual_feature_permutation_within_cv_block,initial_train_1993_2001;cv_fold2_2002_2006;cv_fold3_2007_2010;cv_fold4_holdout_2011_2015,20260602,03_Data_Output\10_FeatureImportance\predictor_workspace\rebuild_20260602_gbm\3_Modelling_Results\Necessary\permanent_csi\AutoGluon\ag_fund\ag_predictor,WeightedEnsemble_L2,bounded GBM-only predictor workspace; not full final model-suite importance,AE-FEAT-IMPORT-001R base ratio subset plus 06B/004R evidence for cash_div_cf; macro point-in-time controls excluded,30
AE-FEAT-IMPORT-005R,pit_ratio_log_odds_rebuild_20260602_gbm,fund,permanent_csi,capex_intensity,point_in_time_ratios,computed,143173,0.03732692819908748,0.0373295585711769,0.0007963131975818957,-0.00010524191857662444,0.0,0.0,1e-06,deterministic_individual_feature_permutation_within_cv_block,initial_train_1993_2001;cv_fold2_2002_2006;cv_fold3_2007_2010;cv_fold4_holdout_2011_2015,20260602,03_Data_Output\10_FeatureImportance\predictor_workspace\rebuild_20260602_gbm\3_Modelling_Results\Necessary\permanent_csi\AutoGluon\ag_fund\ag_predictor,WeightedEnsemble_L2,bounded GBM-only predictor workspace; not full final model-suite importance,AE-FEAT-IMPORT-001R base ratio subset plus 06B/004R evidence for cash_div_cf; macro point-in-time controls excluded,31
AE-FEAT-IMPORT-005R,pit_ratio_log_odds_rebuild_20260602_gbm,fund,permanent_csi,log_at,point_in_time_ratios,computed,143173,0.03732692819908748,0.037327007317691105,0.0006567407252808221,-0.0002230703147993278,0.0,0.0,1e-06,deterministic_individual_feature_permutation_within_cv_block,initial_train_1993_2001;cv_fold2_2002_2006;cv_fold3_2007_2010;cv_fold4_holdout_2011_2015,20260602,03_Data_Output\10_FeatureImportance\predictor_workspace\rebuild_20260602_gbm\3_Modelling_Results\Necessary\permanent_csi\AutoGluon\ag_fund\ag_predictor,WeightedEnsemble_L2,bounded GBM-only predictor workspace; not full final model-suite importance,AE-FEAT-IMPORT-001R base ratio subset plus 06B/004R evidence for cash_div_cf; macro point-in-time controls excluded,32
AE-FEAT-IMPORT-005R,pit_ratio_log_odds_rebuild_20260602_gbm,fund,permanent_csi,rental_ratio,point_in_time_ratios,computed,143173,0.03732692819908748,0.037284419164989986,0.0006036310464933907,0.00017439426518622674,0.0,0.0,1e-06,deterministic_individual_feature_permutation_within_cv_block,initial_train_1993_2001;cv_fold2_2002_2006;cv_fold3_2007_2010;cv_fold4_holdout_2011_2015,20260602,03_Data_Output\10_FeatureImportance\predictor_workspace\rebuild_20260602_gbm\3_Modelling_Results\Necessary\permanent_csi\AutoGluon\ag_fund\ag_predictor,WeightedEnsemble_L2,bounded GBM-only predictor workspace; not full final model-suite importance,AE-FEAT-IMPORT-001R base ratio subset plus 06B/004R evidence for cash_div_cf; macro point-in-time controls excluded,33
AE-FEAT-IMPORT-005R,pit_ratio_log_odds_rebuild_20260602_gbm,fund,permanent_csi,dd1_ratio,point_in_time_ratios,computed,143173,0.03732692819908748,0.037315158992137415,0.00045194175557359444,9.502606384471366e-05,0.0,0.0,1e-06,deterministic_individual_feature_permutation_within_cv_block,initial_train_1993_2001;cv_fold2_2002_2006;cv_fold3_2007_2010;cv_fold4_holdout_2011_2015,20260602,03_Data_Output\10_FeatureImportance\predictor_workspace\rebuild_20260602_gbm\3_Modelling_Results\Necessary\permanent_csi\AutoGluon\ag_fund\ag_predictor,WeightedEnsemble_L2,bounded GBM-only predictor workspace; not full final model-suite importance,AE-FEAT-IMPORT-001R base ratio subset plus 06B/004R evidence for cash_div_cf; macro point-in-time controls excluded,34
AE-FEAT-IMPORT-005R,pit_ratio_log_odds_rebuild_20260602_gbm,fund,permanent_csi,log_emp,point_in_time_ratios,computed,143173,0.03732692819908748,0.037328925370254694,0.0002404333053250795,2.8889490033175236e-05,0.0,0.0,1e-06,deterministic_individual_feature_permutation_within_cv_block,initial_train_1993_2001;cv_fold2_2002_2006;cv_fold3_2007_2010;cv_fold4_holdout_2011_2015,20260602,03_Data_Output\10_FeatureImportance\predictor_workspace\rebuild_20260602_gbm\3_Modelling_Results\Necessary\permanent_csi\AutoGluon\ag_fund\ag_predictor,WeightedEnsemble_L2,bounded GBM-only predictor workspace; not full final model-suite importance,AE-FEAT-IMPORT-001R base ratio subset plus 06B/004R evidence for cash_div_cf; macro point-in-time controls excluded,35
AE-FEAT-IMPORT-005R,pit_ratio_log_odds_rebuild_20260602_gbm,fund,permanent_csi,compr_inc_ratio,point_in_time_ratios,computed,143173,0.03732692819908748,0.03732852593174104,0.00021736930080552605,-7.139187610001497e-05,0.0,0.0,1e-06,deterministic_individual_feature_permutation_within_cv_block,initial_train_1993_2001;cv_fold2_2002_2006;cv_fold3_2007_2010;cv_fold4_holdout_2011_2015,20260602,03_Data_Output\10_FeatureImportance\predictor_workspace\rebuild_20260602_gbm\3_Modelling_Results\Necessary\permanent_csi\AutoGluon\ag_fund\ag_predictor,WeightedEnsemble_L2,bounded GBM-only predictor workspace; not full final model-suite importance,AE-FEAT-IMPORT-001R base ratio subset plus 06B/004R evidence for cash_div_cf; macro point-in-time controls excluded,36
AE-FEAT-IMPORT-005R,pit_ratio_log_odds_rebuild_20260602_gbm,fund,permanent_csi,min_int_tcap,point_in_time_ratios,computed,143173,0.03732692819908748,0.03732612331565306,0.00021060734357011441,5.280316267092665e-06,0.0,0.0,1e-06,deterministic_individual_feature_permutation_within_cv_block,initial_train_1993_2001;cv_fold2_2002_2006;cv_fold3_2007_2010;cv_fold4_holdout_2011_2015,20260602,03_Data_Output\10_FeatureImportance\predictor_workspace\rebuild_20260602_gbm\3_Modelling_Results\Necessary\permanent_csi\AutoGluon\ag_fund\ag_predictor,WeightedEnsemble_L2,bounded GBM-only predictor workspace; not full final model-suite importance,AE-FEAT-IMPORT-001R base ratio subset plus 06B/004R evidence for cash_div_cf; macro point-in-time controls excluded,37
AE-FEAT-IMPORT-005R,pit_ratio_log_odds_rebuild_20260602_gbm,fund,permanent_csi,cash_div_cf,point_in_time_ratios,computed,143173,0.03732692819908748,0.03733058404971705,0.00017114044982645803,-3.184009053867728e-05,0.0,0.0,1e-06,deterministic_individual_feature_permutation_within_cv_block,initial_train_1993_2001;cv_fold2_2002_2006;cv_fold3_2007_2010;cv_fold4_holdout_2011_2015,20260602,03_Data_Output\10_FeatureImportance\predictor_workspace\rebuild_20260602_gbm\3_Modelling_Results\Necessary\permanent_csi\AutoGluon\ag_fund\ag_predictor,WeightedEnsemble_L2,bounded GBM-only predictor workspace; not full final model-suite importance,AE-FEAT-IMPORT-001R base ratio subset plus 06B/004R evidence for cash_div_cf; macro point-in-time controls excluded,38
AE-FEAT-IMPORT-005R,pit_ratio_log_odds_rebuild_20260602_gbm,fund,permanent_csi,eff_int_rate,point_in_time_ratios,computed,143173,0.03732692819908748,0.03733366499967248,0.00010569765976927556,-6.003627138977347e-05,0.0,0.0,1e-06,deterministic_individual_feature_permutation_within_cv_block,initial_train_1993_2001;cv_fold2_2002_2006;cv_fold3_2007_2010;cv_fold4_holdout_2011_2015,20260602,03_Data_Output\10_FeatureImportance\predictor_workspace\rebuild_20260602_gbm\3_Modelling_Results\Necessary\permanent_csi\AutoGluon\ag_fund\ag_predictor,WeightedEnsemble_L2,bounded GBM-only predictor workspace; not full final model-suite importance,AE-FEAT-IMPORT-001R base ratio subset plus 06B/004R evidence for cash_div_cf; macro point-in-time controls excluded,39
AE-FEAT-IMPORT-005R,pit_ratio_log_odds_rebuild_20260602_gbm,fund,permanent_csi,assets_per_emp,point_in_time_ratios,computed,143173,0.03732692819908748,0.03732710176955856,3.962574560727609e-05,-3.1700605817174432e-06,0.0,0.0,1e-06,deterministic_individual_feature_permutation_within_cv_block,initial_train_1993_2001;cv_fold2_2002_2006;cv_fold3_2007_2010;cv_fold4_holdout_2011_2015,20260602,03_Data_Output\10_FeatureImportance\predictor_workspace\rebuild_20260602_gbm\3_Modelling_Results\Necessary\permanent_csi\AutoGluon\ag_fund\ag_predictor,WeightedEnsemble_L2,bounded GBM-only predictor workspace; not full final model-suite importance,AE-FEAT-IMPORT-001R base ratio subset plus 06B/004R evidence for cash_div_cf; macro point-in-time controls excluded,40
AE-FEAT-IMPORT-005R,pit_ratio_log_odds_rebuild_20260602_gbm,fund,permanent_csi,div_yield,point_in_time_ratios,computed,143173,0.03732692819908748,0.03732692819908748,0.0,0.0,0.0,0.0,1e-06,deterministic_individual_feature_permutation_within_cv_block,initial_train_1993_2001;cv_fold2_2002_2006;cv_fold3_2007_2010;cv_fold4_holdout_2011_2015,20260602,03_Data_Output\10_FeatureImportance\predictor_workspace\rebuild_20260602_gbm\3_Modelling_Results\Necessary\permanent_csi\AutoGluon\ag_fund\ag_predictor,WeightedEnsemble_L2,bounded GBM-only predictor workspace; not full final model-suite importance,AE-FEAT-IMPORT-001R base ratio subset plus 06B/004R evidence for cash_div_cf; macro point-in-time controls excluded,41
AE-FEAT-IMPORT-005R,pit_ratio_log_odds_rebuild_20260602_gbm,raw,permanent_csi,earn_yld,point_in_time_ratios,computed,143173,0.03684166266980283,0.034706210973076884,0.20390425013020352,-0.06856343366744888,0.06111643101999231,0.623554955818812,1e-06,deterministic_individual_feature_permutation_within_cv_block,initial_train_1993_2001;cv_fold2_2002_2006;cv_fold3_2007_2010;cv_fold4_holdout_2011_2015,20260602,03_Data_Output\10_FeatureImportance\predictor_workspace\rebuild_20260602_gbm\3_Modelling_Results\Necessary\permanent_csi\AutoGluon\ag_raw\ag_predictor,WeightedEnsemble_L2,bounded GBM-only predictor workspace; not full final model-suite importance,AE-FEAT-IMPORT-001R base ratio subset plus 06B/004R evidence for cash_div_cf; macro point-in-time controls excluded,1
AE-FEAT-IMPORT-005R,pit_ratio_log_odds_rebuild_20260602_gbm,raw,permanent_csi,ocf_per_share,point_in_time_ratios,computed,143173,0.03684166266980283,0.03572446605843191,0.08585725586262763,-0.017666396607286396,0.04688487344861958,0.2172224302059714,1e-06,deterministic_individual_feature_permutation_within_cv_block,initial_train_1993_2001;cv_fold2_2002_2006;cv_fold3_2007_2010;cv_fold4_holdout_2011_2015,20260602,03_Data_Output\10_FeatureImportance\predictor_workspace\rebuild_20260602_gbm\3_Modelling_Results\Necessary\permanent_csi\AutoGluon\ag_raw\ag_predictor,WeightedEnsemble_L2,bounded GBM-only predictor workspace; not full final model-suite importance,AE-FEAT-IMPORT-001R base ratio subset plus 06B/004R evidence for cash_div_cf; macro point-in-time controls excluded,2
AE-FEAT-IMPORT-005R,pit_ratio_log_odds_rebuild_20260602_gbm,raw,permanent_csi,altman_z2,point_in_time_ratios,computed,143173,0.03684166266980283,0.03456247331954138,0.08496430795711796,0.0030901512882981815,0.04562526551293189,0.22014479066229298,1e-06,deterministic_individual_feature_permutation_within_cv_block,initial_train_1993_2001;cv_fold2_2002_2006;cv_fold3_2007_2010;cv_fold4_holdout_2011_2015,20260602,03_Data_Output\10_FeatureImportance\predictor_workspace\rebuild_20260602_gbm\3_Modelling_Results\Necessary\permanent_csi\AutoGluon\ag_raw\ag_predictor,WeightedEnsemble_L2,bounded GBM-only predictor workspace; not full final model-suite importance,AE-FEAT-IMPORT-001R base ratio subset plus 06B/004R evidence for cash_div_cf; macro point-in-time controls excluded,3
AE-FEAT-IMPORT-005R,pit_ratio_log_odds_rebuild_20260602_gbm,raw,permanent_csi,ocf_margin,point_in_time_ratios,computed,143173,0.03684166266980283,0.03571480268327597,0.054099966150079594,-0.007983667156609567,0.004111220686238148,0.16909708078622834,1e-06,deterministic_individual_feature_permutation_within_cv_block,initial_train_1993_2001;cv_fold2_2002_2006;cv_fold3_2007_2010;cv_fold4_holdout_2011_2015,20260602,03_Data_Output\10_FeatureImportance\predictor_workspace\rebuild_20260602_gbm\3_Modelling_Results\Necessary\permanent_csi\AutoGluon\ag_raw\ag_predictor,WeightedEnsemble_L2,bounded GBM-only predictor workspace; not full final model-suite importance,AE-FEAT-IMPORT-001R base ratio subset plus 06B/004R evidence for cash_div_cf; macro point-in-time controls excluded,4
AE-FEAT-IMPORT-005R,pit_ratio_log_odds_rebuild_20260602_gbm,raw,permanent_csi,roa,point_in_time_ratios,computed,143173,0.03684166266980283,0.035916730180743435,0.039944611766829057,-0.010089182708810164,0.011368554516946627,0.11999589582948521,1e-06,deterministic_individual_feature_permutation_within_cv_block,initial_train_1993_2001;cv_fold2_2002_2006;cv_fold3_2007_2010;cv_fold4_holdout_2011_2015,20260602,03_Data_Output\10_FeatureImportance\predictor_workspace\rebuild_20260602_gbm\3_Modelling_Results\Necessary\permanent_csi\AutoGluon\ag_raw\ag_predictor,WeightedEnsemble_L2,bounded GBM-only predictor workspace; not full final model-suite importance,AE-FEAT-IMPORT-001R base ratio subset plus 06B/004R evidence for cash_div_cf; macro point-in-time controls excluded,5
AE-FEAT-IMPORT-005R,pit_ratio_log_odds_rebuild_20260602_gbm,raw,permanent_csi,roic,point_in_time_ratios,computed,143173,0.03684166266980283,0.03618998685216167,0.035028242670748846,-0.011562831049548142,0.015137742160544754,0.09252205134557141,1e-06,deterministic_individual_feature_permutation_within_cv_block,initial_train_1993_2001;cv_fold2_2002_2006;cv_fold3_2007_2010;cv_fold4_holdout_2011_2015,20260602,03_Data_Output\10_FeatureImportance\predictor_workspace\rebuild_20260602_gbm\3_Modelling_Results\Necessary\permanent_csi\AutoGluon\ag_raw\ag_predictor,WeightedEnsemble_L2,bounded GBM-only predictor workspace; not full final model-suite importance,AE-FEAT-IMPORT-001R base ratio subset plus 06B/004R evidence for cash_div_cf; macro point-in-time controls excluded,6
AE-FEAT-IMPORT-005R,pit_ratio_log_odds_rebuild_20260602_gbm,raw,permanent_csi,ebit_roa,point_in_time_ratios,computed,143173,0.03684166266980283,0.03594930187747121,0.032242572899842274,-0.007309923008861727,0.007478933072992078,0.0941643982274152,1e-06,deterministic_individual_feature_permutation_within_cv_block,initial_train_1993_2001;cv_fold2_2002_2006;cv_fold3_2007_2010;cv_fold4_holdout_2011_2015,20260602,03_Data_Output\10_FeatureImportance\predictor_workspace\rebuild_20260602_gbm\3_Modelling_Results\Necessary\permanent_csi\AutoGluon\ag_raw\ag_predictor,WeightedEnsemble_L2,bounded GBM-only predictor workspace; not full final model-suite importance,AE-FEAT-IMPORT-001R base ratio subset plus 06B/004R evidence for cash_div_cf; macro point-in-time controls excluded,7
AE-FEAT-IMPORT-005R,pit_ratio_log_odds_rebuild_20260602_gbm,raw,permanent_csi,ni_per_emp,point_in_time_ratios,computed,143173,0.03684166266980283,0.03680529591002229,0.016642722070112227,-0.007493279360549412,0.0,0.051159202022993185,1e-06,deterministic_individual_feature_permutation_within_cv_block,initial_train_1993_2001;cv_fold2_2002_2006;cv_fold3_2007_2010;cv_fold4_holdout_2011_2015,20260602,03_Data_Output\10_FeatureImportance\predictor_workspace\rebuild_20260602_gbm\3_Modelling_Results\Necessary\permanent_csi\AutoGluon\ag_raw\ag_predictor,WeightedEnsemble_L2,bounded GBM-only predictor workspace; not full final model-suite importance,AE-FEAT-IMPORT-001R base ratio subset plus 06B/004R evidence for cash_div_cf; macro point-in-time controls excluded,8
AE-FEAT-IMPORT-005R,pit_ratio_log_odds_rebuild_20260602_gbm,raw,permanent_csi,quick_ratio,point_in_time_ratios,computed,143173,0.03684166266980283,0.03680110266570525,0.01615222842950644,-0.0025881938480039916,0.0021411056031332976,0.048584464975291924,1e-06,deterministic_individual_feature_permutation_within_cv_block,initial_train_1993_2001;cv_fold2_2002_2006;cv_fold3_2007_2010;cv_fold4_holdout_2011_2015,20260602,03_Data_Output\10_FeatureImportance\predictor_workspace\rebuild_20260602_gbm\3_Modelling_Results\Necessary\permanent_csi\AutoGluon\ag_raw\ag_predictor,WeightedEnsemble_L2,bounded GBM-only predictor workspace; not full final model-suite importance,AE-FEAT-IMPORT-001R base ratio subset plus 06B/004R evidence for cash_div_cf; macro point-in-time controls excluded,9
AE-FEAT-IMPORT-005R,pit_ratio_log_odds_rebuild_20260602_gbm,raw,permanent_csi,rd_intensity,point_in_time_ratios,computed,143173,0.03684166266980283,0.03726277433540236,0.015539245738512841,-0.004829776531723066,0.0,0.05549312268407647,1e-06,deterministic_individual_feature_permutation_within_cv_block,initial_train_1993_2001;cv_fold2_2002_2006;cv_fold3_2007_2010;cv_fold4_holdout_2011_2015,20260602,03_Data_Output\10_FeatureImportance\predictor_workspace\rebuild_20260602_gbm\3_Modelling_Results\Necessary\permanent_csi\AutoGluon\ag_raw\ag_predictor,WeightedEnsemble_L2,bounded GBM-only predictor workspace; not full final model-suite importance,AE-FEAT-IMPORT-001R base ratio subset plus 06B/004R evidence for cash_div_cf; macro point-in-time controls excluded,10
AE-FEAT-IMPORT-005R,pit_ratio_log_odds_rebuild_20260602_gbm,raw,permanent_csi,wcap_ratio,point_in_time_ratios,computed,143173,0.03684166266980283,0.03697155556757482,0.014262211339304822,-0.0038893131825580435,0.0,0.0466996932763326,1e-06,deterministic_individual_feature_permutation_within_cv_block,initial_train_1993_2001;cv_fold2_2002_2006;cv_fold3_2007_2010;cv_fold4_holdout_2011_2015,20260602,03_Data_Output\10_FeatureImportance\predictor_workspace\rebuild_20260602_gbm\3_Modelling_Results\Necessary\permanent_csi\AutoGluon\ag_raw\ag_predictor,WeightedEnsemble_L2,bounded GBM-only predictor workspace; not full final model-suite importance,AE-FEAT-IMPORT-001R base ratio subset plus 06B/004R evidence for cash_div_cf; macro point-in-time controls excluded,11
AE-FEAT-IMPORT-005R,pit_ratio_log_odds_rebuild_20260602_gbm,raw,permanent_csi,altman_z,point_in_time_ratios,computed,143173,0.03684166266980283,0.036663129953274365,0.013129999775750969,-0.002041569724274085,0.0,0.033219704952032816,1e-06,deterministic_individual_feature_permutation_within_cv_block,initial_train_1993_2001;cv_fold2_2002_2006;cv_fold3_2007_2010;cv_fold4_holdout_2011_2015,20260602,03_Data_Output\10_FeatureImportance\predictor_workspace\rebuild_20260602_gbm\3_Modelling_Results\Necessary\permanent_csi\AutoGluon\ag_raw\ag_predictor,WeightedEnsemble_L2,bounded GBM-only predictor workspace; not full final model-suite importance,AE-FEAT-IMPORT-001R base ratio subset plus 06B/004R evidence for cash_div_cf; macro point-in-time controls excluded,12
AE-FEAT-IMPORT-005R,pit_ratio_log_odds_rebuild_20260602_gbm,raw,permanent_csi,roe,point_in_time_ratios,computed,143173,0.03684166266980283,0.03640455956204014,0.011797342878194037,3.654141971321268e-05,0.0,0.03884934641340464,1e-06,deterministic_individual_feature_permutation_within_cv_block,initial_train_1993_2001;cv_fold2_2002_2006;cv_fold3_2007_2010;cv_fold4_holdout_2011_2015,20260602,03_Data_Output\10_FeatureImportance\predictor_workspace\rebuild_20260602_gbm\3_Modelling_Results\Necessary\permanent_csi\AutoGluon\ag_raw\ag_predictor,WeightedEnsemble_L2,bounded GBM-only predictor workspace; not full final model-suite importance,AE-FEAT-IMPORT-001R base ratio subset plus 06B/004R evidence for cash_div_cf; macro point-in-time controls excluded,13
AE-FEAT-IMPORT-005R,pit_ratio_log_odds_rebuild_20260602_gbm,raw,permanent_csi,altman_z4,point_in_time_ratios,computed,143173,0.03684166266980283,0.03665784324372125,0.0092694620211936,-0.0009831705371981592,0.0,0.020189589473428977,1e-06,deterministic_individual_feature_permutation_within_cv_block,initial_train_1993_2001;cv_fold2_2002_2006;cv_fold3_2007_2010;cv_fold4_holdout_2011_2015,20260602,03_Data_Output\10_FeatureImportance\predictor_workspace\rebuild_20260602_gbm\3_Modelling_Results\Necessary\permanent_csi\AutoGluon\ag_raw\ag_predictor,WeightedEnsemble_L2,bounded GBM-only predictor workspace; not full final model-suite importance,AE-FEAT-IMPORT-001R base ratio subset plus 06B/004R evidence for cash_div_cf; macro point-in-time controls excluded,14
AE-FEAT-IMPORT-005R,pit_ratio_log_odds_rebuild_20260602_gbm,raw,permanent_csi,invest_st_ratio,point_in_time_ratios,computed,143173,0.03684166266980283,0.03707306190227646,0.00816674125981402,-0.003066005198858733,0.0,0.019697947354451985,1e-06,deterministic_individual_feature_permutation_within_cv_block,initial_train_1993_2001;cv_fold2_2002_2006;cv_fold3_2007_2010;cv_fold4_holdout_2011_2015,20260602,03_Data_Output\10_FeatureImportance\predictor_workspace\rebuild_20260602_gbm\3_Modelling_Results\Necessary\permanent_csi\AutoGluon\ag_raw\ag_predictor,WeightedEnsemble_L2,bounded GBM-only predictor workspace; not full final model-suite importance,AE-FEAT-IMPORT-001R base ratio subset plus 06B/004R evidence for cash_div_cf; macro point-in-time controls excluded,15
AE-FEAT-IMPORT-005R,pit_ratio_log_odds_rebuild_20260602_gbm,raw,permanent_csi,interest_cov,point_in_time_ratios,computed,143173,0.03684166266980283,0.036709231144536496,0.007534908284665276,-0.0006829153395148126,0.0,0.022555938137415195,1e-06,deterministic_individual_feature_permutation_within_cv_block,initial_train_1993_2001;cv_fold2_2002_2006;cv_fold3_2007_2010;cv_fold4_holdout_2011_2015,20260602,03_Data_Output\10_FeatureImportance\predictor_workspace\rebuild_20260602_gbm\3_Modelling_Results\Necessary\permanent_csi\AutoGluon\ag_raw\ag_predictor,WeightedEnsemble_L2,bounded GBM-only predictor workspace; not full final model-suite importance,AE-FEAT-IMPORT-001R base ratio subset plus 06B/004R evidence for cash_div_cf; macro point-in-time controls excluded,16
AE-FEAT-IMPORT-005R,pit_ratio_log_odds_rebuild_20260602_gbm,raw,permanent_csi,log_mkvalt,point_in_time_ratios,computed,143173,0.03684166266980283,0.03649720436555202,0.007457474521064285,0.002910291054755783,0.0,0.01966592720652667,1e-06,deterministic_individual_feature_permutation_within_cv_block,initial_train_1993_2001;cv_fold2_2002_2006;cv_fold3_2007_2010;cv_fold4_holdout_2011_2015,20260602,03_Data_Output\10_FeatureImportance\predictor_workspace\rebuild_20260602_gbm\3_Modelling_Results\Necessary\permanent_csi\AutoGluon\ag_raw\ag_predictor,WeightedEnsemble_L2,bounded GBM-only predictor workspace; not full final model-suite importance,AE-FEAT-IMPORT-001R base ratio subset plus 06B/004R evidence for cash_div_cf; macro point-in-time controls excluded,17
AE-FEAT-IMPORT-005R,pit_ratio_log_odds_rebuild_20260602_gbm,raw,permanent_csi,current_ratio,point_in_time_ratios,computed,143173,0.03684166266980283,0.036809667395803936,0.007373449671633524,-0.0012032566427365057,0.0,0.026800305726436602,1e-06,deterministic_individual_feature_permutation_within_cv_block,initial_train_1993_2001;cv_fold2_2002_2006;cv_fold3_2007_2010;cv_fold4_holdout_2011_2015,20260602,03_Data_Output\10_FeatureImportance\predictor_workspace\rebuild_20260602_gbm\3_Modelling_Results\Necessary\permanent_csi\AutoGluon\ag_raw\ag_predictor,WeightedEnsemble_L2,bounded GBM-only predictor workspace; not full final model-suite importance,AE-FEAT-IMPORT-001R base ratio subset plus 06B/004R evidence for cash_div_cf; macro point-in-time controls excluded,18
AE-FEAT-IMPORT-005R,pit_ratio_log_odds_rebuild_20260602_gbm,raw,permanent_csi,cash_pct_act,point_in_time_ratios,computed,143173,0.03684166266980283,0.036813875988882666,0.006241662837289941,-0.0006004069765916105,0.0,0.018270429183286474,1e-06,deterministic_individual_feature_permutation_within_cv_block,initial_train_1993_2001;cv_fold2_2002_2006;cv_fold3_2007_2010;cv_fold4_holdout_2011_2015,20260602,03_Data_Output\10_FeatureImportance\predictor_workspace\rebuild_20260602_gbm\3_Modelling_Results\Necessary\permanent_csi\AutoGluon\ag_raw\ag_predictor,WeightedEnsemble_L2,bounded GBM-only predictor workspace; not full final model-suite importance,AE-FEAT-IMPORT-001R base ratio subset plus 06B/004R evidence for cash_div_cf; macro point-in-time controls excluded,19
AE-FEAT-IMPORT-005R,pit_ratio_log_odds_rebuild_20260602_gbm,raw,permanent_csi,ebitda_margin,point_in_time_ratios,computed,143173,0.03684166266980283,0.03680019746804999,0.006009071818056097,-0.0030377220298072123,0.0,0.015113269676668928,1e-06,deterministic_individual_feature_permutation_within_cv_block,initial_train_1993_2001;cv_fold2_2002_2006;cv_fold3_2007_2010;cv_fold4_holdout_2011_2015,20260602,03_Data_Output\10_FeatureImportance\predictor_workspace\rebuild_20260602_gbm\3_Modelling_Results\Necessary\permanent_csi\AutoGluon\ag_raw\ag_predictor,WeightedEnsemble_L2,bounded GBM-only predictor workspace; not full final model-suite importance,AE-FEAT-IMPORT-001R base ratio subset plus 06B/004R evidence for cash_div_cf; macro point-in-time controls excluded,20
AE-FEAT-IMPORT-005R,pit_ratio_log_odds_rebuild_20260602_gbm,raw,permanent_csi,reinvest_rate,point_in_time_ratios,computed,143173,0.03684166266980283,0.036565540753920635,0.005813165784474103,0.001304758185479736,0.0,0.019964156005620667,1e-06,deterministic_individual_feature_permutation_within_cv_block,initial_train_1993_2001;cv_fold2_2002_2006;cv_fold3_2007_2010;cv_fold4_holdout_2011_2015,20260602,03_Data_Output\10_FeatureImportance\predictor_workspace\rebuild_20260602_gbm\3_Modelling_Results\Necessary\permanent_csi\AutoGluon\ag_raw\ag_predictor,WeightedEnsemble_L2,bounded GBM-only predictor workspace; not full final model-suite importance,AE-FEAT-IMPORT-001R base ratio subset plus 06B/004R evidence for cash_div_cf; macro point-in-time controls excluded,21
AE-FEAT-IMPORT-005R,pit_ratio_log_odds_rebuild_20260602_gbm,raw,permanent_csi,net_debt_ebitda,point_in_time_ratios,computed,143173,0.03684166266980283,0.03677320059212405,0.005705922015125967,-0.0007410627336377057,0.0,0.016597842522804118,1e-06,deterministic_individual_feature_permutation_within_cv_block,initial_train_1993_2001;cv_fold2_2002_2006;cv_fold3_2007_2010;cv_fold4_holdout_2011_2015,20260602,03_Data_Output\10_FeatureImportance\predictor_workspace\rebuild_20260602_gbm\3_Modelling_Results\Necessary\permanent_csi\AutoGluon\ag_raw\ag_predictor,WeightedEnsemble_L2,bounded GBM-only predictor workspace; not full final model-suite importance,AE-FEAT-IMPORT-001R base ratio subset plus 06B/004R evidence for cash_div_cf; macro point-in-time controls excluded,22
AE-FEAT-IMPORT-005R,pit_ratio_log_odds_rebuild_20260602_gbm,raw,permanent_csi,leverage,point_in_time_ratios,computed,143173,0.03684166266980283,0.03679288979313004,0.0054256197415047,-0.0001576554506317917,0.0,0.01774541532104248,1e-06,deterministic_individual_feature_permutation_within_cv_block,initial_train_1993_2001;cv_fold2_2002_2006;cv_fold3_2007_2010;cv_fold4_holdout_2011_2015,20260602,03_Data_Output\10_FeatureImportance\predictor_workspace\rebuild_20260602_gbm\3_Modelling_Results\Necessary\permanent_csi\AutoGluon\ag_raw\ag_predictor,WeightedEnsemble_L2,bounded GBM-only predictor workspace; not full final model-suite importance,AE-FEAT-IMPORT-001R base ratio subset plus 06B/004R evidence for cash_div_cf; macro point-in-time controls excluded,23
AE-FEAT-IMPORT-005R,pit_ratio_log_odds_rebuild_20260602_gbm,raw,permanent_csi,accruals_ratio,point_in_time_ratios,computed,143173,0.03684166266980283,0.03681463159768819,0.00530677293033992,0.00034467355846141994,0.0,0.011871273885418268,1e-06,deterministic_individual_feature_permutation_within_cv_block,initial_train_1993_2001;cv_fold2_2002_2006;cv_fold3_2007_2010;cv_fold4_holdout_2011_2015,20260602,03_Data_Output\10_FeatureImportance\predictor_workspace\rebuild_20260602_gbm\3_Modelling_Results\Necessary\permanent_csi\AutoGluon\ag_raw\ag_predictor,WeightedEnsemble_L2,bounded GBM-only predictor workspace; not full final model-suite importance,AE-FEAT-IMPORT-001R base ratio subset plus 06B/004R evidence for cash_div_cf; macro point-in-time controls excluded,24
AE-FEAT-IMPORT-005R,pit_ratio_log_odds_rebuild_20260602_gbm,raw,permanent_csi,bp_ratio,point_in_time_ratios,computed,143173,0.03684166266980283,0.03675046385212339,0.0039538686321042,0.00016896908386549906,0.0,0.010037309542363638,1e-06,deterministic_individual_feature_permutation_within_cv_block,initial_train_1993_2001;cv_fold2_2002_2006;cv_fold3_2007_2010;cv_fold4_holdout_2011_2015,20260602,03_Data_Output\10_FeatureImportance\predictor_workspace\rebuild_20260602_gbm\3_Modelling_Results\Necessary\permanent_csi\AutoGluon\ag_raw\ag_predictor,WeightedEnsemble_L2,bounded GBM-only predictor workspace; not full final model-suite importance,AE-FEAT-IMPORT-001R base ratio subset plus 06B/004R evidence for cash_div_cf; macro point-in-time controls excluded,25
AE-FEAT-IMPORT-005R,pit_ratio_log_odds_rebuild_20260602_gbm,raw,permanent_csi,std_debt_pct,point_in_time_ratios,computed,143173,0.03684166266980283,0.03677568006339861,0.003950416372423054,0.0003837162205986206,0.0,0.009729056051217376,1e-06,deterministic_individual_feature_permutation_within_cv_block,initial_train_1993_2001;cv_fold2_2002_2006;cv_fold3_2007_2010;cv_fold4_holdout_2011_2015,20260602,03_Data_Output\10_FeatureImportance\predictor_workspace\rebuild_20260602_gbm\3_Modelling_Results\Necessary\permanent_csi\AutoGluon\ag_raw\ag_predictor,WeightedEnsemble_L2,bounded GBM-only predictor workspace; not full final model-suite importance,AE-FEAT-IMPORT-001R base ratio subset plus 06B/004R evidence for cash_div_cf; macro point-in-time controls excluded,26
AE-FEAT-IMPORT-005R,pit_ratio_log_odds_rebuild_20260602_gbm,raw,permanent_csi,log_emp,point_in_time_ratios,computed,143173,0.03684166266980283,0.0368942608124763,0.003941272754029431,-0.0011309463784478604,0.0,0.010458431495632681,1e-06,deterministic_individual_feature_permutation_within_cv_block,initial_train_1993_2001;cv_fold2_2002_2006;cv_fold3_2007_2010;cv_fold4_holdout_2011_2015,20260602,03_Data_Output\10_FeatureImportance\predictor_workspace\rebuild_20260602_gbm\3_Modelling_Results\Necessary\permanent_csi\AutoGluon\ag_raw\ag_predictor,WeightedEnsemble_L2,bounded GBM-only predictor workspace; not full final model-suite importance,AE-FEAT-IMPORT-001R base ratio subset plus 06B/004R evidence for cash_div_cf; macro point-in-time controls excluded,27
AE-FEAT-IMPORT-005R,pit_ratio_log_odds_rebuild_20260602_gbm,raw,permanent_csi,capex_intensity,point_in_time_ratios,computed,143173,0.03684166266980283,0.036810701253581886,0.003803742741763181,-0.00024367554862348779,0.0,0.008421639176042373,1e-06,deterministic_individual_feature_permutation_within_cv_block,initial_train_1993_2001;cv_fold2_2002_2006;cv_fold3_2007_2010;cv_fold4_holdout_2011_2015,20260602,03_Data_Output\10_FeatureImportance\predictor_workspace\rebuild_20260602_gbm\3_Modelling_Results\Necessary\permanent_csi\AutoGluon\ag_raw\ag_predictor,WeightedEnsemble_L2,bounded GBM-only predictor workspace; not full final model-suite importance,AE-FEAT-IMPORT-001R base ratio subset plus 06B/004R evidence for cash_div_cf; macro point-in-time controls excluded,28
AE-FEAT-IMPORT-005R,pit_ratio_log_odds_rebuild_20260602_gbm,raw,permanent_csi,asset_turnover,point_in_time_ratios,computed,143173,0.03684166266980283,0.03679681146161365,0.0037134949556498972,-0.00044200396388699534,0.0,0.008435090445265383,1e-06,deterministic_individual_feature_permutation_within_cv_block,initial_train_1993_2001;cv_fold2_2002_2006;cv_fold3_2007_2010;cv_fold4_holdout_2011_2015,20260602,03_Data_Output\10_FeatureImportance\predictor_workspace\rebuild_20260602_gbm\3_Modelling_Results\Necessary\permanent_csi\AutoGluon\ag_raw\ag_predictor,WeightedEnsemble_L2,bounded GBM-only predictor workspace; not full final model-suite importance,AE-FEAT-IMPORT-001R base ratio subset plus 06B/004R evidence for cash_div_cf; macro point-in-time controls excluded,29
AE-FEAT-IMPORT-005R,pit_ratio_log_odds_rebuild_20260602_gbm,raw,permanent_csi,mkt_to_book,point_in_time_ratios,computed,143173,0.03684166266980283,0.03680901591876658,0.003439161311286405,-5.716085145757209e-06,0.0,0.01213768948732499,1e-06,deterministic_individual_feature_permutation_within_cv_block,initial_train_1993_2001;cv_fold2_2002_2006;cv_fold3_2007_2010;cv_fold4_holdout_2011_2015,20260602,03_Data_Output\10_FeatureImportance\predictor_workspace\rebuild_20260602_gbm\3_Modelling_Results\Necessary\permanent_csi\AutoGluon\ag_raw\ag_predictor,WeightedEnsemble_L2,bounded GBM-only predictor workspace; not full final model-suite importance,AE-FEAT-IMPORT-001R base ratio subset plus 06B/004R evidence for cash_div_cf; macro point-in-time controls excluded,30
AE-FEAT-IMPORT-005R,pit_ratio_log_odds_rebuild_20260602_gbm,raw,permanent_csi,log_at,point_in_time_ratios,computed,143173,0.03684166266980283,0.03683604437473402,0.0034172427132346623,-0.0005188492053549015,0.0,0.00900464171738014,1e-06,deterministic_individual_feature_permutation_within_cv_block,initial_train_1993_2001;cv_fold2_2002_2006;cv_fold3_2007_2010;cv_fold4_holdout_2011_2015,20260602,03_Data_Output\10_FeatureImportance\predictor_workspace\rebuild_20260602_gbm\3_Modelling_Results\Necessary\permanent_csi\AutoGluon\ag_raw\ag_predictor,WeightedEnsemble_L2,bounded GBM-only predictor workspace; not full final model-suite importance,AE-FEAT-IMPORT-001R base ratio subset plus 06B/004R evidence for cash_div_cf; macro point-in-time controls excluded,31
AE-FEAT-IMPORT-005R,pit_ratio_log_odds_rebuild_20260602_gbm,raw,permanent_csi,compr_inc_ratio,point_in_time_ratios,computed,143173,0.03684166266980283,0.03681067721848721,0.00337528786312807,-0.0004887986913215633,0.0,0.011732945358709305,1e-06,deterministic_individual_feature_permutation_within_cv_block,initial_train_1993_2001;cv_fold2_2002_2006;cv_fold3_2007_2010;cv_fold4_holdout_2011_2015,20260602,03_Data_Output\10_FeatureImportance\predictor_workspace\rebuild_20260602_gbm\3_Modelling_Results\Necessary\permanent_csi\AutoGluon\ag_raw\ag_predictor,WeightedEnsemble_L2,bounded GBM-only predictor workspace; not full final model-suite importance,AE-FEAT-IMPORT-001R base ratio subset plus 06B/004R evidence for cash_div_cf; macro point-in-time controls excluded,32
AE-FEAT-IMPORT-005R,pit_ratio_log_odds_rebuild_20260602_gbm,raw,permanent_csi,ev_to_sales,point_in_time_ratios,computed,143173,0.03684166266980283,0.03670000383125044,0.002934809728965797,0.0006180009803436207,0.0,0.0041703407532448725,1e-06,deterministic_individual_feature_permutation_within_cv_block,initial_train_1993_2001;cv_fold2_2002_2006;cv_fold3_2007_2010;cv_fold4_holdout_2011_2015,20260602,03_Data_Output\10_FeatureImportance\predictor_workspace\rebuild_20260602_gbm\3_Modelling_Results\Necessary\permanent_csi\AutoGluon\ag_raw\ag_predictor,WeightedEnsemble_L2,bounded GBM-only predictor workspace; not full final model-suite importance,AE-FEAT-IMPORT-001R base ratio subset plus 06B/004R evidence for cash_div_cf; macro point-in-time controls excluded,33
AE-FEAT-IMPORT-005R,pit_ratio_log_odds_rebuild_20260602_gbm,raw,permanent_csi,dd1_ratio,point_in_time_ratios,computed,143173,0.03684166266980283,0.03682584114092162,0.0021213949265301364,-0.00019563744876239188,0.0,0.003136101831076133,1e-06,deterministic_individual_feature_permutation_within_cv_block,initial_train_1993_2001;cv_fold2_2002_2006;cv_fold3_2007_2010;cv_fold4_holdout_2011_2015,20260602,03_Data_Output\10_FeatureImportance\predictor_workspace\rebuild_20260602_gbm\3_Modelling_Results\Necessary\permanent_csi\AutoGluon\ag_raw\ag_predictor,WeightedEnsemble_L2,bounded GBM-only predictor workspace; not full final model-suite importance,AE-FEAT-IMPORT-001R base ratio subset plus 06B/004R evidence for cash_div_cf; macro point-in-time controls excluded,34
AE-FEAT-IMPORT-005R,pit_ratio_log_odds_rebuild_20260602_gbm,raw,permanent_csi,assets_per_emp,point_in_time_ratios,computed,143173,0.03684166266980283,0.03683823112430885,0.0020945262289221497,-0.0001753104446908579,0.0,0.005265965791500983,1e-06,deterministic_individual_feature_permutation_within_cv_block,initial_train_1993_2001;cv_fold2_2002_2006;cv_fold3_2007_2010;cv_fold4_holdout_2011_2015,20260602,03_Data_Output\10_FeatureImportance\predictor_workspace\rebuild_20260602_gbm\3_Modelling_Results\Necessary\permanent_csi\AutoGluon\ag_raw\ag_predictor,WeightedEnsemble_L2,bounded GBM-only predictor workspace; not full final model-suite importance,AE-FEAT-IMPORT-001R base ratio subset plus 06B/004R evidence for cash_div_cf; macro point-in-time controls excluded,35
AE-FEAT-IMPORT-005R,pit_ratio_log_odds_rebuild_20260602_gbm,raw,permanent_csi,eff_int_rate,point_in_time_ratios,computed,143173,0.03684166266980283,0.03679172963077175,0.0018264533056046685,0.00019236524724892596,0.0,0.0,1e-06,deterministic_individual_feature_permutation_within_cv_block,initial_train_1993_2001;cv_fold2_2002_2006;cv_fold3_2007_2010;cv_fold4_holdout_2011_2015,20260602,03_Data_Output\10_FeatureImportance\predictor_workspace\rebuild_20260602_gbm\3_Modelling_Results\Necessary\permanent_csi\AutoGluon\ag_raw\ag_predictor,WeightedEnsemble_L2,bounded GBM-only predictor workspace; not full final model-suite importance,AE-FEAT-IMPORT-001R base ratio subset plus 06B/004R evidence for cash_div_cf; macro point-in-time controls excluded,36
AE-FEAT-IMPORT-005R,pit_ratio_log_odds_rebuild_20260602_gbm,raw,permanent_csi,cash_div_cf,point_in_time_ratios,computed,143173,0.03684166266980283,0.03688080785425951,0.0017320194787516286,-0.0006003695115499121,0.0,0.0,1e-06,deterministic_individual_feature_permutation_within_cv_block,initial_train_1993_2001;cv_fold2_2002_2006;cv_fold3_2007_2010;cv_fold4_holdout_2011_2015,20260602,03_Data_Output\10_FeatureImportance\predictor_workspace\rebuild_20260602_gbm\3_Modelling_Results\Necessary\permanent_csi\AutoGluon\ag_raw\ag_predictor,WeightedEnsemble_L2,bounded GBM-only predictor workspace; not full final model-suite importance,AE-FEAT-IMPORT-001R base ratio subset plus 06B/004R evidence for cash_div_cf; macro point-in-time controls excluded,37
AE-FEAT-IMPORT-005R,pit_ratio_log_odds_rebuild_20260602_gbm,raw,permanent_csi,gross_margin,point_in_time_ratios,computed,143173,0.03684166266980283,0.03685757062068568,0.001725262513384096,-0.0006097843027755356,0.0,0.0029606324070887706,1e-06,deterministic_individual_feature_permutation_within_cv_block,initial_train_1993_2001;cv_fold2_2002_2006;cv_fold3_2007_2010;cv_fold4_holdout_2011_2015,20260602,03_Data_Output\10_FeatureImportance\predictor_workspace\rebuild_20260602_gbm\3_Modelling_Results\Necessary\permanent_csi\AutoGluon\ag_raw\ag_predictor,WeightedEnsemble_L2,bounded GBM-only predictor workspace; not full final model-suite importance,AE-FEAT-IMPORT-001R base ratio subset plus 06B/004R evidence for cash_div_cf; macro point-in-time controls excluded,38
AE-FEAT-IMPORT-005R,pit_ratio_log_odds_rebuild_20260602_gbm,raw,permanent_csi,rental_ratio,point_in_time_ratios,computed,143173,0.03684166266980283,0.03683306608630824,0.001351664965466526,-0.00019948945104907327,0.0,0.0013625532865262399,1e-06,deterministic_individual_feature_permutation_within_cv_block,initial_train_1993_2001;cv_fold2_2002_2006;cv_fold3_2007_2010;cv_fold4_holdout_2011_2015,20260602,03_Data_Output\10_FeatureImportance\predictor_workspace\rebuild_20260602_gbm\3_Modelling_Results\Necessary\permanent_csi\AutoGluon\ag_raw\ag_predictor,WeightedEnsemble_L2,bounded GBM-only predictor workspace; not full final model-suite importance,AE-FEAT-IMPORT-001R base ratio subset plus 06B/004R evidence for cash_div_cf; macro point-in-time controls excluded,39
AE-FEAT-IMPORT-005R,pit_ratio_log_odds_rebuild_20260602_gbm,raw,permanent_csi,min_int_tcap,point_in_time_ratios,computed,143173,0.03684166266980283,0.03683985618648555,0.00015932814549000327,3.2294094315098854e-06,0.0,0.0,1e-06,deterministic_individual_feature_permutation_within_cv_block,initial_train_1993_2001;cv_fold2_2002_2006;cv_fold3_2007_2010;cv_fold4_holdout_2011_2015,20260602,03_Data_Output\10_FeatureImportance\predictor_workspace\rebuild_20260602_gbm\3_Modelling_Results\Necessary\permanent_csi\AutoGluon\ag_raw\ag_predictor,WeightedEnsemble_L2,bounded GBM-only predictor workspace; not full final model-suite importance,AE-FEAT-IMPORT-001R base ratio subset plus 06B/004R evidence for cash_div_cf; macro point-in-time controls excluded,40
AE-FEAT-IMPORT-005R,pit_ratio_log_odds_rebuild_20260602_gbm,raw,permanent_csi,div_yield,point_in_time_ratios,computed,143173,0.03684166266980283,0.03684288077860085,0.00013421681338876342,-4.6410068210284376e-05,0.0,0.0,1e-06,deterministic_individual_feature_permutation_within_cv_block,initial_train_1993_2001;cv_fold2_2002_2006;cv_fold3_2007_2010;cv_fold4_holdout_2011_2015,20260602,03_Data_Output\10_FeatureImportance\predictor_workspace\rebuild_20260602_gbm\3_Modelling_Results\Necessary\permanent_csi\AutoGluon\ag_raw\ag_predictor,WeightedEnsemble_L2,bounded GBM-only predictor workspace; not full final model-suite importance,AE-FEAT-IMPORT-001R base ratio subset plus 06B/004R evidence for cash_div_cf; macro point-in-time controls excluded,41
AE-FEAT-IMPORT-005R,pit_ratio_log_odds_rebuild_20260602_gbm,raw_plus_latent,permanent_csi,earn_yld,point_in_time_ratios,computed,143173,0.0374069990920129,0.0348998083976259,0.14950317140616878,-0.03323593302132517,0.04244385441128995,0.4574693484553016,1e-06,deterministic_individual_feature_permutation_within_cv_block,initial_train_1993_2001;cv_fold2_2002_2006;cv_fold3_2007_2010;cv_fold4_holdout_2011_2015,20260602,03_Data_Output\10_FeatureImportance\predictor_workspace\rebuild_20260602_gbm\3_Modelling_Results\Necessary\permanent_csi\AutoGluon\ag_raw_plus_latent\ag_predictor,WeightedEnsemble_L2,bounded GBM-only predictor workspace; not full final model-suite importance,AE-FEAT-IMPORT-001R base ratio subset plus 06B/004R evidence for cash_div_cf; macro point-in-time controls excluded,1
AE-FEAT-IMPORT-005R,pit_ratio_log_odds_rebuild_20260602_gbm,raw_plus_latent,permanent_csi,ocf_per_share,point_in_time_ratios,computed,143173,0.0374069990920129,0.03624698341617539,0.07772116002496757,-0.01690160695684839,0.03112980030639445,0.2291902139147668,1e-06,deterministic_individual_feature_permutation_within_cv_block,initial_train_1993_2001;cv_fold2_2002_2006;cv_fold3_2007_2010;cv_fold4_holdout_2011_2015,20260602,03_Data_Output\10_FeatureImportance\predictor_workspace\rebuild_20260602_gbm\3_Modelling_Results\Necessary\permanent_csi\AutoGluon\ag_raw_plus_latent\ag_predictor,WeightedEnsemble_L2,bounded GBM-only predictor workspace; not full final model-suite importance,AE-FEAT-IMPORT-001R base ratio subset plus 06B/004R evidence for cash_div_cf; macro point-in-time controls excluded,2
AE-FEAT-IMPORT-005R,pit_ratio_log_odds_rebuild_20260602_gbm,raw_plus_latent,permanent_csi,altman_z2,point_in_time_ratios,computed,143173,0.0374069990920129,0.03511158933504599,0.06939170799709887,0.010548462947279196,0.02448290325598812,0.1985218247256662,1e-06,deterministic_individual_feature_permutation_within_cv_block,initial_train_1993_2001;cv_fold2_2002_2006;cv_fold3_2007_2010;cv_fold4_holdout_2011_2015,20260602,03_Data_Output\10_FeatureImportance\predictor_workspace\rebuild_20260602_gbm\3_Modelling_Results\Necessary\permanent_csi\AutoGluon\ag_raw_plus_latent\ag_predictor,WeightedEnsemble_L2,bounded GBM-only predictor workspace; not full final model-suite importance,AE-FEAT-IMPORT-001R base ratio subset plus 06B/004R evidence for cash_div_cf; macro point-in-time controls excluded,3
AE-FEAT-IMPORT-005R,pit_ratio_log_odds_rebuild_20260602_gbm,raw_plus_latent,permanent_csi,roa,point_in_time_ratios,computed,143173,0.0374069990920129,0.03663460784891316,0.044701227888344734,-0.011366912401842554,0.012416029702020381,0.13336437617198893,1e-06,deterministic_individual_feature_permutation_within_cv_block,initial_train_1993_2001;cv_fold2_2002_2006;cv_fold3_2007_2010;cv_fold4_holdout_2011_2015,20260602,03_Data_Output\10_FeatureImportance\predictor_workspace\rebuild_20260602_gbm\3_Modelling_Results\Necessary\permanent_csi\AutoGluon\ag_raw_plus_latent\ag_predictor,WeightedEnsemble_L2,bounded GBM-only predictor workspace; not full final model-suite importance,AE-FEAT-IMPORT-001R base ratio subset plus 06B/004R evidence for cash_div_cf; macro point-in-time controls excluded,4
AE-FEAT-IMPORT-005R,pit_ratio_log_odds_rebuild_20260602_gbm,raw_plus_latent,permanent_csi,ocf_margin,point_in_time_ratios,computed,143173,0.0374069990920129,0.03662907165994064,0.03510031496592669,-0.005343021935398369,0.0,0.11044165567092212,1e-06,deterministic_individual_feature_permutation_within_cv_block,initial_train_1993_2001;cv_fold2_2002_2006;cv_fold3_2007_2010;cv_fold4_holdout_2011_2015,20260602,03_Data_Output\10_FeatureImportance\predictor_workspace\rebuild_20260602_gbm\3_Modelling_Results\Necessary\permanent_csi\AutoGluon\ag_raw_plus_latent\ag_predictor,WeightedEnsemble_L2,bounded GBM-only predictor workspace; not full final model-suite importance,AE-FEAT-IMPORT-001R base ratio subset plus 06B/004R evidence for cash_div_cf; macro point-in-time controls excluded,5
AE-FEAT-IMPORT-005R,pit_ratio_log_odds_rebuild_20260602_gbm,raw_plus_latent,permanent_csi,roic,point_in_time_ratios,computed,143173,0.0374069990920129,0.03685355985081284,0.02528172443734336,-0.0016929528571712398,0.009128310477425572,0.06982620930609099,1e-06,deterministic_individual_feature_permutation_within_cv_block,initial_train_1993_2001;cv_fold2_2002_2006;cv_fold3_2007_2010;cv_fold4_holdout_2011_2015,20260602,03_Data_Output\10_FeatureImportance\predictor_workspace\rebuild_20260602_gbm\3_Modelling_Results\Necessary\permanent_csi\AutoGluon\ag_raw_plus_latent\ag_predictor,WeightedEnsemble_L2,bounded GBM-only predictor workspace; not full final model-suite importance,AE-FEAT-IMPORT-001R base ratio subset plus 06B/004R evidence for cash_div_cf; macro point-in-time controls excluded,6
AE-FEAT-IMPORT-005R,pit_ratio_log_odds_rebuild_20260602_gbm,raw_plus_latent,permanent_csi,reinvest_rate,point_in_time_ratios,computed,143173,0.0374069990920129,0.03666040636706849,0.01810674671146356,0.004372914045396215,0.0,0.05839200515588292,1e-06,deterministic_individual_feature_permutation_within_cv_block,initial_train_1993_2001;cv_fold2_2002_2006;cv_fold3_2007_2010;cv_fold4_holdout_2011_2015,20260602,03_Data_Output\10_FeatureImportance\predictor_workspace\rebuild_20260602_gbm\3_Modelling_Results\Necessary\permanent_csi\AutoGluon\ag_raw_plus_latent\ag_predictor,WeightedEnsemble_L2,bounded GBM-only predictor workspace; not full final model-suite importance,AE-FEAT-IMPORT-001R base ratio subset plus 06B/004R evidence for cash_div_cf; macro point-in-time controls excluded,7
AE-FEAT-IMPORT-005R,pit_ratio_log_odds_rebuild_20260602_gbm,raw_plus_latent,permanent_csi,ebit_roa,point_in_time_ratios,computed,143173,0.0374069990920129,0.03735240573216045,0.017934062385180735,-0.008681503394424805,0.0,0.07100235636748176,1e-06,deterministic_individual_feature_permutation_within_cv_block,initial_train_1993_2001;cv_fold2_2002_2006;cv_fold3_2007_2010;cv_fold4_holdout_2011_2015,20260602,03_Data_Output\10_FeatureImportance\predictor_workspace\rebuild_20260602_gbm\3_Modelling_Results\Necessary\permanent_csi\AutoGluon\ag_raw_plus_latent\ag_predictor,WeightedEnsemble_L2,bounded GBM-only predictor workspace; not full final model-suite importance,AE-FEAT-IMPORT-001R base ratio subset plus 06B/004R evidence for cash_div_cf; macro point-in-time controls excluded,8
AE-FEAT-IMPORT-005R,pit_ratio_log_odds_rebuild_20260602_gbm,raw_plus_latent,permanent_csi,ebitda_margin,point_in_time_ratios,computed,143173,0.0374069990920129,0.037413474982640096,0.01725130166515126,-0.008724216054588323,0.0,0.028199429775104257,1e-06,deterministic_individual_feature_permutation_within_cv_block,initial_train_1993_2001;cv_fold2_2002_2006;cv_fold3_2007_2010;cv_fold4_holdout_2011_2015,20260602,03_Data_Output\10_FeatureImportance\predictor_workspace\rebuild_20260602_gbm\3_Modelling_Results\Necessary\permanent_csi\AutoGluon\ag_raw_plus_latent\ag_predictor,WeightedEnsemble_L2,bounded GBM-only predictor workspace; not full final model-suite importance,AE-FEAT-IMPORT-001R base ratio subset plus 06B/004R evidence for cash_div_cf; macro point-in-time controls excluded,9
AE-FEAT-IMPORT-005R,pit_ratio_log_odds_rebuild_20260602_gbm,raw_plus_latent,permanent_csi,wcap_ratio,point_in_time_ratios,computed,143173,0.0374069990920129,0.03745804890889445,0.015761004259648055,-0.002634021210824123,0.0,0.05906119834432433,1e-06,deterministic_individual_feature_permutation_within_cv_block,initial_train_1993_2001;cv_fold2_2002_2006;cv_fold3_2007_2010;cv_fold4_holdout_2011_2015,20260602,03_Data_Output\10_FeatureImportance\predictor_workspace\rebuild_20260602_gbm\3_Modelling_Results\Necessary\permanent_csi\AutoGluon\ag_raw_plus_latent\ag_predictor,WeightedEnsemble_L2,bounded GBM-only predictor workspace; not full final model-suite importance,AE-FEAT-IMPORT-001R base ratio subset plus 06B/004R evidence for cash_div_cf; macro point-in-time controls excluded,10
AE-FEAT-IMPORT-005R,pit_ratio_log_odds_rebuild_20260602_gbm,raw_plus_latent,permanent_csi,altman_z,point_in_time_ratios,computed,143173,0.0374069990920129,0.03729985976644669,0.00969530701942366,-0.001408611153083622,0.0,0.02706507815967596,1e-06,deterministic_individual_feature_permutation_within_cv_block,initial_train_1993_2001;cv_fold2_2002_2006;cv_fold3_2007_2010;cv_fold4_holdout_2011_2015,20260602,03_Data_Output\10_FeatureImportance\predictor_workspace\rebuild_20260602_gbm\3_Modelling_Results\Necessary\permanent_csi\AutoGluon\ag_raw_plus_latent\ag_predictor,WeightedEnsemble_L2,bounded GBM-only predictor workspace; not full final model-suite importance,AE-FEAT-IMPORT-001R base ratio subset plus 06B/004R evidence for cash_div_cf; macro point-in-time controls excluded,11
AE-FEAT-IMPORT-005R,pit_ratio_log_odds_rebuild_20260602_gbm,raw_plus_latent,permanent_csi,roe,point_in_time_ratios,computed,143173,0.0374069990920129,0.03691937437152385,0.009392153695363326,0.0033675643861941053,0.0,0.0320254427488349,1e-06,deterministic_individual_feature_permutation_within_cv_block,initial_train_1993_2001;cv_fold2_2002_2006;cv_fold3_2007_2010;cv_fold4_holdout_2011_2015,20260602,03_Data_Output\10_FeatureImportance\predictor_workspace\rebuild_20260602_gbm\3_Modelling_Results\Necessary\permanent_csi\AutoGluon\ag_raw_plus_latent\ag_predictor,WeightedEnsemble_L2,bounded GBM-only predictor workspace; not full final model-suite importance,AE-FEAT-IMPORT-001R base ratio subset plus 06B/004R evidence for cash_div_cf; macro point-in-time controls excluded,12
AE-FEAT-IMPORT-005R,pit_ratio_log_odds_rebuild_20260602_gbm,raw_plus_latent,permanent_csi,current_ratio,point_in_time_ratios,computed,143173,0.0374069990920129,0.03738275163320807,0.008603733843192842,-0.0012930721303195628,0.0,0.03308808414109219,1e-06,deterministic_individual_feature_permutation_within_cv_block,initial_train_1993_2001;cv_fold2_2002_2006;cv_fold3_2007_2010;cv_fold4_holdout_2011_2015,20260602,03_Data_Output\10_FeatureImportance\predictor_workspace\rebuild_20260602_gbm\3_Modelling_Results\Necessary\permanent_csi\AutoGluon\ag_raw_plus_latent\ag_predictor,WeightedEnsemble_L2,bounded GBM-only predictor workspace; not full final model-suite importance,AE-FEAT-IMPORT-001R base ratio subset plus 06B/004R evidence for cash_div_cf; macro point-in-time controls excluded,13
AE-FEAT-IMPORT-005R,pit_ratio_log_odds_rebuild_20260602_gbm,raw_plus_latent,permanent_csi,invest_st_ratio,point_in_time_ratios,computed,143173,0.0374069990920129,0.03762803559589877,0.007011032759922557,-0.0026079130371204394,0.0,0.022634894551900663,1e-06,deterministic_individual_feature_permutation_within_cv_block,initial_train_1993_2001;cv_fold2_2002_2006;cv_fold3_2007_2010;cv_fold4_holdout_2011_2015,20260602,03_Data_Output\10_FeatureImportance\predictor_workspace\rebuild_20260602_gbm\3_Modelling_Results\Necessary\permanent_csi\AutoGluon\ag_raw_plus_latent\ag_predictor,WeightedEnsemble_L2,bounded GBM-only predictor workspace; not full final model-suite importance,AE-FEAT-IMPORT-001R base ratio subset plus 06B/004R evidence for cash_div_cf; macro point-in-time controls excluded,14
AE-FEAT-IMPORT-005R,pit_ratio_log_odds_rebuild_20260602_gbm,raw_plus_latent,permanent_csi,net_debt_ebitda,point_in_time_ratios,computed,143173,0.0374069990920129,0.03733891756851862,0.005977654283229096,-0.00047530504011414543,0.0,0.02209211688646757,1e-06,deterministic_individual_feature_permutation_within_cv_block,initial_train_1993_2001;cv_fold2_2002_2006;cv_fold3_2007_2010;cv_fold4_holdout_2011_2015,20260602,03_Data_Output\10_FeatureImportance\predictor_workspace\rebuild_20260602_gbm\3_Modelling_Results\Necessary\permanent_csi\AutoGluon\ag_raw_plus_latent\ag_predictor,WeightedEnsemble_L2,bounded GBM-only predictor workspace; not full final model-suite importance,AE-FEAT-IMPORT-001R base ratio subset plus 06B/004R evidence for cash_div_cf; macro point-in-time controls excluded,15
AE-FEAT-IMPORT-005R,pit_ratio_log_odds_rebuild_20260602_gbm,raw_plus_latent,permanent_csi,quick_ratio,point_in_time_ratios,computed,143173,0.0374069990920129,0.037385596340312466,0.005973552860386827,-0.0004097266924292686,0.0,0.030457374116708992,1e-06,deterministic_individual_feature_permutation_within_cv_block,initial_train_1993_2001;cv_fold2_2002_2006;cv_fold3_2007_2010;cv_fold4_holdout_2011_2015,20260602,03_Data_Output\10_FeatureImportance\predictor_workspace\rebuild_20260602_gbm\3_Modelling_Results\Necessary\permanent_csi\AutoGluon\ag_raw_plus_latent\ag_predictor,WeightedEnsemble_L2,bounded GBM-only predictor workspace; not full final model-suite importance,AE-FEAT-IMPORT-001R base ratio subset plus 06B/004R evidence for cash_div_cf; macro point-in-time controls excluded,16
AE-FEAT-IMPORT-005R,pit_ratio_log_odds_rebuild_20260602_gbm,raw_plus_latent,permanent_csi,interest_cov,point_in_time_ratios,computed,143173,0.0374069990920129,0.03741805471805228,0.005170283480306141,-0.0016576714751034426,0.0,0.00968677654877199,1e-06,deterministic_individual_feature_permutation_within_cv_block,initial_train_1993_2001;cv_fold2_2002_2006;cv_fold3_2007_2010;cv_fold4_holdout_2011_2015,20260602,03_Data_Output\10_FeatureImportance\predictor_workspace\rebuild_20260602_gbm\3_Modelling_Results\Necessary\permanent_csi\AutoGluon\ag_raw_plus_latent\ag_predictor,WeightedEnsemble_L2,bounded GBM-only predictor workspace; not full final model-suite importance,AE-FEAT-IMPORT-001R base ratio subset plus 06B/004R evidence for cash_div_cf; macro point-in-time controls excluded,17
AE-FEAT-IMPORT-005R,pit_ratio_log_odds_rebuild_20260602_gbm,raw_plus_latent,permanent_csi,mkt_to_book,point_in_time_ratios,computed,143173,0.0374069990920129,0.03737605385853727,0.005053226026475235,-0.0003629858380519573,0.0,0.01659468275172653,1e-06,deterministic_individual_feature_permutation_within_cv_block,initial_train_1993_2001;cv_fold2_2002_2006;cv_fold3_2007_2010;cv_fold4_holdout_2011_2015,20260602,03_Data_Output\10_FeatureImportance\predictor_workspace\rebuild_20260602_gbm\3_Modelling_Results\Necessary\permanent_csi\AutoGluon\ag_raw_plus_latent\ag_predictor,WeightedEnsemble_L2,bounded GBM-only predictor workspace; not full final model-suite importance,AE-FEAT-IMPORT-001R base ratio subset plus 06B/004R evidence for cash_div_cf; macro point-in-time controls excluded,18
AE-FEAT-IMPORT-005R,pit_ratio_log_odds_rebuild_20260602_gbm,raw_plus_latent,permanent_csi,ev_to_sales,point_in_time_ratios,computed,143173,0.0374069990920129,0.037217618233942845,0.004805500267688759,0.0008237733327484854,0.0,0.0,1e-06,deterministic_individual_feature_permutation_within_cv_block,initial_train_1993_2001;cv_fold2_2002_2006;cv_fold3_2007_2010;cv_fold4_holdout_2011_2015,20260602,03_Data_Output\10_FeatureImportance\predictor_workspace\rebuild_20260602_gbm\3_Modelling_Results\Necessary\permanent_csi\AutoGluon\ag_raw_plus_latent\ag_predictor,WeightedEnsemble_L2,bounded GBM-only predictor workspace; not full final model-suite importance,AE-FEAT-IMPORT-001R base ratio subset plus 06B/004R evidence for cash_div_cf; macro point-in-time controls excluded,19
AE-FEAT-IMPORT-005R,pit_ratio_log_odds_rebuild_20260602_gbm,raw_plus_latent,permanent_csi,leverage,point_in_time_ratios,computed,143173,0.0374069990920129,0.03736218098906019,0.003903043793956965,0.00011717227621772462,0.0,0.0030429425988545587,1e-06,deterministic_individual_feature_permutation_within_cv_block,initial_train_1993_2001;cv_fold2_2002_2006;cv_fold3_2007_2010;cv_fold4_holdout_2011_2015,20260602,03_Data_Output\10_FeatureImportance\predictor_workspace\rebuild_20260602_gbm\3_Modelling_Results\Necessary\permanent_csi\AutoGluon\ag_raw_plus_latent\ag_predictor,WeightedEnsemble_L2,bounded GBM-only predictor workspace; not full final model-suite importance,AE-FEAT-IMPORT-001R base ratio subset plus 06B/004R evidence for cash_div_cf; macro point-in-time controls excluded,20
AE-FEAT-IMPORT-005R,pit_ratio_log_odds_rebuild_20260602_gbm,raw_plus_latent,permanent_csi,ni_per_emp,point_in_time_ratios,computed,143173,0.0374069990920129,0.03742015577626122,0.003285291232813903,-0.002483392440255797,0.0,0.02746653551129672,1e-06,deterministic_individual_feature_permutation_within_cv_block,initial_train_1993_2001;cv_fold2_2002_2006;cv_fold3_2007_2010;cv_fold4_holdout_2011_2015,20260602,03_Data_Output\10_FeatureImportance\predictor_workspace\rebuild_20260602_gbm\3_Modelling_Results\Necessary\permanent_csi\AutoGluon\ag_raw_plus_latent\ag_predictor,WeightedEnsemble_L2,bounded GBM-only predictor workspace; not full final model-suite importance,AE-FEAT-IMPORT-001R base ratio subset plus 06B/004R evidence for cash_div_cf; macro point-in-time controls excluded,21
AE-FEAT-IMPORT-005R,pit_ratio_log_odds_rebuild_20260602_gbm,raw_plus_latent,permanent_csi,log_at,point_in_time_ratios,computed,143173,0.0374069990920129,0.037397865484268766,0.0024026846524806914,-0.00042709192080791483,0.0,0.0,1e-06,deterministic_individual_feature_permutation_within_cv_block,initial_train_1993_2001;cv_fold2_2002_2006;cv_fold3_2007_2010;cv_fold4_holdout_2011_2015,20260602,03_Data_Output\10_FeatureImportance\predictor_workspace\rebuild_20260602_gbm\3_Modelling_Results\Necessary\permanent_csi\AutoGluon\ag_raw_plus_latent\ag_predictor,WeightedEnsemble_L2,bounded GBM-only predictor workspace; not full final model-suite importance,AE-FEAT-IMPORT-001R base ratio subset plus 06B/004R evidence for cash_div_cf; macro point-in-time controls excluded,22
AE-FEAT-IMPORT-005R,pit_ratio_log_odds_rebuild_20260602_gbm,raw_plus_latent,permanent_csi,bp_ratio,point_in_time_ratios,computed,143173,0.0374069990920129,0.037377617254430145,0.002076819465614591,0.00024291402221613705,0.0,0.0,1e-06,deterministic_individual_feature_permutation_within_cv_block,initial_train_1993_2001;cv_fold2_2002_2006;cv_fold3_2007_2010;cv_fold4_holdout_2011_2015,20260602,03_Data_Output\10_FeatureImportance\predictor_workspace\rebuild_20260602_gbm\3_Modelling_Results\Necessary\permanent_csi\AutoGluon\ag_raw_plus_latent\ag_predictor,WeightedEnsemble_L2,bounded GBM-only predictor workspace; not full final model-suite importance,AE-FEAT-IMPORT-001R base ratio subset plus 06B/004R evidence for cash_div_cf; macro point-in-time controls excluded,23
AE-FEAT-IMPORT-005R,pit_ratio_log_odds_rebuild_20260602_gbm,raw_plus_latent,permanent_csi,rd_intensity,point_in_time_ratios,computed,143173,0.0374069990920129,0.037463653406233886,0.0019582217151384433,-0.0005635808729149459,0.0,0.0,1e-06,deterministic_individual_feature_permutation_within_cv_block,initial_train_1993_2001;cv_fold2_2002_2006;cv_fold3_2007_2010;cv_fold4_holdout_2011_2015,20260602,03_Data_Output\10_FeatureImportance\predictor_workspace\rebuild_20260602_gbm\3_Modelling_Results\Necessary\permanent_csi\AutoGluon\ag_raw_plus_latent\ag_predictor,WeightedEnsemble_L2,bounded GBM-only predictor workspace; not full final model-suite importance,AE-FEAT-IMPORT-001R base ratio subset plus 06B/004R evidence for cash_div_cf; macro point-in-time controls excluded,24
AE-FEAT-IMPORT-005R,pit_ratio_log_odds_rebuild_20260602_gbm,raw_plus_latent,permanent_csi,dd1_ratio,point_in_time_ratios,computed,143173,0.0374069990920129,0.03740294082748422,0.001810998770753874,-0.0003737229149894429,0.0,0.0,1e-06,deterministic_individual_feature_permutation_within_cv_block,initial_train_1993_2001;cv_fold2_2002_2006;cv_fold3_2007_2010;cv_fold4_holdout_2011_2015,20260602,03_Data_Output\10_FeatureImportance\predictor_workspace\rebuild_20260602_gbm\3_Modelling_Results\Necessary\permanent_csi\AutoGluon\ag_raw_plus_latent\ag_predictor,WeightedEnsemble_L2,bounded GBM-only predictor workspace; not full final model-suite importance,AE-FEAT-IMPORT-001R base ratio subset plus 06B/004R evidence for cash_div_cf; macro point-in-time controls excluded,25
AE-FEAT-IMPORT-005R,pit_ratio_log_odds_rebuild_20260602_gbm,raw_plus_latent,permanent_csi,log_mkvalt,point_in_time_ratios,computed,143173,0.0374069990920129,0.037385522421535755,0.001724937567155947,4.843186487418161e-05,0.0,0.0,1e-06,deterministic_individual_feature_permutation_within_cv_block,initial_train_1993_2001;cv_fold2_2002_2006;cv_fold3_2007_2010;cv_fold4_holdout_2011_2015,20260602,03_Data_Output\10_FeatureImportance\predictor_workspace\rebuild_20260602_gbm\3_Modelling_Results\Necessary\permanent_csi\AutoGluon\ag_raw_plus_latent\ag_predictor,WeightedEnsemble_L2,bounded GBM-only predictor workspace; not full final model-suite importance,AE-FEAT-IMPORT-001R base ratio subset plus 06B/004R evidence for cash_div_cf; macro point-in-time controls excluded,26
AE-FEAT-IMPORT-005R,pit_ratio_log_odds_rebuild_20260602_gbm,raw_plus_latent,permanent_csi,altman_z4,point_in_time_ratios,computed,143173,0.0374069990920129,0.037342554342123475,0.0017208146343859556,0.0005186810197221417,0.0,0.0,1e-06,deterministic_individual_feature_permutation_within_cv_block,initial_train_1993_2001;cv_fold2_2002_2006;cv_fold3_2007_2010;cv_fold4_holdout_2011_2015,20260602,03_Data_Output\10_FeatureImportance\predictor_workspace\rebuild_20260602_gbm\3_Modelling_Results\Necessary\permanent_csi\AutoGluon\ag_raw_plus_latent\ag_predictor,WeightedEnsemble_L2,bounded GBM-only predictor workspace; not full final model-suite importance,AE-FEAT-IMPORT-001R base ratio subset plus 06B/004R evidence for cash_div_cf; macro point-in-time controls excluded,27
AE-FEAT-IMPORT-005R,pit_ratio_log_odds_rebuild_20260602_gbm,raw_plus_latent,permanent_csi,capex_intensity,point_in_time_ratios,computed,143173,0.0374069990920129,0.03740455120146286,0.0016722849479002282,-0.00030744554413239246,0.0,0.0,1e-06,deterministic_individual_feature_permutation_within_cv_block,initial_train_1993_2001;cv_fold2_2002_2006;cv_fold3_2007_2010;cv_fold4_holdout_2011_2015,20260602,03_Data_Output\10_FeatureImportance\predictor_workspace\rebuild_20260602_gbm\3_Modelling_Results\Necessary\permanent_csi\AutoGluon\ag_raw_plus_latent\ag_predictor,WeightedEnsemble_L2,bounded GBM-only predictor workspace; not full final model-suite importance,AE-FEAT-IMPORT-001R base ratio subset plus 06B/004R evidence for cash_div_cf; macro point-in-time controls excluded,28
AE-FEAT-IMPORT-005R,pit_ratio_log_odds_rebuild_20260602_gbm,raw_plus_latent,permanent_csi,cash_pct_act,point_in_time_ratios,computed,143173,0.0374069990920129,0.037435755615519796,0.0014661108190492525,-0.0006614251234661439,0.0,0.0,1e-06,deterministic_individual_feature_permutation_within_cv_block,initial_train_1993_2001;cv_fold2_2002_2006;cv_fold3_2007_2010;cv_fold4_holdout_2011_2015,20260602,03_Data_Output\10_FeatureImportance\predictor_workspace\rebuild_20260602_gbm\3_Modelling_Results\Necessary\permanent_csi\AutoGluon\ag_raw_plus_latent\ag_predictor,WeightedEnsemble_L2,bounded GBM-only predictor workspace; not full final model-suite importance,AE-FEAT-IMPORT-001R base ratio subset plus 06B/004R evidence for cash_div_cf; macro point-in-time controls excluded,29
AE-FEAT-IMPORT-005R,pit_ratio_log_odds_rebuild_20260602_gbm,raw_plus_latent,permanent_csi,compr_inc_ratio,point_in_time_ratios,computed,143173,0.0374069990920129,0.03737039647312022,0.001051761066548698,0.00027296068313165047,0.0,0.0,1e-06,deterministic_individual_feature_permutation_within_cv_block,initial_train_1993_2001;cv_fold2_2002_2006;cv_fold3_2007_2010;cv_fold4_holdout_2011_2015,20260602,03_Data_Output\10_FeatureImportance\predictor_workspace\rebuild_20260602_gbm\3_Modelling_Results\Necessary\permanent_csi\AutoGluon\ag_raw_plus_latent\ag_predictor,WeightedEnsemble_L2,bounded GBM-only predictor workspace; not full final model-suite importance,AE-FEAT-IMPORT-001R base ratio subset plus 06B/004R evidence for cash_div_cf; macro point-in-time controls excluded,30
AE-FEAT-IMPORT-005R,pit_ratio_log_odds_rebuild_20260602_gbm,raw_plus_latent,permanent_csi,gross_margin,point_in_time_ratios,computed,143173,0.0374069990920129,0.03738645566939422,0.0009250181999737374,0.0001129865784538043,0.0,0.0,1e-06,deterministic_individual_feature_permutation_within_cv_block,initial_train_1993_2001;cv_fold2_2002_2006;cv_fold3_2007_2010;cv_fold4_holdout_2011_2015,20260602,03_Data_Output\10_FeatureImportance\predictor_workspace\rebuild_20260602_gbm\3_Modelling_Results\Necessary\permanent_csi\AutoGluon\ag_raw_plus_latent\ag_predictor,WeightedEnsemble_L2,bounded GBM-only predictor workspace; not full final model-suite importance,AE-FEAT-IMPORT-001R base ratio subset plus 06B/004R evidence for cash_div_cf; macro point-in-time controls excluded,31
AE-FEAT-IMPORT-005R,pit_ratio_log_odds_rebuild_20260602_gbm,raw_plus_latent,permanent_csi,asset_turnover,point_in_time_ratios,computed,143173,0.0374069990920129,0.0373908157881218,0.0008310586174024763,0.00017705637817996294,0.0,0.0,1e-06,deterministic_individual_feature_permutation_within_cv_block,initial_train_1993_2001;cv_fold2_2002_2006;cv_fold3_2007_2010;cv_fold4_holdout_2011_2015,20260602,03_Data_Output\10_FeatureImportance\predictor_workspace\rebuild_20260602_gbm\3_Modelling_Results\Necessary\permanent_csi\AutoGluon\ag_raw_plus_latent\ag_predictor,WeightedEnsemble_L2,bounded GBM-only predictor workspace; not full final model-suite importance,AE-FEAT-IMPORT-001R base ratio subset plus 06B/004R evidence for cash_div_cf; macro point-in-time controls excluded,32
AE-FEAT-IMPORT-005R,pit_ratio_log_odds_rebuild_20260602_gbm,raw_plus_latent,permanent_csi,std_debt_pct,point_in_time_ratios,computed,143173,0.0374069990920129,0.03740090830408342,0.0006536029481059682,2.120653069102608e-05,0.0,0.0,1e-06,deterministic_individual_feature_permutation_within_cv_block,initial_train_1993_2001;cv_fold2_2002_2006;cv_fold3_2007_2010;cv_fold4_holdout_2011_2015,20260602,03_Data_Output\10_FeatureImportance\predictor_workspace\rebuild_20260602_gbm\3_Modelling_Results\Necessary\permanent_csi\AutoGluon\ag_raw_plus_latent\ag_predictor,WeightedEnsemble_L2,bounded GBM-only predictor workspace; not full final model-suite importance,AE-FEAT-IMPORT-001R base ratio subset plus 06B/004R evidence for cash_div_cf; macro point-in-time controls excluded,33
AE-FEAT-IMPORT-005R,pit_ratio_log_odds_rebuild_20260602_gbm,raw_plus_latent,permanent_csi,eff_int_rate,point_in_time_ratios,computed,143173,0.0374069990920129,0.03739739342015095,0.0005047542676736433,-3.224049193411215e-05,0.0,0.0,1e-06,deterministic_individual_feature_permutation_within_cv_block,initial_train_1993_2001;cv_fold2_2002_2006;cv_fold3_2007_2010;cv_fold4_holdout_2011_2015,20260602,03_Data_Output\10_FeatureImportance\predictor_workspace\rebuild_20260602_gbm\3_Modelling_Results\Necessary\permanent_csi\AutoGluon\ag_raw_plus_latent\ag_predictor,WeightedEnsemble_L2,bounded GBM-only predictor workspace; not full final model-suite importance,AE-FEAT-IMPORT-001R base ratio subset plus 06B/004R evidence for cash_div_cf; macro point-in-time controls excluded,34
AE-FEAT-IMPORT-005R,pit_ratio_log_odds_rebuild_20260602_gbm,raw_plus_latent,permanent_csi,rental_ratio,point_in_time_ratios,computed,143173,0.0374069990920129,0.03740360312646869,0.0003408905898252962,2.0135929388203715e-05,0.0,0.0,1e-06,deterministic_individual_feature_permutation_within_cv_block,initial_train_1993_2001;cv_fold2_2002_2006;cv_fold3_2007_2010;cv_fold4_holdout_2011_2015,20260602,03_Data_Output\10_FeatureImportance\predictor_workspace\rebuild_20260602_gbm\3_Modelling_Results\Necessary\permanent_csi\AutoGluon\ag_raw_plus_latent\ag_predictor,WeightedEnsemble_L2,bounded GBM-only predictor workspace; not full final model-suite importance,AE-FEAT-IMPORT-001R base ratio subset plus 06B/004R evidence for cash_div_cf; macro point-in-time controls excluded,35
AE-FEAT-IMPORT-005R,pit_ratio_log_odds_rebuild_20260602_gbm,raw_plus_latent,permanent_csi,accruals_ratio,point_in_time_ratios,computed,143173,0.0374069990920129,0.03740348787561069,0.00032565398135376634,0.00011276925913877189,0.0,0.0,1e-06,deterministic_individual_feature_permutation_within_cv_block,initial_train_1993_2001;cv_fold2_2002_2006;cv_fold3_2007_2010;cv_fold4_holdout_2011_2015,20260602,03_Data_Output\10_FeatureImportance\predictor_workspace\rebuild_20260602_gbm\3_Modelling_Results\Necessary\permanent_csi\AutoGluon\ag_raw_plus_latent\ag_predictor,WeightedEnsemble_L2,bounded GBM-only predictor workspace; not full final model-suite importance,AE-FEAT-IMPORT-001R base ratio subset plus 06B/004R evidence for cash_div_cf; macro point-in-time controls excluded,36
AE-FEAT-IMPORT-005R,pit_ratio_log_odds_rebuild_20260602_gbm,raw_plus_latent,permanent_csi,log_emp,point_in_time_ratios,computed,143173,0.0374069990920129,0.03740478552478361,0.00024302195305810317,2.594054922686641e-05,0.0,0.0,1e-06,deterministic_individual_feature_permutation_within_cv_block,initial_train_1993_2001;cv_fold2_2002_2006;cv_fold3_2007_2010;cv_fold4_holdout_2011_2015,20260602,03_Data_Output\10_FeatureImportance\predictor_workspace\rebuild_20260602_gbm\3_Modelling_Results\Necessary\permanent_csi\AutoGluon\ag_raw_plus_latent\ag_predictor,WeightedEnsemble_L2,bounded GBM-only predictor workspace; not full final model-suite importance,AE-FEAT-IMPORT-001R base ratio subset plus 06B/004R evidence for cash_div_cf; macro point-in-time controls excluded,37
AE-FEAT-IMPORT-005R,pit_ratio_log_odds_rebuild_20260602_gbm,raw_plus_latent,permanent_csi,assets_per_emp,point_in_time_ratios,computed,143173,0.0374069990920129,0.03740508676078187,0.00016340663016690501,-8.039475907669073e-06,0.0,0.0,1e-06,deterministic_individual_feature_permutation_within_cv_block,initial_train_1993_2001;cv_fold2_2002_2006;cv_fold3_2007_2010;cv_fold4_holdout_2011_2015,20260602,03_Data_Output\10_FeatureImportance\predictor_workspace\rebuild_20260602_gbm\3_Modelling_Results\Necessary\permanent_csi\AutoGluon\ag_raw_plus_latent\ag_predictor,WeightedEnsemble_L2,bounded GBM-only predictor workspace; not full final model-suite importance,AE-FEAT-IMPORT-001R base ratio subset plus 06B/004R evidence for cash_div_cf; macro point-in-time controls excluded,38
AE-FEAT-IMPORT-005R,pit_ratio_log_odds_rebuild_20260602_gbm,raw_plus_latent,permanent_csi,div_yield,point_in_time_ratios,computed,143173,0.0374069990920129,0.0374069990920129,0.0,0.0,0.0,0.0,1e-06,deterministic_individual_feature_permutation_within_cv_block,initial_train_1993_2001;cv_fold2_2002_2006;cv_fold3_2007_2010;cv_fold4_holdout_2011_2015,20260602,03_Data_Output\10_FeatureImportance\predictor_workspace\rebuild_20260602_gbm\3_Modelling_Results\Necessary\permanent_csi\AutoGluon\ag_raw_plus_latent\ag_predictor,WeightedEnsemble_L2,bounded GBM-only predictor workspace; not full final model-suite importance,AE-FEAT-IMPORT-001R base ratio subset plus 06B/004R evidence for cash_div_cf; macro point-in-time controls excluded,39
AE-FEAT-IMPORT-005R,pit_ratio_log_odds_rebuild_20260602_gbm,raw_plus_latent,permanent_csi,cash_div_cf,point_in_time_ratios,computed,143173,0.0374069990920129,0.0374069990920129,0.0,0.0,0.0,0.0,1e-06,deterministic_individual_feature_permutation_within_cv_block,initial_train_1993_2001;cv_fold2_2002_2006;cv_fold3_2007_2010;cv_fold4_holdout_2011_2015,20260602,03_Data_Output\10_FeatureImportance\predictor_workspace\rebuild_20260602_gbm\3_Modelling_Results\Necessary\permanent_csi\AutoGluon\ag_raw_plus_latent\ag_predictor,WeightedEnsemble_L2,bounded GBM-only predictor workspace; not full final model-suite importance,AE-FEAT-IMPORT-001R base ratio subset plus 06B/004R evidence for cash_div_cf; macro point-in-time controls excluded,40
AE-FEAT-IMPORT-005R,pit_ratio_log_odds_rebuild_20260602_gbm,raw_plus_latent,permanent_csi,min_int_tcap,point_in_time_ratios,computed,143173,0.0374069990920129,0.0374069990920129,0.0,0.0,0.0,0.0,1e-06,deterministic_individual_feature_permutation_within_cv_block,initial_train_1993_2001;cv_fold2_2002_2006;cv_fold3_2007_2010;cv_fold4_holdout_2011_2015,20260602,03_Data_Output\10_FeatureImportance\predictor_workspace\rebuild_20260602_gbm\3_Modelling_Results\Necessary\permanent_csi\AutoGluon\ag_raw_plus_latent\ag_predictor,WeightedEnsemble_L2,bounded GBM-only predictor workspace; not full final model-suite importance,AE-FEAT-IMPORT-001R base ratio subset plus 06B/004R evidence for cash_div_cf; macro point-in-time controls excluded,41
