ticket_id,run_id,feature_set,track,feature_family_id,feature_family,is_canonical_11,result_status,n_features_in_family,n_rows_used,baseline_mean_probability,perturbed_mean_probability,mean_abs_delta_log_odds,mean_signed_delta_log_odds,median_abs_delta_log_odds,p90_abs_delta_log_odds,probability_clip_eps,perturbation_policy,permutation_strata,perturbation_seed,predictor_path,best_model,bounded_predictor_note,group_members
AE-FEAT-IMPORT-004R,family_log_odds_rebuild_20260602_gbm,fund,dynamic_csi,1,point_in_time_ratios,True,computed,53,143173,0.0445495519883664,0.03160500656524274,0.6088218131672859,-0.12140603341138366,0.4989893616051124,1.2596715159426375,1e-06,deterministic_per_feature_permutation_within_cv_block,initial_train_1993_2001;cv_fold2_2002_2006;cv_fold3_2007_2010;cv_fold4_holdout_2011_2015,20260602,03_Data_Output\10_FeatureImportance\predictor_workspace\rebuild_20260602_gbm\3_Modelling_Results\Necessary\temporary_csi\AutoGluon\ag_fund\ag_predictor,WeightedEnsemble_L2,bounded GBM-only predictor workspace; not full final model-suite importance,d_unrate;d_hy_spread;d_vix;earn_yld;ocf_per_share;roa;roe;roic;ebit_roa;gross_margin;ebitda_margin;ocf_margin;leverage;net_debt_ebitda;std_debt_pct;eff_int_rate;interest_cov;dd1_ratio;current_ratio;quick_ratio;cash_pct_act;wcap_ratio;bp_ratio;ev_to_sales;div_yield;cash_div_cf;mkt_to_book;accruals_ratio;asset_turnover;capex_intensity;rd_intensity;reinvest_rate;log_at;log_mkvalt;log_emp;rental_ratio;assets_per_emp;ni_per_emp;min_int_tcap;compr_inc_ratio;altman_z2;altman_z4;altman_z;invest_st_ratio;term_spread;hy_spread;unrate;fedfunds;vix;cpi_inflation;gdp_growth;indpro_growth;recession
AE-FEAT-IMPORT-004R,family_log_odds_rebuild_20260602_gbm,fund,dynamic_csi,10,rolling_window_statistics,True,computed,180,143173,0.0445495519883664,0.03280207906791412,0.5234514124625608,-0.08315673071672096,0.46423515924567127,1.0271949840932333,1e-06,deterministic_per_feature_permutation_within_cv_block,initial_train_1993_2001;cv_fold2_2002_2006;cv_fold3_2007_2010;cv_fold4_holdout_2011_2015,20260602,03_Data_Output\10_FeatureImportance\predictor_workspace\rebuild_20260602_gbm\3_Modelling_Results\Necessary\temporary_csi\AutoGluon\ag_fund\ag_predictor,WeightedEnsemble_L2,bounded GBM-only predictor workspace; not full final model-suite importance,roll_mean_3y_earn_yld;roll_mean_3y_ocf_per_share;roll_mean_3y_roa;roll_mean_3y_roic;roll_mean_3y_leverage;roll_mean_3y_net_debt_ebitda;roll_mean_3y_interest_cov;roll_mean_3y_current_ratio;roll_mean_3y_cash_pct_act;roll_mean_3y_accruals_ratio;roll_mean_3y_asset_turnover;roll_mean_3y_gross_margin;roll_mean_3y_ebitda_margin;roll_mean_3y_log_mkvalt;roll_mean_3y_log_at;roll_min_3y_earn_yld;roll_min_3y_ocf_per_share;roll_min_3y_roa;roll_min_3y_roic;roll_min_3y_leverage;roll_min_3y_net_debt_ebitda;roll_min_3y_interest_cov;roll_min_3y_current_ratio;roll_min_3y_cash_pct_act;roll_min_3y_accruals_ratio;roll_min_3y_asset_turnover;roll_min_3y_gross_margin;roll_min_3y_ebitda_margin;roll_min_3y_log_mkvalt;roll_min_3y_log_at;roll_max_3y_earn_yld;roll_max_3y_ocf_per_share;roll_max_3y_roa;roll_max_3y_roic;roll_max_3y_leverage;roll_max_3y_net_debt_ebitda;roll_max_3y_interest_cov;roll_max_3y_current_ratio;roll_max_3y_cash_pct_act;roll_max_3y_accruals_ratio;roll_max_3y_asset_turnover;roll_max_3y_gross_margin;roll_max_3y_ebitda_margin;roll_max_3y_log_mkvalt;roll_max_3y_log_at;roll_sd_3y_earn_yld;roll_sd_3y_ocf_per_share;roll_sd_3y_roa;roll_sd_3y_roic;roll_sd_3y_leverage;roll_sd_3y_net_debt_ebitda;roll_sd_3y_interest_cov;roll_sd_3y_current_ratio;roll_sd_3y_cash_pct_act;roll_sd_3y_accruals_ratio;roll_sd_3y_asset_turnover;roll_sd_3y_gross_margin;roll_sd_3y_ebitda_margin;roll_sd_3y_log_mkvalt;roll_sd_3y_log_at;roll_trend_3y_earn_yld;roll_trend_3y_ocf_per_share;roll_trend_3y_roa;roll_trend_3y_roic;roll_trend_3y_leverage;roll_trend_3y_net_debt_ebitda;roll_trend_3y_interest_cov;roll_trend_3y_current_ratio;roll_trend_3y_cash_pct_act;roll_trend_3y_accruals_ratio;roll_trend_3y_asset_turnover;roll_trend_3y_gross_margin;roll_trend_3y_ebitda_margin;roll_trend_3y_log_mkvalt;roll_trend_3y_log_at;roll_autocorr_3y_earn_yld;roll_autocorr_3y_ocf_per_share;roll_autocorr_3y_roa;roll_autocorr_3y_roic;roll_autocorr_3y_leverage;roll_autocorr_3y_net_debt_ebitda;roll_autocorr_3y_interest_cov;roll_autocorr_3y_current_ratio;roll_autocorr_3y_cash_pct_act;roll_autocorr_3y_accruals_ratio;roll_autocorr_3y_asset_turnover;roll_autocorr_3y_gross_margin;roll_autocorr_3y_ebitda_margin;roll_autocorr_3y_log_mkvalt;roll_autocorr_3y_log_at;roll_mean_5y_earn_yld;roll_mean_5y_ocf_per_share;roll_mean_5y_roa;roll_mean_5y_roic;roll_mean_5y_leverage;roll_mean_5y_net_debt_ebitda;roll_mean_5y_interest_cov;roll_mean_5y_current_ratio;roll_mean_5y_cash_pct_act;roll_mean_5y_accruals_ratio;roll_mean_5y_asset_turnover;roll_mean_5y_gross_margin;roll_mean_5y_ebitda_margin;roll_mean_5y_log_mkvalt;roll_mean_5y_log_at;roll_min_5y_earn_yld;roll_min_5y_ocf_per_share;roll_min_5y_roa;roll_min_5y_roic;roll_min_5y_leverage;roll_min_5y_net_debt_ebitda;roll_min_5y_interest_cov;roll_min_5y_current_ratio;roll_min_5y_cash_pct_act;roll_min_5y_accruals_ratio;roll_min_5y_asset_turnover;roll_min_5y_gross_margin;roll_min_5y_ebitda_margin;roll_min_5y_log_mkvalt;roll_min_5y_log_at;roll_max_5y_earn_yld;roll_max_5y_ocf_per_share;roll_max_5y_roa;roll_max_5y_roic;roll_max_5y_leverage;roll_max_5y_net_debt_ebitda;roll_max_5y_interest_cov;roll_max_5y_current_ratio;roll_max_5y_cash_pct_act;roll_max_5y_accruals_ratio;roll_max_5y_asset_turnover;roll_max_5y_gross_margin;roll_max_5y_ebitda_margin;roll_max_5y_log_mkvalt;roll_max_5y_log_at;roll_sd_5y_earn_yld;roll_sd_5y_ocf_per_share;roll_sd_5y_roa;roll_sd_5y_roic;roll_sd_5y_leverage;roll_sd_5y_net_debt_ebitda;roll_sd_5y_interest_cov;roll_sd_5y_current_ratio;roll_sd_5y_cash_pct_act;roll_sd_5y_accruals_ratio;roll_sd_5y_asset_turnover;roll_sd_5y_gross_margin;roll_sd_5y_ebitda_margin;roll_sd_5y_log_mkvalt;roll_sd_5y_log_at;roll_trend_5y_earn_yld;roll_trend_5y_ocf_per_share;roll_trend_5y_roa;roll_trend_5y_roic;roll_trend_5y_leverage;roll_trend_5y_net_debt_ebitda;roll_trend_5y_interest_cov;roll_trend_5y_current_ratio;roll_trend_5y_cash_pct_act;roll_trend_5y_accruals_ratio;roll_trend_5y_asset_turnover;roll_trend_5y_gross_margin;roll_trend_5y_ebitda_margin;roll_trend_5y_log_mkvalt;roll_trend_5y_log_at;roll_autocorr_5y_earn_yld;roll_autocorr_5y_ocf_per_share;roll_autocorr_5y_roa;roll_autocorr_5y_roic;roll_autocorr_5y_leverage;roll_autocorr_5y_net_debt_ebitda;roll_autocorr_5y_interest_cov;roll_autocorr_5y_current_ratio;roll_autocorr_5y_cash_pct_act;roll_autocorr_5y_accruals_ratio;roll_autocorr_5y_asset_turnover;roll_autocorr_5y_gross_margin;roll_autocorr_5y_ebitda_margin;roll_autocorr_5y_log_mkvalt;roll_autocorr_5y_log_at
AE-FEAT-IMPORT-004R,family_log_odds_rebuild_20260602_gbm,fund,dynamic_csi,6,peak_deterioration,True,computed,18,143173,0.0445495519883664,0.04206347936448951,0.15163282505097733,-0.021186302572162835,0.06959034681503984,0.4207822867856312,1e-06,deterministic_per_feature_permutation_within_cv_block,initial_train_1993_2001;cv_fold2_2002_2006;cv_fold3_2007_2010;cv_fold4_holdout_2011_2015,20260602,03_Data_Output\10_FeatureImportance\predictor_workspace\rebuild_20260602_gbm\3_Modelling_Results\Necessary\temporary_csi\AutoGluon\ag_fund\ag_predictor,WeightedEnsemble_L2,bounded GBM-only predictor workspace; not full final model-suite importance,peak_drop_earn_yld;peak_drop_ocf_per_share;peak_drop_roa;peak_drop_roe;peak_drop_roic;peak_drop_ebit_roa;peak_drop_gross_margin;peak_drop_ebitda_margin;peak_drop_ocf_margin;peak_drop_current_ratio;peak_drop_quick_ratio;peak_drop_cash_pct_act;peak_drop_wcap_ratio;peak_drop_interest_cov;peak_drop_asset_turnover;peak_drop_bp_ratio;peak_drop_log_mkvalt;peak_drop_log_emp
AE-FEAT-IMPORT-004R,family_log_odds_rebuild_20260602_gbm,fund,dynamic_csi,5,expanding_volatility,True,computed,38,143173,0.0445495519883664,0.04286612406290399,0.09754869598121435,0.004796691557753488,0.06746422880590153,0.22061574701982353,1e-06,deterministic_per_feature_permutation_within_cv_block,initial_train_1993_2001;cv_fold2_2002_2006;cv_fold3_2007_2010;cv_fold4_holdout_2011_2015,20260602,03_Data_Output\10_FeatureImportance\predictor_workspace\rebuild_20260602_gbm\3_Modelling_Results\Necessary\temporary_csi\AutoGluon\ag_fund\ag_predictor,WeightedEnsemble_L2,bounded GBM-only predictor workspace; not full final model-suite importance,expvol_earn_yld;expvol_ocf_per_share;expvol_roa;expvol_roe;expvol_roic;expvol_ebit_roa;expvol_gross_margin;expvol_ebitda_margin;expvol_ocf_margin;expvol_leverage;expvol_net_debt_ebitda;expvol_std_debt_pct;expvol_eff_int_rate;expvol_interest_cov;expvol_dd1_ratio;expvol_current_ratio;expvol_quick_ratio;expvol_cash_pct_act;expvol_wcap_ratio;expvol_bp_ratio;expvol_ev_to_sales;expvol_div_yield;expvol_mkt_to_book;expvol_accruals_ratio;expvol_asset_turnover;expvol_capex_intensity;expvol_rd_intensity;expvol_reinvest_rate;expvol_log_at;expvol_log_mkvalt;expvol_log_emp;expvol_rental_ratio;expvol_assets_per_emp;expvol_ni_per_emp;expvol_altman_z2;expvol_altman_z4;expvol_altman_z;expvol_invest_st_ratio
AE-FEAT-IMPORT-004R,family_log_odds_rebuild_20260602_gbm,fund,dynamic_csi,2,yoy_changes,True,computed,38,143173,0.0445495519883664,0.04424377682169967,0.09363301187346208,-0.01533616827333734,0.04105904681831429,0.2362087696959322,1e-06,deterministic_per_feature_permutation_within_cv_block,initial_train_1993_2001;cv_fold2_2002_2006;cv_fold3_2007_2010;cv_fold4_holdout_2011_2015,20260602,03_Data_Output\10_FeatureImportance\predictor_workspace\rebuild_20260602_gbm\3_Modelling_Results\Necessary\temporary_csi\AutoGluon\ag_fund\ag_predictor,WeightedEnsemble_L2,bounded GBM-only predictor workspace; not full final model-suite importance,yoy_earn_yld;yoy_ocf_per_share;yoy_roa;yoy_roe;yoy_roic;yoy_ebit_roa;yoy_gross_margin;yoy_ebitda_margin;yoy_ocf_margin;yoy_leverage;yoy_net_debt_ebitda;yoy_std_debt_pct;yoy_eff_int_rate;yoy_interest_cov;yoy_dd1_ratio;yoy_current_ratio;yoy_quick_ratio;yoy_cash_pct_act;yoy_wcap_ratio;yoy_bp_ratio;yoy_ev_to_sales;yoy_div_yield;yoy_mkt_to_book;yoy_accruals_ratio;yoy_asset_turnover;yoy_capex_intensity;yoy_rd_intensity;yoy_reinvest_rate;yoy_log_at;yoy_log_mkvalt;yoy_log_emp;yoy_rental_ratio;yoy_assets_per_emp;yoy_ni_per_emp;yoy_altman_z2;yoy_altman_z4;yoy_altman_z;yoy_invest_st_ratio
AE-FEAT-IMPORT-004R,family_log_odds_rebuild_20260602_gbm,fund,dynamic_csi,4,expanding_mean,True,computed,38,143173,0.0445495519883664,0.04443416740422287,0.06490799834549629,-0.007123042086868711,0.039228715195849695,0.14584919962419243,1e-06,deterministic_per_feature_permutation_within_cv_block,initial_train_1993_2001;cv_fold2_2002_2006;cv_fold3_2007_2010;cv_fold4_holdout_2011_2015,20260602,03_Data_Output\10_FeatureImportance\predictor_workspace\rebuild_20260602_gbm\3_Modelling_Results\Necessary\temporary_csi\AutoGluon\ag_fund\ag_predictor,WeightedEnsemble_L2,bounded GBM-only predictor workspace; not full final model-suite importance,expmean_earn_yld;expmean_ocf_per_share;expmean_roa;expmean_roe;expmean_roic;expmean_ebit_roa;expmean_gross_margin;expmean_ebitda_margin;expmean_ocf_margin;expmean_leverage;expmean_net_debt_ebitda;expmean_std_debt_pct;expmean_eff_int_rate;expmean_interest_cov;expmean_dd1_ratio;expmean_current_ratio;expmean_quick_ratio;expmean_cash_pct_act;expmean_wcap_ratio;expmean_bp_ratio;expmean_ev_to_sales;expmean_div_yield;expmean_mkt_to_book;expmean_accruals_ratio;expmean_asset_turnover;expmean_capex_intensity;expmean_rd_intensity;expmean_reinvest_rate;expmean_log_at;expmean_log_mkvalt;expmean_log_emp;expmean_rental_ratio;expmean_assets_per_emp;expmean_ni_per_emp;expmean_altman_z2;expmean_altman_z4;expmean_altman_z;expmean_invest_st_ratio
AE-FEAT-IMPORT-004R,family_log_odds_rebuild_20260602_gbm,fund,dynamic_csi,7,trough_rise,True,computed,7,143173,0.0445495519883664,0.04363370612709686,0.04753085479102705,0.002194450081684691,0.01977616453083586,0.13539588474263214,1e-06,deterministic_per_feature_permutation_within_cv_block,initial_train_1993_2001;cv_fold2_2002_2006;cv_fold3_2007_2010;cv_fold4_holdout_2011_2015,20260602,03_Data_Output\10_FeatureImportance\predictor_workspace\rebuild_20260602_gbm\3_Modelling_Results\Necessary\temporary_csi\AutoGluon\ag_fund\ag_predictor,WeightedEnsemble_L2,bounded GBM-only predictor workspace; not full final model-suite importance,trough_rise_leverage;trough_rise_net_debt_ebitda;trough_rise_std_debt_pct;trough_rise_eff_int_rate;trough_rise_dd1_ratio;trough_rise_rental_ratio;trough_rise_accruals_ratio
AE-FEAT-IMPORT-004R,family_log_odds_rebuild_20260602_gbm,fund,dynamic_csi,11,price_momentum_volatility_and_macro_interactions,True,computed,5,143173,0.0445495519883664,0.04352535096390348,0.03858796591343124,-0.0037376736327368112,0.01654106545416667,0.10226436169488569,1e-06,deterministic_per_feature_permutation_within_cv_block,initial_train_1993_2001;cv_fold2_2002_2006;cv_fold3_2007_2010;cv_fold4_holdout_2011_2015,20260602,03_Data_Output\10_FeatureImportance\predictor_workspace\rebuild_20260602_gbm\3_Modelling_Results\Necessary\temporary_csi\AutoGluon\ag_fund\ag_predictor,WeightedEnsemble_L2,bounded GBM-only predictor workspace; not full final model-suite importance,interact_lev_rate;interact_cov_rate;interact_nde_hyspr;interact_roa_gdp;interact_acc_hyspr
AE-FEAT-IMPORT-004R,family_log_odds_rebuild_20260602_gbm,fund,dynamic_csi,3,acceleration,True,computed,38,143173,0.0445495519883664,0.04429846207380463,0.03677845468709533,-0.0015790875242258312,0.01292776276916463,0.10177535096763554,1e-06,deterministic_per_feature_permutation_within_cv_block,initial_train_1993_2001;cv_fold2_2002_2006;cv_fold3_2007_2010;cv_fold4_holdout_2011_2015,20260602,03_Data_Output\10_FeatureImportance\predictor_workspace\rebuild_20260602_gbm\3_Modelling_Results\Necessary\temporary_csi\AutoGluon\ag_fund\ag_predictor,WeightedEnsemble_L2,bounded GBM-only predictor workspace; not full final model-suite importance,accel_earn_yld;accel_ocf_per_share;accel_roa;accel_roe;accel_roic;accel_ebit_roa;accel_gross_margin;accel_ebitda_margin;accel_ocf_margin;accel_leverage;accel_net_debt_ebitda;accel_std_debt_pct;accel_eff_int_rate;accel_interest_cov;accel_dd1_ratio;accel_current_ratio;accel_quick_ratio;accel_cash_pct_act;accel_wcap_ratio;accel_bp_ratio;accel_ev_to_sales;accel_div_yield;accel_mkt_to_book;accel_accruals_ratio;accel_asset_turnover;accel_capex_intensity;accel_rd_intensity;accel_reinvest_rate;accel_log_at;accel_log_mkvalt;accel_log_emp;accel_rental_ratio;accel_assets_per_emp;accel_ni_per_emp;accel_altman_z2;accel_altman_z4;accel_altman_z;accel_invest_st_ratio
AE-FEAT-IMPORT-004R,family_log_odds_rebuild_20260602_gbm,fund,dynamic_csi,9,accounting_momentum,True,computed,15,143173,0.0445495519883664,0.044500221900824144,0.03650706766944656,-0.004330270506213571,0.020147039569542002,0.08628450530899966,1e-06,deterministic_per_feature_permutation_within_cv_block,initial_train_1993_2001;cv_fold2_2002_2006;cv_fold3_2007_2010;cv_fold4_holdout_2011_2015,20260602,03_Data_Output\10_FeatureImportance\predictor_workspace\rebuild_20260602_gbm\3_Modelling_Results\Necessary\temporary_csi\AutoGluon\ag_fund\ag_predictor,WeightedEnsemble_L2,bounded GBM-only predictor workspace; not full final model-suite importance,acct_mom_earn_yld;acct_mom_ocf_per_share;acct_mom_roa;acct_mom_roic;acct_mom_leverage;acct_mom_net_debt_ebitda;acct_mom_interest_cov;acct_mom_current_ratio;acct_mom_cash_pct_act;acct_mom_accruals_ratio;acct_mom_asset_turnover;acct_mom_gross_margin;acct_mom_ebitda_margin;acct_mom_log_mkvalt;acct_mom_log_at
AE-FEAT-IMPORT-004R,family_log_odds_rebuild_20260602_gbm,fund,dynamic_csi,8,consecutive_declines,True,computed,10,143173,0.0445495519883664,0.04443940703869928,0.007610007688890614,0.0007554993789895128,0.0,0.021673910643832086,1e-06,deterministic_per_feature_permutation_within_cv_block,initial_train_1993_2001;cv_fold2_2002_2006;cv_fold3_2007_2010;cv_fold4_holdout_2011_2015,20260602,03_Data_Output\10_FeatureImportance\predictor_workspace\rebuild_20260602_gbm\3_Modelling_Results\Necessary\temporary_csi\AutoGluon\ag_fund\ag_predictor,WeightedEnsemble_L2,bounded GBM-only predictor workspace; not full final model-suite importance,consec_decline_earn_yld;consec_decline_ocf_per_share;consec_decline_roa;consec_decline_roic;consec_decline_gross_margin;consec_decline_interest_cov;consec_decline_log_mkvalt;consec_decline_log_emp;consec_decline_current_ratio;consec_decline_wcap_ratio
AE-FEAT-IMPORT-004R,family_log_odds_rebuild_20260602_gbm,fund,dynamic_csi,unmapped,unmapped_features,False,computed,1,143173,0.0445495519883664,0.044563530426111005,0.019998258847802153,-0.0014079488837339795,0.0029935534711293954,0.0564055464509057,1e-06,deterministic_per_feature_permutation_within_cv_block,initial_train_1993_2001;cv_fold2_2002_2006;cv_fold3_2007_2010;cv_fold4_holdout_2011_2015,20260602,03_Data_Output\10_FeatureImportance\predictor_workspace\rebuild_20260602_gbm\3_Modelling_Results\Necessary\temporary_csi\AutoGluon\ag_fund\ag_predictor,WeightedEnsemble_L2,bounded GBM-only predictor workspace; not full final model-suite importance,siccd
AE-FEAT-IMPORT-004R,family_log_odds_rebuild_20260602_gbm,latent_raw,dynamic_csi,1,point_in_time_ratios,True,no_features_in_predictor,0,143173,0.045699608715776184,,,,,,1e-06,deterministic_per_feature_permutation_within_cv_block,initial_train_1993_2001;cv_fold2_2002_2006;cv_fold3_2007_2010;cv_fold4_holdout_2011_2015,20260602,03_Data_Output\10_FeatureImportance\predictor_workspace\rebuild_20260602_gbm\3_Modelling_Results\Necessary\temporary_csi\AutoGluon\ag_latent_raw\ag_predictor,WeightedEnsemble_L2,bounded GBM-only predictor workspace; not full final model-suite importance,
AE-FEAT-IMPORT-004R,family_log_odds_rebuild_20260602_gbm,latent_raw,dynamic_csi,2,yoy_changes,True,no_features_in_predictor,0,143173,0.045699608715776184,,,,,,1e-06,deterministic_per_feature_permutation_within_cv_block,initial_train_1993_2001;cv_fold2_2002_2006;cv_fold3_2007_2010;cv_fold4_holdout_2011_2015,20260602,03_Data_Output\10_FeatureImportance\predictor_workspace\rebuild_20260602_gbm\3_Modelling_Results\Necessary\temporary_csi\AutoGluon\ag_latent_raw\ag_predictor,WeightedEnsemble_L2,bounded GBM-only predictor workspace; not full final model-suite importance,
AE-FEAT-IMPORT-004R,family_log_odds_rebuild_20260602_gbm,latent_raw,dynamic_csi,3,acceleration,True,no_features_in_predictor,0,143173,0.045699608715776184,,,,,,1e-06,deterministic_per_feature_permutation_within_cv_block,initial_train_1993_2001;cv_fold2_2002_2006;cv_fold3_2007_2010;cv_fold4_holdout_2011_2015,20260602,03_Data_Output\10_FeatureImportance\predictor_workspace\rebuild_20260602_gbm\3_Modelling_Results\Necessary\temporary_csi\AutoGluon\ag_latent_raw\ag_predictor,WeightedEnsemble_L2,bounded GBM-only predictor workspace; not full final model-suite importance,
AE-FEAT-IMPORT-004R,family_log_odds_rebuild_20260602_gbm,latent_raw,dynamic_csi,4,expanding_mean,True,no_features_in_predictor,0,143173,0.045699608715776184,,,,,,1e-06,deterministic_per_feature_permutation_within_cv_block,initial_train_1993_2001;cv_fold2_2002_2006;cv_fold3_2007_2010;cv_fold4_holdout_2011_2015,20260602,03_Data_Output\10_FeatureImportance\predictor_workspace\rebuild_20260602_gbm\3_Modelling_Results\Necessary\temporary_csi\AutoGluon\ag_latent_raw\ag_predictor,WeightedEnsemble_L2,bounded GBM-only predictor workspace; not full final model-suite importance,
AE-FEAT-IMPORT-004R,family_log_odds_rebuild_20260602_gbm,latent_raw,dynamic_csi,5,expanding_volatility,True,no_features_in_predictor,0,143173,0.045699608715776184,,,,,,1e-06,deterministic_per_feature_permutation_within_cv_block,initial_train_1993_2001;cv_fold2_2002_2006;cv_fold3_2007_2010;cv_fold4_holdout_2011_2015,20260602,03_Data_Output\10_FeatureImportance\predictor_workspace\rebuild_20260602_gbm\3_Modelling_Results\Necessary\temporary_csi\AutoGluon\ag_latent_raw\ag_predictor,WeightedEnsemble_L2,bounded GBM-only predictor workspace; not full final model-suite importance,
AE-FEAT-IMPORT-004R,family_log_odds_rebuild_20260602_gbm,latent_raw,dynamic_csi,6,peak_deterioration,True,no_features_in_predictor,0,143173,0.045699608715776184,,,,,,1e-06,deterministic_per_feature_permutation_within_cv_block,initial_train_1993_2001;cv_fold2_2002_2006;cv_fold3_2007_2010;cv_fold4_holdout_2011_2015,20260602,03_Data_Output\10_FeatureImportance\predictor_workspace\rebuild_20260602_gbm\3_Modelling_Results\Necessary\temporary_csi\AutoGluon\ag_latent_raw\ag_predictor,WeightedEnsemble_L2,bounded GBM-only predictor workspace; not full final model-suite importance,
AE-FEAT-IMPORT-004R,family_log_odds_rebuild_20260602_gbm,latent_raw,dynamic_csi,7,trough_rise,True,no_features_in_predictor,0,143173,0.045699608715776184,,,,,,1e-06,deterministic_per_feature_permutation_within_cv_block,initial_train_1993_2001;cv_fold2_2002_2006;cv_fold3_2007_2010;cv_fold4_holdout_2011_2015,20260602,03_Data_Output\10_FeatureImportance\predictor_workspace\rebuild_20260602_gbm\3_Modelling_Results\Necessary\temporary_csi\AutoGluon\ag_latent_raw\ag_predictor,WeightedEnsemble_L2,bounded GBM-only predictor workspace; not full final model-suite importance,
AE-FEAT-IMPORT-004R,family_log_odds_rebuild_20260602_gbm,latent_raw,dynamic_csi,8,consecutive_declines,True,no_features_in_predictor,0,143173,0.045699608715776184,,,,,,1e-06,deterministic_per_feature_permutation_within_cv_block,initial_train_1993_2001;cv_fold2_2002_2006;cv_fold3_2007_2010;cv_fold4_holdout_2011_2015,20260602,03_Data_Output\10_FeatureImportance\predictor_workspace\rebuild_20260602_gbm\3_Modelling_Results\Necessary\temporary_csi\AutoGluon\ag_latent_raw\ag_predictor,WeightedEnsemble_L2,bounded GBM-only predictor workspace; not full final model-suite importance,
AE-FEAT-IMPORT-004R,family_log_odds_rebuild_20260602_gbm,latent_raw,dynamic_csi,9,accounting_momentum,True,no_features_in_predictor,0,143173,0.045699608715776184,,,,,,1e-06,deterministic_per_feature_permutation_within_cv_block,initial_train_1993_2001;cv_fold2_2002_2006;cv_fold3_2007_2010;cv_fold4_holdout_2011_2015,20260602,03_Data_Output\10_FeatureImportance\predictor_workspace\rebuild_20260602_gbm\3_Modelling_Results\Necessary\temporary_csi\AutoGluon\ag_latent_raw\ag_predictor,WeightedEnsemble_L2,bounded GBM-only predictor workspace; not full final model-suite importance,
AE-FEAT-IMPORT-004R,family_log_odds_rebuild_20260602_gbm,latent_raw,dynamic_csi,10,rolling_window_statistics,True,no_features_in_predictor,0,143173,0.045699608715776184,,,,,,1e-06,deterministic_per_feature_permutation_within_cv_block,initial_train_1993_2001;cv_fold2_2002_2006;cv_fold3_2007_2010;cv_fold4_holdout_2011_2015,20260602,03_Data_Output\10_FeatureImportance\predictor_workspace\rebuild_20260602_gbm\3_Modelling_Results\Necessary\temporary_csi\AutoGluon\ag_latent_raw\ag_predictor,WeightedEnsemble_L2,bounded GBM-only predictor workspace; not full final model-suite importance,
AE-FEAT-IMPORT-004R,family_log_odds_rebuild_20260602_gbm,latent_raw,dynamic_csi,11,price_momentum_volatility_and_macro_interactions,True,no_features_in_predictor,0,143173,0.045699608715776184,,,,,,1e-06,deterministic_per_feature_permutation_within_cv_block,initial_train_1993_2001;cv_fold2_2002_2006;cv_fold3_2007_2010;cv_fold4_holdout_2011_2015,20260602,03_Data_Output\10_FeatureImportance\predictor_workspace\rebuild_20260602_gbm\3_Modelling_Results\Necessary\temporary_csi\AutoGluon\ag_latent_raw\ag_predictor,WeightedEnsemble_L2,bounded GBM-only predictor workspace; not full final model-suite importance,
AE-FEAT-IMPORT-004R,family_log_odds_rebuild_20260602_gbm,latent_raw,dynamic_csi,latent_block,vae_latent_features,False,computed,25,143173,0.045699608715776184,0.034074148710072055,1.7291468638383662,0.015168629726479622,1.515865691635474,3.5242389914284407,1e-06,deterministic_per_feature_permutation_within_cv_block,initial_train_1993_2001;cv_fold2_2002_2006;cv_fold3_2007_2010;cv_fold4_holdout_2011_2015,20260602,03_Data_Output\10_FeatureImportance\predictor_workspace\rebuild_20260602_gbm\3_Modelling_Results\Necessary\temporary_csi\AutoGluon\ag_latent_raw\ag_predictor,WeightedEnsemble_L2,bounded GBM-only predictor workspace; not full final model-suite importance,z1;z2;z3;z4;z5;z6;z7;z8;z9;z10;z11;z12;z13;z14;z15;z16;z17;z18;z19;z20;z21;z22;z23;z24;vae_recon_error
AE-FEAT-IMPORT-004R,family_log_odds_rebuild_20260602_gbm,raw,dynamic_csi,11,price_momentum_volatility_and_macro_interactions,True,computed,16,143173,0.044568785798582165,0.03293473615430184,0.8948939554869549,-0.20800738721919151,0.7584229720007727,1.8514971144164591,1e-06,deterministic_per_feature_permutation_within_cv_block,initial_train_1993_2001;cv_fold2_2002_2006;cv_fold3_2007_2010;cv_fold4_holdout_2011_2015,20260602,03_Data_Output\10_FeatureImportance\predictor_workspace\rebuild_20260602_gbm\3_Modelling_Results\Necessary\temporary_csi\AutoGluon\ag_raw\ag_predictor,WeightedEnsemble_L2,bounded GBM-only predictor workspace; not full final model-suite importance,ann_return;log_return;mom_1m;mom_3m;mom_6m;vol_12m;max_dd_12m;mom_24m;vol_60m;max_dd_60m;interact_lev_rate;interact_cov_rate;interact_nde_hyspr;interact_roa_gdp;interact_ret_vix;interact_acc_hyspr
AE-FEAT-IMPORT-004R,family_log_odds_rebuild_20260602_gbm,raw,dynamic_csi,1,point_in_time_ratios,True,computed,53,143173,0.044568785798582165,0.03266602185554578,0.5334676872039797,-0.10286428802677927,0.4208931411011805,1.1216994198093806,1e-06,deterministic_per_feature_permutation_within_cv_block,initial_train_1993_2001;cv_fold2_2002_2006;cv_fold3_2007_2010;cv_fold4_holdout_2011_2015,20260602,03_Data_Output\10_FeatureImportance\predictor_workspace\rebuild_20260602_gbm\3_Modelling_Results\Necessary\temporary_csi\AutoGluon\ag_raw\ag_predictor,WeightedEnsemble_L2,bounded GBM-only predictor workspace; not full final model-suite importance,d_unrate;d_hy_spread;d_vix;earn_yld;ocf_per_share;roa;roe;roic;ebit_roa;gross_margin;ebitda_margin;ocf_margin;leverage;net_debt_ebitda;std_debt_pct;eff_int_rate;interest_cov;dd1_ratio;current_ratio;quick_ratio;cash_pct_act;wcap_ratio;bp_ratio;ev_to_sales;div_yield;cash_div_cf;mkt_to_book;accruals_ratio;asset_turnover;capex_intensity;rd_intensity;reinvest_rate;log_at;log_mkvalt;log_emp;rental_ratio;assets_per_emp;ni_per_emp;min_int_tcap;compr_inc_ratio;altman_z2;altman_z4;altman_z;invest_st_ratio;term_spread;hy_spread;unrate;fedfunds;vix;cpi_inflation;gdp_growth;indpro_growth;recession
AE-FEAT-IMPORT-004R,family_log_odds_rebuild_20260602_gbm,raw,dynamic_csi,10,rolling_window_statistics,True,computed,180,143173,0.044568785798582165,0.039242762529173206,0.36212554927649987,-0.12736366444973946,0.3120490384905974,0.7191336305629298,1e-06,deterministic_per_feature_permutation_within_cv_block,initial_train_1993_2001;cv_fold2_2002_2006;cv_fold3_2007_2010;cv_fold4_holdout_2011_2015,20260602,03_Data_Output\10_FeatureImportance\predictor_workspace\rebuild_20260602_gbm\3_Modelling_Results\Necessary\temporary_csi\AutoGluon\ag_raw\ag_predictor,WeightedEnsemble_L2,bounded GBM-only predictor workspace; not full final model-suite importance,roll_mean_3y_earn_yld;roll_mean_3y_ocf_per_share;roll_mean_3y_roa;roll_mean_3y_roic;roll_mean_3y_leverage;roll_mean_3y_net_debt_ebitda;roll_mean_3y_interest_cov;roll_mean_3y_current_ratio;roll_mean_3y_cash_pct_act;roll_mean_3y_accruals_ratio;roll_mean_3y_asset_turnover;roll_mean_3y_gross_margin;roll_mean_3y_ebitda_margin;roll_mean_3y_log_mkvalt;roll_mean_3y_log_at;roll_min_3y_earn_yld;roll_min_3y_ocf_per_share;roll_min_3y_roa;roll_min_3y_roic;roll_min_3y_leverage;roll_min_3y_net_debt_ebitda;roll_min_3y_interest_cov;roll_min_3y_current_ratio;roll_min_3y_cash_pct_act;roll_min_3y_accruals_ratio;roll_min_3y_asset_turnover;roll_min_3y_gross_margin;roll_min_3y_ebitda_margin;roll_min_3y_log_mkvalt;roll_min_3y_log_at;roll_max_3y_earn_yld;roll_max_3y_ocf_per_share;roll_max_3y_roa;roll_max_3y_roic;roll_max_3y_leverage;roll_max_3y_net_debt_ebitda;roll_max_3y_interest_cov;roll_max_3y_current_ratio;roll_max_3y_cash_pct_act;roll_max_3y_accruals_ratio;roll_max_3y_asset_turnover;roll_max_3y_gross_margin;roll_max_3y_ebitda_margin;roll_max_3y_log_mkvalt;roll_max_3y_log_at;roll_sd_3y_earn_yld;roll_sd_3y_ocf_per_share;roll_sd_3y_roa;roll_sd_3y_roic;roll_sd_3y_leverage;roll_sd_3y_net_debt_ebitda;roll_sd_3y_interest_cov;roll_sd_3y_current_ratio;roll_sd_3y_cash_pct_act;roll_sd_3y_accruals_ratio;roll_sd_3y_asset_turnover;roll_sd_3y_gross_margin;roll_sd_3y_ebitda_margin;roll_sd_3y_log_mkvalt;roll_sd_3y_log_at;roll_trend_3y_earn_yld;roll_trend_3y_ocf_per_share;roll_trend_3y_roa;roll_trend_3y_roic;roll_trend_3y_leverage;roll_trend_3y_net_debt_ebitda;roll_trend_3y_interest_cov;roll_trend_3y_current_ratio;roll_trend_3y_cash_pct_act;roll_trend_3y_accruals_ratio;roll_trend_3y_asset_turnover;roll_trend_3y_gross_margin;roll_trend_3y_ebitda_margin;roll_trend_3y_log_mkvalt;roll_trend_3y_log_at;roll_autocorr_3y_earn_yld;roll_autocorr_3y_ocf_per_share;roll_autocorr_3y_roa;roll_autocorr_3y_roic;roll_autocorr_3y_leverage;roll_autocorr_3y_net_debt_ebitda;roll_autocorr_3y_interest_cov;roll_autocorr_3y_current_ratio;roll_autocorr_3y_cash_pct_act;roll_autocorr_3y_accruals_ratio;roll_autocorr_3y_asset_turnover;roll_autocorr_3y_gross_margin;roll_autocorr_3y_ebitda_margin;roll_autocorr_3y_log_mkvalt;roll_autocorr_3y_log_at;roll_mean_5y_earn_yld;roll_mean_5y_ocf_per_share;roll_mean_5y_roa;roll_mean_5y_roic;roll_mean_5y_leverage;roll_mean_5y_net_debt_ebitda;roll_mean_5y_interest_cov;roll_mean_5y_current_ratio;roll_mean_5y_cash_pct_act;roll_mean_5y_accruals_ratio;roll_mean_5y_asset_turnover;roll_mean_5y_gross_margin;roll_mean_5y_ebitda_margin;roll_mean_5y_log_mkvalt;roll_mean_5y_log_at;roll_min_5y_earn_yld;roll_min_5y_ocf_per_share;roll_min_5y_roa;roll_min_5y_roic;roll_min_5y_leverage;roll_min_5y_net_debt_ebitda;roll_min_5y_interest_cov;roll_min_5y_current_ratio;roll_min_5y_cash_pct_act;roll_min_5y_accruals_ratio;roll_min_5y_asset_turnover;roll_min_5y_gross_margin;roll_min_5y_ebitda_margin;roll_min_5y_log_mkvalt;roll_min_5y_log_at;roll_max_5y_earn_yld;roll_max_5y_ocf_per_share;roll_max_5y_roa;roll_max_5y_roic;roll_max_5y_leverage;roll_max_5y_net_debt_ebitda;roll_max_5y_interest_cov;roll_max_5y_current_ratio;roll_max_5y_cash_pct_act;roll_max_5y_accruals_ratio;roll_max_5y_asset_turnover;roll_max_5y_gross_margin;roll_max_5y_ebitda_margin;roll_max_5y_log_mkvalt;roll_max_5y_log_at;roll_sd_5y_earn_yld;roll_sd_5y_ocf_per_share;roll_sd_5y_roa;roll_sd_5y_roic;roll_sd_5y_leverage;roll_sd_5y_net_debt_ebitda;roll_sd_5y_interest_cov;roll_sd_5y_current_ratio;roll_sd_5y_cash_pct_act;roll_sd_5y_accruals_ratio;roll_sd_5y_asset_turnover;roll_sd_5y_gross_margin;roll_sd_5y_ebitda_margin;roll_sd_5y_log_mkvalt;roll_sd_5y_log_at;roll_trend_5y_earn_yld;roll_trend_5y_ocf_per_share;roll_trend_5y_roa;roll_trend_5y_roic;roll_trend_5y_leverage;roll_trend_5y_net_debt_ebitda;roll_trend_5y_interest_cov;roll_trend_5y_current_ratio;roll_trend_5y_cash_pct_act;roll_trend_5y_accruals_ratio;roll_trend_5y_asset_turnover;roll_trend_5y_gross_margin;roll_trend_5y_ebitda_margin;roll_trend_5y_log_mkvalt;roll_trend_5y_log_at;roll_autocorr_5y_earn_yld;roll_autocorr_5y_ocf_per_share;roll_autocorr_5y_roa;roll_autocorr_5y_roic;roll_autocorr_5y_leverage;roll_autocorr_5y_net_debt_ebitda;roll_autocorr_5y_interest_cov;roll_autocorr_5y_current_ratio;roll_autocorr_5y_cash_pct_act;roll_autocorr_5y_accruals_ratio;roll_autocorr_5y_asset_turnover;roll_autocorr_5y_gross_margin;roll_autocorr_5y_ebitda_margin;roll_autocorr_5y_log_mkvalt;roll_autocorr_5y_log_at
AE-FEAT-IMPORT-004R,family_log_odds_rebuild_20260602_gbm,raw,dynamic_csi,5,expanding_volatility,True,computed,40,143173,0.044568785798582165,0.04349075670760451,0.08168694834982973,-0.0006380083923278808,0.05874636986821269,0.1827661552187175,1e-06,deterministic_per_feature_permutation_within_cv_block,initial_train_1993_2001;cv_fold2_2002_2006;cv_fold3_2007_2010;cv_fold4_holdout_2011_2015,20260602,03_Data_Output\10_FeatureImportance\predictor_workspace\rebuild_20260602_gbm\3_Modelling_Results\Necessary\temporary_csi\AutoGluon\ag_raw\ag_predictor,WeightedEnsemble_L2,bounded GBM-only predictor workspace; not full final model-suite importance,expvol_earn_yld;expvol_ocf_per_share;expvol_roa;expvol_roe;expvol_roic;expvol_ebit_roa;expvol_gross_margin;expvol_ebitda_margin;expvol_ocf_margin;expvol_leverage;expvol_net_debt_ebitda;expvol_std_debt_pct;expvol_eff_int_rate;expvol_interest_cov;expvol_dd1_ratio;expvol_current_ratio;expvol_quick_ratio;expvol_cash_pct_act;expvol_wcap_ratio;expvol_bp_ratio;expvol_ev_to_sales;expvol_div_yield;expvol_mkt_to_book;expvol_accruals_ratio;expvol_asset_turnover;expvol_capex_intensity;expvol_rd_intensity;expvol_reinvest_rate;expvol_log_at;expvol_log_mkvalt;expvol_log_emp;expvol_rental_ratio;expvol_assets_per_emp;expvol_ni_per_emp;expvol_altman_z2;expvol_altman_z4;expvol_altman_z;expvol_invest_st_ratio;expvol_log_return;expvol_ann_return
AE-FEAT-IMPORT-004R,family_log_odds_rebuild_20260602_gbm,raw,dynamic_csi,4,expanding_mean,True,computed,40,143173,0.044568785798582165,0.04543511592950616,0.05542587740270227,-0.02056523951255714,0.03036457349694377,0.13571001903490423,1e-06,deterministic_per_feature_permutation_within_cv_block,initial_train_1993_2001;cv_fold2_2002_2006;cv_fold3_2007_2010;cv_fold4_holdout_2011_2015,20260602,03_Data_Output\10_FeatureImportance\predictor_workspace\rebuild_20260602_gbm\3_Modelling_Results\Necessary\temporary_csi\AutoGluon\ag_raw\ag_predictor,WeightedEnsemble_L2,bounded GBM-only predictor workspace; not full final model-suite importance,expmean_earn_yld;expmean_ocf_per_share;expmean_roa;expmean_roe;expmean_roic;expmean_ebit_roa;expmean_gross_margin;expmean_ebitda_margin;expmean_ocf_margin;expmean_leverage;expmean_net_debt_ebitda;expmean_std_debt_pct;expmean_eff_int_rate;expmean_interest_cov;expmean_dd1_ratio;expmean_current_ratio;expmean_quick_ratio;expmean_cash_pct_act;expmean_wcap_ratio;expmean_bp_ratio;expmean_ev_to_sales;expmean_div_yield;expmean_mkt_to_book;expmean_accruals_ratio;expmean_asset_turnover;expmean_capex_intensity;expmean_rd_intensity;expmean_reinvest_rate;expmean_log_at;expmean_log_mkvalt;expmean_log_emp;expmean_rental_ratio;expmean_assets_per_emp;expmean_ni_per_emp;expmean_altman_z2;expmean_altman_z4;expmean_altman_z;expmean_invest_st_ratio;expmean_log_return;expmean_ann_return
AE-FEAT-IMPORT-004R,family_log_odds_rebuild_20260602_gbm,raw,dynamic_csi,6,peak_deterioration,True,computed,18,143173,0.044568785798582165,0.043753375586853854,0.05094707323027236,-0.007752384886465195,0.026266750059702915,0.1280644782550707,1e-06,deterministic_per_feature_permutation_within_cv_block,initial_train_1993_2001;cv_fold2_2002_2006;cv_fold3_2007_2010;cv_fold4_holdout_2011_2015,20260602,03_Data_Output\10_FeatureImportance\predictor_workspace\rebuild_20260602_gbm\3_Modelling_Results\Necessary\temporary_csi\AutoGluon\ag_raw\ag_predictor,WeightedEnsemble_L2,bounded GBM-only predictor workspace; not full final model-suite importance,peak_drop_earn_yld;peak_drop_ocf_per_share;peak_drop_roa;peak_drop_roe;peak_drop_roic;peak_drop_ebit_roa;peak_drop_gross_margin;peak_drop_ebitda_margin;peak_drop_ocf_margin;peak_drop_current_ratio;peak_drop_quick_ratio;peak_drop_cash_pct_act;peak_drop_wcap_ratio;peak_drop_interest_cov;peak_drop_asset_turnover;peak_drop_bp_ratio;peak_drop_log_mkvalt;peak_drop_log_emp
AE-FEAT-IMPORT-004R,family_log_odds_rebuild_20260602_gbm,raw,dynamic_csi,2,yoy_changes,True,computed,40,143173,0.044568785798582165,0.04525173468997714,0.048783104014497286,-0.012679646863738715,0.02373918718765644,0.12470224254942511,1e-06,deterministic_per_feature_permutation_within_cv_block,initial_train_1993_2001;cv_fold2_2002_2006;cv_fold3_2007_2010;cv_fold4_holdout_2011_2015,20260602,03_Data_Output\10_FeatureImportance\predictor_workspace\rebuild_20260602_gbm\3_Modelling_Results\Necessary\temporary_csi\AutoGluon\ag_raw\ag_predictor,WeightedEnsemble_L2,bounded GBM-only predictor workspace; not full final model-suite importance,yoy_earn_yld;yoy_ocf_per_share;yoy_roa;yoy_roe;yoy_roic;yoy_ebit_roa;yoy_gross_margin;yoy_ebitda_margin;yoy_ocf_margin;yoy_leverage;yoy_net_debt_ebitda;yoy_std_debt_pct;yoy_eff_int_rate;yoy_interest_cov;yoy_dd1_ratio;yoy_current_ratio;yoy_quick_ratio;yoy_cash_pct_act;yoy_wcap_ratio;yoy_bp_ratio;yoy_ev_to_sales;yoy_div_yield;yoy_mkt_to_book;yoy_accruals_ratio;yoy_asset_turnover;yoy_capex_intensity;yoy_rd_intensity;yoy_reinvest_rate;yoy_log_at;yoy_log_mkvalt;yoy_log_emp;yoy_rental_ratio;yoy_assets_per_emp;yoy_ni_per_emp;yoy_altman_z2;yoy_altman_z4;yoy_altman_z;yoy_invest_st_ratio;yoy_log_return;yoy_ann_return
AE-FEAT-IMPORT-004R,family_log_odds_rebuild_20260602_gbm,raw,dynamic_csi,7,trough_rise,True,computed,7,143173,0.044568785798582165,0.04437321153241911,0.02565956437518226,-0.00340955611012298,0.0017139614015042604,0.07194865995036787,1e-06,deterministic_per_feature_permutation_within_cv_block,initial_train_1993_2001;cv_fold2_2002_2006;cv_fold3_2007_2010;cv_fold4_holdout_2011_2015,20260602,03_Data_Output\10_FeatureImportance\predictor_workspace\rebuild_20260602_gbm\3_Modelling_Results\Necessary\temporary_csi\AutoGluon\ag_raw\ag_predictor,WeightedEnsemble_L2,bounded GBM-only predictor workspace; not full final model-suite importance,trough_rise_leverage;trough_rise_net_debt_ebitda;trough_rise_std_debt_pct;trough_rise_eff_int_rate;trough_rise_dd1_ratio;trough_rise_rental_ratio;trough_rise_accruals_ratio
AE-FEAT-IMPORT-004R,family_log_odds_rebuild_20260602_gbm,raw,dynamic_csi,9,accounting_momentum,True,computed,15,143173,0.044568785798582165,0.04458064224086939,0.016880798196030798,-0.004290940725533004,0.0,0.043149084404617316,1e-06,deterministic_per_feature_permutation_within_cv_block,initial_train_1993_2001;cv_fold2_2002_2006;cv_fold3_2007_2010;cv_fold4_holdout_2011_2015,20260602,03_Data_Output\10_FeatureImportance\predictor_workspace\rebuild_20260602_gbm\3_Modelling_Results\Necessary\temporary_csi\AutoGluon\ag_raw\ag_predictor,WeightedEnsemble_L2,bounded GBM-only predictor workspace; not full final model-suite importance,acct_mom_earn_yld;acct_mom_ocf_per_share;acct_mom_roa;acct_mom_roic;acct_mom_leverage;acct_mom_net_debt_ebitda;acct_mom_interest_cov;acct_mom_current_ratio;acct_mom_cash_pct_act;acct_mom_accruals_ratio;acct_mom_asset_turnover;acct_mom_gross_margin;acct_mom_ebitda_margin;acct_mom_log_mkvalt;acct_mom_log_at
AE-FEAT-IMPORT-004R,family_log_odds_rebuild_20260602_gbm,raw,dynamic_csi,3,acceleration,True,computed,40,143173,0.044568785798582165,0.04449690181985367,0.016270245213257834,-0.0006731142699353859,0.0,0.040444931189631377,1e-06,deterministic_per_feature_permutation_within_cv_block,initial_train_1993_2001;cv_fold2_2002_2006;cv_fold3_2007_2010;cv_fold4_holdout_2011_2015,20260602,03_Data_Output\10_FeatureImportance\predictor_workspace\rebuild_20260602_gbm\3_Modelling_Results\Necessary\temporary_csi\AutoGluon\ag_raw\ag_predictor,WeightedEnsemble_L2,bounded GBM-only predictor workspace; not full final model-suite importance,accel_earn_yld;accel_ocf_per_share;accel_roa;accel_roe;accel_roic;accel_ebit_roa;accel_gross_margin;accel_ebitda_margin;accel_ocf_margin;accel_leverage;accel_net_debt_ebitda;accel_std_debt_pct;accel_eff_int_rate;accel_interest_cov;accel_dd1_ratio;accel_current_ratio;accel_quick_ratio;accel_cash_pct_act;accel_wcap_ratio;accel_bp_ratio;accel_ev_to_sales;accel_div_yield;accel_mkt_to_book;accel_accruals_ratio;accel_asset_turnover;accel_capex_intensity;accel_rd_intensity;accel_reinvest_rate;accel_log_at;accel_log_mkvalt;accel_log_emp;accel_rental_ratio;accel_assets_per_emp;accel_ni_per_emp;accel_altman_z2;accel_altman_z4;accel_altman_z;accel_invest_st_ratio;accel_log_return;accel_ann_return
AE-FEAT-IMPORT-004R,family_log_odds_rebuild_20260602_gbm,raw,dynamic_csi,8,consecutive_declines,True,computed,10,143173,0.044568785798582165,0.044556643371838935,0.003438546021994014,-0.0007103740392010274,0.0,0.0,1e-06,deterministic_per_feature_permutation_within_cv_block,initial_train_1993_2001;cv_fold2_2002_2006;cv_fold3_2007_2010;cv_fold4_holdout_2011_2015,20260602,03_Data_Output\10_FeatureImportance\predictor_workspace\rebuild_20260602_gbm\3_Modelling_Results\Necessary\temporary_csi\AutoGluon\ag_raw\ag_predictor,WeightedEnsemble_L2,bounded GBM-only predictor workspace; not full final model-suite importance,consec_decline_earn_yld;consec_decline_ocf_per_share;consec_decline_roa;consec_decline_roic;consec_decline_gross_margin;consec_decline_interest_cov;consec_decline_log_mkvalt;consec_decline_log_emp;consec_decline_current_ratio;consec_decline_wcap_ratio
AE-FEAT-IMPORT-004R,family_log_odds_rebuild_20260602_gbm,raw,dynamic_csi,unmapped,unmapped_features,False,computed,1,143173,0.044568785798582165,0.04450668003404149,0.011317076529583902,3.665191273764653e-05,0.0,0.028286217558457595,1e-06,deterministic_per_feature_permutation_within_cv_block,initial_train_1993_2001;cv_fold2_2002_2006;cv_fold3_2007_2010;cv_fold4_holdout_2011_2015,20260602,03_Data_Output\10_FeatureImportance\predictor_workspace\rebuild_20260602_gbm\3_Modelling_Results\Necessary\temporary_csi\AutoGluon\ag_raw\ag_predictor,WeightedEnsemble_L2,bounded GBM-only predictor workspace; not full final model-suite importance,siccd
AE-FEAT-IMPORT-004R,family_log_odds_rebuild_20260602_gbm,raw_plus_latent,dynamic_csi,11,price_momentum_volatility_and_macro_interactions,True,computed,16,143173,0.0466164111048515,0.04337595095071473,0.20161541518140724,0.020550013016601237,0.14554167872334967,0.47524603439022667,1e-06,deterministic_per_feature_permutation_within_cv_block,initial_train_1993_2001;cv_fold2_2002_2006;cv_fold3_2007_2010;cv_fold4_holdout_2011_2015,20260602,03_Data_Output\10_FeatureImportance\predictor_workspace\rebuild_20260602_gbm\3_Modelling_Results\Necessary\temporary_csi\AutoGluon\ag_raw_plus_latent\ag_predictor,WeightedEnsemble_L2,bounded GBM-only predictor workspace; not full final model-suite importance,ann_return;log_return;mom_1m;mom_3m;mom_6m;vol_12m;max_dd_12m;mom_24m;vol_60m;max_dd_60m;interact_lev_rate;interact_cov_rate;interact_nde_hyspr;interact_roa_gdp;interact_ret_vix;interact_acc_hyspr
AE-FEAT-IMPORT-004R,family_log_odds_rebuild_20260602_gbm,raw_plus_latent,dynamic_csi,1,point_in_time_ratios,True,computed,53,143173,0.0466164111048515,0.04484028131935976,0.15405309091257124,-0.011602155828736868,0.08654810471569929,0.3956602337260918,1e-06,deterministic_per_feature_permutation_within_cv_block,initial_train_1993_2001;cv_fold2_2002_2006;cv_fold3_2007_2010;cv_fold4_holdout_2011_2015,20260602,03_Data_Output\10_FeatureImportance\predictor_workspace\rebuild_20260602_gbm\3_Modelling_Results\Necessary\temporary_csi\AutoGluon\ag_raw_plus_latent\ag_predictor,WeightedEnsemble_L2,bounded GBM-only predictor workspace; not full final model-suite importance,d_unrate;d_hy_spread;d_vix;earn_yld;ocf_per_share;roa;roe;roic;ebit_roa;gross_margin;ebitda_margin;ocf_margin;leverage;net_debt_ebitda;std_debt_pct;eff_int_rate;interest_cov;dd1_ratio;current_ratio;quick_ratio;cash_pct_act;wcap_ratio;bp_ratio;ev_to_sales;div_yield;cash_div_cf;mkt_to_book;accruals_ratio;asset_turnover;capex_intensity;rd_intensity;reinvest_rate;log_at;log_mkvalt;log_emp;rental_ratio;assets_per_emp;ni_per_emp;min_int_tcap;compr_inc_ratio;altman_z2;altman_z4;altman_z;invest_st_ratio;term_spread;hy_spread;unrate;fedfunds;vix;cpi_inflation;gdp_growth;indpro_growth;recession
AE-FEAT-IMPORT-004R,family_log_odds_rebuild_20260602_gbm,raw_plus_latent,dynamic_csi,10,rolling_window_statistics,True,computed,180,143173,0.0466164111048515,0.04473215403562061,0.14271079392383818,-0.013462002296456709,0.09415748017864578,0.34704003632411184,1e-06,deterministic_per_feature_permutation_within_cv_block,initial_train_1993_2001;cv_fold2_2002_2006;cv_fold3_2007_2010;cv_fold4_holdout_2011_2015,20260602,03_Data_Output\10_FeatureImportance\predictor_workspace\rebuild_20260602_gbm\3_Modelling_Results\Necessary\temporary_csi\AutoGluon\ag_raw_plus_latent\ag_predictor,WeightedEnsemble_L2,bounded GBM-only predictor workspace; not full final model-suite importance,roll_mean_3y_earn_yld;roll_mean_3y_ocf_per_share;roll_mean_3y_roa;roll_mean_3y_roic;roll_mean_3y_leverage;roll_mean_3y_net_debt_ebitda;roll_mean_3y_interest_cov;roll_mean_3y_current_ratio;roll_mean_3y_cash_pct_act;roll_mean_3y_accruals_ratio;roll_mean_3y_asset_turnover;roll_mean_3y_gross_margin;roll_mean_3y_ebitda_margin;roll_mean_3y_log_mkvalt;roll_mean_3y_log_at;roll_min_3y_earn_yld;roll_min_3y_ocf_per_share;roll_min_3y_roa;roll_min_3y_roic;roll_min_3y_leverage;roll_min_3y_net_debt_ebitda;roll_min_3y_interest_cov;roll_min_3y_current_ratio;roll_min_3y_cash_pct_act;roll_min_3y_accruals_ratio;roll_min_3y_asset_turnover;roll_min_3y_gross_margin;roll_min_3y_ebitda_margin;roll_min_3y_log_mkvalt;roll_min_3y_log_at;roll_max_3y_earn_yld;roll_max_3y_ocf_per_share;roll_max_3y_roa;roll_max_3y_roic;roll_max_3y_leverage;roll_max_3y_net_debt_ebitda;roll_max_3y_interest_cov;roll_max_3y_current_ratio;roll_max_3y_cash_pct_act;roll_max_3y_accruals_ratio;roll_max_3y_asset_turnover;roll_max_3y_gross_margin;roll_max_3y_ebitda_margin;roll_max_3y_log_mkvalt;roll_max_3y_log_at;roll_sd_3y_earn_yld;roll_sd_3y_ocf_per_share;roll_sd_3y_roa;roll_sd_3y_roic;roll_sd_3y_leverage;roll_sd_3y_net_debt_ebitda;roll_sd_3y_interest_cov;roll_sd_3y_current_ratio;roll_sd_3y_cash_pct_act;roll_sd_3y_accruals_ratio;roll_sd_3y_asset_turnover;roll_sd_3y_gross_margin;roll_sd_3y_ebitda_margin;roll_sd_3y_log_mkvalt;roll_sd_3y_log_at;roll_trend_3y_earn_yld;roll_trend_3y_ocf_per_share;roll_trend_3y_roa;roll_trend_3y_roic;roll_trend_3y_leverage;roll_trend_3y_net_debt_ebitda;roll_trend_3y_interest_cov;roll_trend_3y_current_ratio;roll_trend_3y_cash_pct_act;roll_trend_3y_accruals_ratio;roll_trend_3y_asset_turnover;roll_trend_3y_gross_margin;roll_trend_3y_ebitda_margin;roll_trend_3y_log_mkvalt;roll_trend_3y_log_at;roll_autocorr_3y_earn_yld;roll_autocorr_3y_ocf_per_share;roll_autocorr_3y_roa;roll_autocorr_3y_roic;roll_autocorr_3y_leverage;roll_autocorr_3y_net_debt_ebitda;roll_autocorr_3y_interest_cov;roll_autocorr_3y_current_ratio;roll_autocorr_3y_cash_pct_act;roll_autocorr_3y_accruals_ratio;roll_autocorr_3y_asset_turnover;roll_autocorr_3y_gross_margin;roll_autocorr_3y_ebitda_margin;roll_autocorr_3y_log_mkvalt;roll_autocorr_3y_log_at;roll_mean_5y_earn_yld;roll_mean_5y_ocf_per_share;roll_mean_5y_roa;roll_mean_5y_roic;roll_mean_5y_leverage;roll_mean_5y_net_debt_ebitda;roll_mean_5y_interest_cov;roll_mean_5y_current_ratio;roll_mean_5y_cash_pct_act;roll_mean_5y_accruals_ratio;roll_mean_5y_asset_turnover;roll_mean_5y_gross_margin;roll_mean_5y_ebitda_margin;roll_mean_5y_log_mkvalt;roll_mean_5y_log_at;roll_min_5y_earn_yld;roll_min_5y_ocf_per_share;roll_min_5y_roa;roll_min_5y_roic;roll_min_5y_leverage;roll_min_5y_net_debt_ebitda;roll_min_5y_interest_cov;roll_min_5y_current_ratio;roll_min_5y_cash_pct_act;roll_min_5y_accruals_ratio;roll_min_5y_asset_turnover;roll_min_5y_gross_margin;roll_min_5y_ebitda_margin;roll_min_5y_log_mkvalt;roll_min_5y_log_at;roll_max_5y_earn_yld;roll_max_5y_ocf_per_share;roll_max_5y_roa;roll_max_5y_roic;roll_max_5y_leverage;roll_max_5y_net_debt_ebitda;roll_max_5y_interest_cov;roll_max_5y_current_ratio;roll_max_5y_cash_pct_act;roll_max_5y_accruals_ratio;roll_max_5y_asset_turnover;roll_max_5y_gross_margin;roll_max_5y_ebitda_margin;roll_max_5y_log_mkvalt;roll_max_5y_log_at;roll_sd_5y_earn_yld;roll_sd_5y_ocf_per_share;roll_sd_5y_roa;roll_sd_5y_roic;roll_sd_5y_leverage;roll_sd_5y_net_debt_ebitda;roll_sd_5y_interest_cov;roll_sd_5y_current_ratio;roll_sd_5y_cash_pct_act;roll_sd_5y_accruals_ratio;roll_sd_5y_asset_turnover;roll_sd_5y_gross_margin;roll_sd_5y_ebitda_margin;roll_sd_5y_log_mkvalt;roll_sd_5y_log_at;roll_trend_5y_earn_yld;roll_trend_5y_ocf_per_share;roll_trend_5y_roa;roll_trend_5y_roic;roll_trend_5y_leverage;roll_trend_5y_net_debt_ebitda;roll_trend_5y_interest_cov;roll_trend_5y_current_ratio;roll_trend_5y_cash_pct_act;roll_trend_5y_accruals_ratio;roll_trend_5y_asset_turnover;roll_trend_5y_gross_margin;roll_trend_5y_ebitda_margin;roll_trend_5y_log_mkvalt;roll_trend_5y_log_at;roll_autocorr_5y_earn_yld;roll_autocorr_5y_ocf_per_share;roll_autocorr_5y_roa;roll_autocorr_5y_roic;roll_autocorr_5y_leverage;roll_autocorr_5y_net_debt_ebitda;roll_autocorr_5y_interest_cov;roll_autocorr_5y_current_ratio;roll_autocorr_5y_cash_pct_act;roll_autocorr_5y_accruals_ratio;roll_autocorr_5y_asset_turnover;roll_autocorr_5y_gross_margin;roll_autocorr_5y_ebitda_margin;roll_autocorr_5y_log_mkvalt;roll_autocorr_5y_log_at
AE-FEAT-IMPORT-004R,family_log_odds_rebuild_20260602_gbm,raw_plus_latent,dynamic_csi,2,yoy_changes,True,computed,40,143173,0.0466164111048515,0.046837600532550705,0.00859551547150428,-0.0023612488109579404,0.0,0.028090309689250238,1e-06,deterministic_per_feature_permutation_within_cv_block,initial_train_1993_2001;cv_fold2_2002_2006;cv_fold3_2007_2010;cv_fold4_holdout_2011_2015,20260602,03_Data_Output\10_FeatureImportance\predictor_workspace\rebuild_20260602_gbm\3_Modelling_Results\Necessary\temporary_csi\AutoGluon\ag_raw_plus_latent\ag_predictor,WeightedEnsemble_L2,bounded GBM-only predictor workspace; not full final model-suite importance,yoy_earn_yld;yoy_ocf_per_share;yoy_roa;yoy_roe;yoy_roic;yoy_ebit_roa;yoy_gross_margin;yoy_ebitda_margin;yoy_ocf_margin;yoy_leverage;yoy_net_debt_ebitda;yoy_std_debt_pct;yoy_eff_int_rate;yoy_interest_cov;yoy_dd1_ratio;yoy_current_ratio;yoy_quick_ratio;yoy_cash_pct_act;yoy_wcap_ratio;yoy_bp_ratio;yoy_ev_to_sales;yoy_div_yield;yoy_mkt_to_book;yoy_accruals_ratio;yoy_asset_turnover;yoy_capex_intensity;yoy_rd_intensity;yoy_reinvest_rate;yoy_log_at;yoy_log_mkvalt;yoy_log_emp;yoy_rental_ratio;yoy_assets_per_emp;yoy_ni_per_emp;yoy_altman_z2;yoy_altman_z4;yoy_altman_z;yoy_invest_st_ratio;yoy_log_return;yoy_ann_return
AE-FEAT-IMPORT-004R,family_log_odds_rebuild_20260602_gbm,raw_plus_latent,dynamic_csi,4,expanding_mean,True,computed,40,143173,0.0466164111048515,0.04670149234714424,0.004046854688282541,-0.0008984512517381076,0.0,0.0,1e-06,deterministic_per_feature_permutation_within_cv_block,initial_train_1993_2001;cv_fold2_2002_2006;cv_fold3_2007_2010;cv_fold4_holdout_2011_2015,20260602,03_Data_Output\10_FeatureImportance\predictor_workspace\rebuild_20260602_gbm\3_Modelling_Results\Necessary\temporary_csi\AutoGluon\ag_raw_plus_latent\ag_predictor,WeightedEnsemble_L2,bounded GBM-only predictor workspace; not full final model-suite importance,expmean_earn_yld;expmean_ocf_per_share;expmean_roa;expmean_roe;expmean_roic;expmean_ebit_roa;expmean_gross_margin;expmean_ebitda_margin;expmean_ocf_margin;expmean_leverage;expmean_net_debt_ebitda;expmean_std_debt_pct;expmean_eff_int_rate;expmean_interest_cov;expmean_dd1_ratio;expmean_current_ratio;expmean_quick_ratio;expmean_cash_pct_act;expmean_wcap_ratio;expmean_bp_ratio;expmean_ev_to_sales;expmean_div_yield;expmean_mkt_to_book;expmean_accruals_ratio;expmean_asset_turnover;expmean_capex_intensity;expmean_rd_intensity;expmean_reinvest_rate;expmean_log_at;expmean_log_mkvalt;expmean_log_emp;expmean_rental_ratio;expmean_assets_per_emp;expmean_ni_per_emp;expmean_altman_z2;expmean_altman_z4;expmean_altman_z;expmean_invest_st_ratio;expmean_log_return;expmean_ann_return
AE-FEAT-IMPORT-004R,family_log_odds_rebuild_20260602_gbm,raw_plus_latent,dynamic_csi,5,expanding_volatility,True,computed,40,143173,0.0466164111048515,0.046480259014395925,0.0029838777208463225,0.0013954856054496474,0.0,0.0,1e-06,deterministic_per_feature_permutation_within_cv_block,initial_train_1993_2001;cv_fold2_2002_2006;cv_fold3_2007_2010;cv_fold4_holdout_2011_2015,20260602,03_Data_Output\10_FeatureImportance\predictor_workspace\rebuild_20260602_gbm\3_Modelling_Results\Necessary\temporary_csi\AutoGluon\ag_raw_plus_latent\ag_predictor,WeightedEnsemble_L2,bounded GBM-only predictor workspace; not full final model-suite importance,expvol_earn_yld;expvol_ocf_per_share;expvol_roa;expvol_roe;expvol_roic;expvol_ebit_roa;expvol_gross_margin;expvol_ebitda_margin;expvol_ocf_margin;expvol_leverage;expvol_net_debt_ebitda;expvol_std_debt_pct;expvol_eff_int_rate;expvol_interest_cov;expvol_dd1_ratio;expvol_current_ratio;expvol_quick_ratio;expvol_cash_pct_act;expvol_wcap_ratio;expvol_bp_ratio;expvol_ev_to_sales;expvol_div_yield;expvol_mkt_to_book;expvol_accruals_ratio;expvol_asset_turnover;expvol_capex_intensity;expvol_rd_intensity;expvol_reinvest_rate;expvol_log_at;expvol_log_mkvalt;expvol_log_emp;expvol_rental_ratio;expvol_assets_per_emp;expvol_ni_per_emp;expvol_altman_z2;expvol_altman_z4;expvol_altman_z;expvol_invest_st_ratio;expvol_log_return;expvol_ann_return
AE-FEAT-IMPORT-004R,family_log_odds_rebuild_20260602_gbm,raw_plus_latent,dynamic_csi,6,peak_deterioration,True,computed,18,143173,0.0466164111048515,0.04661969141684362,0.0023813405484631087,-5.825506399798448e-05,0.0,0.0,1e-06,deterministic_per_feature_permutation_within_cv_block,initial_train_1993_2001;cv_fold2_2002_2006;cv_fold3_2007_2010;cv_fold4_holdout_2011_2015,20260602,03_Data_Output\10_FeatureImportance\predictor_workspace\rebuild_20260602_gbm\3_Modelling_Results\Necessary\temporary_csi\AutoGluon\ag_raw_plus_latent\ag_predictor,WeightedEnsemble_L2,bounded GBM-only predictor workspace; not full final model-suite importance,peak_drop_earn_yld;peak_drop_ocf_per_share;peak_drop_roa;peak_drop_roe;peak_drop_roic;peak_drop_ebit_roa;peak_drop_gross_margin;peak_drop_ebitda_margin;peak_drop_ocf_margin;peak_drop_current_ratio;peak_drop_quick_ratio;peak_drop_cash_pct_act;peak_drop_wcap_ratio;peak_drop_interest_cov;peak_drop_asset_turnover;peak_drop_bp_ratio;peak_drop_log_mkvalt;peak_drop_log_emp
AE-FEAT-IMPORT-004R,family_log_odds_rebuild_20260602_gbm,raw_plus_latent,dynamic_csi,7,trough_rise,True,computed,7,143173,0.0466164111048515,0.046610023906240576,0.0016295367295080716,2.9217873094396773e-08,0.0,0.0,1e-06,deterministic_per_feature_permutation_within_cv_block,initial_train_1993_2001;cv_fold2_2002_2006;cv_fold3_2007_2010;cv_fold4_holdout_2011_2015,20260602,03_Data_Output\10_FeatureImportance\predictor_workspace\rebuild_20260602_gbm\3_Modelling_Results\Necessary\temporary_csi\AutoGluon\ag_raw_plus_latent\ag_predictor,WeightedEnsemble_L2,bounded GBM-only predictor workspace; not full final model-suite importance,trough_rise_leverage;trough_rise_net_debt_ebitda;trough_rise_std_debt_pct;trough_rise_eff_int_rate;trough_rise_dd1_ratio;trough_rise_rental_ratio;trough_rise_accruals_ratio
AE-FEAT-IMPORT-004R,family_log_odds_rebuild_20260602_gbm,raw_plus_latent,dynamic_csi,3,acceleration,True,computed,40,143173,0.0466164111048515,0.0466164111048515,0.0,0.0,0.0,0.0,1e-06,deterministic_per_feature_permutation_within_cv_block,initial_train_1993_2001;cv_fold2_2002_2006;cv_fold3_2007_2010;cv_fold4_holdout_2011_2015,20260602,03_Data_Output\10_FeatureImportance\predictor_workspace\rebuild_20260602_gbm\3_Modelling_Results\Necessary\temporary_csi\AutoGluon\ag_raw_plus_latent\ag_predictor,WeightedEnsemble_L2,bounded GBM-only predictor workspace; not full final model-suite importance,accel_earn_yld;accel_ocf_per_share;accel_roa;accel_roe;accel_roic;accel_ebit_roa;accel_gross_margin;accel_ebitda_margin;accel_ocf_margin;accel_leverage;accel_net_debt_ebitda;accel_std_debt_pct;accel_eff_int_rate;accel_interest_cov;accel_dd1_ratio;accel_current_ratio;accel_quick_ratio;accel_cash_pct_act;accel_wcap_ratio;accel_bp_ratio;accel_ev_to_sales;accel_div_yield;accel_mkt_to_book;accel_accruals_ratio;accel_asset_turnover;accel_capex_intensity;accel_rd_intensity;accel_reinvest_rate;accel_log_at;accel_log_mkvalt;accel_log_emp;accel_rental_ratio;accel_assets_per_emp;accel_ni_per_emp;accel_altman_z2;accel_altman_z4;accel_altman_z;accel_invest_st_ratio;accel_log_return;accel_ann_return
AE-FEAT-IMPORT-004R,family_log_odds_rebuild_20260602_gbm,raw_plus_latent,dynamic_csi,8,consecutive_declines,True,computed,10,143173,0.0466164111048515,0.0466164111048515,0.0,0.0,0.0,0.0,1e-06,deterministic_per_feature_permutation_within_cv_block,initial_train_1993_2001;cv_fold2_2002_2006;cv_fold3_2007_2010;cv_fold4_holdout_2011_2015,20260602,03_Data_Output\10_FeatureImportance\predictor_workspace\rebuild_20260602_gbm\3_Modelling_Results\Necessary\temporary_csi\AutoGluon\ag_raw_plus_latent\ag_predictor,WeightedEnsemble_L2,bounded GBM-only predictor workspace; not full final model-suite importance,consec_decline_earn_yld;consec_decline_ocf_per_share;consec_decline_roa;consec_decline_roic;consec_decline_gross_margin;consec_decline_interest_cov;consec_decline_log_mkvalt;consec_decline_log_emp;consec_decline_current_ratio;consec_decline_wcap_ratio
AE-FEAT-IMPORT-004R,family_log_odds_rebuild_20260602_gbm,raw_plus_latent,dynamic_csi,9,accounting_momentum,True,computed,15,143173,0.0466164111048515,0.0466164111048515,0.0,0.0,0.0,0.0,1e-06,deterministic_per_feature_permutation_within_cv_block,initial_train_1993_2001;cv_fold2_2002_2006;cv_fold3_2007_2010;cv_fold4_holdout_2011_2015,20260602,03_Data_Output\10_FeatureImportance\predictor_workspace\rebuild_20260602_gbm\3_Modelling_Results\Necessary\temporary_csi\AutoGluon\ag_raw_plus_latent\ag_predictor,WeightedEnsemble_L2,bounded GBM-only predictor workspace; not full final model-suite importance,acct_mom_earn_yld;acct_mom_ocf_per_share;acct_mom_roa;acct_mom_roic;acct_mom_leverage;acct_mom_net_debt_ebitda;acct_mom_interest_cov;acct_mom_current_ratio;acct_mom_cash_pct_act;acct_mom_accruals_ratio;acct_mom_asset_turnover;acct_mom_gross_margin;acct_mom_ebitda_margin;acct_mom_log_mkvalt;acct_mom_log_at
AE-FEAT-IMPORT-004R,family_log_odds_rebuild_20260602_gbm,raw_plus_latent,dynamic_csi,unmapped,unmapped_features,False,computed,2,143173,0.0466164111048515,0.04666344265372083,0.004364961313497187,-0.0016485800803836023,0.0,0.0,1e-06,deterministic_per_feature_permutation_within_cv_block,initial_train_1993_2001;cv_fold2_2002_2006;cv_fold3_2007_2010;cv_fold4_holdout_2011_2015,20260602,03_Data_Output\10_FeatureImportance\predictor_workspace\rebuild_20260602_gbm\3_Modelling_Results\Necessary\temporary_csi\AutoGluon\ag_raw_plus_latent\ag_predictor,WeightedEnsemble_L2,bounded GBM-only predictor workspace; not full final model-suite importance,fyear;siccd
AE-FEAT-IMPORT-004R,family_log_odds_rebuild_20260602_gbm,raw_plus_latent,dynamic_csi,latent_block,vae_latent_features,False,computed,25,143173,0.0466164111048515,0.04651083057014896,0.002833218999207039,0.0008839332520332659,0.0,0.0,1e-06,deterministic_per_feature_permutation_within_cv_block,initial_train_1993_2001;cv_fold2_2002_2006;cv_fold3_2007_2010;cv_fold4_holdout_2011_2015,20260602,03_Data_Output\10_FeatureImportance\predictor_workspace\rebuild_20260602_gbm\3_Modelling_Results\Necessary\temporary_csi\AutoGluon\ag_raw_plus_latent\ag_predictor,WeightedEnsemble_L2,bounded GBM-only predictor workspace; not full final model-suite importance,z1;z2;z3;z4;z5;z6;z7;z8;z9;z10;z11;z12;z13;z14;z15;z16;z17;z18;z19;z20;z21;z22;z23;z24;vae_recon_error
AE-FEAT-IMPORT-004R,family_log_odds_rebuild_20260602_gbm,fund,permanent_csi,1,point_in_time_ratios,True,computed,53,143173,0.03732692819908748,0.027442730802619872,0.5680155867471758,-0.1496992348254017,0.4738850392434162,1.1635926633113622,1e-06,deterministic_per_feature_permutation_within_cv_block,initial_train_1993_2001;cv_fold2_2002_2006;cv_fold3_2007_2010;cv_fold4_holdout_2011_2015,20260602,03_Data_Output\10_FeatureImportance\predictor_workspace\rebuild_20260602_gbm\3_Modelling_Results\Necessary\permanent_csi\AutoGluon\ag_fund\ag_predictor,WeightedEnsemble_L2,bounded GBM-only predictor workspace; not full final model-suite importance,d_unrate;d_hy_spread;d_vix;earn_yld;ocf_per_share;roa;roe;roic;ebit_roa;gross_margin;ebitda_margin;ocf_margin;leverage;net_debt_ebitda;std_debt_pct;eff_int_rate;interest_cov;dd1_ratio;current_ratio;quick_ratio;cash_pct_act;wcap_ratio;bp_ratio;ev_to_sales;div_yield;cash_div_cf;mkt_to_book;accruals_ratio;asset_turnover;capex_intensity;rd_intensity;reinvest_rate;log_at;log_mkvalt;log_emp;rental_ratio;assets_per_emp;ni_per_emp;min_int_tcap;compr_inc_ratio;altman_z2;altman_z4;altman_z;invest_st_ratio;term_spread;hy_spread;unrate;fedfunds;vix;cpi_inflation;gdp_growth;indpro_growth;recession
AE-FEAT-IMPORT-004R,family_log_odds_rebuild_20260602_gbm,fund,permanent_csi,10,rolling_window_statistics,True,computed,180,143173,0.03732692819908748,0.030051726191899594,0.5038038377029951,-0.1571759145778417,0.4432630412764853,1.006041847531044,1e-06,deterministic_per_feature_permutation_within_cv_block,initial_train_1993_2001;cv_fold2_2002_2006;cv_fold3_2007_2010;cv_fold4_holdout_2011_2015,20260602,03_Data_Output\10_FeatureImportance\predictor_workspace\rebuild_20260602_gbm\3_Modelling_Results\Necessary\permanent_csi\AutoGluon\ag_fund\ag_predictor,WeightedEnsemble_L2,bounded GBM-only predictor workspace; not full final model-suite importance,roll_mean_3y_earn_yld;roll_mean_3y_ocf_per_share;roll_mean_3y_roa;roll_mean_3y_roic;roll_mean_3y_leverage;roll_mean_3y_net_debt_ebitda;roll_mean_3y_interest_cov;roll_mean_3y_current_ratio;roll_mean_3y_cash_pct_act;roll_mean_3y_accruals_ratio;roll_mean_3y_asset_turnover;roll_mean_3y_gross_margin;roll_mean_3y_ebitda_margin;roll_mean_3y_log_mkvalt;roll_mean_3y_log_at;roll_min_3y_earn_yld;roll_min_3y_ocf_per_share;roll_min_3y_roa;roll_min_3y_roic;roll_min_3y_leverage;roll_min_3y_net_debt_ebitda;roll_min_3y_interest_cov;roll_min_3y_current_ratio;roll_min_3y_cash_pct_act;roll_min_3y_accruals_ratio;roll_min_3y_asset_turnover;roll_min_3y_gross_margin;roll_min_3y_ebitda_margin;roll_min_3y_log_mkvalt;roll_min_3y_log_at;roll_max_3y_earn_yld;roll_max_3y_ocf_per_share;roll_max_3y_roa;roll_max_3y_roic;roll_max_3y_leverage;roll_max_3y_net_debt_ebitda;roll_max_3y_interest_cov;roll_max_3y_current_ratio;roll_max_3y_cash_pct_act;roll_max_3y_accruals_ratio;roll_max_3y_asset_turnover;roll_max_3y_gross_margin;roll_max_3y_ebitda_margin;roll_max_3y_log_mkvalt;roll_max_3y_log_at;roll_sd_3y_earn_yld;roll_sd_3y_ocf_per_share;roll_sd_3y_roa;roll_sd_3y_roic;roll_sd_3y_leverage;roll_sd_3y_net_debt_ebitda;roll_sd_3y_interest_cov;roll_sd_3y_current_ratio;roll_sd_3y_cash_pct_act;roll_sd_3y_accruals_ratio;roll_sd_3y_asset_turnover;roll_sd_3y_gross_margin;roll_sd_3y_ebitda_margin;roll_sd_3y_log_mkvalt;roll_sd_3y_log_at;roll_trend_3y_earn_yld;roll_trend_3y_ocf_per_share;roll_trend_3y_roa;roll_trend_3y_roic;roll_trend_3y_leverage;roll_trend_3y_net_debt_ebitda;roll_trend_3y_interest_cov;roll_trend_3y_current_ratio;roll_trend_3y_cash_pct_act;roll_trend_3y_accruals_ratio;roll_trend_3y_asset_turnover;roll_trend_3y_gross_margin;roll_trend_3y_ebitda_margin;roll_trend_3y_log_mkvalt;roll_trend_3y_log_at;roll_autocorr_3y_earn_yld;roll_autocorr_3y_ocf_per_share;roll_autocorr_3y_roa;roll_autocorr_3y_roic;roll_autocorr_3y_leverage;roll_autocorr_3y_net_debt_ebitda;roll_autocorr_3y_interest_cov;roll_autocorr_3y_current_ratio;roll_autocorr_3y_cash_pct_act;roll_autocorr_3y_accruals_ratio;roll_autocorr_3y_asset_turnover;roll_autocorr_3y_gross_margin;roll_autocorr_3y_ebitda_margin;roll_autocorr_3y_log_mkvalt;roll_autocorr_3y_log_at;roll_mean_5y_earn_yld;roll_mean_5y_ocf_per_share;roll_mean_5y_roa;roll_mean_5y_roic;roll_mean_5y_leverage;roll_mean_5y_net_debt_ebitda;roll_mean_5y_interest_cov;roll_mean_5y_current_ratio;roll_mean_5y_cash_pct_act;roll_mean_5y_accruals_ratio;roll_mean_5y_asset_turnover;roll_mean_5y_gross_margin;roll_mean_5y_ebitda_margin;roll_mean_5y_log_mkvalt;roll_mean_5y_log_at;roll_min_5y_earn_yld;roll_min_5y_ocf_per_share;roll_min_5y_roa;roll_min_5y_roic;roll_min_5y_leverage;roll_min_5y_net_debt_ebitda;roll_min_5y_interest_cov;roll_min_5y_current_ratio;roll_min_5y_cash_pct_act;roll_min_5y_accruals_ratio;roll_min_5y_asset_turnover;roll_min_5y_gross_margin;roll_min_5y_ebitda_margin;roll_min_5y_log_mkvalt;roll_min_5y_log_at;roll_max_5y_earn_yld;roll_max_5y_ocf_per_share;roll_max_5y_roa;roll_max_5y_roic;roll_max_5y_leverage;roll_max_5y_net_debt_ebitda;roll_max_5y_interest_cov;roll_max_5y_current_ratio;roll_max_5y_cash_pct_act;roll_max_5y_accruals_ratio;roll_max_5y_asset_turnover;roll_max_5y_gross_margin;roll_max_5y_ebitda_margin;roll_max_5y_log_mkvalt;roll_max_5y_log_at;roll_sd_5y_earn_yld;roll_sd_5y_ocf_per_share;roll_sd_5y_roa;roll_sd_5y_roic;roll_sd_5y_leverage;roll_sd_5y_net_debt_ebitda;roll_sd_5y_interest_cov;roll_sd_5y_current_ratio;roll_sd_5y_cash_pct_act;roll_sd_5y_accruals_ratio;roll_sd_5y_asset_turnover;roll_sd_5y_gross_margin;roll_sd_5y_ebitda_margin;roll_sd_5y_log_mkvalt;roll_sd_5y_log_at;roll_trend_5y_earn_yld;roll_trend_5y_ocf_per_share;roll_trend_5y_roa;roll_trend_5y_roic;roll_trend_5y_leverage;roll_trend_5y_net_debt_ebitda;roll_trend_5y_interest_cov;roll_trend_5y_current_ratio;roll_trend_5y_cash_pct_act;roll_trend_5y_accruals_ratio;roll_trend_5y_asset_turnover;roll_trend_5y_gross_margin;roll_trend_5y_ebitda_margin;roll_trend_5y_log_mkvalt;roll_trend_5y_log_at;roll_autocorr_5y_earn_yld;roll_autocorr_5y_ocf_per_share;roll_autocorr_5y_roa;roll_autocorr_5y_roic;roll_autocorr_5y_leverage;roll_autocorr_5y_net_debt_ebitda;roll_autocorr_5y_interest_cov;roll_autocorr_5y_current_ratio;roll_autocorr_5y_cash_pct_act;roll_autocorr_5y_accruals_ratio;roll_autocorr_5y_asset_turnover;roll_autocorr_5y_gross_margin;roll_autocorr_5y_ebitda_margin;roll_autocorr_5y_log_mkvalt;roll_autocorr_5y_log_at
AE-FEAT-IMPORT-004R,family_log_odds_rebuild_20260602_gbm,fund,permanent_csi,6,peak_deterioration,True,computed,18,143173,0.03732692819908748,0.03626758929526744,0.09688186607194356,-0.020746410454050075,0.04385276103505387,0.26385103653557657,1e-06,deterministic_per_feature_permutation_within_cv_block,initial_train_1993_2001;cv_fold2_2002_2006;cv_fold3_2007_2010;cv_fold4_holdout_2011_2015,20260602,03_Data_Output\10_FeatureImportance\predictor_workspace\rebuild_20260602_gbm\3_Modelling_Results\Necessary\permanent_csi\AutoGluon\ag_fund\ag_predictor,WeightedEnsemble_L2,bounded GBM-only predictor workspace; not full final model-suite importance,peak_drop_earn_yld;peak_drop_ocf_per_share;peak_drop_roa;peak_drop_roe;peak_drop_roic;peak_drop_ebit_roa;peak_drop_gross_margin;peak_drop_ebitda_margin;peak_drop_ocf_margin;peak_drop_current_ratio;peak_drop_quick_ratio;peak_drop_cash_pct_act;peak_drop_wcap_ratio;peak_drop_interest_cov;peak_drop_asset_turnover;peak_drop_bp_ratio;peak_drop_log_mkvalt;peak_drop_log_emp
AE-FEAT-IMPORT-004R,family_log_odds_rebuild_20260602_gbm,fund,permanent_csi,2,yoy_changes,True,computed,38,143173,0.03732692819908748,0.03724192011390091,0.07112776879374541,-0.022201424567369798,0.016098839603041926,0.20762470022496946,1e-06,deterministic_per_feature_permutation_within_cv_block,initial_train_1993_2001;cv_fold2_2002_2006;cv_fold3_2007_2010;cv_fold4_holdout_2011_2015,20260602,03_Data_Output\10_FeatureImportance\predictor_workspace\rebuild_20260602_gbm\3_Modelling_Results\Necessary\permanent_csi\AutoGluon\ag_fund\ag_predictor,WeightedEnsemble_L2,bounded GBM-only predictor workspace; not full final model-suite importance,yoy_earn_yld;yoy_ocf_per_share;yoy_roa;yoy_roe;yoy_roic;yoy_ebit_roa;yoy_gross_margin;yoy_ebitda_margin;yoy_ocf_margin;yoy_leverage;yoy_net_debt_ebitda;yoy_std_debt_pct;yoy_eff_int_rate;yoy_interest_cov;yoy_dd1_ratio;yoy_current_ratio;yoy_quick_ratio;yoy_cash_pct_act;yoy_wcap_ratio;yoy_bp_ratio;yoy_ev_to_sales;yoy_div_yield;yoy_mkt_to_book;yoy_accruals_ratio;yoy_asset_turnover;yoy_capex_intensity;yoy_rd_intensity;yoy_reinvest_rate;yoy_log_at;yoy_log_mkvalt;yoy_log_emp;yoy_rental_ratio;yoy_assets_per_emp;yoy_ni_per_emp;yoy_altman_z2;yoy_altman_z4;yoy_altman_z;yoy_invest_st_ratio
AE-FEAT-IMPORT-004R,family_log_odds_rebuild_20260602_gbm,fund,permanent_csi,11,price_momentum_volatility_and_macro_interactions,True,computed,5,143173,0.03732692819908748,0.03581591964209205,0.05675218291704584,-0.007217875493131281,0.022839985749065317,0.1634512071795716,1e-06,deterministic_per_feature_permutation_within_cv_block,initial_train_1993_2001;cv_fold2_2002_2006;cv_fold3_2007_2010;cv_fold4_holdout_2011_2015,20260602,03_Data_Output\10_FeatureImportance\predictor_workspace\rebuild_20260602_gbm\3_Modelling_Results\Necessary\permanent_csi\AutoGluon\ag_fund\ag_predictor,WeightedEnsemble_L2,bounded GBM-only predictor workspace; not full final model-suite importance,interact_lev_rate;interact_cov_rate;interact_nde_hyspr;interact_roa_gdp;interact_acc_hyspr
AE-FEAT-IMPORT-004R,family_log_odds_rebuild_20260602_gbm,fund,permanent_csi,4,expanding_mean,True,computed,38,143173,0.03732692819908748,0.03722232156852014,0.04330821029421839,-0.008823939318538218,0.02436285835062879,0.11618389752848586,1e-06,deterministic_per_feature_permutation_within_cv_block,initial_train_1993_2001;cv_fold2_2002_2006;cv_fold3_2007_2010;cv_fold4_holdout_2011_2015,20260602,03_Data_Output\10_FeatureImportance\predictor_workspace\rebuild_20260602_gbm\3_Modelling_Results\Necessary\permanent_csi\AutoGluon\ag_fund\ag_predictor,WeightedEnsemble_L2,bounded GBM-only predictor workspace; not full final model-suite importance,expmean_earn_yld;expmean_ocf_per_share;expmean_roa;expmean_roe;expmean_roic;expmean_ebit_roa;expmean_gross_margin;expmean_ebitda_margin;expmean_ocf_margin;expmean_leverage;expmean_net_debt_ebitda;expmean_std_debt_pct;expmean_eff_int_rate;expmean_interest_cov;expmean_dd1_ratio;expmean_current_ratio;expmean_quick_ratio;expmean_cash_pct_act;expmean_wcap_ratio;expmean_bp_ratio;expmean_ev_to_sales;expmean_div_yield;expmean_mkt_to_book;expmean_accruals_ratio;expmean_asset_turnover;expmean_capex_intensity;expmean_rd_intensity;expmean_reinvest_rate;expmean_log_at;expmean_log_mkvalt;expmean_log_emp;expmean_rental_ratio;expmean_assets_per_emp;expmean_ni_per_emp;expmean_altman_z2;expmean_altman_z4;expmean_altman_z;expmean_invest_st_ratio
AE-FEAT-IMPORT-004R,family_log_odds_rebuild_20260602_gbm,fund,permanent_csi,5,expanding_volatility,True,computed,38,143173,0.03732692819908748,0.0369794483927699,0.020848588004753123,0.0015457657905149028,0.0,0.06211247086383374,1e-06,deterministic_per_feature_permutation_within_cv_block,initial_train_1993_2001;cv_fold2_2002_2006;cv_fold3_2007_2010;cv_fold4_holdout_2011_2015,20260602,03_Data_Output\10_FeatureImportance\predictor_workspace\rebuild_20260602_gbm\3_Modelling_Results\Necessary\permanent_csi\AutoGluon\ag_fund\ag_predictor,WeightedEnsemble_L2,bounded GBM-only predictor workspace; not full final model-suite importance,expvol_earn_yld;expvol_ocf_per_share;expvol_roa;expvol_roe;expvol_roic;expvol_ebit_roa;expvol_gross_margin;expvol_ebitda_margin;expvol_ocf_margin;expvol_leverage;expvol_net_debt_ebitda;expvol_std_debt_pct;expvol_eff_int_rate;expvol_interest_cov;expvol_dd1_ratio;expvol_current_ratio;expvol_quick_ratio;expvol_cash_pct_act;expvol_wcap_ratio;expvol_bp_ratio;expvol_ev_to_sales;expvol_div_yield;expvol_mkt_to_book;expvol_accruals_ratio;expvol_asset_turnover;expvol_capex_intensity;expvol_rd_intensity;expvol_reinvest_rate;expvol_log_at;expvol_log_mkvalt;expvol_log_emp;expvol_rental_ratio;expvol_assets_per_emp;expvol_ni_per_emp;expvol_altman_z2;expvol_altman_z4;expvol_altman_z;expvol_invest_st_ratio
AE-FEAT-IMPORT-004R,family_log_odds_rebuild_20260602_gbm,fund,permanent_csi,3,acceleration,True,computed,38,143173,0.03732692819908748,0.03709346979679292,0.0146242513306405,0.0005734243903734007,0.0,0.03798146714536817,1e-06,deterministic_per_feature_permutation_within_cv_block,initial_train_1993_2001;cv_fold2_2002_2006;cv_fold3_2007_2010;cv_fold4_holdout_2011_2015,20260602,03_Data_Output\10_FeatureImportance\predictor_workspace\rebuild_20260602_gbm\3_Modelling_Results\Necessary\permanent_csi\AutoGluon\ag_fund\ag_predictor,WeightedEnsemble_L2,bounded GBM-only predictor workspace; not full final model-suite importance,accel_earn_yld;accel_ocf_per_share;accel_roa;accel_roe;accel_roic;accel_ebit_roa;accel_gross_margin;accel_ebitda_margin;accel_ocf_margin;accel_leverage;accel_net_debt_ebitda;accel_std_debt_pct;accel_eff_int_rate;accel_interest_cov;accel_dd1_ratio;accel_current_ratio;accel_quick_ratio;accel_cash_pct_act;accel_wcap_ratio;accel_bp_ratio;accel_ev_to_sales;accel_div_yield;accel_mkt_to_book;accel_accruals_ratio;accel_asset_turnover;accel_capex_intensity;accel_rd_intensity;accel_reinvest_rate;accel_log_at;accel_log_mkvalt;accel_log_emp;accel_rental_ratio;accel_assets_per_emp;accel_ni_per_emp;accel_altman_z2;accel_altman_z4;accel_altman_z;accel_invest_st_ratio
AE-FEAT-IMPORT-004R,family_log_odds_rebuild_20260602_gbm,fund,permanent_csi,9,accounting_momentum,True,computed,15,143173,0.03732692819908748,0.03705456779336904,0.012406091927499559,0.0007846656126655002,0.0,0.04147777487245401,1e-06,deterministic_per_feature_permutation_within_cv_block,initial_train_1993_2001;cv_fold2_2002_2006;cv_fold3_2007_2010;cv_fold4_holdout_2011_2015,20260602,03_Data_Output\10_FeatureImportance\predictor_workspace\rebuild_20260602_gbm\3_Modelling_Results\Necessary\permanent_csi\AutoGluon\ag_fund\ag_predictor,WeightedEnsemble_L2,bounded GBM-only predictor workspace; not full final model-suite importance,acct_mom_earn_yld;acct_mom_ocf_per_share;acct_mom_roa;acct_mom_roic;acct_mom_leverage;acct_mom_net_debt_ebitda;acct_mom_interest_cov;acct_mom_current_ratio;acct_mom_cash_pct_act;acct_mom_accruals_ratio;acct_mom_asset_turnover;acct_mom_gross_margin;acct_mom_ebitda_margin;acct_mom_log_mkvalt;acct_mom_log_at
AE-FEAT-IMPORT-004R,family_log_odds_rebuild_20260602_gbm,fund,permanent_csi,7,trough_rise,True,computed,7,143173,0.03732692819908748,0.03721544055968444,0.010903899943522463,-0.001442164049792521,0.0,0.03549024383150279,1e-06,deterministic_per_feature_permutation_within_cv_block,initial_train_1993_2001;cv_fold2_2002_2006;cv_fold3_2007_2010;cv_fold4_holdout_2011_2015,20260602,03_Data_Output\10_FeatureImportance\predictor_workspace\rebuild_20260602_gbm\3_Modelling_Results\Necessary\permanent_csi\AutoGluon\ag_fund\ag_predictor,WeightedEnsemble_L2,bounded GBM-only predictor workspace; not full final model-suite importance,trough_rise_leverage;trough_rise_net_debt_ebitda;trough_rise_std_debt_pct;trough_rise_eff_int_rate;trough_rise_dd1_ratio;trough_rise_rental_ratio;trough_rise_accruals_ratio
AE-FEAT-IMPORT-004R,family_log_odds_rebuild_20260602_gbm,fund,permanent_csi,8,consecutive_declines,True,computed,10,143173,0.03732692819908748,0.03730835572518417,0.003708773041236566,-0.0003122942448797882,0.0,0.0,1e-06,deterministic_per_feature_permutation_within_cv_block,initial_train_1993_2001;cv_fold2_2002_2006;cv_fold3_2007_2010;cv_fold4_holdout_2011_2015,20260602,03_Data_Output\10_FeatureImportance\predictor_workspace\rebuild_20260602_gbm\3_Modelling_Results\Necessary\permanent_csi\AutoGluon\ag_fund\ag_predictor,WeightedEnsemble_L2,bounded GBM-only predictor workspace; not full final model-suite importance,consec_decline_earn_yld;consec_decline_ocf_per_share;consec_decline_roa;consec_decline_roic;consec_decline_gross_margin;consec_decline_interest_cov;consec_decline_log_mkvalt;consec_decline_log_emp;consec_decline_current_ratio;consec_decline_wcap_ratio
AE-FEAT-IMPORT-004R,family_log_odds_rebuild_20260602_gbm,fund,permanent_csi,unmapped,unmapped_features,False,computed,1,143173,0.03732692819908748,0.03733103047764308,0.009204422399385799,-0.0004893809366030083,0.0,0.022950537854357324,1e-06,deterministic_per_feature_permutation_within_cv_block,initial_train_1993_2001;cv_fold2_2002_2006;cv_fold3_2007_2010;cv_fold4_holdout_2011_2015,20260602,03_Data_Output\10_FeatureImportance\predictor_workspace\rebuild_20260602_gbm\3_Modelling_Results\Necessary\permanent_csi\AutoGluon\ag_fund\ag_predictor,WeightedEnsemble_L2,bounded GBM-only predictor workspace; not full final model-suite importance,siccd
AE-FEAT-IMPORT-004R,family_log_odds_rebuild_20260602_gbm,latent_raw,permanent_csi,1,point_in_time_ratios,True,no_features_in_predictor,0,143173,0.03797908986657228,,,,,,1e-06,deterministic_per_feature_permutation_within_cv_block,initial_train_1993_2001;cv_fold2_2002_2006;cv_fold3_2007_2010;cv_fold4_holdout_2011_2015,20260602,03_Data_Output\10_FeatureImportance\predictor_workspace\rebuild_20260602_gbm\3_Modelling_Results\Necessary\permanent_csi\AutoGluon\ag_latent_raw\ag_predictor,WeightedEnsemble_L2,bounded GBM-only predictor workspace; not full final model-suite importance,
AE-FEAT-IMPORT-004R,family_log_odds_rebuild_20260602_gbm,latent_raw,permanent_csi,2,yoy_changes,True,no_features_in_predictor,0,143173,0.03797908986657228,,,,,,1e-06,deterministic_per_feature_permutation_within_cv_block,initial_train_1993_2001;cv_fold2_2002_2006;cv_fold3_2007_2010;cv_fold4_holdout_2011_2015,20260602,03_Data_Output\10_FeatureImportance\predictor_workspace\rebuild_20260602_gbm\3_Modelling_Results\Necessary\permanent_csi\AutoGluon\ag_latent_raw\ag_predictor,WeightedEnsemble_L2,bounded GBM-only predictor workspace; not full final model-suite importance,
AE-FEAT-IMPORT-004R,family_log_odds_rebuild_20260602_gbm,latent_raw,permanent_csi,3,acceleration,True,no_features_in_predictor,0,143173,0.03797908986657228,,,,,,1e-06,deterministic_per_feature_permutation_within_cv_block,initial_train_1993_2001;cv_fold2_2002_2006;cv_fold3_2007_2010;cv_fold4_holdout_2011_2015,20260602,03_Data_Output\10_FeatureImportance\predictor_workspace\rebuild_20260602_gbm\3_Modelling_Results\Necessary\permanent_csi\AutoGluon\ag_latent_raw\ag_predictor,WeightedEnsemble_L2,bounded GBM-only predictor workspace; not full final model-suite importance,
AE-FEAT-IMPORT-004R,family_log_odds_rebuild_20260602_gbm,latent_raw,permanent_csi,4,expanding_mean,True,no_features_in_predictor,0,143173,0.03797908986657228,,,,,,1e-06,deterministic_per_feature_permutation_within_cv_block,initial_train_1993_2001;cv_fold2_2002_2006;cv_fold3_2007_2010;cv_fold4_holdout_2011_2015,20260602,03_Data_Output\10_FeatureImportance\predictor_workspace\rebuild_20260602_gbm\3_Modelling_Results\Necessary\permanent_csi\AutoGluon\ag_latent_raw\ag_predictor,WeightedEnsemble_L2,bounded GBM-only predictor workspace; not full final model-suite importance,
AE-FEAT-IMPORT-004R,family_log_odds_rebuild_20260602_gbm,latent_raw,permanent_csi,5,expanding_volatility,True,no_features_in_predictor,0,143173,0.03797908986657228,,,,,,1e-06,deterministic_per_feature_permutation_within_cv_block,initial_train_1993_2001;cv_fold2_2002_2006;cv_fold3_2007_2010;cv_fold4_holdout_2011_2015,20260602,03_Data_Output\10_FeatureImportance\predictor_workspace\rebuild_20260602_gbm\3_Modelling_Results\Necessary\permanent_csi\AutoGluon\ag_latent_raw\ag_predictor,WeightedEnsemble_L2,bounded GBM-only predictor workspace; not full final model-suite importance,
AE-FEAT-IMPORT-004R,family_log_odds_rebuild_20260602_gbm,latent_raw,permanent_csi,6,peak_deterioration,True,no_features_in_predictor,0,143173,0.03797908986657228,,,,,,1e-06,deterministic_per_feature_permutation_within_cv_block,initial_train_1993_2001;cv_fold2_2002_2006;cv_fold3_2007_2010;cv_fold4_holdout_2011_2015,20260602,03_Data_Output\10_FeatureImportance\predictor_workspace\rebuild_20260602_gbm\3_Modelling_Results\Necessary\permanent_csi\AutoGluon\ag_latent_raw\ag_predictor,WeightedEnsemble_L2,bounded GBM-only predictor workspace; not full final model-suite importance,
AE-FEAT-IMPORT-004R,family_log_odds_rebuild_20260602_gbm,latent_raw,permanent_csi,7,trough_rise,True,no_features_in_predictor,0,143173,0.03797908986657228,,,,,,1e-06,deterministic_per_feature_permutation_within_cv_block,initial_train_1993_2001;cv_fold2_2002_2006;cv_fold3_2007_2010;cv_fold4_holdout_2011_2015,20260602,03_Data_Output\10_FeatureImportance\predictor_workspace\rebuild_20260602_gbm\3_Modelling_Results\Necessary\permanent_csi\AutoGluon\ag_latent_raw\ag_predictor,WeightedEnsemble_L2,bounded GBM-only predictor workspace; not full final model-suite importance,
AE-FEAT-IMPORT-004R,family_log_odds_rebuild_20260602_gbm,latent_raw,permanent_csi,8,consecutive_declines,True,no_features_in_predictor,0,143173,0.03797908986657228,,,,,,1e-06,deterministic_per_feature_permutation_within_cv_block,initial_train_1993_2001;cv_fold2_2002_2006;cv_fold3_2007_2010;cv_fold4_holdout_2011_2015,20260602,03_Data_Output\10_FeatureImportance\predictor_workspace\rebuild_20260602_gbm\3_Modelling_Results\Necessary\permanent_csi\AutoGluon\ag_latent_raw\ag_predictor,WeightedEnsemble_L2,bounded GBM-only predictor workspace; not full final model-suite importance,
AE-FEAT-IMPORT-004R,family_log_odds_rebuild_20260602_gbm,latent_raw,permanent_csi,9,accounting_momentum,True,no_features_in_predictor,0,143173,0.03797908986657228,,,,,,1e-06,deterministic_per_feature_permutation_within_cv_block,initial_train_1993_2001;cv_fold2_2002_2006;cv_fold3_2007_2010;cv_fold4_holdout_2011_2015,20260602,03_Data_Output\10_FeatureImportance\predictor_workspace\rebuild_20260602_gbm\3_Modelling_Results\Necessary\permanent_csi\AutoGluon\ag_latent_raw\ag_predictor,WeightedEnsemble_L2,bounded GBM-only predictor workspace; not full final model-suite importance,
AE-FEAT-IMPORT-004R,family_log_odds_rebuild_20260602_gbm,latent_raw,permanent_csi,10,rolling_window_statistics,True,no_features_in_predictor,0,143173,0.03797908986657228,,,,,,1e-06,deterministic_per_feature_permutation_within_cv_block,initial_train_1993_2001;cv_fold2_2002_2006;cv_fold3_2007_2010;cv_fold4_holdout_2011_2015,20260602,03_Data_Output\10_FeatureImportance\predictor_workspace\rebuild_20260602_gbm\3_Modelling_Results\Necessary\permanent_csi\AutoGluon\ag_latent_raw\ag_predictor,WeightedEnsemble_L2,bounded GBM-only predictor workspace; not full final model-suite importance,
AE-FEAT-IMPORT-004R,family_log_odds_rebuild_20260602_gbm,latent_raw,permanent_csi,11,price_momentum_volatility_and_macro_interactions,True,no_features_in_predictor,0,143173,0.03797908986657228,,,,,,1e-06,deterministic_per_feature_permutation_within_cv_block,initial_train_1993_2001;cv_fold2_2002_2006;cv_fold3_2007_2010;cv_fold4_holdout_2011_2015,20260602,03_Data_Output\10_FeatureImportance\predictor_workspace\rebuild_20260602_gbm\3_Modelling_Results\Necessary\permanent_csi\AutoGluon\ag_latent_raw\ag_predictor,WeightedEnsemble_L2,bounded GBM-only predictor workspace; not full final model-suite importance,
AE-FEAT-IMPORT-004R,family_log_odds_rebuild_20260602_gbm,latent_raw,permanent_csi,latent_block,vae_latent_features,False,computed,25,143173,0.03797908986657228,0.029520832984807756,1.597625635109484,-0.03324962648366227,1.3847747461065185,3.2702610522193614,1e-06,deterministic_per_feature_permutation_within_cv_block,initial_train_1993_2001;cv_fold2_2002_2006;cv_fold3_2007_2010;cv_fold4_holdout_2011_2015,20260602,03_Data_Output\10_FeatureImportance\predictor_workspace\rebuild_20260602_gbm\3_Modelling_Results\Necessary\permanent_csi\AutoGluon\ag_latent_raw\ag_predictor,WeightedEnsemble_L2,bounded GBM-only predictor workspace; not full final model-suite importance,z1;z2;z3;z4;z5;z6;z7;z8;z9;z10;z11;z12;z13;z14;z15;z16;z17;z18;z19;z20;z21;z22;z23;z24;vae_recon_error
AE-FEAT-IMPORT-004R,family_log_odds_rebuild_20260602_gbm,raw,permanent_csi,11,price_momentum_volatility_and_macro_interactions,True,computed,16,143173,0.03684166266980283,0.02777566342221547,0.7329211069026664,-0.156087569464221,0.606773105959431,1.5325451142687896,1e-06,deterministic_per_feature_permutation_within_cv_block,initial_train_1993_2001;cv_fold2_2002_2006;cv_fold3_2007_2010;cv_fold4_holdout_2011_2015,20260602,03_Data_Output\10_FeatureImportance\predictor_workspace\rebuild_20260602_gbm\3_Modelling_Results\Necessary\permanent_csi\AutoGluon\ag_raw\ag_predictor,WeightedEnsemble_L2,bounded GBM-only predictor workspace; not full final model-suite importance,ann_return;log_return;mom_1m;mom_3m;mom_6m;vol_12m;max_dd_12m;mom_24m;vol_60m;max_dd_60m;interact_lev_rate;interact_cov_rate;interact_nde_hyspr;interact_roa_gdp;interact_ret_vix;interact_acc_hyspr
AE-FEAT-IMPORT-004R,family_log_odds_rebuild_20260602_gbm,raw,permanent_csi,1,point_in_time_ratios,True,computed,53,143173,0.03684166266980283,0.027533080314831024,0.5394426531331811,-0.15309316773384005,0.4096837571563654,1.1759152044111298,1e-06,deterministic_per_feature_permutation_within_cv_block,initial_train_1993_2001;cv_fold2_2002_2006;cv_fold3_2007_2010;cv_fold4_holdout_2011_2015,20260602,03_Data_Output\10_FeatureImportance\predictor_workspace\rebuild_20260602_gbm\3_Modelling_Results\Necessary\permanent_csi\AutoGluon\ag_raw\ag_predictor,WeightedEnsemble_L2,bounded GBM-only predictor workspace; not full final model-suite importance,d_unrate;d_hy_spread;d_vix;earn_yld;ocf_per_share;roa;roe;roic;ebit_roa;gross_margin;ebitda_margin;ocf_margin;leverage;net_debt_ebitda;std_debt_pct;eff_int_rate;interest_cov;dd1_ratio;current_ratio;quick_ratio;cash_pct_act;wcap_ratio;bp_ratio;ev_to_sales;div_yield;cash_div_cf;mkt_to_book;accruals_ratio;asset_turnover;capex_intensity;rd_intensity;reinvest_rate;log_at;log_mkvalt;log_emp;rental_ratio;assets_per_emp;ni_per_emp;min_int_tcap;compr_inc_ratio;altman_z2;altman_z4;altman_z;invest_st_ratio;term_spread;hy_spread;unrate;fedfunds;vix;cpi_inflation;gdp_growth;indpro_growth;recession
AE-FEAT-IMPORT-004R,family_log_odds_rebuild_20260602_gbm,raw,permanent_csi,10,rolling_window_statistics,True,computed,180,143173,0.03684166266980283,0.03208286210965657,0.320327037973909,-0.12482844712856712,0.27575844966529495,0.6198854686657237,1e-06,deterministic_per_feature_permutation_within_cv_block,initial_train_1993_2001;cv_fold2_2002_2006;cv_fold3_2007_2010;cv_fold4_holdout_2011_2015,20260602,03_Data_Output\10_FeatureImportance\predictor_workspace\rebuild_20260602_gbm\3_Modelling_Results\Necessary\permanent_csi\AutoGluon\ag_raw\ag_predictor,WeightedEnsemble_L2,bounded GBM-only predictor workspace; not full final model-suite importance,roll_mean_3y_earn_yld;roll_mean_3y_ocf_per_share;roll_mean_3y_roa;roll_mean_3y_roic;roll_mean_3y_leverage;roll_mean_3y_net_debt_ebitda;roll_mean_3y_interest_cov;roll_mean_3y_current_ratio;roll_mean_3y_cash_pct_act;roll_mean_3y_accruals_ratio;roll_mean_3y_asset_turnover;roll_mean_3y_gross_margin;roll_mean_3y_ebitda_margin;roll_mean_3y_log_mkvalt;roll_mean_3y_log_at;roll_min_3y_earn_yld;roll_min_3y_ocf_per_share;roll_min_3y_roa;roll_min_3y_roic;roll_min_3y_leverage;roll_min_3y_net_debt_ebitda;roll_min_3y_interest_cov;roll_min_3y_current_ratio;roll_min_3y_cash_pct_act;roll_min_3y_accruals_ratio;roll_min_3y_asset_turnover;roll_min_3y_gross_margin;roll_min_3y_ebitda_margin;roll_min_3y_log_mkvalt;roll_min_3y_log_at;roll_max_3y_earn_yld;roll_max_3y_ocf_per_share;roll_max_3y_roa;roll_max_3y_roic;roll_max_3y_leverage;roll_max_3y_net_debt_ebitda;roll_max_3y_interest_cov;roll_max_3y_current_ratio;roll_max_3y_cash_pct_act;roll_max_3y_accruals_ratio;roll_max_3y_asset_turnover;roll_max_3y_gross_margin;roll_max_3y_ebitda_margin;roll_max_3y_log_mkvalt;roll_max_3y_log_at;roll_sd_3y_earn_yld;roll_sd_3y_ocf_per_share;roll_sd_3y_roa;roll_sd_3y_roic;roll_sd_3y_leverage;roll_sd_3y_net_debt_ebitda;roll_sd_3y_interest_cov;roll_sd_3y_current_ratio;roll_sd_3y_cash_pct_act;roll_sd_3y_accruals_ratio;roll_sd_3y_asset_turnover;roll_sd_3y_gross_margin;roll_sd_3y_ebitda_margin;roll_sd_3y_log_mkvalt;roll_sd_3y_log_at;roll_trend_3y_earn_yld;roll_trend_3y_ocf_per_share;roll_trend_3y_roa;roll_trend_3y_roic;roll_trend_3y_leverage;roll_trend_3y_net_debt_ebitda;roll_trend_3y_interest_cov;roll_trend_3y_current_ratio;roll_trend_3y_cash_pct_act;roll_trend_3y_accruals_ratio;roll_trend_3y_asset_turnover;roll_trend_3y_gross_margin;roll_trend_3y_ebitda_margin;roll_trend_3y_log_mkvalt;roll_trend_3y_log_at;roll_autocorr_3y_earn_yld;roll_autocorr_3y_ocf_per_share;roll_autocorr_3y_roa;roll_autocorr_3y_roic;roll_autocorr_3y_leverage;roll_autocorr_3y_net_debt_ebitda;roll_autocorr_3y_interest_cov;roll_autocorr_3y_current_ratio;roll_autocorr_3y_cash_pct_act;roll_autocorr_3y_accruals_ratio;roll_autocorr_3y_asset_turnover;roll_autocorr_3y_gross_margin;roll_autocorr_3y_ebitda_margin;roll_autocorr_3y_log_mkvalt;roll_autocorr_3y_log_at;roll_mean_5y_earn_yld;roll_mean_5y_ocf_per_share;roll_mean_5y_roa;roll_mean_5y_roic;roll_mean_5y_leverage;roll_mean_5y_net_debt_ebitda;roll_mean_5y_interest_cov;roll_mean_5y_current_ratio;roll_mean_5y_cash_pct_act;roll_mean_5y_accruals_ratio;roll_mean_5y_asset_turnover;roll_mean_5y_gross_margin;roll_mean_5y_ebitda_margin;roll_mean_5y_log_mkvalt;roll_mean_5y_log_at;roll_min_5y_earn_yld;roll_min_5y_ocf_per_share;roll_min_5y_roa;roll_min_5y_roic;roll_min_5y_leverage;roll_min_5y_net_debt_ebitda;roll_min_5y_interest_cov;roll_min_5y_current_ratio;roll_min_5y_cash_pct_act;roll_min_5y_accruals_ratio;roll_min_5y_asset_turnover;roll_min_5y_gross_margin;roll_min_5y_ebitda_margin;roll_min_5y_log_mkvalt;roll_min_5y_log_at;roll_max_5y_earn_yld;roll_max_5y_ocf_per_share;roll_max_5y_roa;roll_max_5y_roic;roll_max_5y_leverage;roll_max_5y_net_debt_ebitda;roll_max_5y_interest_cov;roll_max_5y_current_ratio;roll_max_5y_cash_pct_act;roll_max_5y_accruals_ratio;roll_max_5y_asset_turnover;roll_max_5y_gross_margin;roll_max_5y_ebitda_margin;roll_max_5y_log_mkvalt;roll_max_5y_log_at;roll_sd_5y_earn_yld;roll_sd_5y_ocf_per_share;roll_sd_5y_roa;roll_sd_5y_roic;roll_sd_5y_leverage;roll_sd_5y_net_debt_ebitda;roll_sd_5y_interest_cov;roll_sd_5y_current_ratio;roll_sd_5y_cash_pct_act;roll_sd_5y_accruals_ratio;roll_sd_5y_asset_turnover;roll_sd_5y_gross_margin;roll_sd_5y_ebitda_margin;roll_sd_5y_log_mkvalt;roll_sd_5y_log_at;roll_trend_5y_earn_yld;roll_trend_5y_ocf_per_share;roll_trend_5y_roa;roll_trend_5y_roic;roll_trend_5y_leverage;roll_trend_5y_net_debt_ebitda;roll_trend_5y_interest_cov;roll_trend_5y_current_ratio;roll_trend_5y_cash_pct_act;roll_trend_5y_accruals_ratio;roll_trend_5y_asset_turnover;roll_trend_5y_gross_margin;roll_trend_5y_ebitda_margin;roll_trend_5y_log_mkvalt;roll_trend_5y_log_at;roll_autocorr_5y_earn_yld;roll_autocorr_5y_ocf_per_share;roll_autocorr_5y_roa;roll_autocorr_5y_roic;roll_autocorr_5y_leverage;roll_autocorr_5y_net_debt_ebitda;roll_autocorr_5y_interest_cov;roll_autocorr_5y_current_ratio;roll_autocorr_5y_cash_pct_act;roll_autocorr_5y_accruals_ratio;roll_autocorr_5y_asset_turnover;roll_autocorr_5y_gross_margin;roll_autocorr_5y_ebitda_margin;roll_autocorr_5y_log_mkvalt;roll_autocorr_5y_log_at
AE-FEAT-IMPORT-004R,family_log_odds_rebuild_20260602_gbm,raw,permanent_csi,4,expanding_mean,True,computed,40,143173,0.03684166266980283,0.03681957563397141,0.05682733835280059,-0.018935592149049447,0.02612656979789385,0.15115807243121412,1e-06,deterministic_per_feature_permutation_within_cv_block,initial_train_1993_2001;cv_fold2_2002_2006;cv_fold3_2007_2010;cv_fold4_holdout_2011_2015,20260602,03_Data_Output\10_FeatureImportance\predictor_workspace\rebuild_20260602_gbm\3_Modelling_Results\Necessary\permanent_csi\AutoGluon\ag_raw\ag_predictor,WeightedEnsemble_L2,bounded GBM-only predictor workspace; not full final model-suite importance,expmean_earn_yld;expmean_ocf_per_share;expmean_roa;expmean_roe;expmean_roic;expmean_ebit_roa;expmean_gross_margin;expmean_ebitda_margin;expmean_ocf_margin;expmean_leverage;expmean_net_debt_ebitda;expmean_std_debt_pct;expmean_eff_int_rate;expmean_interest_cov;expmean_dd1_ratio;expmean_current_ratio;expmean_quick_ratio;expmean_cash_pct_act;expmean_wcap_ratio;expmean_bp_ratio;expmean_ev_to_sales;expmean_div_yield;expmean_mkt_to_book;expmean_accruals_ratio;expmean_asset_turnover;expmean_capex_intensity;expmean_rd_intensity;expmean_reinvest_rate;expmean_log_at;expmean_log_mkvalt;expmean_log_emp;expmean_rental_ratio;expmean_assets_per_emp;expmean_ni_per_emp;expmean_altman_z2;expmean_altman_z4;expmean_altman_z;expmean_invest_st_ratio;expmean_log_return;expmean_ann_return
AE-FEAT-IMPORT-004R,family_log_odds_rebuild_20260602_gbm,raw,permanent_csi,5,expanding_volatility,True,computed,40,143173,0.03684166266980283,0.036321291181009144,0.04172077401668995,-0.00060239824938898,0.021189062281073312,0.10126333705332975,1e-06,deterministic_per_feature_permutation_within_cv_block,initial_train_1993_2001;cv_fold2_2002_2006;cv_fold3_2007_2010;cv_fold4_holdout_2011_2015,20260602,03_Data_Output\10_FeatureImportance\predictor_workspace\rebuild_20260602_gbm\3_Modelling_Results\Necessary\permanent_csi\AutoGluon\ag_raw\ag_predictor,WeightedEnsemble_L2,bounded GBM-only predictor workspace; not full final model-suite importance,expvol_earn_yld;expvol_ocf_per_share;expvol_roa;expvol_roe;expvol_roic;expvol_ebit_roa;expvol_gross_margin;expvol_ebitda_margin;expvol_ocf_margin;expvol_leverage;expvol_net_debt_ebitda;expvol_std_debt_pct;expvol_eff_int_rate;expvol_interest_cov;expvol_dd1_ratio;expvol_current_ratio;expvol_quick_ratio;expvol_cash_pct_act;expvol_wcap_ratio;expvol_bp_ratio;expvol_ev_to_sales;expvol_div_yield;expvol_mkt_to_book;expvol_accruals_ratio;expvol_asset_turnover;expvol_capex_intensity;expvol_rd_intensity;expvol_reinvest_rate;expvol_log_at;expvol_log_mkvalt;expvol_log_emp;expvol_rental_ratio;expvol_assets_per_emp;expvol_ni_per_emp;expvol_altman_z2;expvol_altman_z4;expvol_altman_z;expvol_invest_st_ratio;expvol_log_return;expvol_ann_return
AE-FEAT-IMPORT-004R,family_log_odds_rebuild_20260602_gbm,raw,permanent_csi,2,yoy_changes,True,computed,40,143173,0.03684166266980283,0.03706308068363621,0.03837034742409157,-0.012923164114555448,0.014705297406687023,0.10367135357783763,1e-06,deterministic_per_feature_permutation_within_cv_block,initial_train_1993_2001;cv_fold2_2002_2006;cv_fold3_2007_2010;cv_fold4_holdout_2011_2015,20260602,03_Data_Output\10_FeatureImportance\predictor_workspace\rebuild_20260602_gbm\3_Modelling_Results\Necessary\permanent_csi\AutoGluon\ag_raw\ag_predictor,WeightedEnsemble_L2,bounded GBM-only predictor workspace; not full final model-suite importance,yoy_earn_yld;yoy_ocf_per_share;yoy_roa;yoy_roe;yoy_roic;yoy_ebit_roa;yoy_gross_margin;yoy_ebitda_margin;yoy_ocf_margin;yoy_leverage;yoy_net_debt_ebitda;yoy_std_debt_pct;yoy_eff_int_rate;yoy_interest_cov;yoy_dd1_ratio;yoy_current_ratio;yoy_quick_ratio;yoy_cash_pct_act;yoy_wcap_ratio;yoy_bp_ratio;yoy_ev_to_sales;yoy_div_yield;yoy_mkt_to_book;yoy_accruals_ratio;yoy_asset_turnover;yoy_capex_intensity;yoy_rd_intensity;yoy_reinvest_rate;yoy_log_at;yoy_log_mkvalt;yoy_log_emp;yoy_rental_ratio;yoy_assets_per_emp;yoy_ni_per_emp;yoy_altman_z2;yoy_altman_z4;yoy_altman_z;yoy_invest_st_ratio;yoy_log_return;yoy_ann_return
AE-FEAT-IMPORT-004R,family_log_odds_rebuild_20260602_gbm,raw,permanent_csi,6,peak_deterioration,True,computed,18,143173,0.03684166266980283,0.03640205522222557,0.030757224578420304,-0.005624735488301263,0.015998311631635787,0.06996085165394783,1e-06,deterministic_per_feature_permutation_within_cv_block,initial_train_1993_2001;cv_fold2_2002_2006;cv_fold3_2007_2010;cv_fold4_holdout_2011_2015,20260602,03_Data_Output\10_FeatureImportance\predictor_workspace\rebuild_20260602_gbm\3_Modelling_Results\Necessary\permanent_csi\AutoGluon\ag_raw\ag_predictor,WeightedEnsemble_L2,bounded GBM-only predictor workspace; not full final model-suite importance,peak_drop_earn_yld;peak_drop_ocf_per_share;peak_drop_roa;peak_drop_roe;peak_drop_roic;peak_drop_ebit_roa;peak_drop_gross_margin;peak_drop_ebitda_margin;peak_drop_ocf_margin;peak_drop_current_ratio;peak_drop_quick_ratio;peak_drop_cash_pct_act;peak_drop_wcap_ratio;peak_drop_interest_cov;peak_drop_asset_turnover;peak_drop_bp_ratio;peak_drop_log_mkvalt;peak_drop_log_emp
AE-FEAT-IMPORT-004R,family_log_odds_rebuild_20260602_gbm,raw,permanent_csi,3,acceleration,True,computed,40,143173,0.03684166266980283,0.03660629868522242,0.021976892419460128,-0.003559823810644492,0.005123606168434769,0.057739628282921285,1e-06,deterministic_per_feature_permutation_within_cv_block,initial_train_1993_2001;cv_fold2_2002_2006;cv_fold3_2007_2010;cv_fold4_holdout_2011_2015,20260602,03_Data_Output\10_FeatureImportance\predictor_workspace\rebuild_20260602_gbm\3_Modelling_Results\Necessary\permanent_csi\AutoGluon\ag_raw\ag_predictor,WeightedEnsemble_L2,bounded GBM-only predictor workspace; not full final model-suite importance,accel_earn_yld;accel_ocf_per_share;accel_roa;accel_roe;accel_roic;accel_ebit_roa;accel_gross_margin;accel_ebitda_margin;accel_ocf_margin;accel_leverage;accel_net_debt_ebitda;accel_std_debt_pct;accel_eff_int_rate;accel_interest_cov;accel_dd1_ratio;accel_current_ratio;accel_quick_ratio;accel_cash_pct_act;accel_wcap_ratio;accel_bp_ratio;accel_ev_to_sales;accel_div_yield;accel_mkt_to_book;accel_accruals_ratio;accel_asset_turnover;accel_capex_intensity;accel_rd_intensity;accel_reinvest_rate;accel_log_at;accel_log_mkvalt;accel_log_emp;accel_rental_ratio;accel_assets_per_emp;accel_ni_per_emp;accel_altman_z2;accel_altman_z4;accel_altman_z;accel_invest_st_ratio;accel_log_return;accel_ann_return
AE-FEAT-IMPORT-004R,family_log_odds_rebuild_20260602_gbm,raw,permanent_csi,9,accounting_momentum,True,computed,15,143173,0.03684166266980283,0.03677770734291497,0.013375979468098955,-0.0019424061289519596,0.00415161546804832,0.03287587772421228,1e-06,deterministic_per_feature_permutation_within_cv_block,initial_train_1993_2001;cv_fold2_2002_2006;cv_fold3_2007_2010;cv_fold4_holdout_2011_2015,20260602,03_Data_Output\10_FeatureImportance\predictor_workspace\rebuild_20260602_gbm\3_Modelling_Results\Necessary\permanent_csi\AutoGluon\ag_raw\ag_predictor,WeightedEnsemble_L2,bounded GBM-only predictor workspace; not full final model-suite importance,acct_mom_earn_yld;acct_mom_ocf_per_share;acct_mom_roa;acct_mom_roic;acct_mom_leverage;acct_mom_net_debt_ebitda;acct_mom_interest_cov;acct_mom_current_ratio;acct_mom_cash_pct_act;acct_mom_accruals_ratio;acct_mom_asset_turnover;acct_mom_gross_margin;acct_mom_ebitda_margin;acct_mom_log_mkvalt;acct_mom_log_at
AE-FEAT-IMPORT-004R,family_log_odds_rebuild_20260602_gbm,raw,permanent_csi,7,trough_rise,True,computed,7,143173,0.03684166266980283,0.0366267912161245,0.010841238362569982,0.0003745463535593078,0.002749797613730287,0.029321555217869125,1e-06,deterministic_per_feature_permutation_within_cv_block,initial_train_1993_2001;cv_fold2_2002_2006;cv_fold3_2007_2010;cv_fold4_holdout_2011_2015,20260602,03_Data_Output\10_FeatureImportance\predictor_workspace\rebuild_20260602_gbm\3_Modelling_Results\Necessary\permanent_csi\AutoGluon\ag_raw\ag_predictor,WeightedEnsemble_L2,bounded GBM-only predictor workspace; not full final model-suite importance,trough_rise_leverage;trough_rise_net_debt_ebitda;trough_rise_std_debt_pct;trough_rise_eff_int_rate;trough_rise_dd1_ratio;trough_rise_rental_ratio;trough_rise_accruals_ratio
AE-FEAT-IMPORT-004R,family_log_odds_rebuild_20260602_gbm,raw,permanent_csi,8,consecutive_declines,True,computed,10,143173,0.03684166266980283,0.03682994886538847,0.0012968488244928934,-0.00010666064036935695,0.0,0.0,1e-06,deterministic_per_feature_permutation_within_cv_block,initial_train_1993_2001;cv_fold2_2002_2006;cv_fold3_2007_2010;cv_fold4_holdout_2011_2015,20260602,03_Data_Output\10_FeatureImportance\predictor_workspace\rebuild_20260602_gbm\3_Modelling_Results\Necessary\permanent_csi\AutoGluon\ag_raw\ag_predictor,WeightedEnsemble_L2,bounded GBM-only predictor workspace; not full final model-suite importance,consec_decline_earn_yld;consec_decline_ocf_per_share;consec_decline_roa;consec_decline_roic;consec_decline_gross_margin;consec_decline_interest_cov;consec_decline_log_mkvalt;consec_decline_log_emp;consec_decline_current_ratio;consec_decline_wcap_ratio
AE-FEAT-IMPORT-004R,family_log_odds_rebuild_20260602_gbm,raw,permanent_csi,unmapped,unmapped_features,False,computed,1,143173,0.03684166266980283,0.03678134987832247,0.010848957233396829,-0.0007527256211137793,0.0,0.026026381072574146,1e-06,deterministic_per_feature_permutation_within_cv_block,initial_train_1993_2001;cv_fold2_2002_2006;cv_fold3_2007_2010;cv_fold4_holdout_2011_2015,20260602,03_Data_Output\10_FeatureImportance\predictor_workspace\rebuild_20260602_gbm\3_Modelling_Results\Necessary\permanent_csi\AutoGluon\ag_raw\ag_predictor,WeightedEnsemble_L2,bounded GBM-only predictor workspace; not full final model-suite importance,siccd
AE-FEAT-IMPORT-004R,family_log_odds_rebuild_20260602_gbm,raw_plus_latent,permanent_csi,11,price_momentum_volatility_and_macro_interactions,True,computed,16,143173,0.0374069990920129,0.03009352099878796,0.5655348245866171,-0.06657871106007719,0.4310505821387922,1.2675725956326094,1e-06,deterministic_per_feature_permutation_within_cv_block,initial_train_1993_2001;cv_fold2_2002_2006;cv_fold3_2007_2010;cv_fold4_holdout_2011_2015,20260602,03_Data_Output\10_FeatureImportance\predictor_workspace\rebuild_20260602_gbm\3_Modelling_Results\Necessary\permanent_csi\AutoGluon\ag_raw_plus_latent\ag_predictor,WeightedEnsemble_L2,bounded GBM-only predictor workspace; not full final model-suite importance,ann_return;log_return;mom_1m;mom_3m;mom_6m;vol_12m;max_dd_12m;mom_24m;vol_60m;max_dd_60m;interact_lev_rate;interact_cov_rate;interact_nde_hyspr;interact_roa_gdp;interact_ret_vix;interact_acc_hyspr
AE-FEAT-IMPORT-004R,family_log_odds_rebuild_20260602_gbm,raw_plus_latent,permanent_csi,1,point_in_time_ratios,True,computed,53,143173,0.0374069990920129,0.03015657872576096,0.4204212563368186,-0.09482704811115986,0.3232653498693785,0.9067199917466103,1e-06,deterministic_per_feature_permutation_within_cv_block,initial_train_1993_2001;cv_fold2_2002_2006;cv_fold3_2007_2010;cv_fold4_holdout_2011_2015,20260602,03_Data_Output\10_FeatureImportance\predictor_workspace\rebuild_20260602_gbm\3_Modelling_Results\Necessary\permanent_csi\AutoGluon\ag_raw_plus_latent\ag_predictor,WeightedEnsemble_L2,bounded GBM-only predictor workspace; not full final model-suite importance,d_unrate;d_hy_spread;d_vix;earn_yld;ocf_per_share;roa;roe;roic;ebit_roa;gross_margin;ebitda_margin;ocf_margin;leverage;net_debt_ebitda;std_debt_pct;eff_int_rate;interest_cov;dd1_ratio;current_ratio;quick_ratio;cash_pct_act;wcap_ratio;bp_ratio;ev_to_sales;div_yield;cash_div_cf;mkt_to_book;accruals_ratio;asset_turnover;capex_intensity;rd_intensity;reinvest_rate;log_at;log_mkvalt;log_emp;rental_ratio;assets_per_emp;ni_per_emp;min_int_tcap;compr_inc_ratio;altman_z2;altman_z4;altman_z;invest_st_ratio;term_spread;hy_spread;unrate;fedfunds;vix;cpi_inflation;gdp_growth;indpro_growth;recession
AE-FEAT-IMPORT-004R,family_log_odds_rebuild_20260602_gbm,raw_plus_latent,permanent_csi,10,rolling_window_statistics,True,computed,180,143173,0.0374069990920129,0.033180039403545816,0.27441962235625733,-0.08240133818607838,0.2346138320507789,0.5373817223034878,1e-06,deterministic_per_feature_permutation_within_cv_block,initial_train_1993_2001;cv_fold2_2002_2006;cv_fold3_2007_2010;cv_fold4_holdout_2011_2015,20260602,03_Data_Output\10_FeatureImportance\predictor_workspace\rebuild_20260602_gbm\3_Modelling_Results\Necessary\permanent_csi\AutoGluon\ag_raw_plus_latent\ag_predictor,WeightedEnsemble_L2,bounded GBM-only predictor workspace; not full final model-suite importance,roll_mean_3y_earn_yld;roll_mean_3y_ocf_per_share;roll_mean_3y_roa;roll_mean_3y_roic;roll_mean_3y_leverage;roll_mean_3y_net_debt_ebitda;roll_mean_3y_interest_cov;roll_mean_3y_current_ratio;roll_mean_3y_cash_pct_act;roll_mean_3y_accruals_ratio;roll_mean_3y_asset_turnover;roll_mean_3y_gross_margin;roll_mean_3y_ebitda_margin;roll_mean_3y_log_mkvalt;roll_mean_3y_log_at;roll_min_3y_earn_yld;roll_min_3y_ocf_per_share;roll_min_3y_roa;roll_min_3y_roic;roll_min_3y_leverage;roll_min_3y_net_debt_ebitda;roll_min_3y_interest_cov;roll_min_3y_current_ratio;roll_min_3y_cash_pct_act;roll_min_3y_accruals_ratio;roll_min_3y_asset_turnover;roll_min_3y_gross_margin;roll_min_3y_ebitda_margin;roll_min_3y_log_mkvalt;roll_min_3y_log_at;roll_max_3y_earn_yld;roll_max_3y_ocf_per_share;roll_max_3y_roa;roll_max_3y_roic;roll_max_3y_leverage;roll_max_3y_net_debt_ebitda;roll_max_3y_interest_cov;roll_max_3y_current_ratio;roll_max_3y_cash_pct_act;roll_max_3y_accruals_ratio;roll_max_3y_asset_turnover;roll_max_3y_gross_margin;roll_max_3y_ebitda_margin;roll_max_3y_log_mkvalt;roll_max_3y_log_at;roll_sd_3y_earn_yld;roll_sd_3y_ocf_per_share;roll_sd_3y_roa;roll_sd_3y_roic;roll_sd_3y_leverage;roll_sd_3y_net_debt_ebitda;roll_sd_3y_interest_cov;roll_sd_3y_current_ratio;roll_sd_3y_cash_pct_act;roll_sd_3y_accruals_ratio;roll_sd_3y_asset_turnover;roll_sd_3y_gross_margin;roll_sd_3y_ebitda_margin;roll_sd_3y_log_mkvalt;roll_sd_3y_log_at;roll_trend_3y_earn_yld;roll_trend_3y_ocf_per_share;roll_trend_3y_roa;roll_trend_3y_roic;roll_trend_3y_leverage;roll_trend_3y_net_debt_ebitda;roll_trend_3y_interest_cov;roll_trend_3y_current_ratio;roll_trend_3y_cash_pct_act;roll_trend_3y_accruals_ratio;roll_trend_3y_asset_turnover;roll_trend_3y_gross_margin;roll_trend_3y_ebitda_margin;roll_trend_3y_log_mkvalt;roll_trend_3y_log_at;roll_autocorr_3y_earn_yld;roll_autocorr_3y_ocf_per_share;roll_autocorr_3y_roa;roll_autocorr_3y_roic;roll_autocorr_3y_leverage;roll_autocorr_3y_net_debt_ebitda;roll_autocorr_3y_interest_cov;roll_autocorr_3y_current_ratio;roll_autocorr_3y_cash_pct_act;roll_autocorr_3y_accruals_ratio;roll_autocorr_3y_asset_turnover;roll_autocorr_3y_gross_margin;roll_autocorr_3y_ebitda_margin;roll_autocorr_3y_log_mkvalt;roll_autocorr_3y_log_at;roll_mean_5y_earn_yld;roll_mean_5y_ocf_per_share;roll_mean_5y_roa;roll_mean_5y_roic;roll_mean_5y_leverage;roll_mean_5y_net_debt_ebitda;roll_mean_5y_interest_cov;roll_mean_5y_current_ratio;roll_mean_5y_cash_pct_act;roll_mean_5y_accruals_ratio;roll_mean_5y_asset_turnover;roll_mean_5y_gross_margin;roll_mean_5y_ebitda_margin;roll_mean_5y_log_mkvalt;roll_mean_5y_log_at;roll_min_5y_earn_yld;roll_min_5y_ocf_per_share;roll_min_5y_roa;roll_min_5y_roic;roll_min_5y_leverage;roll_min_5y_net_debt_ebitda;roll_min_5y_interest_cov;roll_min_5y_current_ratio;roll_min_5y_cash_pct_act;roll_min_5y_accruals_ratio;roll_min_5y_asset_turnover;roll_min_5y_gross_margin;roll_min_5y_ebitda_margin;roll_min_5y_log_mkvalt;roll_min_5y_log_at;roll_max_5y_earn_yld;roll_max_5y_ocf_per_share;roll_max_5y_roa;roll_max_5y_roic;roll_max_5y_leverage;roll_max_5y_net_debt_ebitda;roll_max_5y_interest_cov;roll_max_5y_current_ratio;roll_max_5y_cash_pct_act;roll_max_5y_accruals_ratio;roll_max_5y_asset_turnover;roll_max_5y_gross_margin;roll_max_5y_ebitda_margin;roll_max_5y_log_mkvalt;roll_max_5y_log_at;roll_sd_5y_earn_yld;roll_sd_5y_ocf_per_share;roll_sd_5y_roa;roll_sd_5y_roic;roll_sd_5y_leverage;roll_sd_5y_net_debt_ebitda;roll_sd_5y_interest_cov;roll_sd_5y_current_ratio;roll_sd_5y_cash_pct_act;roll_sd_5y_accruals_ratio;roll_sd_5y_asset_turnover;roll_sd_5y_gross_margin;roll_sd_5y_ebitda_margin;roll_sd_5y_log_mkvalt;roll_sd_5y_log_at;roll_trend_5y_earn_yld;roll_trend_5y_ocf_per_share;roll_trend_5y_roa;roll_trend_5y_roic;roll_trend_5y_leverage;roll_trend_5y_net_debt_ebitda;roll_trend_5y_interest_cov;roll_trend_5y_current_ratio;roll_trend_5y_cash_pct_act;roll_trend_5y_accruals_ratio;roll_trend_5y_asset_turnover;roll_trend_5y_gross_margin;roll_trend_5y_ebitda_margin;roll_trend_5y_log_mkvalt;roll_trend_5y_log_at;roll_autocorr_5y_earn_yld;roll_autocorr_5y_ocf_per_share;roll_autocorr_5y_roa;roll_autocorr_5y_roic;roll_autocorr_5y_leverage;roll_autocorr_5y_net_debt_ebitda;roll_autocorr_5y_interest_cov;roll_autocorr_5y_current_ratio;roll_autocorr_5y_cash_pct_act;roll_autocorr_5y_accruals_ratio;roll_autocorr_5y_asset_turnover;roll_autocorr_5y_gross_margin;roll_autocorr_5y_ebitda_margin;roll_autocorr_5y_log_mkvalt;roll_autocorr_5y_log_at
AE-FEAT-IMPORT-004R,family_log_odds_rebuild_20260602_gbm,raw_plus_latent,permanent_csi,2,yoy_changes,True,computed,40,143173,0.0374069990920129,0.03782589822765225,0.02342024350848352,-0.006550930825330087,0.0,0.07353419501113487,1e-06,deterministic_per_feature_permutation_within_cv_block,initial_train_1993_2001;cv_fold2_2002_2006;cv_fold3_2007_2010;cv_fold4_holdout_2011_2015,20260602,03_Data_Output\10_FeatureImportance\predictor_workspace\rebuild_20260602_gbm\3_Modelling_Results\Necessary\permanent_csi\AutoGluon\ag_raw_plus_latent\ag_predictor,WeightedEnsemble_L2,bounded GBM-only predictor workspace; not full final model-suite importance,yoy_earn_yld;yoy_ocf_per_share;yoy_roa;yoy_roe;yoy_roic;yoy_ebit_roa;yoy_gross_margin;yoy_ebitda_margin;yoy_ocf_margin;yoy_leverage;yoy_net_debt_ebitda;yoy_std_debt_pct;yoy_eff_int_rate;yoy_interest_cov;yoy_dd1_ratio;yoy_current_ratio;yoy_quick_ratio;yoy_cash_pct_act;yoy_wcap_ratio;yoy_bp_ratio;yoy_ev_to_sales;yoy_div_yield;yoy_mkt_to_book;yoy_accruals_ratio;yoy_asset_turnover;yoy_capex_intensity;yoy_rd_intensity;yoy_reinvest_rate;yoy_log_at;yoy_log_mkvalt;yoy_log_emp;yoy_rental_ratio;yoy_assets_per_emp;yoy_ni_per_emp;yoy_altman_z2;yoy_altman_z4;yoy_altman_z;yoy_invest_st_ratio;yoy_log_return;yoy_ann_return
AE-FEAT-IMPORT-004R,family_log_odds_rebuild_20260602_gbm,raw_plus_latent,permanent_csi,6,peak_deterioration,True,computed,18,143173,0.0374069990920129,0.036972112137509124,0.022377615418653764,0.0010071512235987437,0.0,0.07516216516127025,1e-06,deterministic_per_feature_permutation_within_cv_block,initial_train_1993_2001;cv_fold2_2002_2006;cv_fold3_2007_2010;cv_fold4_holdout_2011_2015,20260602,03_Data_Output\10_FeatureImportance\predictor_workspace\rebuild_20260602_gbm\3_Modelling_Results\Necessary\permanent_csi\AutoGluon\ag_raw_plus_latent\ag_predictor,WeightedEnsemble_L2,bounded GBM-only predictor workspace; not full final model-suite importance,peak_drop_earn_yld;peak_drop_ocf_per_share;peak_drop_roa;peak_drop_roe;peak_drop_roic;peak_drop_ebit_roa;peak_drop_gross_margin;peak_drop_ebitda_margin;peak_drop_ocf_margin;peak_drop_current_ratio;peak_drop_quick_ratio;peak_drop_cash_pct_act;peak_drop_wcap_ratio;peak_drop_interest_cov;peak_drop_asset_turnover;peak_drop_bp_ratio;peak_drop_log_mkvalt;peak_drop_log_emp
AE-FEAT-IMPORT-004R,family_log_odds_rebuild_20260602_gbm,raw_plus_latent,permanent_csi,4,expanding_mean,True,computed,40,143173,0.0374069990920129,0.03773492310862469,0.022067610810865924,-0.004733893029044706,0.0,0.06393800565156944,1e-06,deterministic_per_feature_permutation_within_cv_block,initial_train_1993_2001;cv_fold2_2002_2006;cv_fold3_2007_2010;cv_fold4_holdout_2011_2015,20260602,03_Data_Output\10_FeatureImportance\predictor_workspace\rebuild_20260602_gbm\3_Modelling_Results\Necessary\permanent_csi\AutoGluon\ag_raw_plus_latent\ag_predictor,WeightedEnsemble_L2,bounded GBM-only predictor workspace; not full final model-suite importance,expmean_earn_yld;expmean_ocf_per_share;expmean_roa;expmean_roe;expmean_roic;expmean_ebit_roa;expmean_gross_margin;expmean_ebitda_margin;expmean_ocf_margin;expmean_leverage;expmean_net_debt_ebitda;expmean_std_debt_pct;expmean_eff_int_rate;expmean_interest_cov;expmean_dd1_ratio;expmean_current_ratio;expmean_quick_ratio;expmean_cash_pct_act;expmean_wcap_ratio;expmean_bp_ratio;expmean_ev_to_sales;expmean_div_yield;expmean_mkt_to_book;expmean_accruals_ratio;expmean_asset_turnover;expmean_capex_intensity;expmean_rd_intensity;expmean_reinvest_rate;expmean_log_at;expmean_log_mkvalt;expmean_log_emp;expmean_rental_ratio;expmean_assets_per_emp;expmean_ni_per_emp;expmean_altman_z2;expmean_altman_z4;expmean_altman_z;expmean_invest_st_ratio;expmean_log_return;expmean_ann_return
AE-FEAT-IMPORT-004R,family_log_odds_rebuild_20260602_gbm,raw_plus_latent,permanent_csi,5,expanding_volatility,True,computed,40,143173,0.0374069990920129,0.03724215724660593,0.019548066498875593,-0.001966891049202119,0.0003499478450015303,0.052673284645860984,1e-06,deterministic_per_feature_permutation_within_cv_block,initial_train_1993_2001;cv_fold2_2002_2006;cv_fold3_2007_2010;cv_fold4_holdout_2011_2015,20260602,03_Data_Output\10_FeatureImportance\predictor_workspace\rebuild_20260602_gbm\3_Modelling_Results\Necessary\permanent_csi\AutoGluon\ag_raw_plus_latent\ag_predictor,WeightedEnsemble_L2,bounded GBM-only predictor workspace; not full final model-suite importance,expvol_earn_yld;expvol_ocf_per_share;expvol_roa;expvol_roe;expvol_roic;expvol_ebit_roa;expvol_gross_margin;expvol_ebitda_margin;expvol_ocf_margin;expvol_leverage;expvol_net_debt_ebitda;expvol_std_debt_pct;expvol_eff_int_rate;expvol_interest_cov;expvol_dd1_ratio;expvol_current_ratio;expvol_quick_ratio;expvol_cash_pct_act;expvol_wcap_ratio;expvol_bp_ratio;expvol_ev_to_sales;expvol_div_yield;expvol_mkt_to_book;expvol_accruals_ratio;expvol_asset_turnover;expvol_capex_intensity;expvol_rd_intensity;expvol_reinvest_rate;expvol_log_at;expvol_log_mkvalt;expvol_log_emp;expvol_rental_ratio;expvol_assets_per_emp;expvol_ni_per_emp;expvol_altman_z2;expvol_altman_z4;expvol_altman_z;expvol_invest_st_ratio;expvol_log_return;expvol_ann_return
AE-FEAT-IMPORT-004R,family_log_odds_rebuild_20260602_gbm,raw_plus_latent,permanent_csi,3,acceleration,True,computed,40,143173,0.0374069990920129,0.03733768278098502,0.006570474851320135,0.00044988065701631055,0.0,0.013460897735754474,1e-06,deterministic_per_feature_permutation_within_cv_block,initial_train_1993_2001;cv_fold2_2002_2006;cv_fold3_2007_2010;cv_fold4_holdout_2011_2015,20260602,03_Data_Output\10_FeatureImportance\predictor_workspace\rebuild_20260602_gbm\3_Modelling_Results\Necessary\permanent_csi\AutoGluon\ag_raw_plus_latent\ag_predictor,WeightedEnsemble_L2,bounded GBM-only predictor workspace; not full final model-suite importance,accel_earn_yld;accel_ocf_per_share;accel_roa;accel_roe;accel_roic;accel_ebit_roa;accel_gross_margin;accel_ebitda_margin;accel_ocf_margin;accel_leverage;accel_net_debt_ebitda;accel_std_debt_pct;accel_eff_int_rate;accel_interest_cov;accel_dd1_ratio;accel_current_ratio;accel_quick_ratio;accel_cash_pct_act;accel_wcap_ratio;accel_bp_ratio;accel_ev_to_sales;accel_div_yield;accel_mkt_to_book;accel_accruals_ratio;accel_asset_turnover;accel_capex_intensity;accel_rd_intensity;accel_reinvest_rate;accel_log_at;accel_log_mkvalt;accel_log_emp;accel_rental_ratio;accel_assets_per_emp;accel_ni_per_emp;accel_altman_z2;accel_altman_z4;accel_altman_z;accel_invest_st_ratio;accel_log_return;accel_ann_return
AE-FEAT-IMPORT-004R,family_log_odds_rebuild_20260602_gbm,raw_plus_latent,permanent_csi,9,accounting_momentum,True,computed,15,143173,0.0374069990920129,0.03740501150880161,0.0028109016291008346,-0.00020180136895262145,0.0,0.0,1e-06,deterministic_per_feature_permutation_within_cv_block,initial_train_1993_2001;cv_fold2_2002_2006;cv_fold3_2007_2010;cv_fold4_holdout_2011_2015,20260602,03_Data_Output\10_FeatureImportance\predictor_workspace\rebuild_20260602_gbm\3_Modelling_Results\Necessary\permanent_csi\AutoGluon\ag_raw_plus_latent\ag_predictor,WeightedEnsemble_L2,bounded GBM-only predictor workspace; not full final model-suite importance,acct_mom_earn_yld;acct_mom_ocf_per_share;acct_mom_roa;acct_mom_roic;acct_mom_leverage;acct_mom_net_debt_ebitda;acct_mom_interest_cov;acct_mom_current_ratio;acct_mom_cash_pct_act;acct_mom_accruals_ratio;acct_mom_asset_turnover;acct_mom_gross_margin;acct_mom_ebitda_margin;acct_mom_log_mkvalt;acct_mom_log_at
AE-FEAT-IMPORT-004R,family_log_odds_rebuild_20260602_gbm,raw_plus_latent,permanent_csi,7,trough_rise,True,computed,7,143173,0.0374069990920129,0.037403651000783224,0.0024505736016826236,-0.0005020172439772768,0.0,0.0,1e-06,deterministic_per_feature_permutation_within_cv_block,initial_train_1993_2001;cv_fold2_2002_2006;cv_fold3_2007_2010;cv_fold4_holdout_2011_2015,20260602,03_Data_Output\10_FeatureImportance\predictor_workspace\rebuild_20260602_gbm\3_Modelling_Results\Necessary\permanent_csi\AutoGluon\ag_raw_plus_latent\ag_predictor,WeightedEnsemble_L2,bounded GBM-only predictor workspace; not full final model-suite importance,trough_rise_leverage;trough_rise_net_debt_ebitda;trough_rise_std_debt_pct;trough_rise_eff_int_rate;trough_rise_dd1_ratio;trough_rise_rental_ratio;trough_rise_accruals_ratio
AE-FEAT-IMPORT-004R,family_log_odds_rebuild_20260602_gbm,raw_plus_latent,permanent_csi,8,consecutive_declines,True,computed,10,143173,0.0374069990920129,0.0373883328166045,0.0006994756507142617,0.0003132805727359525,0.0,0.0,1e-06,deterministic_per_feature_permutation_within_cv_block,initial_train_1993_2001;cv_fold2_2002_2006;cv_fold3_2007_2010;cv_fold4_holdout_2011_2015,20260602,03_Data_Output\10_FeatureImportance\predictor_workspace\rebuild_20260602_gbm\3_Modelling_Results\Necessary\permanent_csi\AutoGluon\ag_raw_plus_latent\ag_predictor,WeightedEnsemble_L2,bounded GBM-only predictor workspace; not full final model-suite importance,consec_decline_earn_yld;consec_decline_ocf_per_share;consec_decline_roa;consec_decline_roic;consec_decline_gross_margin;consec_decline_interest_cov;consec_decline_log_mkvalt;consec_decline_log_emp;consec_decline_current_ratio;consec_decline_wcap_ratio
AE-FEAT-IMPORT-004R,family_log_odds_rebuild_20260602_gbm,raw_plus_latent,permanent_csi,latent_block,vae_latent_features,False,computed,25,143173,0.0374069990920129,0.037345679631621186,0.01747441100191239,-0.0011586671799875652,0.0,0.045789511094364424,1e-06,deterministic_per_feature_permutation_within_cv_block,initial_train_1993_2001;cv_fold2_2002_2006;cv_fold3_2007_2010;cv_fold4_holdout_2011_2015,20260602,03_Data_Output\10_FeatureImportance\predictor_workspace\rebuild_20260602_gbm\3_Modelling_Results\Necessary\permanent_csi\AutoGluon\ag_raw_plus_latent\ag_predictor,WeightedEnsemble_L2,bounded GBM-only predictor workspace; not full final model-suite importance,z1;z2;z3;z4;z5;z6;z7;z8;z9;z10;z11;z12;z13;z14;z15;z16;z17;z18;z19;z20;z21;z22;z23;z24;vae_recon_error
AE-FEAT-IMPORT-004R,family_log_odds_rebuild_20260602_gbm,raw_plus_latent,permanent_csi,unmapped,unmapped_features,False,computed,2,143173,0.0374069990920129,0.03723170948662722,0.011810822779599908,-0.0013549356259008273,0.0,0.026389011902044946,1e-06,deterministic_per_feature_permutation_within_cv_block,initial_train_1993_2001;cv_fold2_2002_2006;cv_fold3_2007_2010;cv_fold4_holdout_2011_2015,20260602,03_Data_Output\10_FeatureImportance\predictor_workspace\rebuild_20260602_gbm\3_Modelling_Results\Necessary\permanent_csi\AutoGluon\ag_raw_plus_latent\ag_predictor,WeightedEnsemble_L2,bounded GBM-only predictor workspace; not full final model-suite importance,fyear;siccd
