track,response,n_obs,response_share,n_firms,first_year,last_year,track_n_obs
permanent_csi,0,181368,0.966646413610054,19565,1993,2024,187626
permanent_csi,1,6258,0.033353586389946,4696,1993,2022,187626
temporary_csi,0,171269,0.952627012114403,19073,1993,2023,179786
temporary_csi,1,8517,0.0473729878855973,5603,1993,2023,179786
