track,response_track,period,model,model_label,index_id,threshold_method,lockout_years,exclusion_rule,strategy_id,fn_missed_opportunity_diagnostic,tn_retained_diagnostic,retained_stock_reweighting_effect,fn_benchmark_weight,fn_filtered_weight,tn_benchmark_weight,tn_filtered_weight,note
temporary CSI,dynamic_csi,full,raw,Expanded Dataset,large_cap,fpr1,1,lockout_1yr,fpr1_1yr,-0.0000004416,0.0000085275,0.0000080859,0.0009765639,0.0009769332,0.6678653268,0.6679646733,FN/TN are diagnostics; their active retained-weight effect enters realized alpha through retained_stock_reweighting_effect.
temporary CSI,dynamic_csi,full,raw,Expanded Dataset,large_cap,fpr1,2,lockout_2yr,fpr1_2yr,-0.0000005236,0.0000182897,0.0000177661,0.0009765639,0.0009771234,0.6677644312,0.6679640355,FN/TN are diagnostics; their active retained-weight effect enters realized alpha through retained_stock_reweighting_effect.
temporary CSI,dynamic_csi,full,raw,Expanded Dataset,large_cap,fpr1,3,lockout_3yr,fpr1_3yr,-0.0000010010,0.0000193527,0.0000183517,0.0009575055,0.0009585198,0.6677053793,0.6679824410,FN/TN are diagnostics; their active retained-weight effect enters realized alpha through retained_stock_reweighting_effect.
temporary CSI,dynamic_csi,full,raw,Expanded Dataset,large_cap,fpr1,5,lockout_5yr,fpr1_5yr,-0.0000013569,0.0000418302,0.0000404734,0.0009314600,0.0009330061,0.6675335043,0.6680073841,FN/TN are diagnostics; their active retained-weight effect enters realized alpha through retained_stock_reweighting_effect.
temporary CSI,dynamic_csi,full,raw,Expanded Dataset,large_cap,fpr3,1,lockout_1yr,fpr3_1yr,-0.0000008815,0.0000923362,0.0000914547,0.0009721499,0.0009730595,0.6675428617,0.6679722690,FN/TN are diagnostics; their active retained-weight effect enters realized alpha through retained_stock_reweighting_effect.
temporary CSI,dynamic_csi,full,raw,Expanded Dataset,large_cap,fpr3,2,lockout_2yr,fpr3_2yr,-0.0000010119,0.0001630749,0.0001620630,0.0008924119,0.0008934645,0.6671722615,0.6680505550,FN/TN are diagnostics; their active retained-weight effect enters realized alpha through retained_stock_reweighting_effect.
temporary CSI,dynamic_csi,full,raw,Expanded Dataset,large_cap,fpr3,3,lockout_3yr,fpr3_3yr,-0.0000017596,0.0001724343,0.0001706747,0.0008650118,0.0008666949,0.6668263900,0.6680782714,FN/TN are diagnostics; their active retained-weight effect enters realized alpha through retained_stock_reweighting_effect.
temporary CSI,dynamic_csi,full,raw,Expanded Dataset,large_cap,fpr3,5,lockout_5yr,fpr3_5yr,-0.0000026178,0.0002582992,0.0002556815,0.0008351416,0.0008379646,0.6661649417,0.6681051339,FN/TN are diagnostics; their active retained-weight effect enters realized alpha through retained_stock_reweighting_effect.
temporary CSI,dynamic_csi,full,raw,Expanded Dataset,large_cap,fpr5,1,lockout_1yr,fpr5_1yr,-0.0000008610,0.0001919573,0.0001910964,0.0009658959,0.0009669131,0.6670944525,0.6679922549,FN/TN are diagnostics; their active retained-weight effect enters realized alpha through retained_stock_reweighting_effect.
temporary CSI,dynamic_csi,full,raw,Expanded Dataset,large_cap,fpr5,2,lockout_2yr,fpr5_2yr,-0.0000010954,0.0003196350,0.0003185396,0.0008735779,0.0008747134,0.6662805426,0.6680855947,FN/TN are diagnostics; their active retained-weight effect enters realized alpha through retained_stock_reweighting_effect.
temporary CSI,dynamic_csi,full,raw,Expanded Dataset,large_cap,fpr5,3,lockout_3yr,fpr5_3yr,-0.0000019203,0.0003868595,0.0003849392,0.0008344332,0.0008363136,0.6654837833,0.6681264731,FN/TN are diagnostics; their active retained-weight effect enters realized alpha through retained_stock_reweighting_effect.
temporary CSI,dynamic_csi,full,raw,Expanded Dataset,large_cap,fpr5,5,lockout_5yr,fpr5_5yr,-0.0000049701,0.0005480910,0.0005431209,0.0007707550,0.0007755484,0.6638941179,0.6681831700,FN/TN are diagnostics; their active retained-weight effect enters realized alpha through retained_stock_reweighting_effect.
temporary CSI,dynamic_csi,full,raw,Expanded Dataset,large_cap,youden,1,lockout_1yr,youden_1yr,-0.0000092975,0.0027564412,0.0027471437,0.0006668684,0.0006761983,0.6509421978,0.6682945193,FN/TN are diagnostics; their active retained-weight effect enters realized alpha through retained_stock_reweighting_effect.
temporary CSI,dynamic_csi,full,raw,Expanded Dataset,large_cap,youden,2,lockout_2yr,youden_2yr,-0.0000192707,0.0042887886,0.0042695180,0.0005939789,0.0006109899,0.6389065560,0.6683881737,FN/TN are diagnostics; their active retained-weight effect enters realized alpha through retained_stock_reweighting_effect.
temporary CSI,dynamic_csi,full,raw,Expanded Dataset,large_cap,youden,3,lockout_3yr,youden_3yr,-0.0000256923,0.0055861463,0.0055604540,0.0005681076,0.0005923537,0.6287240158,0.6684069240,FN/TN are diagnostics; their active retained-weight effect enters realized alpha through retained_stock_reweighting_effect.
temporary CSI,dynamic_csi,full,raw,Expanded Dataset,large_cap,youden,5,lockout_5yr,youden_5yr,-0.0000529869,0.0074514351,0.0073984482,0.0005034436,0.0005467702,0.6111213141,0.6685146651,FN/TN are diagnostics; their active retained-weight effect enters realized alpha through retained_stock_reweighting_effect.
temporary CSI,dynamic_csi,full,raw,Expanded Dataset,mid_cap,fpr1,1,lockout_1yr,fpr1_1yr,-0.0000023349,0.0000363171,0.0000339822,0.0019246954,0.0019267810,0.6652622692,0.6656189467,FN/TN are diagnostics; their active retained-weight effect enters realized alpha through retained_stock_reweighting_effect.
temporary CSI,dynamic_csi,full,raw,Expanded Dataset,mid_cap,fpr1,2,lockout_2yr,fpr1_2yr,-0.0000024582,0.0000846027,0.0000821445,0.0019246954,0.0019275559,0.6648938246,0.6656156156,FN/TN are diagnostics; their active retained-weight effect enters realized alpha through retained_stock_reweighting_effect.
temporary CSI,dynamic_csi,full,raw,Expanded Dataset,mid_cap,fpr1,3,lockout_3yr,fpr1_3yr,-0.0000042357,0.0001192297,0.0001149940,0.0018544881,0.0018594060,0.6645591619,0.6656814203,FN/TN are diagnostics; their active retained-weight effect enters realized alpha through retained_stock_reweighting_effect.
temporary CSI,dynamic_csi,full,raw,Expanded Dataset,mid_cap,fpr1,5,lockout_5yr,fpr1_5yr,-0.0000084096,0.0002259877,0.0002175781,0.0017070192,0.0017179994,0.6636334817,0.6658153428,FN/TN are diagnostics; their active retained-weight effect enters realized alpha through retained_stock_reweighting_effect.
temporary CSI,dynamic_csi,full,raw,Expanded Dataset,mid_cap,fpr3,1,lockout_1yr,fpr3_1yr,-0.0000043015,0.0002984002,0.0002940987,0.0018997306,0.0019057956,0.6641615664,0.6656606400,FN/TN are diagnostics; their active retained-weight effect enters realized alpha through retained_stock_reweighting_effect.
temporary CSI,dynamic_csi,full,raw,Expanded Dataset,mid_cap,fpr3,2,lockout_2yr,fpr3_2yr,-0.0000057696,0.0005199342,0.0005141646,0.0017256446,0.0017342554,0.6630161369,0.6658248647,FN/TN are diagnostics; their active retained-weight effect enters realized alpha through retained_stock_reweighting_effect.
temporary CSI,dynamic_csi,full,raw,Expanded Dataset,mid_cap,fpr3,3,lockout_3yr,fpr3_3yr,-0.0000082402,0.0006389937,0.0006307535,0.0016081499,0.0016192587,0.6617601062,0.6659434227,FN/TN are diagnostics; their active retained-weight effect enters realized alpha through retained_stock_reweighting_effect.
temporary CSI,dynamic_csi,full,raw,Expanded Dataset,mid_cap,fpr3,5,lockout_5yr,fpr3_5yr,-0.0000178809,0.0008243028,0.0008064219,0.0014389106,0.0014611743,0.6595286737,0.6660837234,FN/TN are diagnostics; their active retained-weight effect enters realized alpha through retained_stock_reweighting_effect.
temporary CSI,dynamic_csi,full,raw,Expanded Dataset,mid_cap,fpr5,1,lockout_1yr,fpr5_1yr,-0.0000047450,0.0007362076,0.0007314625,0.0018643088,0.0018718424,0.6628221057,0.6656888664,FN/TN are diagnostics; their active retained-weight effect enters realized alpha through retained_stock_reweighting_effect.
temporary CSI,dynamic_csi,full,raw,Expanded Dataset,mid_cap,fpr5,2,lockout_2yr,fpr5_2yr,-0.0000071534,0.0011381110,0.0011309576,0.0016189637,0.0016285028,0.6606659756,0.6659436695,FN/TN are diagnostics; their active retained-weight effect enters realized alpha through retained_stock_reweighting_effect.
temporary CSI,dynamic_csi,full,raw,Expanded Dataset,mid_cap,fpr5,3,lockout_3yr,fpr5_3yr,-0.0000104663,0.0013482084,0.0013377421,0.0014349288,0.0014474817,0.6587069119,0.6661403302,FN/TN are diagnostics; their active retained-weight effect enters realized alpha through retained_stock_reweighting_effect.
temporary CSI,dynamic_csi,full,raw,Expanded Dataset,mid_cap,fpr5,5,lockout_5yr,fpr5_5yr,-0.0000288952,0.0015141571,0.0014852619,0.0012526971,0.0012848082,0.6549584109,0.6662869402,FN/TN are diagnostics; their active retained-weight effect enters realized alpha through retained_stock_reweighting_effect.
temporary CSI,dynamic_csi,full,raw,Expanded Dataset,mid_cap,youden,1,lockout_1yr,youden_1yr,-0.0000264659,0.0075738519,0.0075473860,0.0008855099,0.0009245524,0.6272946874,0.6667022778,FN/TN are diagnostics; their active retained-weight effect enters realized alpha through retained_stock_reweighting_effect.
temporary CSI,dynamic_csi,full,raw,Expanded Dataset,mid_cap,youden,2,lockout_2yr,youden_2yr,-0.0000514267,0.0099903359,0.0099389092,0.0006512323,0.0007015528,0.6068208133,0.6669031959,FN/TN are diagnostics; their active retained-weight effect enters realized alpha through retained_stock_reweighting_effect.
temporary CSI,dynamic_csi,full,raw,Expanded Dataset,mid_cap,youden,3,lockout_3yr,youden_3yr,-0.0000558810,0.0117678524,0.0117119714,0.0005045775,0.0005686176,0.5904772048,0.6670258977,FN/TN are diagnostics; their active retained-weight effect enters realized alpha through retained_stock_reweighting_effect.
temporary CSI,dynamic_csi,full,raw,Expanded Dataset,mid_cap,youden,5,lockout_5yr,youden_5yr,-0.0000836330,0.0146439547,0.0145603217,0.0003079379,0.0003654323,0.5648472807,0.6672902419,FN/TN are diagnostics; their active retained-weight effect enters realized alpha through retained_stock_reweighting_effect.
temporary CSI,dynamic_csi,full,raw,Expanded Dataset,small_cap,fpr1,1,lockout_1yr,fpr1_1yr,-0.0000048419,0.0001639822,0.0001591403,0.0059400702,0.0059453761,0.6592422280,0.6599800754,FN/TN are diagnostics; their active retained-weight effect enters realized alpha through retained_stock_reweighting_effect.
temporary CSI,dynamic_csi,full,raw,Expanded Dataset,small_cap,fpr1,2,lockout_2yr,fpr1_2yr,-0.0000123688,0.0003699703,0.0003576014,0.0057482510,0.0057625252,0.6583584638,0.6601770309,FN/TN are diagnostics; their active retained-weight effect enters realized alpha through retained_stock_reweighting_effect.
temporary CSI,dynamic_csi,full,raw,Expanded Dataset,small_cap,fpr1,3,lockout_3yr,fpr1_3yr,-0.0000229404,0.0004562736,0.0004333332,0.0056911499,0.0057158162,0.6574867737,0.6602233380,FN/TN are diagnostics; their active retained-weight effect enters realized alpha through retained_stock_reweighting_effect.
temporary CSI,dynamic_csi,full,raw,Expanded Dataset,small_cap,fpr1,5,lockout_5yr,fpr1_5yr,-0.0000386783,0.0005522995,0.0005136211,0.0055733146,0.0056118667,0.6561834440,0.6603483439,FN/TN are diagnostics; their active retained-weight effect enters realized alpha through retained_stock_reweighting_effect.
temporary CSI,dynamic_csi,full,raw,Expanded Dataset,small_cap,fpr3,1,lockout_1yr,fpr3_1yr,-0.0000252372,0.0008379521,0.0008127150,0.0056998967,0.0057289066,0.6566614107,0.6602260967,FN/TN are diagnostics; their active retained-weight effect enters realized alpha through retained_stock_reweighting_effect.
temporary CSI,dynamic_csi,full,raw,Expanded Dataset,small_cap,fpr3,2,lockout_2yr,fpr3_2yr,-0.0000460395,0.0013205229,0.0012744834,0.0053752907,0.0054289521,0.6538006242,0.6605438817,FN/TN are diagnostics; their active retained-weight effect enters realized alpha through retained_stock_reweighting_effect.
temporary CSI,dynamic_csi,full,raw,Expanded Dataset,small_cap,fpr3,3,lockout_3yr,fpr3_3yr,-0.0000709825,0.0015489046,0.0014779221,0.0051478389,0.0052252761,0.6513690763,0.6607646171,FN/TN are diagnostics; their active retained-weight effect enters realized alpha through retained_stock_reweighting_effect.
temporary CSI,dynamic_csi,full,raw,Expanded Dataset,small_cap,fpr3,5,lockout_5yr,fpr3_5yr,-0.0001075665,0.0019671905,0.0018596240,0.0048912771,0.0050027895,0.6470169915,0.6610315739,FN/TN are diagnostics; their active retained-weight effect enters realized alpha through retained_stock_reweighting_effect.
temporary CSI,dynamic_csi,full,raw,Expanded Dataset,small_cap,fpr5,1,lockout_1yr,fpr5_1yr,-0.0000441918,0.0016390041,0.0015948123,0.0052568480,0.0053046507,0.6534610742,0.6606368381,FN/TN are diagnostics; their active retained-weight effect enters realized alpha through retained_stock_reweighting_effect.
temporary CSI,dynamic_csi,full,raw,Expanded Dataset,small_cap,fpr5,2,lockout_2yr,fpr5_2yr,-0.0000706447,0.0024063486,0.0023357039,0.0048214726,0.0049002839,0.6486355337,0.6611141488,FN/TN are diagnostics; their active retained-weight effect enters realized alpha through retained_stock_reweighting_effect.
temporary CSI,dynamic_csi,full,raw,Expanded Dataset,small_cap,fpr5,3,lockout_3yr,fpr5_3yr,-0.0001070102,0.0028099201,0.0027029098,0.0045428485,0.0046579241,0.6443660776,0.6613826784,FN/TN are diagnostics; their active retained-weight effect enters realized alpha through retained_stock_reweighting_effect.
temporary CSI,dynamic_csi,full,raw,Expanded Dataset,small_cap,fpr5,5,lockout_5yr,fpr5_5yr,-0.0001605320,0.0035980585,0.0034375264,0.0042011224,0.0043610554,0.6366518126,0.6617260896,FN/TN are diagnostics; their active retained-weight effect enters realized alpha through retained_stock_reweighting_effect.
temporary CSI,dynamic_csi,full,raw,Expanded Dataset,small_cap,youden,1,lockout_1yr,youden_1yr,-0.0002018439,0.0137595836,0.0135577397,0.0018346082,0.0020366462,0.5807892918,0.6640504241,FN/TN are diagnostics; their active retained-weight effect enters realized alpha through retained_stock_reweighting_effect.
temporary CSI,dynamic_csi,full,raw,Expanded Dataset,small_cap,youden,2,lockout_2yr,youden_2yr,-0.0002601960,0.0171977457,0.0169375497,0.0013474237,0.0015941277,0.5522286238,0.6647893114,FN/TN are diagnostics; their active retained-weight effect enters realized alpha through retained_stock_reweighting_effect.
temporary CSI,dynamic_csi,full,raw,Expanded Dataset,small_cap,youden,3,lockout_3yr,youden_3yr,-0.0002805541,0.0195827640,0.0193022099,0.0011224312,0.0014041216,0.5303720104,0.6651249746,FN/TN are diagnostics; their active retained-weight effect enters realized alpha through retained_stock_reweighting_effect.
temporary CSI,dynamic_csi,full,raw,Expanded Dataset,small_cap,youden,5,lockout_5yr,youden_5yr,-0.0003484510,0.0228454100,0.0224969591,0.0008983419,0.0011987139,0.4992137421,0.6655312111,FN/TN are diagnostics; their active retained-weight effect enters realized alpha through retained_stock_reweighting_effect.
temporary CSI,dynamic_csi,full,raw,Expanded Dataset,total_market,fpr1,1,lockout_1yr,fpr1_1yr,-0.0000015346,0.0000565927,0.0000550581,0.0021966766,0.0021982543,0.6659026853,0.6662635298,FN/TN are diagnostics; their active retained-weight effect enters realized alpha through retained_stock_reweighting_effect.
temporary CSI,dynamic_csi,full,raw,Expanded Dataset,total_market,fpr1,2,lockout_2yr,fpr1_2yr,-0.0000021919,0.0001178975,0.0001157056,0.0021398714,0.0021425012,0.6656232437,0.6663216709,FN/TN are diagnostics; their active retained-weight effect enters realized alpha through retained_stock_reweighting_effect.
temporary CSI,dynamic_csi,full,raw,Expanded Dataset,total_market,fpr1,3,lockout_3yr,fpr1_3yr,-0.0000036807,0.0001304177,0.0001267370,0.0020967685,0.0021008448,0.6653946110,0.6663640807,FN/TN are diagnostics; their active retained-weight effect enters realized alpha through retained_stock_reweighting_effect.
temporary CSI,dynamic_csi,full,raw,Expanded Dataset,total_market,fpr1,5,lockout_5yr,fpr1_5yr,-0.0000056885,0.0001771049,0.0001714164,0.0020446682,0.0020508045,0.6649609293,0.6664178014,FN/TN are diagnostics; their active retained-weight effect enters realized alpha through retained_stock_reweighting_effect.
temporary CSI,dynamic_csi,full,raw,Expanded Dataset,total_market,fpr3,1,lockout_1yr,fpr3_1yr,-0.0000044840,0.0002499450,0.0002454610,0.0020903908,0.0020954550,0.6650488710,0.6663767528,FN/TN are diagnostics; their active retained-weight effect enters realized alpha through retained_stock_reweighting_effect.
temporary CSI,dynamic_csi,full,raw,Expanded Dataset,total_market,fpr3,2,lockout_2yr,fpr3_2yr,-0.0000062586,0.0004236869,0.0004174283,0.0019287003,0.0019358238,0.6641676860,0.6665406330,FN/TN are diagnostics; their active retained-weight effect enters realized alpha through retained_stock_reweighting_effect.
temporary CSI,dynamic_csi,full,raw,Expanded Dataset,total_market,fpr3,3,lockout_3yr,fpr3_3yr,-0.0000094107,0.0004670365,0.0004576258,0.0018466211,0.0018566256,0.6634145933,0.6666252350,FN/TN are diagnostics; their active retained-weight effect enters realized alpha through retained_stock_reweighting_effect.
temporary CSI,dynamic_csi,full,raw,Expanded Dataset,total_market,fpr3,5,lockout_5yr,fpr3_5yr,-0.0000134874,0.0006223512,0.0006088638,0.0017622733,0.0017764690,0.6620661219,0.6667124913,FN/TN are diagnostics; their active retained-weight effect enters realized alpha through retained_stock_reweighting_effect.
temporary CSI,dynamic_csi,full,raw,Expanded Dataset,total_market,fpr5,1,lockout_1yr,fpr5_1yr,-0.0000063426,0.0004904205,0.0004840779,0.0019594507,0.0019666606,0.6639811225,0.6665186119,FN/TN are diagnostics; their active retained-weight effect enters realized alpha through retained_stock_reweighting_effect.
temporary CSI,dynamic_csi,full,raw,Expanded Dataset,total_market,fpr5,2,lockout_2yr,fpr5_2yr,-0.0000089105,0.0007643723,0.0007554618,0.0017687873,0.0017786295,0.6623738484,0.6667218765,FN/TN are diagnostics; their active retained-weight effect enters realized alpha through retained_stock_reweighting_effect.
temporary CSI,dynamic_csi,full,raw,Expanded Dataset,total_market,fpr5,3,lockout_3yr,fpr5_3yr,-0.0000131458,0.0008827622,0.0008696164,0.0016707098,0.0016845891,0.6609339752,0.6668250819,FN/TN are diagnostics; their active retained-weight effect enters realized alpha through retained_stock_reweighting_effect.
temporary CSI,dynamic_csi,full,raw,Expanded Dataset,total_market,fpr5,5,lockout_5yr,fpr5_5yr,-0.0000208095,0.0011648885,0.0011440790,0.0015379856,0.0015586806,0.6582855050,0.6669583768,FN/TN are diagnostics; their active retained-weight effect enters realized alpha through retained_stock_reweighting_effect.
temporary CSI,dynamic_csi,full,raw,Expanded Dataset,total_market,youden,1,lockout_1yr,youden_1yr,-0.0000300706,0.0047215580,0.0046914874,0.0008978694,0.0009274317,0.6374342429,0.6676278567,FN/TN are diagnostics; their active retained-weight effect enters realized alpha through retained_stock_reweighting_effect.
temporary CSI,dynamic_csi,full,raw,Expanded Dataset,total_market,youden,2,lockout_2yr,youden_2yr,-0.0000463303,0.0066129788,0.0065666485,0.0007451668,0.0007865301,0.6226042480,0.6678493470,FN/TN are diagnostics; their active retained-weight effect enters realized alpha through retained_stock_reweighting_effect.
temporary CSI,dynamic_csi,full,raw,Expanded Dataset,total_market,youden,3,lockout_3yr,youden_3yr,-0.0000566833,0.0080872498,0.0080305665,0.0006812814,0.0007338688,0.6105327433,0.6679305731,FN/TN are diagnostics; their active retained-weight effect enters realized alpha through retained_stock_reweighting_effect.
temporary CSI,dynamic_csi,full,raw,Expanded Dataset,total_market,youden,5,lockout_5yr,youden_5yr,-0.0000897269,0.0102201613,0.0101304344,0.0005882363,0.0006615826,0.5909475876,0.6680901132,FN/TN are diagnostics; their active retained-weight effect enters realized alpha through retained_stock_reweighting_effect.
temporary CSI,dynamic_csi,insample,raw,Expanded Dataset,large_cap,fpr1,1,lockout_1yr,fpr1_1yr,-0.0000007424,0.0000088876,0.0000081452,0.0015829750,0.0015835971,0.6630264342,0.6631703467,FN/TN are diagnostics; their active retained-weight effect enters realized alpha through retained_stock_reweighting_effect.
temporary CSI,dynamic_csi,insample,raw,Expanded Dataset,large_cap,fpr1,2,lockout_2yr,fpr1_2yr,-0.0000008905,0.0000202961,0.0000194056,0.0015829750,0.0015839099,0.6628760763,0.6631692924,FN/TN are diagnostics; their active retained-weight effect enters realized alpha through retained_stock_reweighting_effect.
temporary CSI,dynamic_csi,insample,raw,Expanded Dataset,large_cap,fpr1,3,lockout_3yr,fpr1_3yr,-0.0000016971,0.0000160871,0.0000143900,0.0015507225,0.0015524187,0.6627940887,0.6632004607,FN/TN are diagnostics; their active retained-weight effect enters realized alpha through retained_stock_reweighting_effect.
temporary CSI,dynamic_csi,insample,raw,Expanded Dataset,large_cap,fpr1,5,lockout_5yr,fpr1_5yr,-0.0000022914,0.0000354324,0.0000331411,0.0015432525,0.0015458662,0.6625708618,0.6632061563,FN/TN are diagnostics; their active retained-weight effect enters realized alpha through retained_stock_reweighting_effect.
temporary CSI,dynamic_csi,insample,raw,Expanded Dataset,large_cap,fpr3,1,lockout_1yr,fpr3_1yr,-0.0000014872,0.0000689834,0.0000674962,0.0015755051,0.0015770355,0.6626539138,0.6631754842,FN/TN are diagnostics; their active retained-weight effect enters realized alpha through retained_stock_reweighting_effect.
temporary CSI,dynamic_csi,insample,raw,Expanded Dataset,large_cap,fpr3,2,lockout_2yr,fpr3_2yr,-0.0000017076,0.0001015745,0.0000998669,0.0014630543,0.0014648328,0.6623170051,0.6632857386,FN/TN are diagnostics; their active retained-weight effect enters realized alpha through retained_stock_reweighting_effect.
temporary CSI,dynamic_csi,insample,raw,Expanded Dataset,large_cap,fpr3,3,lockout_3yr,fpr3_3yr,-0.0000029729,0.0001208398,0.0001178669,0.0014308017,0.0014336472,0.6619183087,0.6633187352,FN/TN are diagnostics; their active retained-weight effect enters realized alpha through retained_stock_reweighting_effect.
temporary CSI,dynamic_csi,insample,raw,Expanded Dataset,large_cap,fpr3,5,lockout_5yr,fpr3_5yr,-0.0000044293,0.0001872776,0.0001828483,0.0013802522,0.0013850048,0.6612138128,0.6633644665,FN/TN are diagnostics; their active retained-weight effect enters realized alpha through retained_stock_reweighting_effect.
temporary CSI,dynamic_csi,insample,raw,Expanded Dataset,large_cap,fpr5,1,lockout_1yr,fpr5_1yr,-0.0000014495,0.0002060494,0.0002045999,0.0015649215,0.0015666256,0.6619862074,0.6632094758,FN/TN are diagnostics; their active retained-weight effect enters realized alpha through retained_stock_reweighting_effect.
temporary CSI,dynamic_csi,insample,raw,Expanded Dataset,large_cap,fpr5,2,lockout_2yr,fpr5_2yr,-0.0000018412,0.0002861100,0.0002842688,0.0014311813,0.0014330951,0.6610893963,0.6633384682,FN/TN are diagnostics; their active retained-weight effect enters realized alpha through retained_stock_reweighting_effect.
temporary CSI,dynamic_csi,insample,raw,Expanded Dataset,large_cap,fpr5,3,lockout_3yr,fpr5_3yr,-0.0000032383,0.0003708251,0.0003675868,0.0013790533,0.0013822272,0.6601104683,0.6633891762,FN/TN are diagnostics; their active retained-weight effect enters realized alpha through retained_stock_reweighting_effect.
temporary CSI,dynamic_csi,insample,raw,Expanded Dataset,large_cap,fpr5,5,lockout_5yr,fpr5_5yr,-0.0000084062,0.0005377731,0.0005293669,0.0012712902,0.0012793414,0.6581022186,0.6634856838,FN/TN are diagnostics; their active retained-weight effect enters realized alpha through retained_stock_reweighting_effect.
temporary CSI,dynamic_csi,insample,raw,Expanded Dataset,large_cap,youden,1,lockout_1yr,youden_1yr,-0.0000157649,0.0028994445,0.0028836796,0.0011207706,0.0011363955,0.6432817429,0.6636421545,FN/TN are diagnostics; their active retained-weight effect enters realized alpha through retained_stock_reweighting_effect.
temporary CSI,dynamic_csi,insample,raw,Expanded Dataset,large_cap,youden,2,lockout_2yr,youden_2yr,-0.0000326471,0.0042195518,0.0041869047,0.0009974192,0.0010260176,0.6288687467,0.6637877730,FN/TN are diagnostics; their active retained-weight effect enters realized alpha through retained_stock_reweighting_effect.
temporary CSI,dynamic_csi,insample,raw,Expanded Dataset,large_cap,youden,3,lockout_3yr,youden_3yr,-0.0000435358,0.0057160428,0.0056725070,0.0009536369,0.0009943645,0.6156840250,0.6638196549,FN/TN are diagnostics; their active retained-weight effect enters realized alpha through retained_stock_reweighting_effect.
temporary CSI,dynamic_csi,insample,raw,Expanded Dataset,large_cap,youden,5,lockout_5yr,youden_5yr,-0.0000897559,0.0075131207,0.0074233647,0.0008442054,0.0009170602,0.5940572022,0.6639855185,FN/TN are diagnostics; their active retained-weight effect enters realized alpha through retained_stock_reweighting_effect.
temporary CSI,dynamic_csi,insample,raw,Expanded Dataset,mid_cap,fpr1,1,lockout_1yr,fpr1_1yr,-0.0000037941,0.0000201324,0.0000163384,0.0028625098,0.0028659465,0.6597800018,0.6602470985,FN/TN are diagnostics; their active retained-weight effect enters realized alpha through retained_stock_reweighting_effect.
temporary CSI,dynamic_csi,insample,raw,Expanded Dataset,mid_cap,fpr1,2,lockout_2yr,fpr1_2yr,-0.0000043009,0.0000739159,0.0000696150,0.0028625098,0.0028669660,0.6592718797,0.6602421190,FN/TN are diagnostics; their active retained-weight effect enters realized alpha through retained_stock_reweighting_effect.
temporary CSI,dynamic_csi,insample,raw,Expanded Dataset,mid_cap,fpr1,3,lockout_3yr,fpr1_3yr,-0.0000072669,0.0001054681,0.0000982013,0.0027436975,0.0027513699,0.6588070822,0.6603539933,FN/TN are diagnostics; their active retained-weight effect enters realized alpha through retained_stock_reweighting_effect.
temporary CSI,dynamic_csi,insample,raw,Expanded Dataset,mid_cap,fpr1,5,lockout_5yr,fpr1_5yr,-0.0000140742,0.0002380054,0.0002239312,0.0027014493,0.0027199384,0.6575422543,0.6603740939,FN/TN are diagnostics; their active retained-weight effect enters realized alpha through retained_stock_reweighting_effect.
temporary CSI,dynamic_csi,insample,raw,Expanded Dataset,mid_cap,fpr3,1,lockout_1yr,fpr3_1yr,-0.0000071322,0.0002805534,0.0002734213,0.0028202617,0.0028302358,0.6583432043,0.6602734671,FN/TN are diagnostics; their active retained-weight effect enters realized alpha through retained_stock_reweighting_effect.
temporary CSI,dynamic_csi,insample,raw,Expanded Dataset,mid_cap,fpr3,2,lockout_2yr,fpr3_2yr,-0.0000096067,0.0004264192,0.0004168126,0.0026529445,0.0026674236,0.6571512871,0.6604263932,FN/TN are diagnostics; their active retained-weight effect enters realized alpha through retained_stock_reweighting_effect.
temporary CSI,dynamic_csi,insample,raw,Expanded Dataset,mid_cap,fpr3,3,lockout_3yr,fpr3_3yr,-0.0000137877,0.0006182532,0.0006044655,0.0025341321,0.0025528388,0.6556410807,0.6605490561,FN/TN are diagnostics; their active retained-weight effect enters realized alpha through retained_stock_reweighting_effect.
temporary CSI,dynamic_csi,insample,raw,Expanded Dataset,mid_cap,fpr3,5,lockout_5yr,fpr3_5yr,-0.0000301211,0.0009239932,0.0008938721,0.0022477272,0.0022852120,0.6524839984,0.6607872340,FN/TN are diagnostics; their active retained-weight effect enters realized alpha through retained_stock_reweighting_effect.
temporary CSI,dynamic_csi,insample,raw,Expanded Dataset,mid_cap,fpr5,1,lockout_1yr,fpr5_1yr,-0.0000077853,0.0008512052,0.0008434199,0.0027603170,0.0027725101,0.6565926378,0.6603229679,FN/TN are diagnostics; their active retained-weight effect enters realized alpha through retained_stock_reweighting_effect.
temporary CSI,dynamic_csi,insample,raw,Expanded Dataset,mid_cap,fpr5,2,lockout_2yr,fpr5_2yr,-0.0000116994,0.0011363436,0.0011246442,0.0024724076,0.0024882944,0.6545435958,0.6605910192,FN/TN are diagnostics; their active retained-weight effect enters realized alpha through retained_stock_reweighting_effect.
temporary CSI,dynamic_csi,insample,raw,Expanded Dataset,mid_cap,fpr5,3,lockout_3yr,fpr5_3yr,-0.0000173413,0.0014307412,0.0014133999,0.0022409888,0.0022619605,0.6523182039,0.6608206101,FN/TN are diagnostics; their active retained-weight effect enters realized alpha through retained_stock_reweighting_effect.
temporary CSI,dynamic_csi,insample,raw,Expanded Dataset,mid_cap,fpr5,5,lockout_5yr,fpr5_5yr,-0.0000486653,0.0015402417,0.0014915764,0.0019325967,0.0019860402,0.6477232722,0.6610714893,FN/TN are diagnostics; their active retained-weight effect enters realized alpha through retained_stock_reweighting_effect.
temporary CSI,dynamic_csi,insample,raw,Expanded Dataset,mid_cap,youden,1,lockout_1yr,youden_1yr,-0.0000452584,0.0081910516,0.0081457932,0.0014545785,0.0015181343,0.6203534212,0.6615962001,FN/TN are diagnostics; their active retained-weight effect enters realized alpha through retained_stock_reweighting_effect.
temporary CSI,dynamic_csi,insample,raw,Expanded Dataset,mid_cap,youden,2,lockout_2yr,youden_2yr,-0.0000876076,0.0102557001,0.0101680924,0.0010581087,0.0011401674,0.5982049530,0.6619682482,FN/TN are diagnostics; their active retained-weight effect enters realized alpha through retained_stock_reweighting_effect.
temporary CSI,dynamic_csi,insample,raw,Expanded Dataset,mid_cap,youden,3,lockout_3yr,youden_3yr,-0.0000953464,0.0123795284,0.0122841820,0.0008099236,0.0009141245,0.5785989760,0.6621677562,FN/TN are diagnostics; their active retained-weight effect enters realized alpha through retained_stock_reweighting_effect.
temporary CSI,dynamic_csi,insample,raw,Expanded Dataset,mid_cap,youden,5,lockout_5yr,youden_5yr,-0.0001427472,0.0150460543,0.0149033071,0.0004771489,0.0005679276,0.5477104752,0.6625354834,FN/TN are diagnostics; their active retained-weight effect enters realized alpha through retained_stock_reweighting_effect.
temporary CSI,dynamic_csi,insample,raw,Expanded Dataset,small_cap,fpr1,1,lockout_1yr,fpr1_1yr,-0.0000063369,0.0000940658,0.0000877289,0.0068585024,0.0068655320,0.6544932157,0.6552108551,FN/TN are diagnostics; their active retained-weight effect enters realized alpha through retained_stock_reweighting_effect.
temporary CSI,dynamic_csi,insample,raw,Expanded Dataset,small_cap,fpr1,2,lockout_2yr,fpr1_2yr,-0.0000137138,0.0002256726,0.0002119588,0.0067467627,0.0067635842,0.6536365243,0.6553360078,FN/TN are diagnostics; their active retained-weight effect enters realized alpha through retained_stock_reweighting_effect.
temporary CSI,dynamic_csi,insample,raw,Expanded Dataset,small_cap,fpr1,3,lockout_3yr,fpr1_3yr,-0.0000225475,0.0002273049,0.0002047574,0.0066792437,0.0067065214,0.6527835766,0.6553959176,FN/TN are diagnostics; their active retained-weight effect enters realized alpha through retained_stock_reweighting_effect.
temporary CSI,dynamic_csi,insample,raw,Expanded Dataset,small_cap,fpr1,5,lockout_5yr,fpr1_5yr,-0.0000422900,0.0002619613,0.0002196713,0.0066256012,0.0066718850,0.6513427161,0.6554340350,FN/TN are diagnostics; their active retained-weight effect enters realized alpha through retained_stock_reweighting_effect.
temporary CSI,dynamic_csi,insample,raw,Expanded Dataset,small_cap,fpr3,1,lockout_1yr,fpr3_1yr,-0.0000349707,0.0006076311,0.0005726603,0.0066121000,0.0066528253,0.6517329304,0.6554628031,FN/TN are diagnostics; their active retained-weight effect enters realized alpha through retained_stock_reweighting_effect.
temporary CSI,dynamic_csi,insample,raw,Expanded Dataset,small_cap,fpr3,2,lockout_2yr,fpr3_2yr,-0.0000579583,0.0010509308,0.0009929725,0.0062907459,0.0063606344,0.6485168197,0.6557825175,FN/TN are diagnostics; their active retained-weight effect enters realized alpha through retained_stock_reweighting_effect.
temporary CSI,dynamic_csi,insample,raw,Expanded Dataset,small_cap,fpr3,3,lockout_3yr,fpr3_3yr,-0.0000793509,0.0011808210,0.0011014701,0.0060191259,0.0061144471,0.6457931857,0.6560472762,FN/TN are diagnostics; their active retained-weight effect enters realized alpha through retained_stock_reweighting_effect.
temporary CSI,dynamic_csi,insample,raw,Expanded Dataset,small_cap,fpr3,5,lockout_5yr,fpr3_5yr,-0.0001229985,0.0014595250,0.0013365266,0.0056901753,0.0058326421,0.6411387140,0.6563692278,FN/TN are diagnostics; their active retained-weight effect enters realized alpha through retained_stock_reweighting_effect.
temporary CSI,dynamic_csi,insample,raw,Expanded Dataset,small_cap,fpr5,1,lockout_1yr,fpr5_1yr,-0.0000566654,0.0014129467,0.0013562812,0.0061081195,0.0061710012,0.6484629799,0.6559318175,FN/TN are diagnostics; their active retained-weight effect enters realized alpha through retained_stock_reweighting_effect.
temporary CSI,dynamic_csi,insample,raw,Expanded Dataset,small_cap,fpr5,2,lockout_2yr,fpr5_2yr,-0.0000847097,0.0021172215,0.0020325119,0.0055413557,0.0056380845,0.6430502845,0.6565208530,FN/TN are diagnostics; their active retained-weight effect enters realized alpha through retained_stock_reweighting_effect.
temporary CSI,dynamic_csi,insample,raw,Expanded Dataset,small_cap,fpr5,3,lockout_3yr,fpr5_3yr,-0.0001137271,0.0024249761,0.0023112490,0.0052301902,0.0053657018,0.6382372143,0.6568197187,FN/TN are diagnostics; their active retained-weight effect enters realized alpha through retained_stock_reweighting_effect.
temporary CSI,dynamic_csi,insample,raw,Expanded Dataset,small_cap,fpr5,5,lockout_5yr,fpr5_5yr,-0.0001774591,0.0029916933,0.0028142342,0.0047541856,0.0049484154,0.6301191112,0.6572699914,FN/TN are diagnostics; their active retained-weight effect enters realized alpha through retained_stock_reweighting_effect.
temporary CSI,dynamic_csi,insample,raw,Expanded Dataset,small_cap,youden,1,lockout_1yr,youden_1yr,-0.0002313970,0.0123727104,0.0121413134,0.0023948870,0.0026437539,0.5773772840,0.6595970476,FN/TN are diagnostics; their active retained-weight effect enters realized alpha through retained_stock_reweighting_effect.
temporary CSI,dynamic_csi,insample,raw,Expanded Dataset,small_cap,youden,2,lockout_2yr,youden_2yr,-0.0003035023,0.0146687987,0.0143652964,0.0017904196,0.0021086365,0.5476143955,0.6603785526,FN/TN are diagnostics; their active retained-weight effect enters realized alpha through retained_stock_reweighting_effect.
temporary CSI,dynamic_csi,insample,raw,Expanded Dataset,small_cap,youden,3,lockout_3yr,youden_3yr,-0.0003163630,0.0167072440,0.0163908810,0.0014725056,0.0018333274,0.5241043330,0.6607669638,FN/TN are diagnostics; their active retained-weight effect enters realized alpha through retained_stock_reweighting_effect.
temporary CSI,dynamic_csi,insample,raw,Expanded Dataset,small_cap,youden,5,lockout_5yr,youden_5yr,-0.0004070357,0.0193995143,0.0189924786,0.0011538709,0.0015447074,0.4901877898,0.6612574841,FN/TN are diagnostics; their active retained-weight effect enters realized alpha through retained_stock_reweighting_effect.
temporary CSI,dynamic_csi,insample,raw,Expanded Dataset,total_market,fpr1,1,lockout_1yr,fpr1_1yr,-0.0000023503,0.0000217142,0.0000193640,0.0028922195,0.0028945580,0.6610689326,0.6614310181,FN/TN are diagnostics; their active retained-weight effect enters realized alpha through retained_stock_reweighting_effect.
temporary CSI,dynamic_csi,insample,raw,Expanded Dataset,total_market,fpr1,2,lockout_2yr,fpr1_2yr,-0.0000032033,0.0000577937,0.0000545904,0.0028547795,0.0028584330,0.6607711304,0.6614704016,FN/TN are diagnostics; their active retained-weight effect enters realized alpha through retained_stock_reweighting_effect.
temporary CSI,dynamic_csi,insample,raw,Expanded Dataset,total_market,fpr1,3,lockout_3yr,fpr1_3yr,-0.0000052109,0.0000544535,0.0000492426,0.0028023771,0.0028080136,0.6605347378,0.6615218496,FN/TN are diagnostics; their active retained-weight effect enters realized alpha through retained_stock_reweighting_effect.
temporary CSI,dynamic_csi,insample,raw,Expanded Dataset,total_market,fpr1,5,lockout_5yr,fpr1_5yr,-0.0000080541,0.0000776576,0.0000696035,0.0027724758,0.0027812364,0.6600685906,0.6615492316,FN/TN are diagnostics; their active retained-weight effect enters realized alpha through retained_stock_reweighting_effect.
temporary CSI,dynamic_csi,insample,raw,Expanded Dataset,total_market,fpr3,1,lockout_1yr,fpr3_1yr,-0.0000068349,0.0001443265,0.0001374916,0.0027813405,0.0027889308,0.6601835064,0.6615438359,FN/TN are diagnostics; their active retained-weight effect enters realized alpha through retained_stock_reweighting_effect.
temporary CSI,dynamic_csi,insample,raw,Expanded Dataset,total_market,fpr3,2,lockout_2yr,fpr3_2yr,-0.0000089876,0.0002541344,0.0002451467,0.0026019952,0.0026120619,0.6593086462,0.6617257928,FN/TN are diagnostics; their active retained-weight effect enters realized alpha through retained_stock_reweighting_effect.
temporary CSI,dynamic_csi,insample,raw,Expanded Dataset,total_market,fpr3,3,lockout_3yr,fpr3_3yr,-0.0000128353,0.0002880204,0.0002751852,0.0025119131,0.0025257602,0.6584834977,0.6618181807,FN/TN are diagnostics; their active retained-weight effect enters realized alpha through retained_stock_reweighting_effect.
temporary CSI,dynamic_csi,insample,raw,Expanded Dataset,total_market,fpr3,5,lockout_5yr,fpr3_5yr,-0.0000189336,0.0003854995,0.0003665659,0.0023927353,0.0024130680,0.6571014062,0.6619365211,FN/TN are diagnostics; their active retained-weight effect enters realized alpha through retained_stock_reweighting_effect.
temporary CSI,dynamic_csi,insample,raw,Expanded Dataset,total_market,fpr5,1,lockout_1yr,fpr5_1yr,-0.0000094496,0.0003983545,0.0003889049,0.0026445720,0.0026551211,0.6589355052,0.6616986230,FN/TN are diagnostics; their active retained-weight effect enters realized alpha through retained_stock_reweighting_effect.
temporary CSI,dynamic_csi,insample,raw,Expanded Dataset,total_market,fpr5,2,lockout_2yr,fpr5_2yr,-0.0000126619,0.0005883548,0.0005756930,0.0024066283,0.0024203623,0.6572040734,0.6619416138,FN/TN are diagnostics; their active retained-weight effect enters realized alpha through retained_stock_reweighting_effect.
temporary CSI,dynamic_csi,insample,raw,Expanded Dataset,total_market,fpr5,3,lockout_3yr,fpr5_3yr,-0.0000178607,0.0007011315,0.0006832708,0.0022916549,0.0023107612,0.6555463334,0.6620577764,FN/TN are diagnostics; their active retained-weight effect enters realized alpha through retained_stock_reweighting_effect.
temporary CSI,dynamic_csi,insample,raw,Expanded Dataset,total_market,fpr5,5,lockout_5yr,fpr5_5yr,-0.0000297017,0.0009251828,0.0008954812,0.0020933605,0.0021230822,0.6525306895,0.6622492750,FN/TN are diagnostics; their active retained-weight effect enters realized alpha through retained_stock_reweighting_effect.
temporary CSI,dynamic_csi,insample,raw,Expanded Dataset,total_market,youden,1,lockout_1yr,youden_1yr,-0.0000456054,0.0044045385,0.0043589330,0.0013788451,0.0014235727,0.6302498232,0.6629847532,FN/TN are diagnostics; their active retained-weight effect enters realized alpha through retained_stock_reweighting_effect.
temporary CSI,dynamic_csi,insample,raw,Expanded Dataset,total_market,youden,2,lockout_2yr,youden_2yr,-0.0000714372,0.0058813430,0.0058099058,0.0011630136,0.0012271488,0.6132957557,0.6632615718,FN/TN are diagnostics; their active retained-weight effect enters realized alpha through retained_stock_reweighting_effect.
temporary CSI,dynamic_csi,insample,raw,Expanded Dataset,total_market,youden,3,lockout_3yr,youden_3yr,-0.0000878506,0.0074553070,0.0073674564,0.0010669488,0.0011491237,0.5985069853,0.6633621115,FN/TN are diagnostics; their active retained-weight effect enters realized alpha through retained_stock_reweighting_effect.
temporary CSI,dynamic_csi,insample,raw,Expanded Dataset,total_market,youden,5,lockout_5yr,youden_5yr,-0.0001414529,0.0093436036,0.0092021507,0.0009213644,0.0010375290,0.5751530531,0.6635841746,FN/TN are diagnostics; their active retained-weight effect enters realized alpha through retained_stock_reweighting_effect.
temporary CSI,dynamic_csi,oos,raw,Expanded Dataset,large_cap,fpr1,1,lockout_1yr,fpr1_1yr,0.0000000000,0.0000078553,0.0000078553,0.0001153961,0.0001153961,0.6825460421,0.6825608464,FN/TN are diagnostics; their active retained-weight effect enters realized alpha through retained_stock_reweighting_effect.
temporary CSI,dynamic_csi,oos,raw,Expanded Dataset,large_cap,fpr1,2,lockout_2yr,fpr1_2yr,0.0000000242,0.0000211467,0.0000211709,0.0001153961,0.0001154198,0.6824930318,0.6825607813,FN/TN are diagnostics; their active retained-weight effect enters realized alpha through retained_stock_reweighting_effect.
temporary CSI,dynamic_csi,oos,raw,Expanded Dataset,large_cap,fpr1,3,lockout_3yr,fpr1_3yr,0.0000000208,0.0000367675,0.0000367884,0.0001153961,0.0001154412,0.6824463712,0.6825607281,FN/TN are diagnostics; their active retained-weight effect enters realized alpha through retained_stock_reweighting_effect.
temporary CSI,dynamic_csi,oos,raw,Expanded Dataset,large_cap,fpr1,5,lockout_5yr,fpr1_5yr,0.0000000000,0.0000853722,0.0000853722,0.0000202175,0.0000202175,0.6822705111,0.6826556691,FN/TN are diagnostics; their active retained-weight effect enters realized alpha through retained_stock_reweighting_effect.
temporary CSI,dynamic_csi,oos,raw,Expanded Dataset,large_cap,fpr3,1,lockout_1yr,fpr3_1yr,0.0000000008,0.0002203764,0.0002203772,0.0001153961,0.0001154121,0.6820957487,0.6825809102,FN/TN are diagnostics; their active retained-weight effect enters realized alpha through retained_stock_reweighting_effect.
temporary CSI,dynamic_csi,oos,raw,Expanded Dataset,large_cap,fpr3,2,lockout_2yr,fpr3_2yr,0.0000000000,0.0004423811,0.0004423811,0.0000569213,0.0000569213,0.6813608297,0.6826387570,FN/TN are diagnostics; their active retained-weight effect enters realized alpha through retained_stock_reweighting_effect.
temporary CSI,dynamic_csi,oos,raw,Expanded Dataset,large_cap,fpr3,3,lockout_3yr,fpr3_3yr,0.0000000000,0.0004323040,0.0004323040,0.0000202175,0.0000202175,0.6808871164,0.6826749247,FN/TN are diagnostics; their active retained-weight effect enters realized alpha through retained_stock_reweighting_effect.
temporary CSI,dynamic_csi,oos,raw,Expanded Dataset,large_cap,fpr3,5,lockout_5yr,fpr3_5yr,0.0000000106,0.0006374261,0.0006374368,0.0000202175,0.0000202743,0.6798084330,0.6826742185,FN/TN are diagnostics; their active retained-weight effect enters realized alpha through retained_stock_reweighting_effect.
temporary CSI,dynamic_csi,oos,raw,Expanded Dataset,large_cap,fpr5,1,lockout_1yr,fpr5_1yr,0.0000000029,0.0002817026,0.0002817055,0.0001153961,0.0001154278,0.6819833341,0.6825806769,FN/TN are diagnostics; their active retained-weight effect enters realized alpha through retained_stock_reweighting_effect.
temporary CSI,dynamic_csi,oos,raw,Expanded Dataset,large_cap,fpr5,2,lockout_2yr,fpr5_2yr,-0.0000000102,0.0006303755,0.0006303653,0.0000569213,0.0000569287,0.6807774801,0.6826561096,FN/TN are diagnostics; their active retained-weight effect enters realized alpha through retained_stock_reweighting_effect.
temporary CSI,dynamic_csi,oos,raw,Expanded Dataset,large_cap,fpr5,3,lockout_3yr,fpr5_3yr,0.0000000000,0.0006964948,0.0006964948,0.0000202175,0.0000202175,0.6798748324,0.6826919707,FN/TN are diagnostics; their active retained-weight effect enters realized alpha through retained_stock_reweighting_effect.
temporary CSI,dynamic_csi,oos,raw,Expanded Dataset,large_cap,fpr5,5,lockout_5yr,fpr5_5yr,0.0000000168,0.0009644159,0.0009644327,0.0000202175,0.0000203072,0.6782289677,0.6826908908,FN/TN are diagnostics; their active retained-weight effect enters realized alpha through retained_stock_reweighting_effect.
temporary CSI,dynamic_csi,oos,raw,Expanded Dataset,large_cap,youden,1,lockout_1yr,youden_1yr,0.0000000798,0.0032927889,0.0032928687,0.0000202175,0.0000206444,0.6686044950,0.6826924714,FN/TN are diagnostics; their active retained-weight effect enters realized alpha through retained_stock_reweighting_effect.
temporary CSI,dynamic_csi,oos,raw,Expanded Dataset,large_cap,youden,2,lockout_2yr,youden_2yr,0.0000000921,0.0056842793,0.0056843714,0.0000202175,0.0000207101,0.6582580887,0.6827351328,FN/TN are diagnostics; their active retained-weight effect enters realized alpha through retained_stock_reweighting_effect.
temporary CSI,dynamic_csi,oos,raw,Expanded Dataset,large_cap,youden,3,lockout_3yr,youden_3yr,0.0000001479,0.0070231274,0.0070232753,0.0000202175,0.0000210084,0.6514437294,0.6827282704,FN/TN are diagnostics; their active retained-weight effect enters realized alpha through retained_stock_reweighting_effect.
temporary CSI,dynamic_csi,oos,raw,Expanded Dataset,large_cap,youden,5,lockout_5yr,youden_5yr,0.0000002272,0.0098670478,0.0098672750,0.0000202175,0.0000214326,0.6370310182,0.6827510123,FN/TN are diagnostics; their active retained-weight effect enters realized alpha through retained_stock_reweighting_effect.
temporary CSI,dynamic_csi,oos,raw,Expanded Dataset,mid_cap,fpr1,1,lockout_1yr,fpr1_1yr,0.0000000000,0.0000687653,0.0000687653,0.0006533577,0.0006533577,0.6811899438,0.6812734373,FN/TN are diagnostics; their active retained-weight effect enters realized alpha through retained_stock_reweighting_effect.
temporary CSI,dynamic_csi,oos,raw,Expanded Dataset,mid_cap,fpr1,2,lockout_2yr,fpr1_2yr,0.0000007754,0.0001413865,0.0001421619,0.0006533577,0.0006541162,0.6808899047,0.6812717271,FN/TN are diagnostics; their active retained-weight effect enters realized alpha through retained_stock_reweighting_effect.
temporary CSI,dynamic_csi,oos,raw,Expanded Dataset,mid_cap,fpr1,3,lockout_3yr,fpr1_3yr,0.0000006655,0.0002117138,0.0002123792,0.0006533577,0.0006548069,0.6806258627,0.6812703946,FN/TN are diagnostics; their active retained-weight effect enters realized alpha through retained_stock_reweighting_effect.
temporary CSI,dynamic_csi,oos,raw,Expanded Dataset,mid_cap,fpr1,5,lockout_5yr,fpr1_5yr,0.0000000000,0.0003368644,0.0003368644,0.0001143395,0.0001143395,0.6798414222,0.6818073918,FN/TN are diagnostics; their active retained-weight effect enters realized alpha through retained_stock_reweighting_effect.
temporary CSI,dynamic_csi,oos,raw,Expanded Dataset,mid_cap,fpr3,1,lockout_1yr,fpr3_1yr,0.0000000258,0.0005448914,0.0005449172,0.0006533577,0.0006538698,0.6800825246,0.6813883296,FN/TN are diagnostics; their active retained-weight effect enters realized alpha through retained_stock_reweighting_effect.
temporary CSI,dynamic_csi,oos,raw,Expanded Dataset,mid_cap,fpr3,2,lockout_2yr,fpr3_2yr,0.0000000000,0.0011170533,0.0011170533,0.0003224042,0.0003224042,0.6782534062,0.6817136516,FN/TN are diagnostics; their active retained-weight effect enters realized alpha through retained_stock_reweighting_effect.
temporary CSI,dynamic_csi,oos,raw,Expanded Dataset,mid_cap,fpr3,3,lockout_3yr,fpr3_3yr,0.0000000000,0.0011422369,0.0011422369,0.0001143395,0.0001143395,0.6767187266,0.6819166093,FN/TN are diagnostics; their active retained-weight effect enters realized alpha through retained_stock_reweighting_effect.
temporary CSI,dynamic_csi,oos,raw,Expanded Dataset,mid_cap,fpr3,5,lockout_5yr,fpr3_5yr,0.0000000483,0.0011627126,0.0011627609,0.0001143395,0.0001145977,0.6751088375,0.6819146702,FN/TN are diagnostics; their active retained-weight effect enters realized alpha through retained_stock_reweighting_effect.
temporary CSI,dynamic_csi,oos,raw,Expanded Dataset,mid_cap,fpr5,1,lockout_1yr,fpr5_1yr,0.0000000908,0.0009002614,0.0009003523,0.0006533577,0.0006543745,0.6794458165,0.6813860257,FN/TN are diagnostics; their active retained-weight effect enters realized alpha through retained_stock_reweighting_effect.
temporary CSI,dynamic_csi,oos,raw,Expanded Dataset,mid_cap,fpr5,2,lockout_2yr,fpr5_2yr,-0.0000003293,0.0019109357,0.0019106064,0.0003224042,0.0003226412,0.6755334624,0.6818107654,FN/TN are diagnostics; their active retained-weight effect enters realized alpha through retained_stock_reweighting_effect.
temporary CSI,dynamic_csi,oos,raw,Expanded Dataset,mid_cap,fpr5,3,lockout_3yr,fpr5_3yr,0.0000000000,0.0020228613,0.0020228613,0.0001143395,0.0001143395,0.6730273429,0.6820116732,FN/TN are diagnostics; their active retained-weight effect enters realized alpha through retained_stock_reweighting_effect.
temporary CSI,dynamic_csi,oos,raw,Expanded Dataset,mid_cap,fpr5,5,lockout_5yr,fpr5_5yr,0.0000002462,0.0024285183,0.0024287645,0.0001143395,0.0001156562,0.6686824835,0.6820057465,FN/TN are diagnostics; their active retained-weight effect enters realized alpha through retained_stock_reweighting_effect.
temporary CSI,dynamic_csi,oos,raw,Expanded Dataset,mid_cap,youden,1,lockout_1yr,youden_1yr,0.0000012231,0.0083837985,0.0083850216,0.0001143395,0.0001208814,0.6408037187,0.6820151095,FN/TN are diagnostics; their active retained-weight effect enters realized alpha through retained_stock_reweighting_effect.
temporary CSI,dynamic_csi,oos,raw,Expanded Dataset,mid_cap,youden,2,lockout_2yr,youden_2yr,0.0000015064,0.0118305906,0.0118320971,0.0001143395,0.0001223971,0.6200580268,0.6819688458,FN/TN are diagnostics; their active retained-weight effect enters realized alpha through retained_stock_reweighting_effect.
temporary CSI,dynamic_csi,oos,raw,Expanded Dataset,mid_cap,youden,3,lockout_3yr,youden_3yr,0.0000020292,0.0134392270,0.0134412562,0.0001143395,0.0001251936,0.6081130150,0.6819402395,FN/TN are diagnostics; their active retained-weight effect enters realized alpha through retained_stock_reweighting_effect.
temporary CSI,dynamic_csi,oos,raw,Expanded Dataset,mid_cap,youden,5,lockout_5yr,youden_5yr,0.0000031686,0.0167711378,0.0167743064,0.0001143395,0.0001312905,0.5896495901,0.6821282707,FN/TN are diagnostics; their active retained-weight effect enters realized alpha through retained_stock_reweighting_effect.
temporary CSI,dynamic_csi,oos,raw,Expanded Dataset,small_cap,fpr1,1,lockout_1yr,fpr1_1yr,-0.0000015647,0.0004226508,0.0004210861,0.0043887241,0.0043899116,0.6736905999,0.6746227765,FN/TN are diagnostics; their active retained-weight effect enters realized alpha through retained_stock_reweighting_effect.
temporary CSI,dynamic_csi,oos,raw,Expanded Dataset,small_cap,fpr1,2,lockout_2yr,fpr1_2yr,-0.0000151789,0.0009804953,0.0009653164,0.0038352428,0.0038501284,0.6721087589,0.6751646831,FN/TN are diagnostics; their active retained-weight effect enters realized alpha through retained_stock_reweighting_effect.
temporary CSI,dynamic_csi,oos,raw,Expanded Dataset,small_cap,fpr1,3,lockout_3yr,fpr1_3yr,-0.0000386108,0.0013419319,0.0013033211,0.0037595474,0.0037928819,0.6705343460,0.6752130045,FN/TN are diagnostics; their active retained-weight effect enters realized alpha through retained_stock_reweighting_effect.
temporary CSI,dynamic_csi,oos,raw,Expanded Dataset,small_cap,fpr1,5,lockout_5yr,fpr1_5yr,-0.0000555317,0.0016633699,0.0016078382,0.0033805425,0.0034242208,0.6687219557,0.6756665317,FN/TN are diagnostics; their active retained-weight effect enters realized alpha through retained_stock_reweighting_effect.
temporary CSI,dynamic_csi,oos,raw,Expanded Dataset,small_cap,fpr3,1,lockout_1yr,fpr3_1yr,-0.0000097717,0.0018647696,0.0018549979,0.0040810442,0.0040901974,0.6706632275,0.6749466294,FN/TN are diagnostics; their active retained-weight effect enters realized alpha through retained_stock_reweighting_effect.
temporary CSI,dynamic_csi,oos,raw,Expanded Dataset,small_cap,fpr3,2,lockout_2yr,fpr3_2yr,-0.0000374575,0.0027799991,0.0027425416,0.0034985144,0.0035342670,0.6670156734,0.6755138848,FN/TN are diagnostics; their active retained-weight effect enters realized alpha through retained_stock_reweighting_effect.
temporary CSI,dynamic_csi,oos,raw,Expanded Dataset,small_cap,fpr3,3,lockout_3yr,fpr3_3yr,-0.0000892555,0.0033769269,0.0032876714,0.0032447583,0.0033148152,0.6638248033,0.6757635737,FN/TN are diagnostics; their active retained-weight effect enters realized alpha through retained_stock_reweighting_effect.
temporary CSI,dynamic_csi,oos,raw,Expanded Dataset,small_cap,fpr3,5,lockout_5yr,fpr3_5yr,-0.0001320397,0.0043542399,0.0042222003,0.0029711579,0.0030631379,0.6579434039,0.6761147689,FN/TN are diagnostics; their active retained-weight effect enters realized alpha through retained_stock_reweighting_effect.
temporary CSI,dynamic_csi,oos,raw,Expanded Dataset,small_cap,fpr5,1,lockout_1yr,fpr5_1yr,-0.0000266638,0.0030298544,0.0030031906,0.0037234897,0.0037450343,0.6668525959,0.6752796528,FN/TN are diagnostics; their active retained-weight effect enters realized alpha through retained_stock_reweighting_effect.
temporary CSI,dynamic_csi,oos,raw,Expanded Dataset,small_cap,fpr5,2,lockout_2yr,fpr5_2yr,-0.0000625275,0.0044376472,0.0043751197,0.0032908921,0.0033499038,0.6609506642,0.6758487465,FN/TN are diagnostics; their active retained-weight effect enters realized alpha through retained_stock_reweighting_effect.
temporary CSI,dynamic_csi,oos,raw,Expanded Dataset,small_cap,fpr5,3,lockout_3yr,fpr5_3yr,-0.0001415304,0.0053039488,0.0051624183,0.0029623222,0.0030734408,0.6556837976,0.6761793474,FN/TN are diagnostics; their active retained-weight effect enters realized alpha through retained_stock_reweighting_effect.
temporary CSI,dynamic_csi,oos,raw,Expanded Dataset,small_cap,fpr5,5,lockout_5yr,fpr5_5yr,-0.0002001787,0.0070340951,0.0068339164,0.0027263578,0.0028684507,0.6452975977,0.6764436871,FN/TN are diagnostics; their active retained-weight effect enters realized alpha through retained_stock_reweighting_effect.
temporary CSI,dynamic_csi,oos,raw,Expanded Dataset,small_cap,youden,1,lockout_1yr,youden_1yr,-0.0001870308,0.0198201325,0.0196331018,0.0010141418,0.0011644151,0.5896448669,0.6781910412,FN/TN are diagnostics; their active retained-weight effect enters realized alpha through retained_stock_reweighting_effect.
temporary CSI,dynamic_csi,oos,raw,Expanded Dataset,small_cap,youden,2,lockout_2yr,youden_2yr,-0.0002566842,0.0274017564,0.0271450722,0.0007974750,0.0009768979,0.5556555553,0.6787509106,FN/TN are diagnostics; their active retained-weight effect enters realized alpha through retained_stock_reweighting_effect.
temporary CSI,dynamic_csi,oos,raw,Expanded Dataset,small_cap,youden,3,lockout_3yr,youden_3yr,-0.0002958492,0.0318045125,0.0315086633,0.0006662538,0.0008790505,0.5304671995,0.6790778032,FN/TN are diagnostics; their active retained-weight effect enters realized alpha through retained_stock_reweighting_effect.
temporary CSI,dynamic_csi,oos,raw,Expanded Dataset,small_cap,youden,5,lockout_5yr,youden_5yr,-0.0003344380,0.0372255181,0.0368910800,0.0005087111,0.0007072282,0.4989879125,0.6794190572,FN/TN are diagnostics; their active retained-weight effect enters realized alpha through retained_stock_reweighting_effect.
temporary CSI,dynamic_csi,oos,raw,Expanded Dataset,total_market,fpr1,1,lockout_1yr,fpr1_1yr,-0.0000002298,0.0001480425,0.0001478127,0.0012009090,0.0012011600,0.6805429775,0.6808930160,FN/TN are diagnostics; their active retained-weight effect enters realized alpha through retained_stock_reweighting_effect.
temporary CSI,dynamic_csi,oos,raw,Expanded Dataset,total_market,fpr1,2,lockout_2yr,fpr1_2yr,-0.0000008248,0.0003143630,0.0003135381,0.0010586860,0.0010600368,0.6801424507,0.6810360605,FN/TN are diagnostics; their active retained-weight effect enters realized alpha through retained_stock_reweighting_effect.
temporary CSI,dynamic_csi,oos,raw,Expanded Dataset,total_market,fpr1,3,lockout_3yr,fpr1_3yr,-0.0000021304,0.0003727898,0.0003706594,0.0010082388,0.0010107650,0.6797771842,0.6810859195,FN/TN are diagnostics; their active retained-weight effect enters realized alpha through retained_stock_reweighting_effect.
temporary CSI,dynamic_csi,oos,raw,Expanded Dataset,total_market,fpr1,5,lockout_5yr,fpr1_5yr,-0.0000034890,0.0005083259,0.0005048370,0.0008602915,0.0008636521,0.6791509557,0.6812471797,FN/TN are diagnostics; their active retained-weight effect enters realized alpha through retained_stock_reweighting_effect.
temporary CSI,dynamic_csi,oos,raw,Expanded Dataset,total_market,fpr3,1,lockout_1yr,fpr3_1yr,-0.0000010389,0.0006019774,0.0006009385,0.0010988565,0.0011000235,0.6795041702,0.6810176974,FN/TN are diagnostics; their active retained-weight effect enters realized alpha through retained_stock_reweighting_effect.
temporary CSI,dynamic_csi,oos,raw,Expanded Dataset,total_market,fpr3,2,lockout_2yr,fpr3_2yr,-0.0000030424,0.0010483109,0.0010452685,0.0008835648,0.0008870286,0.6780846795,0.6812358801,FN/TN are diagnostics; their active retained-weight effect enters realized alpha through retained_stock_reweighting_effect.
temporary CSI,dynamic_csi,oos,raw,Expanded Dataset,total_market,fpr3,3,lockout_3yr,fpr3_3yr,-0.0000067731,0.0011320603,0.0011252872,0.0007693662,0.0007754693,0.6770374099,0.6813554986,FN/TN are diagnostics; their active retained-weight effect enters realized alpha through retained_stock_reweighting_effect.
temporary CSI,dynamic_csi,oos,raw,Expanded Dataset,total_market,fpr3,5,lockout_5yr,fpr3_5yr,-0.0000086320,0.0015292678,0.0015206358,0.0007153544,0.0007227268,0.6749453104,0.6814240675,FN/TN are diagnostics; their active retained-weight effect enters realized alpha through retained_stock_reweighting_effect.
temporary CSI,dynamic_csi,oos,raw,Expanded Dataset,total_market,fpr5,1,lockout_1yr,fpr5_1yr,-0.0000018925,0.0008857154,0.0008838229,0.0009815541,0.0009835767,0.6786653127,0.6811364945,FN/TN are diagnostics; their active retained-weight effect enters realized alpha through retained_stock_reweighting_effect.
temporary CSI,dynamic_csi,oos,raw,Expanded Dataset,total_market,fpr5,2,lockout_2yr,fpr5_2yr,-0.0000044660,0.0015483874,0.0015439214,0.0007891849,0.0007939727,0.6764231850,0.6813694721,FN/TN are diagnostics; their active retained-weight effect enters realized alpha through retained_stock_reweighting_effect.
temporary CSI,dynamic_csi,oos,raw,Expanded Dataset,total_market,fpr5,3,lockout_3yr,fpr5_3yr,-0.0000093415,0.0017372684,0.0017279269,0.0006750487,0.0006833346,0.6746625180,0.6814929857,FN/TN are diagnostics; their active retained-weight effect enters realized alpha through retained_stock_reweighting_effect.
temporary CSI,dynamic_csi,oos,raw,Expanded Dataset,total_market,fpr5,5,lockout_5yr,fpr5_5yr,-0.0000118131,0.0023245447,0.0023127315,0.0006239192,0.0006339528,0.6714303086,0.6815547507,FN/TN are diagnostics; their active retained-weight effect enters realized alpha through retained_stock_reweighting_effect.
temporary CSI,dynamic_csi,oos,raw,Expanded Dataset,total_market,youden,1,lockout_1yr,youden_1yr,-0.0000088333,0.0064245018,0.0064156685,0.0002213327,0.0002306448,0.6544469588,0.6819988663,FN/TN are diagnostics; their active retained-weight effect enters realized alpha through retained_stock_reweighting_effect.
temporary CSI,dynamic_csi,oos,raw,Expanded Dataset,total_market,youden,2,lockout_2yr,youden_2yr,-0.0000128544,0.0097631835,0.0097503291,0.0001689890,0.0001798905,0.6399765144,0.6821537319,FN/TN are diagnostics; their active retained-weight effect enters realized alpha through retained_stock_reweighting_effect.
temporary CSI,dynamic_csi,oos,raw,Expanded Dataset,total_market,youden,3,lockout_3yr,youden_3yr,-0.0000146559,0.0115736870,0.0115590311,0.0001449273,0.0001576361,0.6300455845,0.6822162325,FN/TN are diagnostics; their active retained-weight effect enters realized alpha through retained_stock_reweighting_effect.
temporary CSI,dynamic_csi,oos,raw,Expanded Dataset,total_market,youden,5,lockout_5yr,youden_5yr,-0.0000191354,0.0150665890,0.0150474536,0.0001163259,0.0001309063,0.6130848694,0.6822909203,FN/TN are diagnostics; their active retained-weight effect enters realized alpha through retained_stock_reweighting_effect.
temporary CSI,dynamic_csi,test,raw,Expanded Dataset,large_cap,fpr1,1,lockout_1yr,fpr1_1yr,-0.0000000159,0.0000081975,0.0000081816,0.0000821874,0.0000821968,0.6652408336,0.6653010185,FN/TN are diagnostics; their active retained-weight effect enters realized alpha through retained_stock_reweighting_effect.
temporary CSI,dynamic_csi,test,raw,Expanded Dataset,large_cap,fpr1,2,lockout_2yr,fpr1_2yr,-0.0000000159,0.0000081975,0.0000081816,0.0000821874,0.0000821968,0.6652408336,0.6653010185,FN/TN are diagnostics; their active retained-weight effect enters realized alpha through retained_stock_reweighting_effect.
temporary CSI,dynamic_csi,test,raw,Expanded Dataset,large_cap,fpr1,3,lockout_3yr,fpr1_3yr,-0.0000000159,0.0000081975,0.0000081816,0.0000821874,0.0000821968,0.6652408336,0.6653010185,FN/TN are diagnostics; their active retained-weight effect enters realized alpha through retained_stock_reweighting_effect.
temporary CSI,dynamic_csi,test,raw,Expanded Dataset,large_cap,fpr1,5,lockout_5yr,fpr1_5yr,-0.0000000159,0.0000081975,0.0000081816,0.0000821874,0.0000821968,0.6652408336,0.6653010185,FN/TN are diagnostics; their active retained-weight effect enters realized alpha through retained_stock_reweighting_effect.
temporary CSI,dynamic_csi,test,raw,Expanded Dataset,large_cap,fpr3,1,lockout_1yr,fpr3_1yr,-0.0000000159,0.0000081975,0.0000081816,0.0000821874,0.0000821968,0.6652408336,0.6653010185,FN/TN are diagnostics; their active retained-weight effect enters realized alpha through retained_stock_reweighting_effect.
temporary CSI,dynamic_csi,test,raw,Expanded Dataset,large_cap,fpr3,2,lockout_2yr,fpr3_2yr,-0.0000000159,0.0000138845,0.0000138686,0.0000821874,0.0000821968,0.6652161345,0.6653009560,FN/TN are diagnostics; their active retained-weight effect enters realized alpha through retained_stock_reweighting_effect.
temporary CSI,dynamic_csi,test,raw,Expanded Dataset,large_cap,fpr3,3,lockout_3yr,fpr3_3yr,-0.0000000159,0.0000153384,0.0000153226,0.0000821874,0.0000821968,0.6652017466,0.6653009472,FN/TN are diagnostics; their active retained-weight effect enters realized alpha through retained_stock_reweighting_effect.
temporary CSI,dynamic_csi,test,raw,Expanded Dataset,large_cap,fpr3,5,lockout_5yr,fpr3_5yr,-0.0000000159,0.0000153384,0.0000153226,0.0000821874,0.0000821968,0.6652017466,0.6653009472,FN/TN are diagnostics; their active retained-weight effect enters realized alpha through retained_stock_reweighting_effect.
temporary CSI,dynamic_csi,test,raw,Expanded Dataset,large_cap,fpr5,1,lockout_1yr,fpr5_1yr,-0.0000000282,0.0000339944,0.0000339662,0.0000821874,0.0000822040,0.6650851472,0.6653007595,FN/TN are diagnostics; their active retained-weight effect enters realized alpha through retained_stock_reweighting_effect.
temporary CSI,dynamic_csi,test,raw,Expanded Dataset,large_cap,fpr5,2,lockout_2yr,fpr5_2yr,-0.0000000282,0.0000402670,0.0000402389,0.0000821874,0.0000822040,0.6650305961,0.6653006124,FN/TN are diagnostics; their active retained-weight effect enters realized alpha through retained_stock_reweighting_effect.
temporary CSI,dynamic_csi,test,raw,Expanded Dataset,large_cap,fpr5,3,lockout_3yr,fpr5_3yr,-0.0000000373,0.0000520438,0.0000520064,0.0000821874,0.0000822147,0.6649582456,0.6653158162,FN/TN are diagnostics; their active retained-weight effect enters realized alpha through retained_stock_reweighting_effect.
temporary CSI,dynamic_csi,test,raw,Expanded Dataset,large_cap,fpr5,5,lockout_5yr,fpr5_5yr,-0.0000000362,0.0000614450,0.0000614088,0.0000821874,0.0000822725,0.6647992284,0.6653153491,FN/TN are diagnostics; their active retained-weight effect enters realized alpha through retained_stock_reweighting_effect.
temporary CSI,dynamic_csi,test,raw,Expanded Dataset,large_cap,youden,1,lockout_1yr,youden_1yr,0.0000000000,0.0016221004,0.0016221004,0.0000000000,0.0000000000,0.6537608046,0.6654172645,FN/TN are diagnostics; their active retained-weight effect enters realized alpha through retained_stock_reweighting_effect.
temporary CSI,dynamic_csi,test,raw,Expanded Dataset,large_cap,youden,2,lockout_2yr,youden_2yr,0.0000000000,0.0027718103,0.0027718103,0.0000000000,0.0000000000,0.6473400202,0.6654057772,FN/TN are diagnostics; their active retained-weight effect enters realized alpha through retained_stock_reweighting_effect.
temporary CSI,dynamic_csi,test,raw,Expanded Dataset,large_cap,youden,3,lockout_3yr,youden_3yr,0.0000000000,0.0033715080,0.0033715080,0.0000000000,0.0000000000,0.6427043440,0.6654138657,FN/TN are diagnostics; their active retained-weight effect enters realized alpha through retained_stock_reweighting_effect.
temporary CSI,dynamic_csi,test,raw,Expanded Dataset,large_cap,youden,5,lockout_5yr,youden_5yr,0.0000000000,0.0042401904,0.0042401904,0.0000000000,0.0000000000,0.6341925476,0.6654389574,FN/TN are diagnostics; their active retained-weight effect enters realized alpha through retained_stock_reweighting_effect.
temporary CSI,dynamic_csi,test,raw,Expanded Dataset,mid_cap,fpr1,1,lockout_1yr,fpr1_1yr,-0.0000005111,0.0000483580,0.0000478469,0.0004659707,0.0004662724,0.6631700452,0.6635093402,FN/TN are diagnostics; their active retained-weight effect enters realized alpha through retained_stock_reweighting_effect.
temporary CSI,dynamic_csi,test,raw,Expanded Dataset,mid_cap,fpr1,2,lockout_2yr,fpr1_2yr,-0.0000005111,0.0000483580,0.0000478469,0.0004659707,0.0004662724,0.6631700452,0.6635093402,FN/TN are diagnostics; their active retained-weight effect enters realized alpha through retained_stock_reweighting_effect.
temporary CSI,dynamic_csi,test,raw,Expanded Dataset,mid_cap,fpr1,3,lockout_3yr,fpr1_3yr,-0.0000005111,0.0000483580,0.0000478469,0.0004659707,0.0004662724,0.6631700452,0.6635093402,FN/TN are diagnostics; their active retained-weight effect enters realized alpha through retained_stock_reweighting_effect.
temporary CSI,dynamic_csi,test,raw,Expanded Dataset,mid_cap,fpr1,5,lockout_5yr,fpr1_5yr,-0.0000005111,0.0000483580,0.0000478469,0.0004659707,0.0004662724,0.6631700452,0.6635093402,FN/TN are diagnostics; their active retained-weight effect enters realized alpha through retained_stock_reweighting_effect.
temporary CSI,dynamic_csi,test,raw,Expanded Dataset,mid_cap,fpr3,1,lockout_1yr,fpr3_1yr,-0.0000005111,0.0000483580,0.0000478469,0.0004659707,0.0004662724,0.6631700452,0.6635093402,FN/TN are diagnostics; their active retained-weight effect enters realized alpha through retained_stock_reweighting_effect.
temporary CSI,dynamic_csi,test,raw,Expanded Dataset,mid_cap,fpr3,2,lockout_2yr,fpr3_2yr,-0.0000005111,0.0000777936,0.0000772825,0.0004659707,0.0004662724,0.6630303123,0.6635089137,FN/TN are diagnostics; their active retained-weight effect enters realized alpha through retained_stock_reweighting_effect.
temporary CSI,dynamic_csi,test,raw,Expanded Dataset,mid_cap,fpr3,3,lockout_3yr,fpr3_3yr,-0.0000005111,0.0000776628,0.0000771517,0.0004659707,0.0004662724,0.6629486637,0.6635086308,FN/TN are diagnostics; their active retained-weight effect enters realized alpha through retained_stock_reweighting_effect.
temporary CSI,dynamic_csi,test,raw,Expanded Dataset,mid_cap,fpr3,5,lockout_5yr,fpr3_5yr,-0.0000005111,0.0000776628,0.0000771517,0.0004659707,0.0004662724,0.6629486637,0.6635086308,FN/TN are diagnostics; their active retained-weight effect enters realized alpha through retained_stock_reweighting_effect.
temporary CSI,dynamic_csi,test,raw,Expanded Dataset,mid_cap,fpr5,1,lockout_1yr,fpr5_1yr,-0.0000009089,0.0001576035,0.0001566946,0.0004659707,0.0004665073,0.6622882376,0.6635065874,FN/TN are diagnostics; their active retained-weight effect enters realized alpha through retained_stock_reweighting_effect.
temporary CSI,dynamic_csi,test,raw,Expanded Dataset,mid_cap,fpr5,2,lockout_2yr,fpr5_2yr,-0.0000009089,0.0001786570,0.0001777480,0.0004659707,0.0004665073,0.6619793511,0.6635059128,FN/TN are diagnostics; their active retained-weight effect enters realized alpha through retained_stock_reweighting_effect.
temporary CSI,dynamic_csi,test,raw,Expanded Dataset,mid_cap,fpr5,3,lockout_3yr,fpr5_3yr,-0.0000012054,0.0002375719,0.0002363666,0.0004659707,0.0004668536,0.6615696741,0.6635902420,FN/TN are diagnostics; their active retained-weight effect enters realized alpha through retained_stock_reweighting_effect.
temporary CSI,dynamic_csi,test,raw,Expanded Dataset,mid_cap,fpr5,5,lockout_5yr,fpr5_5yr,-0.0000010675,0.0002877049,0.0002866374,0.0004659707,0.0004672440,0.6613175211,0.6635886479,FN/TN are diagnostics; their active retained-weight effect enters realized alpha through retained_stock_reweighting_effect.
temporary CSI,dynamic_csi,test,raw,Expanded Dataset,mid_cap,youden,1,lockout_1yr,youden_1yr,0.0000000000,0.0045610537,0.0045610537,0.0000000000,0.0000000000,0.6329675133,0.6641559905,FN/TN are diagnostics; their active retained-weight effect enters realized alpha through retained_stock_reweighting_effect.
temporary CSI,dynamic_csi,test,raw,Expanded Dataset,mid_cap,youden,2,lockout_2yr,youden_2yr,0.0000000000,0.0068347305,0.0068347305,0.0000000000,0.0000000000,0.6182758427,0.6641097135,FN/TN are diagnostics; their active retained-weight effect enters realized alpha through retained_stock_reweighting_effect.
temporary CSI,dynamic_csi,test,raw,Expanded Dataset,mid_cap,youden,3,lockout_3yr,youden_3yr,0.0000000000,0.0077012061,0.0077012061,0.0000000000,0.0000000000,0.6070366854,0.6641719304,FN/TN are diagnostics; their active retained-weight effect enters realized alpha through retained_stock_reweighting_effect.
temporary CSI,dynamic_csi,test,raw,Expanded Dataset,mid_cap,youden,5,lockout_5yr,youden_5yr,0.0000000000,0.0106889226,0.0106889226,0.0000000000,0.0000000000,0.5895390118,0.6641956710,FN/TN are diagnostics; their active retained-weight effect enters realized alpha through retained_stock_reweighting_effect.
temporary CSI,dynamic_csi,test,raw,Expanded Dataset,small_cap,fpr1,1,lockout_1yr,fpr1_1yr,-0.0000040799,0.0000679292,0.0000638493,0.0048943481,0.0048991999,0.6566160532,0.6571766652,FN/TN are diagnostics; their active retained-weight effect enters realized alpha through retained_stock_reweighting_effect.
temporary CSI,dynamic_csi,test,raw,Expanded Dataset,small_cap,fpr1,2,lockout_2yr,fpr1_2yr,-0.0000044850,0.0000760912,0.0000716062,0.0048943481,0.0048995798,0.6565168986,0.6571757905,FN/TN are diagnostics; their active retained-weight effect enters realized alpha through retained_stock_reweighting_effect.
temporary CSI,dynamic_csi,test,raw,Expanded Dataset,small_cap,fpr1,3,lockout_3yr,fpr1_3yr,-0.0000046290,0.0000939897,0.0000893607,0.0048943481,0.0048996923,0.6564626988,0.6571753712,FN/TN are diagnostics; their active retained-weight effect enters realized alpha through retained_stock_reweighting_effect.
temporary CSI,dynamic_csi,test,raw,Expanded Dataset,small_cap,fpr1,5,lockout_5yr,fpr1_5yr,-0.0000058729,0.0001080667,0.0001021938,0.0048943481,0.0049013644,0.6562426699,0.6571721133,FN/TN are diagnostics; their active retained-weight effect enters realized alpha through retained_stock_reweighting_effect.
temporary CSI,dynamic_csi,test,raw,Expanded Dataset,small_cap,fpr3,1,lockout_1yr,fpr3_1yr,-0.0000129345,0.0003038605,0.0002909260,0.0047588014,0.0047745571,0.6551767004,0.6573061351,FN/TN are diagnostics; their active retained-weight effect enters realized alpha through retained_stock_reweighting_effect.
temporary CSI,dynamic_csi,test,raw,Expanded Dataset,small_cap,fpr3,2,lockout_2yr,fpr3_2yr,-0.0000180301,0.0003742457,0.0003562155,0.0047460317,0.0047693409,0.6544541774,0.6573058114,FN/TN are diagnostics; their active retained-weight effect enters realized alpha through retained_stock_reweighting_effect.
temporary CSI,dynamic_csi,test,raw,Expanded Dataset,small_cap,fpr3,3,lockout_3yr,fpr3_3yr,-0.0000209422,0.0004630399,0.0004420977,0.0046950068,0.0047235464,0.6539210618,0.6573472792,FN/TN are diagnostics; their active retained-weight effect enters realized alpha through retained_stock_reweighting_effect.
temporary CSI,dynamic_csi,test,raw,Expanded Dataset,small_cap,fpr3,5,lockout_5yr,fpr3_5yr,-0.0000268170,0.0006381405,0.0006113235,0.0046950068,0.0047303334,0.6524633776,0.6573302047,FN/TN are diagnostics; their active retained-weight effect enters realized alpha through retained_stock_reweighting_effect.
temporary CSI,dynamic_csi,test,raw,Expanded Dataset,small_cap,fpr5,1,lockout_1yr,fpr5_1yr,-0.0000255619,0.0006369184,0.0006113565,0.0044069136,0.0044385319,0.6529654787,0.6576246367,FN/TN are diagnostics; their active retained-weight effect enters realized alpha through retained_stock_reweighting_effect.
temporary CSI,dynamic_csi,test,raw,Expanded Dataset,small_cap,fpr5,2,lockout_2yr,fpr5_2yr,-0.0000350791,0.0008108643,0.0007757852,0.0043950780,0.0044404071,0.6513936806,0.6576241129,FN/TN are diagnostics; their active retained-weight effect enters realized alpha through retained_stock_reweighting_effect.
temporary CSI,dynamic_csi,test,raw,Expanded Dataset,small_cap,fpr5,3,lockout_3yr,fpr5_3yr,-0.0000420270,0.0009492907,0.0009072637,0.0042846461,0.0043382506,0.6501377336,0.6577164610,FN/TN are diagnostics; their active retained-weight effect enters realized alpha through retained_stock_reweighting_effect.
temporary CSI,dynamic_csi,test,raw,Expanded Dataset,small_cap,fpr5,5,lockout_5yr,fpr5_5yr,-0.0000559539,0.0012843021,0.0012283482,0.0042471226,0.0043178910,0.6470758607,0.6578114123,FN/TN are diagnostics; their active retained-weight effect enters realized alpha through retained_stock_reweighting_effect.
temporary CSI,dynamic_csi,test,raw,Expanded Dataset,small_cap,youden,1,lockout_1yr,youden_1yr,-0.0001243081,0.0107214376,0.0105971295,0.0010392853,0.0011538351,0.5808088482,0.6608481265,FN/TN are diagnostics; their active retained-weight effect enters realized alpha through retained_stock_reweighting_effect.
temporary CSI,dynamic_csi,test,raw,Expanded Dataset,small_cap,youden,2,lockout_2yr,youden_2yr,-0.0001238280,0.0127453682,0.0126215402,0.0005951230,0.0006935117,0.5629412011,0.6616722783,FN/TN are diagnostics; their active retained-weight effect enters realized alpha through retained_stock_reweighting_effect.
temporary CSI,dynamic_csi,test,raw,Expanded Dataset,small_cap,youden,3,lockout_3yr,youden_3yr,-0.0001450448,0.0137716837,0.0136266389,0.0005549112,0.0006655418,0.5506229757,0.6618474742,FN/TN are diagnostics; their active retained-weight effect enters realized alpha through retained_stock_reweighting_effect.
temporary CSI,dynamic_csi,test,raw,Expanded Dataset,small_cap,youden,5,lockout_5yr,youden_5yr,-0.0001755461,0.0162349801,0.0160594341,0.0005549112,0.0006885921,0.5288303740,0.6620610161,FN/TN are diagnostics; their active retained-weight effect enters realized alpha through retained_stock_reweighting_effect.
temporary CSI,dynamic_csi,test,raw,Expanded Dataset,total_market,fpr1,1,lockout_1yr,fpr1_1yr,-0.0000005149,0.0000556428,0.0000551279,0.0011808715,0.0011816354,0.6633120165,0.6636823354,FN/TN are diagnostics; their active retained-weight effect enters realized alpha through retained_stock_reweighting_effect.
temporary CSI,dynamic_csi,test,raw,Expanded Dataset,total_market,fpr1,2,lockout_2yr,fpr1_2yr,-0.0000006137,0.0000676842,0.0000670705,0.0011679017,0.0011688033,0.6632436030,0.6636953091,FN/TN are diagnostics; their active retained-weight effect enters realized alpha through retained_stock_reweighting_effect.
temporary CSI,dynamic_csi,test,raw,Expanded Dataset,total_market,fpr1,3,lockout_3yr,fpr1_3yr,-0.0000006452,0.0000743839,0.0000737387,0.0011642024,0.0011651459,0.6632109823,0.6636990333,FN/TN are diagnostics; their active retained-weight effect enters realized alpha through retained_stock_reweighting_effect.
temporary CSI,dynamic_csi,test,raw,Expanded Dataset,total_market,fpr1,5,lockout_5yr,fpr1_5yr,-0.0000007495,0.0000863709,0.0000856214,0.0011597643,0.0011608416,0.6631234970,0.6637039303,FN/TN are diagnostics; their active retained-weight effect enters realized alpha through retained_stock_reweighting_effect.
temporary CSI,dynamic_csi,test,raw,Expanded Dataset,total_market,fpr3,1,lockout_1yr,fpr3_1yr,-0.0000011497,0.0001532649,0.0001521152,0.0010842222,0.0010859479,0.6627921819,0.6637825520,FN/TN are diagnostics; their active retained-weight effect enters realized alpha through retained_stock_reweighting_effect.
temporary CSI,dynamic_csi,test,raw,Expanded Dataset,total_market,fpr3,2,lockout_2yr,fpr3_2yr,-0.0000014096,0.0001942693,0.0001928597,0.0010469113,0.0010490437,0.6625633234,0.6638198050,FN/TN are diagnostics; their active retained-weight effect enters realized alpha through retained_stock_reweighting_effect.
temporary CSI,dynamic_csi,test,raw,Expanded Dataset,total_market,fpr3,3,lockout_3yr,fpr3_3yr,-0.0000015778,0.0002179181,0.0002163403,0.0010309905,0.0010333833,0.6624121331,0.6638353323,FN/TN are diagnostics; their active retained-weight effect enters realized alpha through retained_stock_reweighting_effect.
temporary CSI,dynamic_csi,test,raw,Expanded Dataset,total_market,fpr3,5,lockout_5yr,fpr3_5yr,-0.0000018565,0.0002591439,0.0002572874,0.0010219203,0.0010247001,0.6621024624,0.6638449242,FN/TN are diagnostics; their active retained-weight effect enters realized alpha through retained_stock_reweighting_effect.
temporary CSI,dynamic_csi,test,raw,Expanded Dataset,total_market,fpr5,1,lockout_1yr,fpr5_1yr,-0.0000018071,0.0002956465,0.0002938394,0.0009551774,0.0009580187,0.6620241407,0.6639112228,FN/TN are diagnostics; their active retained-weight effect enters realized alpha through retained_stock_reweighting_effect.
temporary CSI,dynamic_csi,test,raw,Expanded Dataset,total_market,fpr5,2,lockout_2yr,fpr5_2yr,-0.0000022739,0.0003569269,0.0003546530,0.0009203069,0.0009238187,0.6616139460,0.6639482358,FN/TN are diagnostics; their active retained-weight effect enters realized alpha through retained_stock_reweighting_effect.
temporary CSI,dynamic_csi,test,raw,Expanded Dataset,total_market,fpr5,3,lockout_3yr,fpr5_3yr,-0.0000025777,0.0004055525,0.0004029749,0.0008972146,0.0009010979,0.6612831324,0.6639839447,FN/TN are diagnostics; their active retained-weight effect enters realized alpha through retained_stock_reweighting_effect.
temporary CSI,dynamic_csi,test,raw,Expanded Dataset,total_market,fpr5,5,lockout_5yr,fpr5_5yr,-0.0000031548,0.0004955176,0.0004923628,0.0008756000,0.0008802856,0.6605576510,0.6640174902,FN/TN are diagnostics; their active retained-weight effect enters realized alpha through retained_stock_reweighting_effect.
temporary CSI,dynamic_csi,test,raw,Expanded Dataset,total_market,youden,1,lockout_1yr,youden_1yr,-0.0000061283,0.0036257544,0.0036196261,0.0001803696,0.0001859569,0.6395177119,0.6647541809,FN/TN are diagnostics; their active retained-weight effect enters realized alpha through retained_stock_reweighting_effect.
temporary CSI,dynamic_csi,test,raw,Expanded Dataset,total_market,youden,2,lockout_2yr,youden_2yr,-0.0000065750,0.0050612499,0.0050546750,0.0001073869,0.0001128187,0.6311415148,0.6648791354,FN/TN are diagnostics; their active retained-weight effect enters realized alpha through retained_stock_reweighting_effect.
temporary CSI,dynamic_csi,test,raw,Expanded Dataset,total_market,youden,3,lockout_3yr,youden_3yr,-0.0000079199,0.0057937930,0.0057858731,0.0000983048,0.0001045813,0.6252254054,0.6649209990,FN/TN are diagnostics; their active retained-weight effect enters realized alpha through retained_stock_reweighting_effect.
temporary CSI,dynamic_csi,test,raw,Expanded Dataset,total_market,youden,5,lockout_5yr,youden_5yr,-0.0000098462,0.0070317035,0.0070218572,0.0000954581,0.0001031023,0.6146082226,0.6649834047,FN/TN are diagnostics; their active retained-weight effect enters realized alpha through retained_stock_reweighting_effect.
permanent CSI,permanent_csi,full,raw,Expanded Dataset,large_cap,fpr1,0,permanent_removal,fpr1_permanent,-0.0000003292,0.0001377359,0.0001374067,0.0005278888,0.0005282068,0.6675819239,0.6684255660,FN/TN are diagnostics; their active retained-weight effect enters realized alpha through retained_stock_reweighting_effect.
permanent CSI,permanent_csi,full,raw,Expanded Dataset,large_cap,fpr3,0,permanent_removal,fpr3_permanent,-0.0000012288,0.0007165982,0.0007153693,0.0004951811,0.0004964931,0.6641400134,0.6684815790,FN/TN are diagnostics; their active retained-weight effect enters realized alpha through retained_stock_reweighting_effect.
permanent CSI,permanent_csi,full,raw,Expanded Dataset,large_cap,fpr5,0,permanent_removal,fpr5_permanent,-0.0000055166,0.0014040801,0.0013985635,0.0003999482,0.0004048677,0.6591713859,0.6685941524,FN/TN are diagnostics; their active retained-weight effect enters realized alpha through retained_stock_reweighting_effect.
permanent CSI,permanent_csi,full,raw,Expanded Dataset,large_cap,youden,0,permanent_removal,youden_permanent,-0.0000158829,0.0155581248,0.0155422419,0.0000747584,0.0000845693,0.5616893686,0.6690834438,FN/TN are diagnostics; their active retained-weight effect enters realized alpha through retained_stock_reweighting_effect.
permanent CSI,permanent_csi,full,raw,Expanded Dataset,mid_cap,fpr1,0,permanent_removal,fpr1_permanent,-0.0000024642,0.0004822941,0.0004798299,0.0009581969,0.0009612105,0.6636255212,0.6666313771,FN/TN are diagnostics; their active retained-weight effect enters realized alpha through retained_stock_reweighting_effect.
permanent CSI,permanent_csi,full,raw,Expanded Dataset,mid_cap,fpr3,0,permanent_removal,fpr3_permanent,-0.0000092115,0.0022562699,0.0022470583,0.0008105946,0.0008207854,0.6535588706,0.6668269887,FN/TN are diagnostics; their active retained-weight effect enters realized alpha through retained_stock_reweighting_effect.
permanent CSI,permanent_csi,full,raw,Expanded Dataset,mid_cap,fpr5,0,permanent_removal,fpr5_permanent,-0.0000259114,0.0039566903,0.0039307790,0.0005487998,0.0005751307,0.6405054505,0.6670586207,FN/TN are diagnostics; their active retained-weight effect enters realized alpha through retained_stock_reweighting_effect.
permanent CSI,permanent_csi,full,raw,Expanded Dataset,mid_cap,youden,0,permanent_removal,youden_permanent,-0.0000738148,0.0243106765,0.0242368617,0.0001833249,0.0002358138,0.4984955324,0.6675380771,FN/TN are diagnostics; their active retained-weight effect enters realized alpha through retained_stock_reweighting_effect.
permanent CSI,permanent_csi,full,raw,Expanded Dataset,small_cap,fpr1,0,permanent_removal,fpr1_permanent,-0.0000219910,0.0011237860,0.0011017950,0.0031991177,0.0032240639,0.6558420492,0.6627493076,FN/TN are diagnostics; their active retained-weight effect enters realized alpha through retained_stock_reweighting_effect.
permanent CSI,permanent_csi,full,raw,Expanded Dataset,small_cap,fpr3,0,permanent_removal,fpr3_permanent,-0.0000792519,0.0034357891,0.0033565371,0.0027263252,0.0028150579,0.6394698911,0.6632329517,FN/TN are diagnostics; their active retained-weight effect enters realized alpha through retained_stock_reweighting_effect.
permanent CSI,permanent_csi,full,raw,Expanded Dataset,small_cap,fpr5,0,permanent_removal,fpr5_permanent,-0.0001342847,0.0063274274,0.0061931427,0.0022346974,0.0023814556,0.6191372065,0.6637720245,FN/TN are diagnostics; their active retained-weight effect enters realized alpha through retained_stock_reweighting_effect.
permanent CSI,permanent_csi,full,raw,Expanded Dataset,small_cap,youden,0,permanent_removal,youden_permanent,-0.0003128371,0.0314870154,0.0311741783,0.0005319064,0.0007824383,0.4302418646,0.6660315006,FN/TN are diagnostics; their active retained-weight effect enters realized alpha through retained_stock_reweighting_effect.
permanent CSI,permanent_csi,full,raw,Expanded Dataset,total_market,fpr1,0,permanent_removal,fpr1_permanent,-0.0000028307,0.0003692061,0.0003663754,0.0012057684,0.0012089382,0.6650094198,0.6672749626,FN/TN are diagnostics; their active retained-weight effect enters realized alpha through retained_stock_reweighting_effect.
permanent CSI,permanent_csi,full,raw,Expanded Dataset,total_market,fpr3,0,permanent_removal,fpr3_permanent,-0.0000094501,0.0012946390,0.0012851888,0.0010331615,0.0010433972,0.6591974989,0.6674832097,FN/TN are diagnostics; their active retained-weight effect enters realized alpha through retained_stock_reweighting_effect.
permanent CSI,permanent_csi,full,raw,Expanded Dataset,total_market,fpr5,0,permanent_removal,fpr5_permanent,-0.0000191299,0.0023749304,0.0023558005,0.0008313777,0.0008503452,0.6516051585,0.6677191679,FN/TN are diagnostics; their active retained-weight effect enters realized alpha through retained_stock_reweighting_effect.
permanent CSI,permanent_csi,full,raw,Expanded Dataset,total_market,youden,0,permanent_removal,youden_permanent,-0.0000421016,0.0183108168,0.0182687152,0.0001583616,0.0001882096,0.5391108125,0.6686834006,FN/TN are diagnostics; their active retained-weight effect enters realized alpha through retained_stock_reweighting_effect.
permanent CSI,permanent_csi,insample,raw,Expanded Dataset,large_cap,fpr1,0,permanent_removal,fpr1_permanent,-0.0000005616,0.0000685833,0.0000680216,0.0008654725,0.0008659533,0.6633231859,0.6638959310,FN/TN are diagnostics; their active retained-weight effect enters realized alpha through retained_stock_reweighting_effect.
permanent CSI,permanent_csi,insample,raw,Expanded Dataset,large_cap,fpr3,0,permanent_removal,fpr3_permanent,-0.0000020925,0.0003537424,0.0003516500,0.0008302229,0.0008323740,0.6609030334,0.6639552876,FN/TN are diagnostics; their active retained-weight effect enters realized alpha through retained_stock_reweighting_effect.
permanent CSI,permanent_csi,insample,raw,Expanded Dataset,large_cap,fpr5,0,permanent_removal,fpr5_permanent,-0.0000093634,0.0007788575,0.0007694941,0.0006690594,0.0006772370,0.6562120476,0.6641290673,FN/TN are diagnostics; their active retained-weight effect enters realized alpha through retained_stock_reweighting_effect.
permanent CSI,permanent_csi,insample,raw,Expanded Dataset,large_cap,youden,0,permanent_removal,youden_permanent,-0.0000272721,0.0085571820,0.0085299099,0.0001187382,0.0001332365,0.5829930414,0.6648404918,FN/TN are diagnostics; their active retained-weight effect enters realized alpha through retained_stock_reweighting_effect.
permanent CSI,permanent_csi,insample,raw,Expanded Dataset,mid_cap,fpr1,0,permanent_removal,fpr1_permanent,-0.0000042798,0.0002114301,0.0002071503,0.0014636010,0.0014681871,0.6596163400,0.6616530579,FN/TN are diagnostics; their active retained-weight effect enters realized alpha through retained_stock_reweighting_effect.
permanent CSI,permanent_csi,insample,raw,Expanded Dataset,mid_cap,fpr3,0,permanent_removal,fpr3_permanent,-0.0000158460,0.0010671138,0.0010512678,0.0013277987,0.0013436683,0.6540898758,0.6617880900,FN/TN are diagnostics; their active retained-weight effect enters realized alpha through retained_stock_reweighting_effect.
permanent CSI,permanent_csi,insample,raw,Expanded Dataset,mid_cap,fpr5,0,permanent_removal,fpr5_permanent,-0.0000443507,0.0024972230,0.0024528723,0.0008847615,0.0009266408,0.6400266047,0.6621988127,FN/TN are diagnostics; their active retained-weight effect enters realized alpha through retained_stock_reweighting_effect.
permanent CSI,permanent_csi,insample,raw,Expanded Dataset,mid_cap,youden,0,permanent_removal,youden_permanent,-0.0001282656,0.0186852768,0.0185570111,0.0002662655,0.0003371504,0.5145531765,0.6628798888,FN/TN are diagnostics; their active retained-weight effect enters realized alpha through retained_stock_reweighting_effect.
permanent CSI,permanent_csi,insample,raw,Expanded Dataset,small_cap,fpr1,0,permanent_removal,fpr1_permanent,-0.0000229405,0.0004628015,0.0004398611,0.0044981096,0.0045282781,0.6537582625,0.6576088621,FN/TN are diagnostics; their active retained-weight effect enters realized alpha through retained_stock_reweighting_effect.
permanent CSI,permanent_csi,insample,raw,Expanded Dataset,small_cap,fpr3,0,permanent_removal,fpr3_permanent,-0.0001033786,0.0016948071,0.0015914285,0.0038376780,0.0039570764,0.6400591425,0.6582191166,FN/TN are diagnostics; their active retained-weight effect enters realized alpha through retained_stock_reweighting_effect.
permanent CSI,permanent_csi,insample,raw,Expanded Dataset,small_cap,fpr5,0,permanent_removal,fpr5_permanent,-0.0001807506,0.0039300085,0.0037492579,0.0030776994,0.0032767042,0.6213450999,0.6590010491,FN/TN are diagnostics; their active retained-weight effect enters realized alpha through retained_stock_reweighting_effect.
permanent CSI,permanent_csi,insample,raw,Expanded Dataset,small_cap,youden,0,permanent_removal,youden_permanent,-0.0004295371,0.0220816383,0.0216521012,0.0008264983,0.0012006996,0.4542384323,0.6617036726,FN/TN are diagnostics; their active retained-weight effect enters realized alpha through retained_stock_reweighting_effect.
permanent CSI,permanent_csi,insample,raw,Expanded Dataset,total_market,fpr1,0,permanent_removal,fpr1_permanent,-0.0000036680,0.0001477563,0.0001440883,0.0017648441,0.0017689834,0.6611401097,0.6625741345,FN/TN are diagnostics; their active retained-weight effect enters realized alpha through retained_stock_reweighting_effect.
permanent CSI,permanent_csi,insample,raw,Expanded Dataset,total_market,fpr3,0,permanent_removal,fpr3_permanent,-0.0000132264,0.0006110489,0.0005978225,0.0015445815,0.0015588058,0.6566829125,0.6628223692,FN/TN are diagnostics; their active retained-weight effect enters realized alpha through retained_stock_reweighting_effect.
permanent CSI,permanent_csi,insample,raw,Expanded Dataset,total_market,fpr5,0,permanent_removal,fpr5_permanent,-0.0000284149,0.0013004904,0.0012720755,0.0012351179,0.0012627229,0.6496306088,0.6631578005,FN/TN are diagnostics; their active retained-weight effect enters realized alpha through retained_stock_reweighting_effect.
permanent CSI,permanent_csi,insample,raw,Expanded Dataset,total_market,youden,0,permanent_removal,youden_permanent,-0.0000619023,0.0106697452,0.0106078429,0.0002445939,0.0002876102,0.5607234903,0.6644225315,FN/TN are diagnostics; their active retained-weight effect enters realized alpha through retained_stock_reweighting_effect.
permanent CSI,permanent_csi,oos,raw,Expanded Dataset,large_cap,fpr1,0,permanent_removal,fpr1_permanent,0.0000000090,0.0002961693,0.0002961784,0.0000202175,0.0000202658,0.6813204288,0.6826774534,FN/TN are diagnostics; their active retained-weight effect enters realized alpha through retained_stock_reweighting_effect.
permanent CSI,permanent_csi,oos,raw,Expanded Dataset,large_cap,fpr3,0,permanent_removal,fpr3_permanent,0.0000000336,0.0016654118,0.0016654455,0.0000202175,0.0000203974,0.6755347227,0.6827110179,FN/TN are diagnostics; their active retained-weight effect enters realized alpha through retained_stock_reweighting_effect.
permanent CSI,permanent_csi,oos,raw,Expanded Dataset,large_cap,fpr5,0,permanent_removal,fpr5_permanent,0.0000000718,0.0032304649,0.0032305367,0.0000202175,0.0000206016,0.6685344436,0.6827051180,FN/TN are diagnostics; their active retained-weight effect enters realized alpha through retained_stock_reweighting_effect.
permanent CSI,permanent_csi,oos,raw,Expanded Dataset,large_cap,youden,0,permanent_removal,youden_permanent,0.0000010232,0.0325702461,0.0325712693,0.0000202175,0.0000256900,0.5181713531,0.6827809840,FN/TN are diagnostics; their active retained-weight effect enters realized alpha through retained_stock_reweighting_effect.
permanent CSI,permanent_csi,oos,raw,Expanded Dataset,mid_cap,fpr1,0,permanent_removal,fpr1_permanent,0.0000001667,0.0014039900,0.0014041567,0.0001143395,0.0001152309,0.6748516204,0.6819250305,FN/TN are diagnostics; their active retained-weight effect enters realized alpha through retained_stock_reweighting_effect.
permanent CSI,permanent_csi,oos,raw,Expanded Dataset,mid_cap,fpr3,0,permanent_removal,fpr3_permanent,0.0000006691,0.0051263794,0.0051270485,0.0001143395,0.0001179180,0.6570101319,0.6821151169,FN/TN are diagnostics; their active retained-weight effect enters realized alpha through retained_stock_reweighting_effect.
permanent CSI,permanent_csi,oos,raw,Expanded Dataset,mid_cap,fpr5,0,permanent_removal,fpr5_permanent,0.0000013030,0.0077901885,0.0077914915,0.0001143395,0.0001213088,0.6430150438,0.6820893521,FN/TN are diagnostics; their active retained-weight effect enters realized alpha through retained_stock_reweighting_effect.
permanent CSI,permanent_csi,oos,raw,Expanded Dataset,mid_cap,youden,0,permanent_removal,youden_permanent,0.0000087152,0.0383795518,0.0383882669,0.0001143395,0.0001609899,0.4719722693,0.6822652792,FN/TN are diagnostics; their active retained-weight effect enters realized alpha through retained_stock_reweighting_effect.
permanent CSI,permanent_csi,oos,raw,Expanded Dataset,small_cap,fpr1,0,permanent_removal,fpr1_permanent,-0.0000204430,0.0030785820,0.0030581391,0.0004947538,0.0005057256,0.6638362454,0.6785746026,FN/TN are diagnostics; their active retained-weight effect enters realized alpha through retained_stock_reweighting_effect.
permanent CSI,permanent_csi,oos,raw,Expanded Dataset,small_cap,fpr3,0,permanent_removal,fpr3_permanent,-0.0000370902,0.0086333348,0.0085962446,0.0003705665,0.0003927256,0.6393698123,0.6788766324,FN/TN are diagnostics; their active retained-weight effect enters realized alpha through retained_stock_reweighting_effect.
permanent CSI,permanent_csi,oos,raw,Expanded Dataset,small_cap,fpr5,0,permanent_removal,fpr5_permanent,-0.0000455913,0.0139640367,0.0139184454,0.0002984015,0.0003307812,0.6118073346,0.6790926346,FN/TN are diagnostics; their active retained-weight effect enters realized alpha through retained_stock_reweighting_effect.
permanent CSI,permanent_csi,oos,raw,Expanded Dataset,small_cap,youden,0,permanent_removal,youden_permanent,-0.0001665757,0.0587301780,0.0585636023,0.0000757591,0.0001395446,0.3771525119,0.6801212120,FN/TN are diagnostics; their active retained-weight effect enters realized alpha through retained_stock_reweighting_effect.
permanent CSI,permanent_csi,oos,raw,Expanded Dataset,total_market,fpr1,0,permanent_removal,fpr1_permanent,-0.0000015178,0.0009556752,0.0009541574,0.0001905009,0.0001917441,0.6776988066,0.6819408906,FN/TN are diagnostics; their active retained-weight effect enters realized alpha through retained_stock_reweighting_effect.
permanent CSI,permanent_csi,oos,raw,Expanded Dataset,total_market,fpr3,0,permanent_removal,fpr3_permanent,-0.0000033225,0.0031361215,0.0031327990,0.0001366696,0.0001394594,0.6684832699,0.6820620337,FN/TN are diagnostics; their active retained-weight effect enters realized alpha through retained_stock_reweighting_effect.
permanent CSI,permanent_csi,oos,raw,Expanded Dataset,total_market,fpr5,0,permanent_removal,fpr5_permanent,-0.0000046321,0.0054567981,0.0054521660,0.0001107024,0.0001146887,0.6580124252,0.6821159745,FN/TN are diagnostics; their active retained-weight effect enters realized alpha through retained_stock_reweighting_effect.
permanent CSI,permanent_csi,oos,raw,Expanded Dataset,total_market,youden,0,permanent_removal,youden_permanent,-0.0000144017,0.0370754074,0.0370610057,0.0000339408,0.0000462926,0.4945573323,0.6824353477,FN/TN are diagnostics; their active retained-weight effect enters realized alpha through retained_stock_reweighting_effect.
permanent CSI,permanent_csi,test,raw,Expanded Dataset,large_cap,fpr1,0,permanent_removal,fpr1_permanent,0.0000000033,0.0001644642,0.0001644675,0.0000653310,0.0000654569,0.6642496911,0.6653320202,FN/TN are diagnostics; their active retained-weight effect enters realized alpha through retained_stock_reweighting_effect.
permanent CSI,permanent_csi,test,raw,Expanded Dataset,large_cap,fpr3,0,permanent_removal,fpr3_permanent,0.0000000000,0.0007106379,0.0007106379,0.0000000000,0.0000000000,0.6604168121,0.6654052270,FN/TN are diagnostics; their active retained-weight effect enters realized alpha through retained_stock_reweighting_effect.
permanent CSI,permanent_csi,test,raw,Expanded Dataset,large_cap,fpr5,0,permanent_removal,fpr5_permanent,0.0000000000,0.0011558174,0.0011558174,0.0000000000,0.0000000000,0.6570854133,0.6654669717,FN/TN are diagnostics; their active retained-weight effect enters realized alpha through retained_stock_reweighting_effect.
permanent CSI,permanent_csi,test,raw,Expanded Dataset,large_cap,youden,0,permanent_removal,youden_permanent,0.0000000000,0.0173024692,0.0173024692,0.0000000000,0.0000000000,0.5468499512,0.6657511127,FN/TN are diagnostics; their active retained-weight effect enters realized alpha through retained_stock_reweighting_effect.
permanent CSI,permanent_csi,test,raw,Expanded Dataset,mid_cap,fpr1,0,permanent_removal,fpr1_permanent,0.0000001481,0.0002111685,0.0002113166,0.0003704552,0.0003710110,0.6626227361,0.6636938482,FN/TN are diagnostics; their active retained-weight effect enters realized alpha through retained_stock_reweighting_effect.
permanent CSI,permanent_csi,test,raw,Expanded Dataset,mid_cap,fpr3,0,permanent_removal,fpr3_permanent,0.0000000000,0.0025408522,0.0025408522,0.0000000000,0.0000000000,0.6475190272,0.6640932489,FN/TN are diagnostics; their active retained-weight effect enters realized alpha through retained_stock_reweighting_effect.
permanent CSI,permanent_csi,test,raw,Expanded Dataset,mid_cap,fpr5,0,permanent_removal,fpr5_permanent,0.0000000000,0.0039206633,0.0039206633,0.0000000000,0.0000000000,0.6389247075,0.6640645826,FN/TN are diagnostics; their active retained-weight effect enters realized alpha through retained_stock_reweighting_effect.
permanent CSI,permanent_csi,test,raw,Expanded Dataset,mid_cap,youden,0,permanent_removal,youden_permanent,0.0000000000,0.0251775632,0.0251775632,0.0000000000,0.0000000000,0.4794622681,0.6642681862,FN/TN are diagnostics; their active retained-weight effect enters realized alpha through retained_stock_reweighting_effect.
permanent CSI,permanent_csi,test,raw,Expanded Dataset,small_cap,fpr1,0,permanent_removal,fpr1_permanent,-0.0000208404,0.0008316252,0.0008107848,0.0023578491,0.0023832906,0.6526216110,0.6596741366,FN/TN are diagnostics; their active retained-weight effect enters realized alpha through retained_stock_reweighting_effect.
permanent CSI,permanent_csi,test,raw,Expanded Dataset,small_cap,fpr3,0,permanent_removal,fpr3_permanent,-0.0000535401,0.0026190635,0.0025655233,0.0020591270,0.0021314134,0.6376799225,0.6599733148,FN/TN are diagnostics; their active retained-weight effect enters realized alpha through retained_stock_reweighting_effect.
permanent CSI,permanent_csi,test,raw,Expanded Dataset,small_cap,fpr5,0,permanent_removal,fpr5_permanent,-0.0000941281,0.0046200603,0.0045259322,0.0019153107,0.0020352406,0.6211238931,0.6601269321,FN/TN are diagnostics; their active retained-weight effect enters realized alpha through retained_stock_reweighting_effect.
permanent CSI,permanent_csi,test,raw,Expanded Dataset,small_cap,youden,0,permanent_removal,youden_permanent,-0.0001163341,0.0285867808,0.0284704467,0.0001446666,0.0002267060,0.4186147106,0.6624848023,FN/TN are diagnostics; their active retained-weight effect enters realized alpha through retained_stock_reweighting_effect.
permanent CSI,permanent_csi,test,raw,Expanded Dataset,total_market,fpr1,0,permanent_removal,fpr1_permanent,-0.0000017504,0.0003561257,0.0003543753,0.0006578572,0.0006602838,0.6617229440,0.6642202437,FN/TN are diagnostics; their active retained-weight effect enters realized alpha through retained_stock_reweighting_effect.
permanent CSI,permanent_csi,test,raw,Expanded Dataset,total_market,fpr3,0,permanent_removal,fpr3_permanent,-0.0000048366,0.0012173292,0.0012124926,0.0004916616,0.0004982415,0.6557626911,0.6644074113,FN/TN are diagnostics; their active retained-weight effect enters realized alpha through retained_stock_reweighting_effect.
permanent CSI,permanent_csi,test,raw,Expanded Dataset,total_market,fpr5,0,permanent_removal,fpr5_permanent,-0.0000070758,0.0020223705,0.0020152947,0.0004200663,0.0004296883,0.6500133620,0.6645476034,FN/TN are diagnostics; their active retained-weight effect enters realized alpha through retained_stock_reweighting_effect.
permanent CSI,permanent_csi,test,raw,Expanded Dataset,total_market,youden,0,permanent_removal,youden_permanent,-0.0000123730,0.0199970887,0.0199847158,0.0000336325,0.0000425535,0.5245614597,0.6653412911,FN/TN are diagnostics; their active retained-weight effect enters realized alpha through retained_stock_reweighting_effect.
temporary CSI,dynamic_csi,full,fund,Base Dataset,large_cap,fpr1,1,lockout_1yr,fpr1_1yr,-0.0000000275,0.0000212380,0.0000212105,0.0009765639,0.0009766055,0.6678969912,0.6679617819,FN/TN are diagnostics; their active retained-weight effect enters realized alpha through retained_stock_reweighting_effect.
temporary CSI,dynamic_csi,full,fund,Base Dataset,large_cap,fpr1,2,lockout_2yr,fpr1_2yr,-0.0000000928,0.0000363275,0.0000362347,0.0009721499,0.0009723944,0.6678278945,0.6679698899,FN/TN are diagnostics; their active retained-weight effect enters realized alpha through retained_stock_reweighting_effect.
temporary CSI,dynamic_csi,full,fund,Base Dataset,large_cap,fpr1,3,lockout_3yr,fpr1_3yr,-0.0000001138,0.0000356448,0.0000355310,0.0009721499,0.0009724076,0.6677533141,0.6679697267,FN/TN are diagnostics; their active retained-weight effect enters realized alpha through retained_stock_reweighting_effect.
temporary CSI,dynamic_csi,full,fund,Base Dataset,large_cap,fpr1,5,lockout_5yr,fpr1_5yr,-0.0000001972,0.0000531569,0.0000529598,0.0009647899,0.0009652141,0.6676297772,0.6679765398,FN/TN are diagnostics; their active retained-weight effect enters realized alpha through retained_stock_reweighting_effect.
temporary CSI,dynamic_csi,full,fund,Base Dataset,large_cap,fpr3,1,lockout_1yr,fpr3_1yr,-0.0000009659,0.0000962762,0.0000953102,0.0009530915,0.0009540261,0.6675277725,0.6679864726,FN/TN are diagnostics; their active retained-weight effect enters realized alpha through retained_stock_reweighting_effect.
temporary CSI,dynamic_csi,full,fund,Base Dataset,large_cap,fpr3,2,lockout_2yr,fpr3_2yr,-0.0000012061,0.0001914910,0.0001902849,0.0008528305,0.0008540250,0.6671372445,0.6680891263,FN/TN are diagnostics; their active retained-weight effect enters realized alpha through retained_stock_reweighting_effect.
temporary CSI,dynamic_csi,full,fund,Base Dataset,large_cap,fpr3,3,lockout_3yr,fpr3_3yr,-0.0000013304,0.0002271216,0.0002257912,0.0008413679,0.0008426586,0.6667633174,0.6681044015,FN/TN are diagnostics; their active retained-weight effect enters realized alpha through retained_stock_reweighting_effect.
temporary CSI,dynamic_csi,full,fund,Base Dataset,large_cap,fpr3,5,lockout_5yr,fpr3_5yr,-0.0000027654,0.0002927477,0.0002899823,0.0008256547,0.0008285290,0.6660779222,0.6681186517,FN/TN are diagnostics; their active retained-weight effect enters realized alpha through retained_stock_reweighting_effect.
temporary CSI,dynamic_csi,full,fund,Base Dataset,large_cap,fpr5,1,lockout_1yr,fpr5_1yr,-0.0000011377,0.0002027396,0.0002016020,0.0009298564,0.0009311486,0.6670649730,0.6680080838,FN/TN are diagnostics; their active retained-weight effect enters realized alpha through retained_stock_reweighting_effect.
temporary CSI,dynamic_csi,full,fund,Base Dataset,large_cap,fpr5,2,lockout_2yr,fpr5_2yr,-0.0000021977,0.0003383340,0.0003361362,0.0008326466,0.0008346625,0.6662552994,0.6681058552,FN/TN are diagnostics; their active retained-weight effect enters realized alpha through retained_stock_reweighting_effect.
temporary CSI,dynamic_csi,full,fund,Base Dataset,large_cap,fpr5,3,lockout_3yr,fpr5_3yr,-0.0000028722,0.0005109319,0.0005080597,0.0008059709,0.0008086767,0.6653245006,0.6681388362,FN/TN are diagnostics; their active retained-weight effect enters realized alpha through retained_stock_reweighting_effect.
temporary CSI,dynamic_csi,full,fund,Base Dataset,large_cap,fpr5,5,lockout_5yr,fpr5_5yr,-0.0000054286,0.0008181146,0.0008126860,0.0007874928,0.0007931557,0.6625818299,0.6681502273,FN/TN are diagnostics; their active retained-weight effect enters realized alpha through retained_stock_reweighting_effect.
temporary CSI,dynamic_csi,full,fund,Base Dataset,large_cap,youden,1,lockout_1yr,youden_1yr,-0.0000125107,0.0037404459,0.0037279352,0.0006721032,0.0006841887,0.6474405974,0.6682812870,FN/TN are diagnostics; their active retained-weight effect enters realized alpha through retained_stock_reweighting_effect.
temporary CSI,dynamic_csi,full,fund,Base Dataset,large_cap,youden,2,lockout_2yr,youden_2yr,-0.0000244895,0.0049038824,0.0048793929,0.0006175370,0.0006393280,0.6367872310,0.6683778506,FN/TN are diagnostics; their active retained-weight effect enters realized alpha through retained_stock_reweighting_effect.
temporary CSI,dynamic_csi,full,fund,Base Dataset,large_cap,youden,3,lockout_3yr,youden_3yr,-0.0000367599,0.0059299363,0.0058931764,0.0005869450,0.0006198165,0.6272824480,0.6684072791,FN/TN are diagnostics; their active retained-weight effect enters realized alpha through retained_stock_reweighting_effect.
temporary CSI,dynamic_csi,full,fund,Base Dataset,large_cap,youden,5,lockout_5yr,youden_5yr,-0.0000692544,0.0076150824,0.0075458280,0.0005195160,0.0005789893,0.6112334752,0.6684961151,FN/TN are diagnostics; their active retained-weight effect enters realized alpha through retained_stock_reweighting_effect.
temporary CSI,dynamic_csi,full,fund,Base Dataset,mid_cap,fpr1,1,lockout_1yr,fpr1_1yr,-0.0000005810,0.0001406793,0.0001400983,0.0019246954,0.0019256154,0.6652354930,0.6656009430,FN/TN are diagnostics; their active retained-weight effect enters realized alpha through retained_stock_reweighting_effect.
temporary CSI,dynamic_csi,full,fund,Base Dataset,mid_cap,fpr1,2,lockout_2yr,fpr1_2yr,-0.0000003535,0.0002243096,0.0002239561,0.0018997306,0.0019027424,0.6648443024,0.6656451572,FN/TN are diagnostics; their active retained-weight effect enters realized alpha through retained_stock_reweighting_effect.
temporary CSI,dynamic_csi,full,fund,Base Dataset,mid_cap,fpr1,3,lockout_3yr,fpr1_3yr,-0.0000010312,0.0002499010,0.0002488698,0.0018997306,0.0019031691,0.6644215241,0.6656430122,FN/TN are diagnostics; their active retained-weight effect enters realized alpha through retained_stock_reweighting_effect.
temporary CSI,dynamic_csi,full,fund,Base Dataset,mid_cap,fpr1,5,lockout_5yr,fpr1_5yr,-0.0000029665,0.0003339943,0.0003310277,0.0018580253,0.0018649373,0.6637216290,0.6656763698,FN/TN are diagnostics; their active retained-weight effect enters realized alpha through retained_stock_reweighting_effect.
temporary CSI,dynamic_csi,full,fund,Base Dataset,mid_cap,fpr3,1,lockout_1yr,fpr3_1yr,-0.0000041526,0.0003377747,0.0003336221,0.0018295233,0.0018344619,0.6641242131,0.6657040266,FN/TN are diagnostics; their active retained-weight effect enters realized alpha through retained_stock_reweighting_effect.
temporary CSI,dynamic_csi,full,fund,Base Dataset,mid_cap,fpr3,2,lockout_2yr,fpr3_2yr,-0.0000061645,0.0006614238,0.0006552593,0.0015390986,0.0015478738,0.6629894236,0.6660065286,FN/TN are diagnostics; their active retained-weight effect enters realized alpha through retained_stock_reweighting_effect.
temporary CSI,dynamic_csi,full,fund,Base Dataset,mid_cap,fpr3,3,lockout_3yr,fpr3_3yr,-0.0000065241,0.0008099238,0.0008033997,0.0014741720,0.0014834915,0.6618466163,0.6660920518,FN/TN are diagnostics; their active retained-weight effect enters realized alpha through retained_stock_reweighting_effect.
temporary CSI,dynamic_csi,full,fund,Base Dataset,mid_cap,fpr3,5,lockout_5yr,fpr3_5yr,-0.0000165194,0.0009500019,0.0009334825,0.0013851847,0.0014067764,0.6594806546,0.6661625283,FN/TN are diagnostics; their active retained-weight effect enters realized alpha through retained_stock_reweighting_effect.
temporary CSI,dynamic_csi,full,fund,Base Dataset,mid_cap,fpr5,1,lockout_1yr,fpr5_1yr,-0.0000058531,0.0006004699,0.0005946168,0.0016978419,0.0017060113,0.6631784537,0.6658265672,FN/TN are diagnostics; their active retained-weight effect enters realized alpha through retained_stock_reweighting_effect.
temporary CSI,dynamic_csi,full,fund,Base Dataset,mid_cap,fpr5,2,lockout_2yr,fpr5_2yr,-0.0000092149,0.0010279772,0.0010187623,0.0014248182,0.0014363681,0.6613714546,0.6661085259,FN/TN are diagnostics; their active retained-weight effect enters realized alpha through retained_stock_reweighting_effect.
temporary CSI,dynamic_csi,full,fund,Base Dataset,mid_cap,fpr5,3,lockout_3yr,fpr5_3yr,-0.0000120731,0.0013252833,0.0013132102,0.0012737158,0.0012880925,0.6593230519,0.6662998013,FN/TN are diagnostics; their active retained-weight effect enters realized alpha through retained_stock_reweighting_effect.
temporary CSI,dynamic_csi,full,fund,Base Dataset,mid_cap,fpr5,5,lockout_5yr,fpr5_5yr,-0.0000261405,0.0014943932,0.0014682527,0.0011690705,0.0011991572,0.6557870335,0.6663746170,FN/TN are diagnostics; their active retained-weight effect enters realized alpha through retained_stock_reweighting_effect.
temporary CSI,dynamic_csi,full,fund,Base Dataset,mid_cap,youden,1,lockout_1yr,youden_1yr,-0.0000325454,0.0091326619,0.0091001165,0.0010937458,0.0011531864,0.6177146962,0.6664389068,FN/TN are diagnostics; their active retained-weight effect enters realized alpha through retained_stock_reweighting_effect.
temporary CSI,dynamic_csi,full,fund,Base Dataset,mid_cap,youden,2,lockout_2yr,youden_2yr,-0.0000470140,0.0111465472,0.0110995332,0.0007846532,0.0008495652,0.5992670411,0.6668476472,FN/TN are diagnostics; their active retained-weight effect enters realized alpha through retained_stock_reweighting_effect.
temporary CSI,dynamic_csi,full,fund,Base Dataset,mid_cap,youden,3,lockout_3yr,youden_3yr,-0.0000603025,0.0128229943,0.0127626919,0.0006111891,0.0006882577,0.5843620941,0.6670276590,FN/TN are diagnostics; their active retained-weight effect enters realized alpha through retained_stock_reweighting_effect.
temporary CSI,dynamic_csi,full,fund,Base Dataset,mid_cap,youden,5,lockout_5yr,youden_5yr,-0.0000875742,0.0148188291,0.0147312549,0.0003988915,0.0004889991,0.5606832018,0.6672570864,FN/TN are diagnostics; their active retained-weight effect enters realized alpha through retained_stock_reweighting_effect.
temporary CSI,dynamic_csi,full,fund,Base Dataset,small_cap,fpr1,1,lockout_1yr,fpr1_1yr,-0.0000091261,0.0001395592,0.0001304331,0.0059433097,0.0059525995,0.6591395356,0.6599896322,FN/TN are diagnostics; their active retained-weight effect enters realized alpha through retained_stock_reweighting_effect.
temporary CSI,dynamic_csi,full,fund,Base Dataset,small_cap,fpr1,2,lockout_2yr,fpr1_2yr,-0.0000151104,0.0002706068,0.0002554964,0.0058132109,0.0058294484,0.6583914795,0.6601235018,FN/TN are diagnostics; their active retained-weight effect enters realized alpha through retained_stock_reweighting_effect.
temporary CSI,dynamic_csi,full,fund,Base Dataset,small_cap,fpr1,3,lockout_3yr,fpr1_3yr,-0.0000210633,0.0003837089,0.0003626456,0.0057247502,0.0057471630,0.6577560124,0.6602007187,FN/TN are diagnostics; their active retained-weight effect enters realized alpha through retained_stock_reweighting_effect.
temporary CSI,dynamic_csi,full,fund,Base Dataset,small_cap,fpr1,5,lockout_5yr,fpr1_5yr,-0.0000323682,0.0004981718,0.0004658036,0.0055527675,0.0055868135,0.6565597472,0.6603754670,FN/TN are diagnostics; their active retained-weight effect enters realized alpha through retained_stock_reweighting_effect.
temporary CSI,dynamic_csi,full,fund,Base Dataset,small_cap,fpr3,1,lockout_1yr,fpr3_1yr,-0.0000242211,0.0010189946,0.0009947734,0.0057618647,0.0057911167,0.6558146764,0.6601423637,FN/TN are diagnostics; their active retained-weight effect enters realized alpha through retained_stock_reweighting_effect.
temporary CSI,dynamic_csi,full,fund,Base Dataset,small_cap,fpr3,2,lockout_2yr,fpr3_2yr,-0.0000450740,0.0014508817,0.0014058077,0.0053074842,0.0053601383,0.6528742733,0.6605917656,FN/TN are diagnostics; their active retained-weight effect enters realized alpha through retained_stock_reweighting_effect.
temporary CSI,dynamic_csi,full,fund,Base Dataset,small_cap,fpr3,3,lockout_3yr,fpr3_3yr,-0.0000755839,0.0016524945,0.0015769106,0.0051294208,0.0052093716,0.6502168452,0.6607500434,FN/TN are diagnostics; their active retained-weight effect enters realized alpha through retained_stock_reweighting_effect.
temporary CSI,dynamic_csi,full,fund,Base Dataset,small_cap,fpr3,5,lockout_5yr,fpr3_5yr,-0.0001031979,0.0021601131,0.0020569152,0.0048508175,0.0049580494,0.6460228209,0.6610509382,FN/TN are diagnostics; their active retained-weight effect enters realized alpha through retained_stock_reweighting_effect.
temporary CSI,dynamic_csi,full,fund,Base Dataset,small_cap,fpr5,1,lockout_1yr,fpr5_1yr,-0.0000428135,0.0019231561,0.0018803426,0.0054545582,0.0055052964,0.6520630927,0.6604356843,FN/TN are diagnostics; their active retained-weight effect enters realized alpha through retained_stock_reweighting_effect.
temporary CSI,dynamic_csi,full,fund,Base Dataset,small_cap,fpr5,2,lockout_2yr,fpr5_2yr,-0.0000738254,0.0026549935,0.0025811680,0.0048895232,0.0049747750,0.6467075773,0.6610391728,FN/TN are diagnostics; their active retained-weight effect enters realized alpha through retained_stock_reweighting_effect.
temporary CSI,dynamic_csi,full,fund,Base Dataset,small_cap,fpr5,3,lockout_3yr,fpr5_3yr,-0.0001164021,0.0030664717,0.0029500695,0.0047088315,0.0048320847,0.6424735947,0.6612173687,FN/TN are diagnostics; their active retained-weight effect enters realized alpha through retained_stock_reweighting_effect.
temporary CSI,dynamic_csi,full,fund,Base Dataset,small_cap,fpr5,5,lockout_5yr,fpr5_5yr,-0.0001708197,0.0037902861,0.0036194664,0.0043882315,0.0045587597,0.6352011605,0.6615502674,FN/TN are diagnostics; their active retained-weight effect enters realized alpha through retained_stock_reweighting_effect.
temporary CSI,dynamic_csi,full,fund,Base Dataset,small_cap,youden,1,lockout_1yr,youden_1yr,-0.0002599324,0.0160622596,0.0158023272,0.0021078858,0.0023750313,0.5659092889,0.6637583614,FN/TN are diagnostics; their active retained-weight effect enters realized alpha through retained_stock_reweighting_effect.
temporary CSI,dynamic_csi,full,fund,Base Dataset,small_cap,youden,2,lockout_2yr,youden_2yr,-0.0003186007,0.0193285004,0.0190098997,0.0016095625,0.0019161485,0.5375658135,0.6645795595,FN/TN are diagnostics; their active retained-weight effect enters realized alpha through retained_stock_reweighting_effect.
temporary CSI,dynamic_csi,full,fund,Base Dataset,small_cap,youden,3,lockout_3yr,youden_3yr,-0.0003743106,0.0217498242,0.0213755136,0.0013641373,0.0017206860,0.5165389136,0.6649187734,FN/TN are diagnostics; their active retained-weight effect enters realized alpha through retained_stock_reweighting_effect.
temporary CSI,dynamic_csi,full,fund,Base Dataset,small_cap,youden,5,lockout_5yr,youden_5yr,-0.0004362442,0.0246813269,0.0242450827,0.0009898882,0.0013495859,0.4860207655,0.6654328576,FN/TN are diagnostics; their active retained-weight effect enters realized alpha through retained_stock_reweighting_effect.
temporary CSI,dynamic_csi,full,fund,Base Dataset,total_market,fpr1,1,lockout_1yr,fpr1_1yr,-0.0000016924,0.0000437387,0.0000420462,0.0022119465,0.0022136985,0.6659685218,0.6662473636,FN/TN are diagnostics; their active retained-weight effect enters realized alpha through retained_stock_reweighting_effect.
temporary CSI,dynamic_csi,full,fund,Base Dataset,total_market,fpr1,2,lockout_2yr,fpr1_2yr,-0.0000022829,0.0000914916,0.0000892086,0.0021661839,0.0021688620,0.6657578048,0.6662975907,FN/TN are diagnostics; their active retained-weight effect enters realized alpha through retained_stock_reweighting_effect.
temporary CSI,dynamic_csi,full,fund,Base Dataset,total_market,fpr1,3,lockout_3yr,fpr1_3yr,-0.0000029482,0.0001047068,0.0001017586,0.0021434279,0.0021467595,0.6655599539,0.6663197403,FN/TN are diagnostics; their active retained-weight effect enters realized alpha through retained_stock_reweighting_effect.
temporary CSI,dynamic_csi,full,fund,Base Dataset,total_market,fpr1,5,lockout_5yr,fpr1_5yr,-0.0000041511,0.0001460514,0.0001419003,0.0020981064,0.0021028359,0.6652228587,0.6663666537,FN/TN are diagnostics; their active retained-weight effect enters realized alpha through retained_stock_reweighting_effect.
temporary CSI,dynamic_csi,full,fund,Base Dataset,total_market,fpr3,1,lockout_1yr,fpr3_1yr,-0.0000046072,0.0002673595,0.0002627522,0.0021031084,0.0021082449,0.6649593684,0.6663573892,FN/TN are diagnostics; their active retained-weight effect enters realized alpha through retained_stock_reweighting_effect.
temporary CSI,dynamic_csi,full,fund,Base Dataset,total_market,fpr3,2,lockout_2yr,fpr3_2yr,-0.0000066456,0.0004568846,0.0004502390,0.0019059267,0.0019133420,0.6640673925,0.6665600679,FN/TN are diagnostics; their active retained-weight effect enters realized alpha through retained_stock_reweighting_effect.
temporary CSI,dynamic_csi,full,fund,Base Dataset,total_market,fpr3,3,lockout_3yr,fpr3_3yr,-0.0000098042,0.0005138901,0.0005040860,0.0018483884,0.0018586120,0.6632653524,0.6666215955,FN/TN are diagnostics; their active retained-weight effect enters realized alpha through retained_stock_reweighting_effect.
temporary CSI,dynamic_csi,full,fund,Base Dataset,total_market,fpr3,5,lockout_5yr,fpr3_5yr,-0.0000138559,0.0006637134,0.0006498576,0.0017677558,0.0017820707,0.6619065209,0.6667076075,FN/TN are diagnostics; their active retained-weight effect enters realized alpha through retained_stock_reweighting_effect.
temporary CSI,dynamic_csi,full,fund,Base Dataset,total_market,fpr5,1,lockout_1yr,fpr5_1yr,-0.0000068145,0.0005293761,0.0005225617,0.0019841634,0.0019920751,0.6637801011,0.6664772038,FN/TN are diagnostics; their active retained-weight effect enters realized alpha through retained_stock_reweighting_effect.
temporary CSI,dynamic_csi,full,fund,Base Dataset,total_market,fpr5,2,lockout_2yr,fpr5_2yr,-0.0000106725,0.0008151387,0.0008044662,0.0017618316,0.0017733261,0.6621066249,0.6667115213,FN/TN are diagnostics; their active retained-weight effect enters realized alpha through retained_stock_reweighting_effect.
temporary CSI,dynamic_csi,full,fund,Base Dataset,total_market,fpr5,3,lockout_3yr,fpr5_3yr,-0.0000150461,0.0010210520,0.0010060059,0.0016869947,0.0017025375,0.6605656828,0.6667967370,FN/TN are diagnostics; their active retained-weight effect enters realized alpha through retained_stock_reweighting_effect.
temporary CSI,dynamic_csi,full,fund,Base Dataset,total_market,fpr5,5,lockout_5yr,fpr5_5yr,-0.0000257411,0.0014215671,0.0013958260,0.0015962793,0.0016216955,0.6569742461,0.6668851215,FN/TN are diagnostics; their active retained-weight effect enters realized alpha through retained_stock_reweighting_effect.
temporary CSI,dynamic_csi,full,fund,Base Dataset,total_market,youden,1,lockout_1yr,youden_1yr,-0.0000376838,0.0059267949,0.0058891111,0.0009483010,0.0009854133,0.6321989740,0.6675799162,FN/TN are diagnostics; their active retained-weight effect enters realized alpha through retained_stock_reweighting_effect.
temporary CSI,dynamic_csi,full,fund,Base Dataset,total_market,youden,2,lockout_2yr,youden_2yr,-0.0000558327,0.0074363048,0.0073804720,0.0008133740,0.0008646452,0.6186390018,0.6678103352,FN/TN are diagnostics; their active retained-weight effect enters realized alpha through retained_stock_reweighting_effect.
temporary CSI,dynamic_csi,full,fund,Base Dataset,total_market,youden,3,lockout_3yr,youden_3yr,-0.0000730730,0.0087528554,0.0086797825,0.0007414455,0.0008077454,0.6072949307,0.6679022672,FN/TN are diagnostics; their active retained-weight effect enters realized alpha through retained_stock_reweighting_effect.
temporary CSI,dynamic_csi,full,fund,Base Dataset,total_market,youden,5,lockout_5yr,youden_5yr,-0.0001100491,0.0106267550,0.0105167059,0.0006249625,0.0007178676,0.5891378582,0.6680608667,FN/TN are diagnostics; their active retained-weight effect enters realized alpha through retained_stock_reweighting_effect.
temporary CSI,dynamic_csi,insample,fund,Base Dataset,large_cap,fpr1,1,lockout_1yr,fpr1_1yr,-0.0000000416,0.0000102983,0.0000102567,0.0015829750,0.0015830425,0.6631220607,0.6631712073,FN/TN are diagnostics; their active retained-weight effect enters realized alpha through retained_stock_reweighting_effect.
temporary CSI,dynamic_csi,insample,fund,Base Dataset,large_cap,fpr1,2,lockout_2yr,fpr1_2yr,-0.0000001866,0.0000143104,0.0000141238,0.0015755051,0.0015758799,0.6630809001,0.6631781672,FN/TN are diagnostics; their active retained-weight effect enters realized alpha through retained_stock_reweighting_effect.
temporary CSI,dynamic_csi,insample,fund,Base Dataset,large_cap,fpr1,3,lockout_3yr,fpr1_3yr,-0.0000002027,0.0000197649,0.0000195622,0.0015755051,0.0015758873,0.6630020372,0.6631779484,FN/TN are diagnostics; their active retained-weight effect enters realized alpha through retained_stock_reweighting_effect.
temporary CSI,dynamic_csi,insample,fund,Base Dataset,large_cap,fpr1,5,lockout_5yr,fpr1_5yr,-0.0000003444,0.0000361814,0.0000358370,0.0015630498,0.0015637108,0.6628562116,0.6631895097,FN/TN are diagnostics; their active retained-weight effect enters realized alpha through retained_stock_reweighting_effect.
temporary CSI,dynamic_csi,insample,fund,Base Dataset,large_cap,fpr3,1,lockout_1yr,fpr3_1yr,-0.0000016265,0.0000748965,0.0000732700,0.0015432525,0.0015448264,0.6626432386,0.6632075772,FN/TN are diagnostics; their active retained-weight effect enters realized alpha through retained_stock_reweighting_effect.
temporary CSI,dynamic_csi,insample,fund,Base Dataset,large_cap,fpr3,2,lockout_2yr,fpr3_2yr,-0.0000020329,0.0001069966,0.0001049637,0.0013960704,0.0013980841,0.6623519103,0.6633523073,FN/TN are diagnostics; their active retained-weight effect enters realized alpha through retained_stock_reweighting_effect.
temporary CSI,dynamic_csi,insample,fund,Base Dataset,large_cap,fpr3,3,lockout_3yr,fpr3_3yr,-0.0000022432,0.0001376336,0.0001353904,0.0013907889,0.0013929655,0.6620204447,0.6633563160,FN/TN are diagnostics; their active retained-weight effect enters realized alpha through retained_stock_reweighting_effect.
temporary CSI,dynamic_csi,insample,fund,Base Dataset,large_cap,fpr3,5,lockout_5yr,fpr3_5yr,-0.0000046754,0.0001665469,0.0001618714,0.0013641975,0.0013690344,0.6613840680,0.6633807724,FN/TN are diagnostics; their active retained-weight effect enters realized alpha through retained_stock_reweighting_effect.
temporary CSI,dynamic_csi,insample,fund,Base Dataset,large_cap,fpr5,1,lockout_1yr,fpr5_1yr,-0.0000019142,0.0002089769,0.0002070627,0.0015039316,0.0015061024,0.6620489270,0.6632444382,FN/TN are diagnostics; their active retained-weight effect enters realized alpha through retained_stock_reweighting_effect.
temporary CSI,dynamic_csi,insample,fund,Base Dataset,large_cap,fpr5,2,lockout_2yr,fpr5_2yr,-0.0000036874,0.0002611889,0.0002575014,0.0013619130,0.0013653023,0.6612619429,0.6633811388,FN/TN are diagnostics; their active retained-weight effect enters realized alpha through retained_stock_reweighting_effect.
temporary CSI,dynamic_csi,insample,fund,Base Dataset,large_cap,fpr5,3,lockout_3yr,fpr5_3yr,-0.0000048298,0.0003564370,0.0003516072,0.0013308864,0.0013354444,0.6603514551,0.6634110419,FN/TN are diagnostics; their active retained-weight effect enters realized alpha through retained_stock_reweighting_effect.
temporary CSI,dynamic_csi,insample,fund,Base Dataset,large_cap,fpr5,5,lockout_5yr,fpr5_5yr,-0.0000091602,0.0005104061,0.0005012459,0.0012996158,0.0013091555,0.6583824257,0.6634326425,FN/TN are diagnostics; their active retained-weight effect enters realized alpha through retained_stock_reweighting_effect.
temporary CSI,dynamic_csi,insample,fund,Base Dataset,large_cap,youden,1,lockout_1yr,youden_1yr,-0.0000212496,0.0024786769,0.0024574273,0.0011095276,0.0011292142,0.6460885152,0.6636515041,FN/TN are diagnostics; their active retained-weight effect enters realized alpha through retained_stock_reweighting_effect.
temporary CSI,dynamic_csi,insample,fund,Base Dataset,large_cap,youden,2,lockout_2yr,youden_2yr,-0.0000415289,0.0030627622,0.0030212333,0.0010171849,0.0010532484,0.6355176317,0.6637848185,FN/TN are diagnostics; their active retained-weight effect enters realized alpha through retained_stock_reweighting_effect.
temporary CSI,dynamic_csi,insample,fund,Base Dataset,large_cap,youden,3,lockout_3yr,youden_3yr,-0.0000623187,0.0038591544,0.0037968356,0.0009855156,0.0010405531,0.6254298233,0.6638142656,FN/TN are diagnostics; their active retained-weight effect enters realized alpha through retained_stock_reweighting_effect.
temporary CSI,dynamic_csi,insample,fund,Base Dataset,large_cap,youden,5,lockout_5yr,youden_5yr,-0.0001173752,0.0052018458,0.0050844706,0.0008714051,0.0009710984,0.6065454073,0.6639415479,FN/TN are diagnostics; their active retained-weight effect enters realized alpha through retained_stock_reweighting_effect.
temporary CSI,dynamic_csi,insample,fund,Base Dataset,mid_cap,fpr1,1,lockout_1yr,fpr1_1yr,-0.0000008260,0.0000907790,0.0000899530,0.0028625098,0.0028639740,0.6599727559,0.6602493658,FN/TN are diagnostics; their active retained-weight effect enters realized alpha through retained_stock_reweighting_effect.
temporary CSI,dynamic_csi,insample,fund,Base Dataset,mid_cap,fpr1,2,lockout_2yr,fpr1_2yr,-0.0000015495,0.0001284763,0.0001269268,0.0028202617,0.0028240978,0.6597395741,0.6602875848,FN/TN are diagnostics; their active retained-weight effect enters realized alpha through retained_stock_reweighting_effect.
temporary CSI,dynamic_csi,insample,fund,Base Dataset,mid_cap,fpr1,3,lockout_3yr,fpr1_3yr,-0.0000020717,0.0001897739,0.0001877023,0.0028202617,0.0028243386,0.6592924098,0.6602850620,FN/TN are diagnostics; their active retained-weight effect enters realized alpha through retained_stock_reweighting_effect.
temporary CSI,dynamic_csi,insample,fund,Base Dataset,mid_cap,fpr1,5,lockout_5yr,fpr1_5yr,-0.0000053637,0.0002940572,0.0002886935,0.0027496835,0.0027595484,0.6584661778,0.6603418092,FN/TN are diagnostics; their active retained-weight effect enters realized alpha through retained_stock_reweighting_effect.
temporary CSI,dynamic_csi,insample,fund,Base Dataset,mid_cap,fpr3,1,lockout_1yr,fpr3_1yr,-0.0000067636,0.0003537877,0.0003470241,0.0027014493,0.0027095574,0.6583642603,0.6603926709,FN/TN are diagnostics; their active retained-weight effect enters realized alpha through retained_stock_reweighting_effect.
temporary CSI,dynamic_csi,insample,fund,Base Dataset,mid_cap,fpr3,2,lockout_2yr,fpr3_2yr,-0.0000101683,0.0005185299,0.0005083616,0.0023372512,0.0023518520,0.6574963425,0.6607413887,FN/TN are diagnostics; their active retained-weight effect enters realized alpha through retained_stock_reweighting_effect.
temporary CSI,dynamic_csi,insample,fund,Base Dataset,mid_cap,fpr3,3,lockout_3yr,fpr3_3yr,-0.0000107769,0.0006967606,0.0006859837,0.0023074004,0.0023229222,0.6562664489,0.6607624603,FN/TN are diagnostics; their active retained-weight effect enters realized alpha through retained_stock_reweighting_effect.
temporary CSI,dynamic_csi,insample,fund,Base Dataset,mid_cap,fpr3,5,lockout_5yr,fpr3_5yr,-0.0000277437,0.0008098949,0.0007821511,0.0021568064,0.0021928195,0.6533872277,0.6608833995,FN/TN are diagnostics; their active retained-weight effect enters realized alpha through retained_stock_reweighting_effect.
temporary CSI,dynamic_csi,insample,fund,Base Dataset,mid_cap,fpr5,1,lockout_1yr,fpr5_1yr,-0.0000095468,0.0007050352,0.0006954884,0.0024786038,0.0024919157,0.6571378279,0.6606013824,FN/TN are diagnostics; their active retained-weight effect enters realized alpha through retained_stock_reweighting_effect.
temporary CSI,dynamic_csi,insample,fund,Base Dataset,mid_cap,fpr5,2,lockout_2yr,fpr5_2yr,-0.0000150844,0.0009782086,0.0009631242,0.0021438535,0.0021629885,0.6553983221,0.6609159220,FN/TN are diagnostics; their active retained-weight effect enters realized alpha through retained_stock_reweighting_effect.
temporary CSI,dynamic_csi,insample,fund,Base Dataset,mid_cap,fpr5,3,lockout_3yr,fpr5_3yr,-0.0000199532,0.0012505991,0.0012306460,0.0019681667,0.0019921205,0.6531450897,0.6610903953,FN/TN are diagnostics; their active retained-weight effect enters realized alpha through retained_stock_reweighting_effect.
temporary CSI,dynamic_csi,insample,fund,Base Dataset,mid_cap,fpr5,5,lockout_5yr,fpr5_5yr,-0.0000438293,0.0013953050,0.0013514757,0.0017910746,0.0018412403,0.6487636973,0.6612195613,FN/TN are diagnostics; their active retained-weight effect enters realized alpha through retained_stock_reweighting_effect.
temporary CSI,dynamic_csi,insample,fund,Base Dataset,mid_cap,youden,1,lockout_1yr,youden_1yr,-0.0000565026,0.0070292910,0.0069727883,0.0016929915,0.0017795029,0.6235799024,0.6613215317,FN/TN are diagnostics; their active retained-weight effect enters realized alpha through retained_stock_reweighting_effect.
temporary CSI,dynamic_csi,insample,fund,Base Dataset,mid_cap,youden,2,lockout_2yr,youden_2yr,-0.0000811435,0.0084741320,0.0083929885,0.0011699117,0.0012646167,0.6053351985,0.6619688956,FN/TN are diagnostics; their active retained-weight effect enters realized alpha through retained_stock_reweighting_effect.
temporary CSI,dynamic_csi,insample,fund,Base Dataset,mid_cap,youden,3,lockout_3yr,youden_3yr,-0.0001034250,0.0100919138,0.0099884888,0.0009903433,0.0011134006,0.5879460442,0.6621317237,FN/TN are diagnostics; their active retained-weight effect enters realized alpha through retained_stock_reweighting_effect.
temporary CSI,dynamic_csi,insample,fund,Base Dataset,mid_cap,youden,5,lockout_5yr,youden_5yr,-0.0001502438,0.0116310274,0.0114807836,0.0006310704,0.0007726114,0.5604835985,0.6624916465,FN/TN are diagnostics; their active retained-weight effect enters realized alpha through retained_stock_reweighting_effect.
temporary CSI,dynamic_csi,insample,fund,Base Dataset,small_cap,fpr1,1,lockout_1yr,fpr1_1yr,-0.0000141192,-0.0000070926,-0.0000212118,0.0068092810,0.0068232445,0.6544487892,0.6552660158,FN/TN are diagnostics; their active retained-weight effect enters realized alpha through retained_stock_reweighting_effect.
temporary CSI,dynamic_csi,insample,fund,Base Dataset,small_cap,fpr1,2,lockout_2yr,fpr1_2yr,-0.0000195034,0.0000739598,0.0000544564,0.0066790183,0.0066995965,0.6537478523,0.6553954497,FN/TN are diagnostics; their active retained-weight effect enters realized alpha through retained_stock_reweighting_effect.
temporary CSI,dynamic_csi,insample,fund,Base Dataset,small_cap,fpr1,3,lockout_3yr,fpr1_3yr,-0.0000225222,0.0001683694,0.0001458472,0.0065538568,0.0065793992,0.6530935751,0.6555107099,FN/TN are diagnostics; their active retained-weight effect enters realized alpha through retained_stock_reweighting_effect.
temporary CSI,dynamic_csi,insample,fund,Base Dataset,small_cap,fpr1,5,lockout_5yr,fpr1_5yr,-0.0000379298,0.0002633893,0.0002254595,0.0063476003,0.0063903519,0.6518539857,0.6557176401,FN/TN are diagnostics; their active retained-weight effect enters realized alpha through retained_stock_reweighting_effect.
temporary CSI,dynamic_csi,insample,fund,Base Dataset,small_cap,fpr3,1,lockout_1yr,fpr3_1yr,-0.0000320087,0.0005817553,0.0005497466,0.0065453472,0.0065845974,0.6517028179,0.6554965142,FN/TN are diagnostics; their active retained-weight effect enters realized alpha through retained_stock_reweighting_effect.
temporary CSI,dynamic_csi,insample,fund,Base Dataset,small_cap,fpr3,2,lockout_2yr,fpr3_2yr,-0.0000547562,0.0008730053,0.0008182492,0.0061068333,0.0061706941,0.6489345588,0.6559148918,FN/TN are diagnostics; their active retained-weight effect enters realized alpha through retained_stock_reweighting_effect.
temporary CSI,dynamic_csi,insample,fund,Base Dataset,small_cap,fpr3,3,lockout_3yr,fpr3_3yr,-0.0000780199,0.0008955524,0.0008175325,0.0059116844,0.0060013930,0.6461894832,0.6561010147,FN/TN are diagnostics; their active retained-weight effect enters realized alpha through retained_stock_reweighting_effect.
temporary CSI,dynamic_csi,insample,fund,Base Dataset,small_cap,fpr3,5,lockout_5yr,fpr3_5yr,-0.0001083822,0.0013673732,0.0012589910,0.0055267350,0.0056517623,0.6420119740,0.6565266002,FN/TN are diagnostics; their active retained-weight effect enters realized alpha through retained_stock_reweighting_effect.
temporary CSI,dynamic_csi,insample,fund,Base Dataset,small_cap,fpr5,1,lockout_1yr,fpr5_1yr,-0.0000522900,0.0013178946,0.0012656046,0.0061774138,0.0062421602,0.6481040232,0.6558333160,FN/TN are diagnostics; their active retained-weight effect enters realized alpha through retained_stock_reweighting_effect.
temporary CSI,dynamic_csi,insample,fund,Base Dataset,small_cap,fpr5,2,lockout_2yr,fpr5_2yr,-0.0000846352,0.0017515212,0.0016668860,0.0055062589,0.0056030344,0.6431923084,0.6565259014,FN/TN are diagnostics; their active retained-weight effect enters realized alpha through retained_stock_reweighting_effect.
temporary CSI,dynamic_csi,insample,fund,Base Dataset,small_cap,fpr5,3,lockout_3yr,fpr5_3yr,-0.0001137707,0.0020153132,0.0019015425,0.0053426876,0.0054740227,0.6386632554,0.6566846330,FN/TN are diagnostics; their active retained-weight effect enters realized alpha through retained_stock_reweighting_effect.
temporary CSI,dynamic_csi,insample,fund,Base Dataset,small_cap,fpr5,5,lockout_5yr,fpr5_5yr,-0.0001799444,0.0025713098,0.0023913654,0.0049070125,0.0051050762,0.6306640098,0.6571329181,FN/TN are diagnostics; their active retained-weight effect enters realized alpha through retained_stock_reweighting_effect.
temporary CSI,dynamic_csi,insample,fund,Base Dataset,small_cap,youden,1,lockout_1yr,youden_1yr,-0.0002569316,0.0117553661,0.0114984345,0.0027667126,0.0030487865,0.5761138392,0.6591850902,FN/TN are diagnostics; their active retained-weight effect enters realized alpha through retained_stock_reweighting_effect.
temporary CSI,dynamic_csi,insample,fund,Base Dataset,small_cap,youden,2,lockout_2yr,youden_2yr,-0.0003283803,0.0136168867,0.0132885064,0.0021423169,0.0024914842,0.5483430455,0.6599867718,FN/TN are diagnostics; their active retained-weight effect enters realized alpha through retained_stock_reweighting_effect.
temporary CSI,dynamic_csi,insample,fund,Base Dataset,small_cap,youden,3,lockout_3yr,youden_3yr,-0.0003809093,0.0154429180,0.0150620087,0.0017497169,0.0021528231,0.5262560576,0.6604709535,FN/TN are diagnostics; their active retained-weight effect enters realized alpha through retained_stock_reweighting_effect.
temporary CSI,dynamic_csi,insample,fund,Base Dataset,small_cap,youden,5,lockout_5yr,youden_5yr,-0.0004692825,0.0176917944,0.0172225119,0.0011969831,0.0015998193,0.4928536996,0.6611943605,FN/TN are diagnostics; their active retained-weight effect enters realized alpha through retained_stock_reweighting_effect.
temporary CSI,dynamic_csi,insample,fund,Base Dataset,total_market,fpr1,1,lockout_1yr,fpr1_1yr,-0.0000027573,0.0000047052,0.0000019479,0.0028875781,0.0028903801,0.6611549730,0.6614375024,FN/TN are diagnostics; their active retained-weight effect enters realized alpha through retained_stock_reweighting_effect.
temporary CSI,dynamic_csi,insample,fund,Base Dataset,total_market,fpr1,2,lockout_2yr,fpr1_2yr,-0.0000034920,0.0000299139,0.0000264218,0.0028411839,0.0028450101,0.6609695137,0.6614842354,FN/TN are diagnostics; their active retained-weight effect enters realized alpha through retained_stock_reweighting_effect.
temporary CSI,dynamic_csi,insample,fund,Base Dataset,total_market,fpr1,3,lockout_3yr,fpr1_3yr,-0.0000040078,0.0000446458,0.0000406380,0.0028140422,0.0028184978,0.6607582621,0.6615108287,FN/TN are diagnostics; their active retained-weight effect enters realized alpha through retained_stock_reweighting_effect.
temporary CSI,dynamic_csi,insample,fund,Base Dataset,total_market,fpr1,5,lockout_5yr,fpr1_5yr,-0.0000058964,0.0000743288,0.0000684325,0.0027546437,0.0027613179,0.6603859564,0.6615715449,FN/TN are diagnostics; their active retained-weight effect enters realized alpha through retained_stock_reweighting_effect.
temporary CSI,dynamic_csi,insample,fund,Base Dataset,total_market,fpr3,1,lockout_1yr,fpr3_1yr,-0.0000071707,0.0001464151,0.0001392445,0.0027476657,0.0027554939,0.6601588136,0.6615731449,FN/TN are diagnostics; their active retained-weight effect enters realized alpha through retained_stock_reweighting_effect.
temporary CSI,dynamic_csi,insample,fund,Base Dataset,total_market,fpr3,2,lockout_2yr,fpr3_2yr,-0.0000097412,0.0002368353,0.0002270941,0.0025240148,0.0025344517,0.6593706675,0.6617963662,FN/TN are diagnostics; their active retained-weight effect enters realized alpha through retained_stock_reweighting_effect.
temporary CSI,dynamic_csi,insample,fund,Base Dataset,total_market,fpr3,3,lockout_3yr,fpr3_3yr,-0.0000131395,0.0002631108,0.0002499714,0.0024705633,0.0024842398,0.6585813481,0.6618505324,FN/TN are diagnostics; their active retained-weight effect enters realized alpha through retained_stock_reweighting_effect.
temporary CSI,dynamic_csi,insample,fund,Base Dataset,total_market,fpr3,5,lockout_5yr,fpr3_5yr,-0.0000190473,0.0003477424,0.0003286951,0.0023607229,0.0023805814,0.6572805080,0.6619678679,FN/TN are diagnostics; their active retained-weight effect enters realized alpha through retained_stock_reweighting_effect.
temporary CSI,dynamic_csi,insample,fund,Base Dataset,total_market,fpr5,1,lockout_1yr,fpr5_1yr,-0.0000101747,0.0003810827,0.0003709081,0.0026122768,0.0026238366,0.6589242860,0.6617058565,FN/TN are diagnostics; their active retained-weight effect enters realized alpha through retained_stock_reweighting_effect.
temporary CSI,dynamic_csi,insample,fund,Base Dataset,total_market,fpr5,2,lockout_2yr,fpr5_2yr,-0.0000154195,0.0005097479,0.0004943284,0.0023469542,0.0023628743,0.6573478246,0.6619749922,FN/TN are diagnostics; their active retained-weight effect enters realized alpha through retained_stock_reweighting_effect.
temporary CSI,dynamic_csi,insample,fund,Base Dataset,total_market,fpr5,3,lockout_3yr,fpr5_3yr,-0.0000203355,0.0006227039,0.0006023684,0.0022697989,0.0022906912,0.6557814865,0.6620551356,FN/TN are diagnostics; their active retained-weight effect enters realized alpha through retained_stock_reweighting_effect.
temporary CSI,dynamic_csi,insample,fund,Base Dataset,total_market,fpr5,5,lockout_5yr,fpr5_5yr,-0.0000316975,0.0008411545,0.0008094571,0.0021413668,0.0021740008,0.6527677575,0.6621826642,FN/TN are diagnostics; their active retained-weight effect enters realized alpha through retained_stock_reweighting_effect.
temporary CSI,dynamic_csi,insample,fund,Base Dataset,total_market,youden,1,lockout_1yr,youden_1yr,-0.0000548066,0.0039184548,0.0038636482,0.0014390246,0.0014915381,0.6325135665,0.6629206982,FN/TN are diagnostics; their active retained-weight effect enters realized alpha through retained_stock_reweighting_effect.
temporary CSI,dynamic_csi,insample,fund,Base Dataset,total_market,youden,2,lockout_2yr,youden_2yr,-0.0000841006,0.0047050005,0.0046209000,0.0012462709,0.0013220226,0.6191707579,0.6631908074,FN/TN are diagnostics; their active retained-weight effect enters realized alpha through retained_stock_reweighting_effect.
temporary CSI,dynamic_csi,insample,fund,Base Dataset,total_market,youden,3,lockout_3yr,youden_3yr,-0.0001100958,0.0056555402,0.0055454445,0.0011510680,0.0012504678,0.6072456249,0.6633039320,FN/TN are diagnostics; their active retained-weight effect enters realized alpha through retained_stock_reweighting_effect.
temporary CSI,dynamic_csi,insample,fund,Base Dataset,total_market,youden,5,lockout_5yr,youden_5yr,-0.0001722629,0.0071428954,0.0069706325,0.0009686628,0.0011127530,0.5862699037,0.6635223804,FN/TN are diagnostics; their active retained-weight effect enters realized alpha through retained_stock_reweighting_effect.
temporary CSI,dynamic_csi,oos,fund,Base Dataset,large_cap,fpr1,1,lockout_1yr,fpr1_1yr,0.0000000000,0.0000601146,0.0000601146,0.0001153961,0.0001153961,0.6824367367,0.6825458864,FN/TN are diagnostics; their active retained-weight effect enters realized alpha through retained_stock_reweighting_effect.
temporary CSI,dynamic_csi,oos,fund,Base Dataset,large_cap,fpr1,2,lockout_2yr,fpr1_2yr,0.0000000894,0.0001160799,0.0001161693,0.0001153961,0.0001154902,0.6822397285,0.6825634659,FN/TN are diagnostics; their active retained-weight effect enters realized alpha through retained_stock_reweighting_effect.
temporary CSI,dynamic_csi,oos,fund,Base Dataset,large_cap,fpr1,3,lockout_3yr,fpr1_3yr,0.0000000391,0.0000988929,0.0000989319,0.0001153961,0.0001155290,0.6821166183,0.6825633168,FN/TN are diagnostics; their active retained-weight effect enters realized alpha through retained_stock_reweighting_effect.
temporary CSI,dynamic_csi,oos,fund,Base Dataset,large_cap,fpr1,5,lockout_5yr,fpr1_5yr,0.0000000405,0.0001332653,0.0001333057,0.0001153961,0.0001155363,0.6819522024,0.6825632352,FN/TN are diagnostics; their active retained-weight effect enters realized alpha through retained_stock_reweighting_effect.
temporary CSI,dynamic_csi,oos,fund,Base Dataset,large_cap,fpr3,1,lockout_1yr,fpr3_1yr,0.0000000013,0.0002173370,0.0002173383,0.0001153961,0.0001154030,0.6821108769,0.6825600982,FN/TN are diagnostics; their active retained-weight effect enters realized alpha through retained_stock_reweighting_effect.
temporary CSI,dynamic_csi,oos,fund,Base Dataset,large_cap,fpr3,2,lockout_2yr,fpr3_2yr,0.0000000013,0.0005528985,0.0005528998,0.0000569213,0.0000569281,0.6811500072,0.6826354767,FN/TN are diagnostics; their active retained-weight effect enters realized alpha through retained_stock_reweighting_effect.
temporary CSI,dynamic_csi,oos,fund,Base Dataset,large_cap,fpr3,3,lockout_3yr,fpr3_3yr,0.0000000013,0.0006254870,0.0006254882,0.0000202175,0.0000202243,0.6803862983,0.6826923145,FN/TN are diagnostics; their active retained-weight effect enters realized alpha through retained_stock_reweighting_effect.
temporary CSI,dynamic_csi,oos,fund,Base Dataset,large_cap,fpr3,5,lockout_5yr,fpr3_5yr,0.0000000107,0.0008379962,0.0008380070,0.0000202175,0.0000202749,0.6790366487,0.6826914356,FN/TN are diagnostics; their active retained-weight effect enters realized alpha through retained_stock_reweighting_effect.
temporary CSI,dynamic_csi,oos,fund,Base Dataset,large_cap,fpr5,1,lockout_1yr,fpr5_1yr,0.0000000034,0.0002900551,0.0002900585,0.0001153961,0.0001154186,0.6819417062,0.6825598411,FN/TN are diagnostics; their active retained-weight effect enters realized alpha through retained_stock_reweighting_effect.
temporary CSI,dynamic_csi,oos,fund,Base Dataset,large_cap,fpr5,2,lockout_2yr,fpr5_2yr,-0.0000000090,0.0006792625,0.0006792536,0.0000569213,0.0000569355,0.6807105194,0.6826351014,FN/TN are diagnostics; their active retained-weight effect enters realized alpha through retained_stock_reweighting_effect.
temporary CSI,dynamic_csi,oos,fund,Base Dataset,large_cap,fpr5,3,lockout_3yr,fpr5_3yr,0.0000000013,0.0011842620,0.0011842633,0.0000202175,0.0000202243,0.6790292586,0.6826902615,FN/TN are diagnostics; their active retained-weight effect enters realized alpha through retained_stock_reweighting_effect.
temporary CSI,dynamic_csi,oos,fund,Base Dataset,large_cap,fpr5,5,lockout_5yr,fpr5_5yr,0.0000000122,0.0021364006,0.0021364128,0.0000202175,0.0000202827,0.6720809841,0.6826842209,FN/TN are diagnostics; their active retained-weight effect enters realized alpha through retained_stock_reweighting_effect.
temporary CSI,dynamic_csi,oos,fund,Base Dataset,large_cap,youden,1,lockout_1yr,youden_1yr,0.0000001231,0.0073258119,0.0073259350,0.0000202175,0.0000208759,0.6545382854,0.6826780920,FN/TN are diagnostics; their active retained-weight effect enters realized alpha through retained_stock_reweighting_effect.
temporary CSI,dynamic_csi,oos,fund,Base Dataset,large_cap,youden,2,lockout_2yr,youden_2yr,0.0000001420,0.0101831761,0.0101833181,0.0000202175,0.0000209770,0.6388757790,0.6827324209,FN/TN are diagnostics; their active retained-weight effect enters realized alpha through retained_stock_reweighting_effect.
temporary CSI,dynamic_csi,oos,fund,Base Dataset,large_cap,youden,3,lockout_3yr,youden_3yr,0.0000002874,0.0123965196,0.0123968070,0.0000202175,0.0000217544,0.6252126112,0.6827303978,FN/TN are diagnostics; their active retained-weight effect enters realized alpha through retained_stock_reweighting_effect.
temporary CSI,dynamic_csi,oos,fund,Base Dataset,large_cap,youden,5,lockout_5yr,youden_5yr,0.0000004636,0.0158720445,0.0158725081,0.0000202175,0.0000226970,0.6066186791,0.6827961555,FN/TN are diagnostics; their active retained-weight effect enters realized alpha through retained_stock_reweighting_effect.
temporary CSI,dynamic_csi,oos,fund,Base Dataset,mid_cap,fpr1,1,lockout_1yr,fpr1_1yr,0.0000000000,0.0003443046,0.0003443046,0.0006533577,0.0006533577,0.6805709676,0.6811883260,FN/TN are diagnostics; their active retained-weight effect enters realized alpha through retained_stock_reweighting_effect.
temporary CSI,dynamic_csi,oos,fund,Base Dataset,mid_cap,fpr1,2,lockout_2yr,fpr1_2yr,0.0000028821,0.0006143380,0.0006172201,0.0006533577,0.0006563941,0.6794560016,0.6812834989,FN/TN are diagnostics; their active retained-weight effect enters realized alpha through retained_stock_reweighting_effect.
temporary CSI,dynamic_csi,oos,fund,Base Dataset,mid_cap,fpr1,3,lockout_3yr,fpr1_3yr,0.0000012577,0.0005675374,0.0005687951,0.0006533577,0.0006576456,0.6787584045,0.6812806202,FN/TN are diagnostics; their active retained-weight effect enters realized alpha through retained_stock_reweighting_effect.
temporary CSI,dynamic_csi,oos,fund,Base Dataset,mid_cap,fpr1,5,lockout_5yr,fpr1_5yr,0.0000013016,0.0006664295,0.0006677311,0.0006533577,0.0006578804,0.6778270693,0.6812798511,FN/TN are diagnostics; their active retained-weight effect enters realized alpha through retained_stock_reweighting_effect.
temporary CSI,dynamic_csi,oos,fund,Base Dataset,mid_cap,fpr3,1,lockout_1yr,fpr3_1yr,0.0000000410,0.0005142476,0.0005142886,0.0006533577,0.0006535772,0.6801677821,0.6812708577,FN/TN are diagnostics; their active retained-weight effect enters realized alpha through retained_stock_reweighting_effect.
temporary CSI,dynamic_csi,oos,fund,Base Dataset,mid_cap,fpr3,2,lockout_2yr,fpr3_2yr,0.0000000410,0.0015104569,0.0015104980,0.0003224042,0.0003226236,0.6774312945,0.6816952003,FN/TN are diagnostics; their active retained-weight effect enters realized alpha through retained_stock_reweighting_effect.
temporary CSI,dynamic_csi,oos,fund,Base Dataset,mid_cap,fpr3,3,lockout_3yr,fpr3_3yr,0.0000000410,0.0016769762,0.0016770172,0.0001143395,0.0001145589,0.6757124522,0.6820170576,FN/TN are diagnostics; their active retained-weight effect enters realized alpha through retained_stock_reweighting_effect.
temporary CSI,dynamic_csi,oos,fund,Base Dataset,mid_cap,fpr3,5,lockout_5yr,fpr3_5yr,0.0000001758,0.0019995470,0.0019997228,0.0001143395,0.0001152795,0.6728535146,0.6820129382,FN/TN are diagnostics; their active retained-weight effect enters realized alpha through retained_stock_reweighting_effect.
temporary CSI,dynamic_csi,oos,fund,Base Dataset,mid_cap,fpr5,1,lockout_1yr,fpr5_1yr,0.0000001058,0.0006477168,0.0006478226,0.0006533577,0.0006540798,0.6795820262,0.6812689286,FN/TN are diagnostics; their active retained-weight effect enters realized alpha through retained_stock_reweighting_effect.
temporary CSI,dynamic_csi,oos,fund,Base Dataset,mid_cap,fpr5,2,lockout_2yr,fpr5_2yr,-0.0000002883,0.0018025711,0.0018022829,0.0003224042,0.0003228606,0.6764010548,0.6816922827,FN/TN are diagnostics; their active retained-weight effect enters realized alpha through retained_stock_reweighting_effect.
temporary CSI,dynamic_csi,oos,fund,Base Dataset,mid_cap,fpr5,3,lockout_3yr,fpr5_3yr,0.0000000410,0.0023736553,0.0023736963,0.0001143395,0.0001145589,0.6735124991,0.6820119109,FN/TN are diagnostics; their active retained-weight effect enters realized alpha through retained_stock_reweighting_effect.
temporary CSI,dynamic_csi,oos,fund,Base Dataset,mid_cap,fpr5,5,lockout_5yr,fpr5_5yr,0.0000002231,0.0027418930,0.0027421161,0.0001143395,0.0001155325,0.6693456388,0.6820052683,FN/TN are diagnostics; their active retained-weight effect enters realized alpha through retained_stock_reweighting_effect.
temporary CSI,dynamic_csi,oos,fund,Base Dataset,mid_cap,youden,1,lockout_1yr,youden_1yr,0.0000023763,0.0154693904,0.0154717667,0.0001143395,0.0001270510,0.6109143416,0.6819423189,FN/TN are diagnostics; their active retained-weight effect enters realized alpha through retained_stock_reweighting_effect.
temporary CSI,dynamic_csi,oos,fund,Base Dataset,mid_cap,youden,2,lockout_2yr,youden_2yr,0.0000027431,0.0191549779,0.0191577210,0.0001143395,0.0001290136,0.5854895257,0.6820346952,FN/TN are diagnostics; their active retained-weight effect enters realized alpha through retained_stock_reweighting_effect.
temporary CSI,dynamic_csi,oos,fund,Base Dataset,mid_cap,youden,3,lockout_3yr,youden_3yr,0.0000035801,0.0218474749,0.0218510550,0.0001143395,0.0001334925,0.5696044629,0.6820741987,FN/TN are diagnostics; their active retained-weight effect enters realized alpha through retained_stock_reweighting_effect.
temporary CSI,dynamic_csi,oos,fund,Base Dataset,mid_cap,youden,5,lockout_5yr,youden_5yr,0.0000053200,0.0254755664,0.0254808864,0.0001143395,0.0001428064,0.5448904788,0.6821899704,FN/TN are diagnostics; their active retained-weight effect enters realized alpha through retained_stock_reweighting_effect.
temporary CSI,dynamic_csi,oos,fund,Base Dataset,small_cap,fpr1,1,lockout_1yr,fpr1_1yr,-0.0000026458,0.0005822494,0.0005796037,0.0045093030,0.0045112951,0.6731158344,0.6744987323,FN/TN are diagnostics; their active retained-weight effect enters realized alpha through retained_stock_reweighting_effect.
temporary CSI,dynamic_csi,oos,fund,Base Dataset,small_cap,fpr1,2,lockout_2yr,fpr1_2yr,-0.0000146096,0.0009452251,0.0009306154,0.0042755516,0.0042906146,0.6717180795,0.6747518873,FN/TN are diagnostics; their active retained-weight effect enters realized alpha through retained_stock_reweighting_effect.
temporary CSI,dynamic_csi,oos,fund,Base Dataset,small_cap,fpr1,3,lockout_3yr,fpr1_3yr,-0.0000329535,0.0011975465,0.0011645931,0.0042117441,0.0042410718,0.6706231450,0.6747919652,FN/TN are diagnostics; their active retained-weight effect enters realized alpha through retained_stock_reweighting_effect.
temporary CSI,dynamic_csi,oos,fund,Base Dataset,small_cap,fpr1,5,lockout_5yr,fpr1_5yr,-0.0000426352,0.0014543030,0.0014116677,0.0039912876,0.0040270569,0.6685825104,0.6750228391,FN/TN are diagnostics; their active retained-weight effect enters realized alpha through retained_stock_reweighting_effect.
temporary CSI,dynamic_csi,oos,fund,Base Dataset,small_cap,fpr3,1,lockout_1yr,fpr3_1yr,-0.0000107664,0.0026060042,0.0025952378,0.0044455885,0.0044546040,0.6676881025,0.6745517510,FN/TN are diagnostics; their active retained-weight effect enters realized alpha through retained_stock_reweighting_effect.
temporary CSI,dynamic_csi,oos,fund,Base Dataset,small_cap,fpr3,2,lockout_2yr,fpr3_2yr,-0.0000402052,0.0036936366,0.0036534314,0.0037232755,0.0037667139,0.6624642078,0.6753131916,FN/TN are diagnostics; their active retained-weight effect enters realized alpha through retained_stock_reweighting_effect.
temporary CSI,dynamic_csi,oos,fund,Base Dataset,small_cap,fpr3,3,lockout_3yr,fpr3_3yr,-0.0001130260,0.0044929834,0.0043799574,0.0034471838,0.0035423691,0.6581928000,0.6755286804,FN/TN are diagnostics; their active retained-weight effect enters realized alpha through retained_stock_reweighting_effect.
temporary CSI,dynamic_csi,oos,fund,Base Dataset,small_cap,fpr3,5,lockout_5yr,fpr3_5yr,-0.0001537384,0.0054406673,0.0052869289,0.0032221977,0.0033420355,0.6509814074,0.6757524039,FN/TN are diagnostics; their active retained-weight effect enters realized alpha through retained_stock_reweighting_effect.
temporary CSI,dynamic_csi,oos,fund,Base Dataset,small_cap,fpr5,1,lockout_1yr,fpr5_1yr,-0.0000247834,0.0044677940,0.0044430106,0.0041849833,0.0042044251,0.6627098284,0.6748545207,FN/TN are diagnostics; their active retained-weight effect enters realized alpha through retained_stock_reweighting_effect.
temporary CSI,dynamic_csi,oos,fund,Base Dataset,small_cap,fpr5,2,lockout_2yr,fpr5_2yr,-0.0000687263,0.0064072945,0.0063385683,0.0036195098,0.0036945453,0.6532482087,0.6755351653,FN/TN are diagnostics; their active retained-weight effect enters realized alpha through retained_stock_reweighting_effect.
temporary CSI,dynamic_csi,oos,fund,Base Dataset,small_cap,fpr5,3,lockout_3yr,fpr5_3yr,-0.0001775028,0.0074139017,0.0072363989,0.0032497515,0.0033974836,0.6471193278,0.6759160939,FN/TN are diagnostics; their active retained-weight effect enters realized alpha through retained_stock_reweighting_effect.
temporary CSI,dynamic_csi,oos,fund,Base Dataset,small_cap,fpr5,5,lockout_5yr,fpr5_5yr,-0.0002437489,0.0090973830,0.0088536341,0.0029718668,0.0031527125,0.6362918324,0.6762192078,FN/TN are diagnostics; their active retained-weight effect enters realized alpha through retained_stock_reweighting_effect.
temporary CSI,dynamic_csi,oos,fund,Base Dataset,small_cap,youden,1,lockout_1yr,youden_1yr,-0.0003084022,0.0296322336,0.0293238313,0.0011353329,0.0014026850,0.5499375948,0.6781517847,FN/TN are diagnostics; their active retained-weight effect enters realized alpha through retained_stock_reweighting_effect.
temporary CSI,dynamic_csi,oos,fund,Base Dataset,small_cap,youden,2,lockout_2yr,youden_2yr,-0.0004108826,0.0376128377,0.0372019551,0.0009241682,0.0012453953,0.5085412350,0.6788279787,FN/TN are diagnostics; their active retained-weight effect enters realized alpha through retained_stock_reweighting_effect.
temporary CSI,dynamic_csi,oos,fund,Base Dataset,small_cap,youden,3,lockout_3yr,youden_3yr,-0.0005079116,0.0428870101,0.0423790986,0.0008650570,0.0012558119,0.4796050498,0.6789501819,FN/TN are diagnostics; their active retained-weight effect enters realized alpha through retained_stock_reweighting_effect.
temporary CSI,dynamic_csi,oos,fund,Base Dataset,small_cap,youden,5,lockout_5yr,youden_5yr,-0.0005281741,0.0485894723,0.0480612983,0.0006876381,0.0010795360,0.4440899259,0.6792299802,FN/TN are diagnostics; their active retained-weight effect enters realized alpha through retained_stock_reweighting_effect.
temporary CSI,dynamic_csi,oos,fund,Base Dataset,total_market,fpr1,1,lockout_1yr,fpr1_1yr,-0.0000001273,0.0001599608,0.0001598335,0.0012442399,0.0012444081,0.6804660696,0.6808366556,FN/TN are diagnostics; their active retained-weight effect enters realized alpha through retained_stock_reweighting_effect.
temporary CSI,dynamic_csi,oos,fund,Base Dataset,total_market,fpr1,2,lockout_2yr,fpr1_2yr,-0.0000007691,0.0002995092,0.0002987401,0.0011678637,0.0011693819,0.6800496147,0.6809317082,FN/TN are diagnostics; their active retained-weight effect enters realized alpha through retained_stock_reweighting_effect.
temporary CSI,dynamic_csi,oos,fund,Base Dataset,total_market,fpr1,3,lockout_3yr,fpr1_3yr,-0.0000023496,0.0003173931,0.0003150435,0.0011387365,0.0011414821,0.6797366102,0.6809596108,FN/TN are diagnostics; their active retained-weight effect enters realized alpha through retained_stock_reweighting_effect.
temporary CSI,dynamic_csi,oos,fund,Base Dataset,total_market,fpr1,5,lockout_5yr,fpr1_5yr,-0.0000027228,0.0004216124,0.0004188897,0.0010938319,0.0010969495,0.6792267962,0.6810081116,FN/TN are diagnostics; their active retained-weight effect enters realized alpha through retained_stock_reweighting_effect.
temporary CSI,dynamic_csi,oos,fund,Base Dataset,total_market,fpr3,1,lockout_1yr,fpr3_1yr,-0.0000006692,0.0006677671,0.0006670979,0.0011946467,0.0011954874,0.6792140316,0.6809017327,FN/TN are diagnostics; their active retained-weight effect enters realized alpha through retained_stock_reweighting_effect.
temporary CSI,dynamic_csi,oos,fund,Base Dataset,total_market,fpr3,2,lockout_2yr,fpr3_2yr,-0.0000027809,0.0012431124,0.0012403315,0.0009496122,0.0009534188,0.6774717958,0.6811718981,FN/TN are diagnostics; their active retained-weight effect enters realized alpha through retained_stock_reweighting_effect.
temporary CSI,dynamic_csi,oos,fund,Base Dataset,total_market,fpr3,3,lockout_3yr,fpr3_3yr,-0.0000077707,0.0014092723,0.0014015016,0.0008378434,0.0008454860,0.6760781559,0.6812996401,FN/TN are diagnostics; their active retained-weight effect enters realized alpha through retained_stock_reweighting_effect.
temporary CSI,dynamic_csi,oos,fund,Base Dataset,total_market,fpr3,5,lockout_5yr,fpr3_5yr,-0.0000101079,0.0018336963,0.0018235883,0.0007809553,0.0007903408,0.6735825607,0.6813611637,FN/TN are diagnostics; their active retained-weight effect enters realized alpha through retained_stock_reweighting_effect.
temporary CSI,dynamic_csi,oos,fund,Base Dataset,total_market,fpr5,1,lockout_1yr,fpr5_1yr,-0.0000014497,0.0010681285,0.0010666788,0.0011063854,0.0011080159,0.6781055578,0.6810003961,FN/TN are diagnostics; their active retained-weight effect enters realized alpha through retained_stock_reweighting_effect.
temporary CSI,dynamic_csi,oos,fund,Base Dataset,total_market,fpr5,2,lockout_2yr,fpr5_2yr,-0.0000044434,0.0018779498,0.0018735063,0.0008711958,0.0008765584,0.6753752275,0.6812762534,FN/TN are diagnostics; their active retained-weight effect enters realized alpha through retained_stock_reweighting_effect.
temporary CSI,dynamic_csi,oos,fund,Base Dataset,total_market,fpr5,3,lockout_3yr,fpr5_3yr,-0.0000107551,0.0024595953,0.0024488402,0.0007453059,0.0007553110,0.6728447116,0.6814300593,FN/TN are diagnostics; their active retained-weight effect enters realized alpha through retained_stock_reweighting_effect.
temporary CSI,dynamic_csi,oos,fund,Base Dataset,total_market,fpr5,5,lockout_5yr,fpr5_5yr,-0.0000281850,0.0036410673,0.0036128823,0.0006840364,0.0007068503,0.6649825367,0.6814833828,FN/TN are diagnostics; their active retained-weight effect enters realized alpha through retained_stock_reweighting_effect.
temporary CSI,dynamic_csi,oos,fund,Base Dataset,total_market,youden,1,lockout_1yr,youden_1yr,-0.0000133375,0.0112864546,0.0112731171,0.0002251907,0.0002398356,0.6364631520,0.6820202443,FN/TN are diagnostics; their active retained-weight effect enters realized alpha through retained_stock_reweighting_effect.
temporary CSI,dynamic_csi,oos,fund,Base Dataset,total_market,youden,2,lockout_2yr,youden_2yr,-0.0000190223,0.0149501087,0.0149310865,0.0001861119,0.0002052104,0.6164601081,0.6821892835,FN/TN are diagnostics; their active retained-weight effect enters realized alpha through retained_stock_reweighting_effect.
temporary CSI,dynamic_csi,oos,fund,Base Dataset,total_market,youden,3,lockout_3yr,youden_3yr,-0.0000266547,0.0179234850,0.0178968304,0.0001674574,0.0001932021,0.6001800465,0.6822284029,FN/TN are diagnostics; their active retained-weight effect enters realized alpha through retained_stock_reweighting_effect.
temporary CSI,dynamic_csi,oos,fund,Base Dataset,total_market,youden,5,lockout_5yr,youden_5yr,-0.0000269636,0.0217046371,0.0216776735,0.0001381676,0.0001645671,0.5791681150,0.6823392242,FN/TN are diagnostics; their active retained-weight effect enters realized alpha through retained_stock_reweighting_effect.
temporary CSI,dynamic_csi,test,fund,Base Dataset,large_cap,fpr1,1,lockout_1yr,fpr1_1yr,-0.0000000159,0.0000081975,0.0000081816,0.0000821874,0.0000821968,0.6652408336,0.6653010185,FN/TN are diagnostics; their active retained-weight effect enters realized alpha through retained_stock_reweighting_effect.
temporary CSI,dynamic_csi,test,fund,Base Dataset,large_cap,fpr1,2,lockout_2yr,fpr1_2yr,-0.0000000159,0.0000081975,0.0000081816,0.0000821874,0.0000821968,0.6652408336,0.6653010185,FN/TN are diagnostics; their active retained-weight effect enters realized alpha through retained_stock_reweighting_effect.
temporary CSI,dynamic_csi,test,fund,Base Dataset,large_cap,fpr1,3,lockout_3yr,fpr1_3yr,-0.0000000159,0.0000081975,0.0000081816,0.0000821874,0.0000821968,0.6652408336,0.6653010185,FN/TN are diagnostics; their active retained-weight effect enters realized alpha through retained_stock_reweighting_effect.
temporary CSI,dynamic_csi,test,fund,Base Dataset,large_cap,fpr1,5,lockout_5yr,fpr1_5yr,-0.0000000159,0.0000081975,0.0000081816,0.0000821874,0.0000821968,0.6652408336,0.6653010185,FN/TN are diagnostics; their active retained-weight effect enters realized alpha through retained_stock_reweighting_effect.
temporary CSI,dynamic_csi,test,fund,Base Dataset,large_cap,fpr3,1,lockout_1yr,fpr3_1yr,-0.0000000282,0.0000144472,0.0000144191,0.0000821874,0.0000822040,0.6651736271,0.6653008504,FN/TN are diagnostics; their active retained-weight effect enters realized alpha through retained_stock_reweighting_effect.
temporary CSI,dynamic_csi,test,fund,Base Dataset,large_cap,fpr3,2,lockout_2yr,fpr3_2yr,-0.0000000282,0.0000144472,0.0000144191,0.0000821874,0.0000822040,0.6651736271,0.6653008504,FN/TN are diagnostics; their active retained-weight effect enters realized alpha through retained_stock_reweighting_effect.
temporary CSI,dynamic_csi,test,fund,Base Dataset,large_cap,fpr3,3,lockout_3yr,fpr3_3yr,-0.0000000282,0.0000201342,0.0000201060,0.0000821874,0.0000822040,0.6651489279,0.6653007880,FN/TN are diagnostics; their active retained-weight effect enters realized alpha through retained_stock_reweighting_effect.
temporary CSI,dynamic_csi,test,fund,Base Dataset,large_cap,fpr3,5,lockout_5yr,fpr3_5yr,-0.0000000282,0.0000215882,0.0000215600,0.0000821874,0.0000822040,0.6651345401,0.6653007792,FN/TN are diagnostics; their active retained-weight effect enters realized alpha through retained_stock_reweighting_effect.
temporary CSI,dynamic_csi,test,fund,Base Dataset,large_cap,fpr5,1,lockout_1yr,fpr5_1yr,-0.0000000401,0.0000733372,0.0000732970,0.0000821874,0.0000822111,0.6647712061,0.6653002356,FN/TN are diagnostics; their active retained-weight effect enters realized alpha through retained_stock_reweighting_effect.
temporary CSI,dynamic_csi,test,fund,Base Dataset,large_cap,fpr5,2,lockout_2yr,fpr5_2yr,-0.0000000922,0.0001629924,0.0001629002,0.0000821874,0.0000822418,0.6644146833,0.6652996259,FN/TN are diagnostics; their active retained-weight effect enters realized alpha through retained_stock_reweighting_effect.
temporary CSI,dynamic_csi,test,fund,Base Dataset,large_cap,fpr5,3,lockout_3yr,fpr5_3yr,-0.0000001017,0.0001717567,0.0001716550,0.0000821874,0.0000822474,0.6643559509,0.6653148861,FN/TN are diagnostics; their active retained-weight effect enters realized alpha through retained_stock_reweighting_effect.
temporary CSI,dynamic_csi,test,fund,Base Dataset,large_cap,fpr5,5,lockout_5yr,fpr5_5yr,-0.0000001017,0.0001717567,0.0001716550,0.0000821874,0.0000822474,0.6643559509,0.6653148861,FN/TN are diagnostics; their active retained-weight effect enters realized alpha through retained_stock_reweighting_effect.
temporary CSI,dynamic_csi,test,fund,Base Dataset,large_cap,youden,1,lockout_1yr,youden_1yr,0.0000000990,0.0033701209,0.0033702198,0.0000653310,0.0000669968,0.6429627547,0.6653320753,FN/TN are diagnostics; their active retained-weight effect enters realized alpha through retained_stock_reweighting_effect.
temporary CSI,dynamic_csi,test,fund,Base Dataset,large_cap,youden,2,lockout_2yr,youden_2yr,0.0000001003,0.0043113430,0.0043114433,0.0000653310,0.0000670251,0.6383027436,0.6653619923,FN/TN are diagnostics; their active retained-weight effect enters realized alpha through retained_stock_reweighting_effect.
temporary CSI,dynamic_csi,test,fund,Base Dataset,large_cap,youden,3,lockout_3yr,youden_3yr,0.0000000000,0.0046104220,0.0046104220,0.0000000000,0.0000000000,0.6358907744,0.6654306748,FN/TN are diagnostics; their active retained-weight effect enters realized alpha through retained_stock_reweighting_effect.
temporary CSI,dynamic_csi,test,fund,Base Dataset,large_cap,youden,5,lockout_5yr,youden_5yr,0.0000000000,0.0051912850,0.0051912850,0.0000000000,0.0000000000,0.6322381910,0.6654234083,FN/TN are diagnostics; their active retained-weight effect enters realized alpha through retained_stock_reweighting_effect.
temporary CSI,dynamic_csi,test,fund,Base Dataset,mid_cap,fpr1,1,lockout_1yr,fpr1_1yr,-0.0000005111,0.0000483580,0.0000478469,0.0004659707,0.0004662724,0.6631700452,0.6635093402,FN/TN are diagnostics; their active retained-weight effect enters realized alpha through retained_stock_reweighting_effect.
temporary CSI,dynamic_csi,test,fund,Base Dataset,mid_cap,fpr1,2,lockout_2yr,fpr1_2yr,-0.0000005111,0.0000483580,0.0000478469,0.0004659707,0.0004662724,0.6631700452,0.6635093402,FN/TN are diagnostics; their active retained-weight effect enters realized alpha through retained_stock_reweighting_effect.
temporary CSI,dynamic_csi,test,fund,Base Dataset,mid_cap,fpr1,3,lockout_3yr,fpr1_3yr,-0.0000005111,0.0000483580,0.0000478469,0.0004659707,0.0004662724,0.6631700452,0.6635093402,FN/TN are diagnostics; their active retained-weight effect enters realized alpha through retained_stock_reweighting_effect.
temporary CSI,dynamic_csi,test,fund,Base Dataset,mid_cap,fpr1,5,lockout_5yr,fpr1_5yr,-0.0000005111,0.0000483580,0.0000478469,0.0004659707,0.0004662724,0.6631700452,0.6635093402,FN/TN are diagnostics; their active retained-weight effect enters realized alpha through retained_stock_reweighting_effect.
temporary CSI,dynamic_csi,test,fund,Base Dataset,mid_cap,fpr3,1,lockout_1yr,fpr3_1yr,-0.0000009089,0.0000651982,0.0000642893,0.0004659707,0.0004665073,0.6627895983,0.6635073937,FN/TN are diagnostics; their active retained-weight effect enters realized alpha through retained_stock_reweighting_effect.
temporary CSI,dynamic_csi,test,fund,Base Dataset,mid_cap,fpr3,2,lockout_2yr,fpr3_2yr,-0.0000009089,0.0000651982,0.0000642893,0.0004659707,0.0004665073,0.6627895983,0.6635073937,FN/TN are diagnostics; their active retained-weight effect enters realized alpha through retained_stock_reweighting_effect.
temporary CSI,dynamic_csi,test,fund,Base Dataset,mid_cap,fpr3,3,lockout_3yr,fpr3_3yr,-0.0000009089,0.0000946344,0.0000937254,0.0004659707,0.0004665073,0.6626498655,0.6635069672,FN/TN are diagnostics; their active retained-weight effect enters realized alpha through retained_stock_reweighting_effect.
temporary CSI,dynamic_csi,test,fund,Base Dataset,mid_cap,fpr3,5,lockout_5yr,fpr3_5yr,-0.0000009089,0.0000945036,0.0000935946,0.0004659707,0.0004665073,0.6625682169,0.6635066843,FN/TN are diagnostics; their active retained-weight effect enters realized alpha through retained_stock_reweighting_effect.
temporary CSI,dynamic_csi,test,fund,Base Dataset,mid_cap,fpr5,1,lockout_1yr,fpr5_1yr,-0.0000012971,0.0002016727,0.0002003756,0.0004659707,0.0004667364,0.6623060220,0.6635054661,FN/TN are diagnostics; their active retained-weight effect enters realized alpha through retained_stock_reweighting_effect.
temporary CSI,dynamic_csi,test,fund,Base Dataset,mid_cap,fpr5,2,lockout_2yr,fpr5_2yr,-0.0000012971,0.0002221854,0.0002208882,0.0004659707,0.0004667364,0.6619971355,0.6635047924,FN/TN are diagnostics; their active retained-weight effect enters realized alpha through retained_stock_reweighting_effect.
temporary CSI,dynamic_csi,test,fund,Base Dataset,mid_cap,fpr5,3,lockout_3yr,fpr5_3yr,-0.0000016052,0.0002588045,0.0002571993,0.0004659707,0.0004669183,0.6616646198,0.6635902338,FN/TN are diagnostics; their active retained-weight effect enters realized alpha through retained_stock_reweighting_effect.
temporary CSI,dynamic_csi,test,fund,Base Dataset,mid_cap,fpr5,5,lockout_5yr,fpr5_5yr,-0.0000016052,0.0002588045,0.0002571993,0.0004659707,0.0004669183,0.6616646198,0.6635902338,FN/TN are diagnostics; their active retained-weight effect enters realized alpha through retained_stock_reweighting_effect.
temporary CSI,dynamic_csi,test,fund,Base Dataset,mid_cap,youden,1,lockout_1yr,youden_1yr,0.0000016658,0.0080801557,0.0080818215,0.0003704552,0.0004003273,0.6071532193,0.6636911107,FN/TN are diagnostics; their active retained-weight effect enters realized alpha through retained_stock_reweighting_effect.
temporary CSI,dynamic_csi,test,fund,Base Dataset,mid_cap,youden,2,lockout_2yr,youden_2yr,0.0000017148,0.0098730931,0.0098748078,0.0003704552,0.0004013375,0.5967674241,0.6637197797,FN/TN are diagnostics; their active retained-weight effect enters realized alpha through retained_stock_reweighting_effect.
temporary CSI,dynamic_csi,test,fund,Base Dataset,mid_cap,youden,3,lockout_3yr,youden_3yr,0.0000000000,0.0104830610,0.0104830610,0.0000000000,0.0000000000,0.5911612950,0.6641312740,FN/TN are diagnostics; their active retained-weight effect enters realized alpha through retained_stock_reweighting_effect.
temporary CSI,dynamic_csi,test,fund,Base Dataset,mid_cap,youden,5,lockout_5yr,youden_5yr,0.0000000000,0.0119480941,0.0119480941,0.0000000000,0.0000000000,0.5810728166,0.6640786609,FN/TN are diagnostics; their active retained-weight effect enters realized alpha through retained_stock_reweighting_effect.
temporary CSI,dynamic_csi,test,fund,Base Dataset,small_cap,fpr1,1,lockout_1yr,fpr1_1yr,-0.0000009988,0.0000629749,0.0000619761,0.0049214110,0.0049246339,0.6569140882,0.6572050103,FN/TN are diagnostics; their active retained-weight effect enters realized alpha through retained_stock_reweighting_effect.
temporary CSI,dynamic_csi,test,fund,Base Dataset,small_cap,fpr1,2,lockout_2yr,fpr1_2yr,-0.0000014588,0.0000668044,0.0000653456,0.0049214110,0.0049250095,0.6568250181,0.6572041892,FN/TN are diagnostics; their active retained-weight effect enters realized alpha through retained_stock_reweighting_effect.
temporary CSI,dynamic_csi,test,fund,Base Dataset,small_cap,fpr1,3,lockout_3yr,fpr1_3yr,-0.0000014588,0.0000668044,0.0000653456,0.0049214110,0.0049250095,0.6568250181,0.6572041892,FN/TN are diagnostics; their active retained-weight effect enters realized alpha through retained_stock_reweighting_effect.
temporary CSI,dynamic_csi,test,fund,Base Dataset,small_cap,fpr1,5,lockout_5yr,fpr1_5yr,-0.0000014588,0.0000668044,0.0000653456,0.0049214110,0.0049250095,0.6568250181,0.6572041892,FN/TN are diagnostics; their active retained-weight effect enters realized alpha through retained_stock_reweighting_effect.
temporary CSI,dynamic_csi,test,fund,Base Dataset,small_cap,fpr3,1,lockout_1yr,fpr3_1yr,-0.0000157298,0.0004582986,0.0004425688,0.0048608920,0.0048829456,0.6543364338,0.6572296404,FN/TN are diagnostics; their active retained-weight effect enters realized alpha through retained_stock_reweighting_effect.
temporary CSI,dynamic_csi,test,fund,Base Dataset,small_cap,fpr3,2,lockout_2yr,fpr3_2yr,-0.0000196923,0.0005296367,0.0005099444,0.0046898605,0.0047176125,0.6536909271,0.6573898229,FN/TN are diagnostics; their active retained-weight effect enters realized alpha through retained_stock_reweighting_effect.
temporary CSI,dynamic_csi,test,fund,Base Dataset,small_cap,fpr3,3,lockout_3yr,fpr3_3yr,-0.0000208619,0.0005684870,0.0005476251,0.0046898605,0.0047190548,0.6533358279,0.6573860905,FN/TN are diagnostics; their active retained-weight effect enters realized alpha through retained_stock_reweighting_effect.
temporary CSI,dynamic_csi,test,fund,Base Dataset,small_cap,fpr3,5,lockout_5yr,fpr3_5yr,-0.0000231683,0.0006446889,0.0006215206,0.0046898605,0.0047234997,0.6528598403,0.6573782048,FN/TN are diagnostics; their active retained-weight effect enters realized alpha through retained_stock_reweighting_effect.
temporary CSI,dynamic_csi,test,fund,Base Dataset,small_cap,fpr5,1,lockout_1yr,fpr5_1yr,-0.0000345523,0.0007148149,0.0006802625,0.0046922461,0.0047365783,0.6516216491,0.6573698358,FN/TN are diagnostics; their active retained-weight effect enters realized alpha through retained_stock_reweighting_effect.
temporary CSI,dynamic_csi,test,fund,Base Dataset,small_cap,fpr5,2,lockout_2yr,fpr5_2yr,-0.0000450669,0.0009124961,0.0008674292,0.0044726490,0.0045332193,0.6499564121,0.6575873139,FN/TN are diagnostics; their active retained-weight effect enters realized alpha through retained_stock_reweighting_effect.
temporary CSI,dynamic_csi,test,fund,Base Dataset,small_cap,fpr5,3,lockout_3yr,fpr5_3yr,-0.0000485737,0.0010639843,0.0010154106,0.0044726490,0.0045390379,0.6490500309,0.6575753532,FN/TN are diagnostics; their active retained-weight effect enters realized alpha through retained_stock_reweighting_effect.
temporary CSI,dynamic_csi,test,fund,Base Dataset,small_cap,fpr5,5,lockout_5yr,fpr5_5yr,-0.0000499922,0.0011414719,0.0010914797,0.0044726490,0.0045407901,0.6485835602,0.6575704773,FN/TN are diagnostics; their active retained-weight effect enters realized alpha through retained_stock_reweighting_effect.
temporary CSI,dynamic_csi,test,fund,Base Dataset,small_cap,youden,1,lockout_1yr,youden_1yr,-0.0002090950,0.0132431365,0.0130340415,0.0011823901,0.0014007600,0.5527091179,0.6606297135,FN/TN are diagnostics; their active retained-weight effect enters realized alpha through retained_stock_reweighting_effect.
temporary CSI,dynamic_csi,test,fund,Base Dataset,small_cap,youden,2,lockout_2yr,youden_2yr,-0.0001714483,0.0152985791,0.0151271308,0.0007348539,0.0008847489,0.5388205325,0.6616955957,FN/TN are diagnostics; their active retained-weight effect enters realized alpha through retained_stock_reweighting_effect.
temporary CSI,dynamic_csi,test,fund,Base Dataset,small_cap,youden,3,lockout_3yr,youden_3yr,-0.0001858344,0.0161741612,0.0159883268,0.0007348539,0.0008973327,0.5311255254,0.6618349276,FN/TN are diagnostics; their active retained-weight effect enters realized alpha through retained_stock_reweighting_effect.
temporary CSI,dynamic_csi,test,fund,Base Dataset,small_cap,youden,5,lockout_5yr,youden_5yr,-0.0002139255,0.0179554402,0.0177415147,0.0006946422,0.0008738895,0.5162272792,0.6619615697,FN/TN are diagnostics; their active retained-weight effect enters realized alpha through retained_stock_reweighting_effect.
temporary CSI,dynamic_csi,test,fund,Base Dataset,total_market,fpr1,1,lockout_1yr,fpr1_1yr,-0.0000001881,0.0000253309,0.0000251429,0.0012257769,0.0012260961,0.6634906208,0.6636427974,FN/TN are diagnostics; their active retained-weight effect enters realized alpha through retained_stock_reweighting_effect.
temporary CSI,dynamic_csi,test,fund,Base Dataset,total_market,fpr1,2,lockout_2yr,fpr1_2yr,-0.0000002456,0.0000316320,0.0000313864,0.0012203344,0.0012207308,0.6634549885,0.6636483489,FN/TN are diagnostics; their active retained-weight effect enters realized alpha through retained_stock_reweighting_effect.
temporary CSI,dynamic_csi,test,fund,Base Dataset,total_market,fpr1,3,lockout_3yr,fpr1_3yr,-0.0000002528,0.0000340840,0.0000338312,0.0012197959,0.0012202066,0.6634446320,0.6636488651,FN/TN are diagnostics; their active retained-weight effect enters realized alpha through retained_stock_reweighting_effect.
temporary CSI,dynamic_csi,test,fund,Base Dataset,total_market,fpr1,5,lockout_5yr,fpr1_5yr,-0.0000002642,0.0000347603,0.0000344961,0.0012197035,0.0012201276,0.6634378695,0.6636489351,FN/TN are diagnostics; their active retained-weight effect enters realized alpha through retained_stock_reweighting_effect.
temporary CSI,dynamic_csi,test,fund,Base Dataset,total_market,fpr3,1,lockout_1yr,fpr3_1yr,-0.0000011986,0.0001600487,0.0001588501,0.0011438743,0.0011456324,0.6627428425,0.6637257537,FN/TN are diagnostics; their active retained-weight effect enters realized alpha through retained_stock_reweighting_effect.
temporary CSI,dynamic_csi,test,fund,Base Dataset,total_market,fpr3,2,lockout_2yr,fpr3_2yr,-0.0000014158,0.0001897606,0.0001883448,0.0010925337,0.0010946394,0.6625762450,0.6637773107,FN/TN are diagnostics; their active retained-weight effect enters realized alpha through retained_stock_reweighting_effect.
temporary CSI,dynamic_csi,test,fund,Base Dataset,total_market,fpr3,3,lockout_3yr,fpr3_3yr,-0.0000015063,0.0002103439,0.0002088376,0.0010895011,0.0010917292,0.6624723622,0.6637799949,FN/TN are diagnostics; their active retained-weight effect enters realized alpha through retained_stock_reweighting_effect.
temporary CSI,dynamic_csi,test,fund,Base Dataset,total_market,fpr3,5,lockout_5yr,fpr3_5yr,-0.0000016685,0.0002292514,0.0002275829,0.0010741133,0.0010765734,0.6623460128,0.6637948160,FN/TN are diagnostics; their active retained-weight effect enters realized alpha through retained_stock_reweighting_effect.
temporary CSI,dynamic_csi,test,fund,Base Dataset,total_market,fpr5,1,lockout_1yr,fpr5_1yr,-0.0000025998,0.0003381244,0.0003355247,0.0010400173,0.0010439242,0.6616546794,0.6638300919,FN/TN are diagnostics; their active retained-weight effect enters realized alpha through retained_stock_reweighting_effect.
temporary CSI,dynamic_csi,test,fund,Base Dataset,total_market,fpr5,2,lockout_2yr,fpr5_2yr,-0.0000030309,0.0004800572,0.0004770263,0.0009734777,0.0009782540,0.6609869727,0.6638993259,FN/TN are diagnostics; their active retained-weight effect enters realized alpha through retained_stock_reweighting_effect.
temporary CSI,dynamic_csi,test,fund,Base Dataset,total_market,fpr5,3,lockout_3yr,fpr5_3yr,-0.0000032193,0.0005191787,0.0005159594,0.0009699921,0.0009750710,0.6607655349,0.6639152891,FN/TN are diagnostics; their active retained-weight effect enters realized alpha through retained_stock_reweighting_effect.
temporary CSI,dynamic_csi,test,fund,Base Dataset,total_market,fpr5,5,lockout_5yr,fpr5_5yr,-0.0000033275,0.0005375400,0.0005342124,0.0009650483,0.0009702598,0.6606349709,0.6639202810,FN/TN are diagnostics; their active retained-weight effect enters realized alpha through retained_stock_reweighting_effect.
temporary CSI,dynamic_csi,test,fund,Base Dataset,total_market,youden,1,lockout_1yr,youden_1yr,-0.0000124666,0.0057786456,0.0057661791,0.0002573370,0.0002724797,0.6258463259,0.6646719649,FN/TN are diagnostics; their active retained-weight effect enters realized alpha through retained_stock_reweighting_effect.
temporary CSI,dynamic_csi,test,fund,Base Dataset,total_market,youden,2,lockout_2yr,youden_2yr,-0.0000099722,0.0069678045,0.0069578323,0.0001905367,0.0002024620,0.6196344117,0.6648501155,FN/TN are diagnostics; their active retained-weight effect enters realized alpha through retained_stock_reweighting_effect.
temporary CSI,dynamic_csi,test,fund,Base Dataset,total_market,youden,3,lockout_3yr,youden_3yr,-0.0000107662,0.0074239975,0.0074132313,0.0001276574,0.0001370768,0.6163487796,0.6649391866,FN/TN are diagnostics; their active retained-weight effect enters realized alpha through retained_stock_reweighting_effect.
temporary CSI,dynamic_csi,test,fund,Base Dataset,total_market,youden,5,lockout_5yr,youden_5yr,-0.0000116958,0.0081997688,0.0081880730,0.0001164299,0.0001261158,0.6109208892,0.6649630005,FN/TN are diagnostics; their active retained-weight effect enters realized alpha through retained_stock_reweighting_effect.
permanent CSI,permanent_csi,full,fund,Base Dataset,large_cap,fpr1,0,permanent_removal,fpr1_permanent,-0.0000000260,0.0001235984,0.0001235724,0.0005428479,0.0005428894,0.6678405507,0.6684070315,FN/TN are diagnostics; their active retained-weight effect enters realized alpha through retained_stock_reweighting_effect.
permanent CSI,permanent_csi,full,fund,Base Dataset,large_cap,fpr3,0,permanent_removal,fpr3_permanent,-0.0000021164,0.0006863110,0.0006841946,0.0004317976,0.0004339477,0.6643153447,0.6685332254,FN/TN are diagnostics; their active retained-weight effect enters realized alpha through retained_stock_reweighting_effect.
permanent CSI,permanent_csi,full,fund,Base Dataset,large_cap,fpr5,0,permanent_removal,fpr5_permanent,-0.0000050408,0.0012341417,0.0012291010,0.0003925144,0.0003971508,0.6601759741,0.6685954231,FN/TN are diagnostics; their active retained-weight effect enters realized alpha through retained_stock_reweighting_effect.
permanent CSI,permanent_csi,full,fund,Base Dataset,large_cap,youden,0,permanent_removal,youden_permanent,-0.0000455420,0.0138329727,0.0137874306,0.0003206874,0.0003576090,0.5732829009,0.6688658928,FN/TN are diagnostics; their active retained-weight effect enters realized alpha through retained_stock_reweighting_effect.
permanent CSI,permanent_csi,full,fund,Base Dataset,mid_cap,fpr1,0,permanent_removal,fpr1_permanent,-0.0000002523,0.0001760267,0.0001757744,0.0010429997,0.0010435591,0.6654039062,0.6665489686,FN/TN are diagnostics; their active retained-weight effect enters realized alpha through retained_stock_reweighting_effect.
permanent CSI,permanent_csi,full,fund,Base Dataset,mid_cap,fpr3,0,permanent_removal,fpr3_permanent,-0.0000137485,0.0025645390,0.0025507905,0.0007291945,0.0007465391,0.6514768499,0.6668611094,FN/TN are diagnostics; their active retained-weight effect enters realized alpha through retained_stock_reweighting_effect.
permanent CSI,permanent_csi,full,fund,Base Dataset,mid_cap,fpr5,0,permanent_removal,fpr5_permanent,-0.0000237492,0.0040572160,0.0040334668,0.0005066532,0.0005323225,0.6409171442,0.6671412889,FN/TN are diagnostics; their active retained-weight effect enters realized alpha through retained_stock_reweighting_effect.
permanent CSI,permanent_csi,full,fund,Base Dataset,mid_cap,youden,0,permanent_removal,youden_permanent,-0.0000759925,0.0235023954,0.0234264029,0.0002090979,0.0002702353,0.5056856759,0.6676162483,FN/TN are diagnostics; their active retained-weight effect enters realized alpha through retained_stock_reweighting_effect.
permanent CSI,permanent_csi,full,fund,Base Dataset,small_cap,fpr1,0,permanent_removal,fpr1_permanent,-0.0000209251,0.0012148364,0.0011939113,0.0031822227,0.0032043212,0.6557276679,0.6627503575,FN/TN are diagnostics; their active retained-weight effect enters realized alpha through retained_stock_reweighting_effect.
permanent CSI,permanent_csi,full,fund,Base Dataset,small_cap,fpr3,0,permanent_removal,fpr3_permanent,-0.0000926357,0.0039380986,0.0038454629,0.0026574488,0.0027556246,0.6359834019,0.6633643957,FN/TN are diagnostics; their active retained-weight effect enters realized alpha through retained_stock_reweighting_effect.
permanent CSI,permanent_csi,full,fund,Base Dataset,small_cap,fpr5,0,permanent_removal,fpr5_permanent,-0.0001440962,0.0065253405,0.0063812443,0.0022361476,0.0023812227,0.6175165872,0.6637200592,FN/TN are diagnostics; their active retained-weight effect enters realized alpha through retained_stock_reweighting_effect.
permanent CSI,permanent_csi,full,fund,Base Dataset,small_cap,youden,0,permanent_removal,youden_permanent,-0.0003648833,0.0307699364,0.0304050531,0.0006339066,0.0009439460,0.4340404153,0.6659608068,FN/TN are diagnostics; their active retained-weight effect enters realized alpha through retained_stock_reweighting_effect.
permanent CSI,permanent_csi,full,fund,Base Dataset,total_market,fpr1,0,permanent_removal,fpr1_permanent,-0.0000021220,0.0003847010,0.0003825790,0.0012183555,0.0012206715,0.6651566785,0.6672582177,FN/TN are diagnostics; their active retained-weight effect enters realized alpha through retained_stock_reweighting_effect.
permanent CSI,permanent_csi,full,fund,Base Dataset,total_market,fpr3,0,permanent_removal,fpr3_permanent,-0.0000111164,0.0013538542,0.0013427379,0.0009748319,0.0009862415,0.6587914528,0.6675418470,FN/TN are diagnostics; their active retained-weight effect enters realized alpha through retained_stock_reweighting_effect.
permanent CSI,permanent_csi,full,fund,Base Dataset,total_market,fpr5,0,permanent_removal,fpr5_permanent,-0.0000191464,0.0022833763,0.0022642299,0.0008318858,0.0008503683,0.6521816474,0.6677103699,FN/TN are diagnostics; their active retained-weight effect enters realized alpha through retained_stock_reweighting_effect.
permanent CSI,permanent_csi,full,fund,Base Dataset,total_market,youden,0,permanent_removal,youden_permanent,-0.0000823480,0.0167176500,0.0166353020,0.0003904120,0.0004570121,0.5495383112,0.6684768949,FN/TN are diagnostics; their active retained-weight effect enters realized alpha through retained_stock_reweighting_effect.
permanent CSI,permanent_csi,insample,fund,Base Dataset,large_cap,fpr1,0,permanent_removal,fpr1_permanent,-0.0000000475,0.0000061411,0.0000060936,0.0008907879,0.0008908393,0.6638045153,0.6638699035,FN/TN are diagnostics; their active retained-weight effect enters realized alpha through retained_stock_reweighting_effect.
permanent CSI,permanent_csi,insample,fund,Base Dataset,large_cap,fpr3,0,permanent_removal,fpr3_permanent,-0.0000035942,0.0003633281,0.0003597340,0.0007229585,0.0007265298,0.6607731609,0.6640401198,FN/TN are diagnostics; their active retained-weight effect enters realized alpha through retained_stock_reweighting_effect.
permanent CSI,permanent_csi,insample,fund,Base Dataset,large_cap,fpr5,0,permanent_removal,fpr5_permanent,-0.0000085565,0.0007351887,0.0007266322,0.0006564792,0.0006641862,0.6568565468,0.6641234241,FN/TN are diagnostics; their active retained-weight effect enters realized alpha through retained_stock_reweighting_effect.
permanent CSI,permanent_csi,insample,fund,Base Dataset,large_cap,youden,0,permanent_removal,youden_permanent,-0.0000774117,0.0070661903,0.0069887786,0.0005349258,0.0005955804,0.5929679349,0.6644444483,FN/TN are diagnostics; their active retained-weight effect enters realized alpha through retained_stock_reweighting_effect.
permanent CSI,permanent_csi,insample,fund,Base Dataset,mid_cap,fpr1,0,permanent_removal,fpr1_permanent,-0.0000004270,0.0000467942,0.0000463672,0.0016071135,0.0016080602,0.6611731123,0.6615415499,FN/TN are diagnostics; their active retained-weight effect enters realized alpha through retained_stock_reweighting_effect.
permanent CSI,permanent_csi,insample,fund,Base Dataset,mid_cap,fpr3,0,permanent_removal,fpr3_permanent,-0.0000234166,0.0017001380,0.0016767214,0.0011900448,0.0012185951,0.6490431060,0.6618931689,FN/TN are diagnostics; their active retained-weight effect enters realized alpha through retained_stock_reweighting_effect.
permanent CSI,permanent_csi,insample,fund,Base Dataset,mid_cap,fpr5,0,permanent_removal,fpr5_permanent,-0.0000406125,0.0023685490,0.0023279364,0.0008134364,0.0008546203,0.6412357438,0.6623026275,FN/TN are diagnostics; their active retained-weight effect enters realized alpha through retained_stock_reweighting_effect.
permanent CSI,permanent_csi,insample,fund,Base Dataset,mid_cap,youden,0,permanent_removal,youden_permanent,-0.0001319901,0.0176909809,0.0175589907,0.0003098813,0.0003951917,0.5213541797,0.6630240883,FN/TN are diagnostics; their active retained-weight effect enters realized alpha through retained_stock_reweighting_effect.
permanent CSI,permanent_csi,insample,fund,Base Dataset,small_cap,fpr1,0,permanent_removal,fpr1_permanent,-0.0000225699,0.0003406276,0.0003180577,0.0044791014,0.0045072247,0.6539016489,0.6576060461,FN/TN are diagnostics; their active retained-weight effect enters realized alpha through retained_stock_reweighting_effect.
permanent CSI,permanent_csi,insample,fund,Base Dataset,small_cap,fpr3,0,permanent_removal,fpr3_permanent,-0.0001227970,0.0021898631,0.0020670660,0.0037319685,0.0038690694,0.6358758371,0.6583601001,FN/TN are diagnostics; their active retained-weight effect enters realized alpha through retained_stock_reweighting_effect.
permanent CSI,permanent_csi,insample,fund,Base Dataset,small_cap,fpr5,0,permanent_removal,fpr5_permanent,-0.0001874257,0.0036904955,0.0035030698,0.0030672094,0.0032637207,0.6210232182,0.6589858166,FN/TN are diagnostics; their active retained-weight effect enters realized alpha through retained_stock_reweighting_effect.
permanent CSI,permanent_csi,insample,fund,Base Dataset,small_cap,youden,0,permanent_removal,youden_permanent,-0.0004934967,0.0219030977,0.0214096010,0.0009435490,0.0013956275,0.4527675833,0.6615896160,FN/TN are diagnostics; their active retained-weight effect enters realized alpha through retained_stock_reweighting_effect.
permanent CSI,permanent_csi,insample,fund,Base Dataset,total_market,fpr1,0,permanent_removal,fpr1_permanent,-0.0000026380,0.0000837480,0.0000811100,0.0017897816,0.0017927950,0.6615712883,0.6625469709,FN/TN are diagnostics; their active retained-weight effect enters realized alpha through retained_stock_reweighting_effect.
permanent CSI,permanent_csi,insample,fund,Base Dataset,total_market,fpr3,0,permanent_removal,fpr3_permanent,-0.0000160627,0.0006711131,0.0006550504,0.0014460316,0.0014625125,0.6559807974,0.6629091396,FN/TN are diagnostics; their active retained-weight effect enters realized alpha through retained_stock_reweighting_effect.
permanent CSI,permanent_csi,insample,fund,Base Dataset,total_market,fpr5,0,permanent_removal,fpr5_permanent,-0.0000278216,0.0012393374,0.0012115158,0.0012311241,0.0012580120,0.6500816627,0.6631454032,FN/TN are diagnostics; their active retained-weight effect enters realized alpha through retained_stock_reweighting_effect.
permanent CSI,permanent_csi,insample,fund,Base Dataset,total_market,youden,0,permanent_removal,youden_permanent,-0.0001280298,0.0092832816,0.0091552518,0.0006233144,0.0007263143,0.5690457747,0.6640560823,FN/TN are diagnostics; their active retained-weight effect enters realized alpha through retained_stock_reweighting_effect.
permanent CSI,permanent_csi,oos,fund,Base Dataset,large_cap,fpr1,0,permanent_removal,fpr1_permanent,0.0000000091,0.0005279716,0.0005279808,0.0000202175,0.0000202662,0.6803522810,0.6826747869,FN/TN are diagnostics; their active retained-weight effect enters realized alpha through retained_stock_reweighting_effect.
permanent CSI,permanent_csi,oos,fund,Base Dataset,large_cap,fpr3,0,permanent_removal,fpr3_permanent,0.0000000327,0.0016423456,0.0016423783,0.0000202175,0.0000203922,0.6757871637,0.6826884056,FN/TN are diagnostics; their active retained-weight effect enters realized alpha through retained_stock_reweighting_effect.
permanent CSI,permanent_csi,oos,fund,Base Dataset,large_cap,fpr5,0,permanent_removal,fpr5_permanent,0.0000000676,0.0026625457,0.0026626134,0.0000202175,0.0000205793,0.6708534910,0.6827180571,FN/TN are diagnostics; their active retained-weight effect enters realized alpha through retained_stock_reweighting_effect.
permanent CSI,permanent_csi,oos,fund,Base Dataset,large_cap,youden,0,permanent_removal,youden_permanent,0.0000008887,0.0306588170,0.0306597057,0.0000202175,0.0000249708,0.5299869725,0.6827715324,FN/TN are diagnostics; their active retained-weight effect enters realized alpha through retained_stock_reweighting_effect.
permanent CSI,permanent_csi,oos,fund,Base Dataset,mid_cap,fpr1,0,permanent_removal,fpr1_permanent,0.0000000000,0.0006530004,0.0006530004,0.0001143395,0.0001143395,0.6778416372,0.6819219742,FN/TN are diagnostics; their active retained-weight effect enters realized alpha through retained_stock_reweighting_effect.
permanent CSI,permanent_csi,oos,fund,Base Dataset,mid_cap,fpr3,0,permanent_removal,fpr3_permanent,0.0000003899,0.0052091009,0.0052094908,0.0001143395,0.0001164247,0.6589985653,0.6819874678,FN/TN are diagnostics; their active retained-weight effect enters realized alpha through retained_stock_reweighting_effect.
permanent CSI,permanent_csi,oos,fund,Base Dataset,mid_cap,fpr5,0,permanent_removal,fpr5_permanent,0.0000010969,0.0089641022,0.0089651990,0.0001143395,0.0001202061,0.6411061068,0.6821479416,FN/TN are diagnostics; their active retained-weight effect enters realized alpha through retained_stock_reweighting_effect.
permanent CSI,permanent_csi,oos,fund,Base Dataset,mid_cap,youden,0,permanent_removal,youden_permanent,0.0000088173,0.0390899017,0.0390987189,0.0001143395,0.0001615369,0.4725269709,0.6821183306,FN/TN are diagnostics; their active retained-weight effect enters realized alpha through retained_stock_reweighting_effect.
permanent CSI,permanent_csi,oos,fund,Base Dataset,small_cap,fpr1,0,permanent_removal,fpr1_permanent,-0.0000242174,0.0040740589,0.0040498415,0.0004698369,0.0004832665,0.6603772437,0.6785708154,FN/TN are diagnostics; their active retained-weight effect enters realized alpha through retained_stock_reweighting_effect.
permanent CSI,permanent_csi,oos,fund,Base Dataset,small_cap,fpr3,0,permanent_removal,fpr3_permanent,-0.0000548703,0.0097021562,0.0096472859,0.0004201719,0.0004503950,0.6319958827,0.6788776911,FN/TN are diagnostics; their active retained-weight effect enters realized alpha through retained_stock_reweighting_effect.
permanent CSI,permanent_csi,oos,fund,Base Dataset,small_cap,fpr5,0,permanent_removal,fpr5_permanent,-0.0000828458,0.0157210229,0.0156381771,0.0003680693,0.0004131659,0.6032536170,0.6788272184,FN/TN are diagnostics; their active retained-weight effect enters realized alpha through retained_stock_reweighting_effect.
permanent CSI,permanent_csi,oos,fund,Base Dataset,small_cap,youden,0,permanent_removal,youden_permanent,-0.0001522715,0.0586536971,0.0585014256,0.0000757591,0.0001340159,0.3854052501,0.6801998071,FN/TN are diagnostics; their active retained-weight effect enters realized alpha through retained_stock_reweighting_effect.
permanent CSI,permanent_csi,oos,fund,Base Dataset,total_market,fpr1,0,permanent_removal,fpr1_permanent,-0.0000018168,0.0013425769,0.0013407601,0.0001774618,0.0001788937,0.6761435296,0.6819514695,FN/TN are diagnostics; their active retained-weight effect enters realized alpha through retained_stock_reweighting_effect.
permanent CSI,permanent_csi,oos,fund,Base Dataset,total_market,fpr3,0,permanent_removal,fpr3_permanent,-0.0000039836,0.0033897748,0.0033857912,0.0001403774,0.0001434460,0.6673998455,0.6820514308,FN/TN are diagnostics; their active retained-weight effect enters realized alpha through retained_stock_reweighting_effect.
permanent CSI,permanent_csi,oos,fund,Base Dataset,total_market,fpr5,0,permanent_removal,fpr5_permanent,-0.0000057543,0.0053169755,0.0053112212,0.0001211859,0.0001255233,0.6586311621,0.6821043376,FN/TN are diagnostics; their active retained-weight effect enters realized alpha through retained_stock_reweighting_effect.
permanent CSI,permanent_csi,oos,fund,Base Dataset,total_market,youden,0,permanent_removal,youden_permanent,-0.0000127659,0.0354105409,0.0353977750,0.0000339847,0.0000449953,0.5058238819,0.6824365313,FN/TN are diagnostics; their active retained-weight effect enters realized alpha through retained_stock_reweighting_effect.
permanent CSI,permanent_csi,test,fund,Base Dataset,large_cap,fpr1,0,permanent_removal,fpr1_permanent,0.0000000000,0.0000000000,0.0000000000,0.0000653310,0.0000653310,0.6653180033,0.6653180033,FN/TN are diagnostics; their active retained-weight effect enters realized alpha through retained_stock_reweighting_effect.
permanent CSI,permanent_csi,test,fund,Base Dataset,large_cap,fpr3,0,permanent_removal,fpr3_permanent,0.0000000000,0.0005417122,0.0005417122,0.0000000000,0.0000000000,0.6614876682,0.6654418435,FN/TN are diagnostics; their active retained-weight effect enters realized alpha through retained_stock_reweighting_effect.
permanent CSI,permanent_csi,test,fund,Base Dataset,large_cap,fpr5,0,permanent_removal,fpr5_permanent,0.0000000000,0.0010719238,0.0010719238,0.0000000000,0.0000000000,0.6576172167,0.6654761274,FN/TN are diagnostics; their active retained-weight effect enters realized alpha through retained_stock_reweighting_effect.
permanent CSI,permanent_csi,test,fund,Base Dataset,large_cap,youden,0,permanent_removal,youden_permanent,0.0000000000,0.0150397699,0.0150397699,0.0000000000,0.0000000000,0.5634264510,0.6658535378,FN/TN are diagnostics; their active retained-weight effect enters realized alpha through retained_stock_reweighting_effect.
permanent CSI,permanent_csi,test,fund,Base Dataset,mid_cap,fpr1,0,permanent_removal,fpr1_permanent,0.0000000000,0.0000000000,0.0000000000,0.0003704552,0.0003704552,0.6636068224,0.6636068224,FN/TN are diagnostics; their active retained-weight effect enters realized alpha through retained_stock_reweighting_effect.
permanent CSI,permanent_csi,test,fund,Base Dataset,mid_cap,fpr3,0,permanent_removal,fpr3_permanent,0.0000000000,0.0020738243,0.0020738243,0.0000000000,0.0000000000,0.6499843733,0.6640989678,FN/TN are diagnostics; their active retained-weight effect enters realized alpha through retained_stock_reweighting_effect.
permanent CSI,permanent_csi,test,fund,Base Dataset,mid_cap,fpr5,0,permanent_removal,fpr5_permanent,0.0000000000,0.0034315306,0.0034315306,0.0000000000,0.0000000000,0.6396454925,0.6641086225,FN/TN are diagnostics; their active retained-weight effect enters realized alpha through retained_stock_reweighting_effect.
permanent CSI,permanent_csi,test,fund,Base Dataset,mid_cap,youden,0,permanent_removal,youden_permanent,0.0000000000,0.0231058908,0.0231058908,0.0000000000,0.0000000000,0.4962114197,0.6644131656,FN/TN are diagnostics; their active retained-weight effect enters realized alpha through retained_stock_reweighting_effect.
permanent CSI,permanent_csi,test,fund,Base Dataset,small_cap,fpr1,0,permanent_removal,fpr1_permanent,-0.0000114641,0.0004885848,0.0004771208,0.0023578491,0.0023712033,0.6558502600,0.6596937972,FN/TN are diagnostics; their active retained-weight effect enters realized alpha through retained_stock_reweighting_effect.
permanent CSI,permanent_csi,test,fund,Base Dataset,small_cap,fpr3,0,permanent_removal,fpr3_permanent,-0.0000418144,0.0024414667,0.0023996523,0.0019618556,0.0020184662,0.6413173863,0.6602367374,FN/TN are diagnostics; their active retained-weight effect enters realized alpha through retained_stock_reweighting_effect.
permanent CSI,permanent_csi,test,fund,Base Dataset,small_cap,fpr5,0,permanent_removal,fpr5_permanent,-0.0000798306,0.0043116105,0.0042317800,0.0018702948,0.0019731752,0.6239487494,0.6602223989,FN/TN are diagnostics; their active retained-weight effect enters realized alpha through retained_stock_reweighting_effect.
permanent CSI,permanent_csi,test,fund,Base Dataset,small_cap,youden,0,permanent_removal,youden_permanent,-0.0002125879,0.0253346036,0.0251220157,0.0003252532,0.0004883939,0.4339710761,0.6623684264,FN/TN are diagnostics; their active retained-weight effect enters realized alpha through retained_stock_reweighting_effect.
permanent CSI,permanent_csi,test,fund,Base Dataset,total_market,fpr1,0,permanent_removal,fpr1_permanent,-0.0000008266,0.0001661974,0.0001653708,0.0006623378,0.0006634926,0.6630756331,0.6642032047,FN/TN are diagnostics; their active retained-weight effect enters realized alpha through retained_stock_reweighting_effect.
permanent CSI,permanent_csi,test,fund,Base Dataset,total_market,fpr3,0,permanent_removal,fpr3_permanent,-0.0000039568,0.0010312544,0.0010272977,0.0004865010,0.0004918552,0.6571655918,0.6644611665,FN/TN are diagnostics; their active retained-weight effect enters realized alpha through retained_stock_reweighting_effect.
permanent CSI,permanent_csi,test,fund,Base Dataset,total_market,fpr5,0,permanent_removal,fpr5_permanent,-0.0000076918,0.0018920755,0.0018843836,0.0004227362,0.0004315829,0.6509447043,0.6645540520,FN/TN are diagnostics; their active retained-weight effect enters realized alpha through retained_stock_reweighting_effect.
permanent CSI,permanent_csi,test,fund,Base Dataset,total_market,youden,0,permanent_removal,youden_permanent,-0.0000208512,0.0178147967,0.0177939455,0.0000790134,0.0000968011,0.5407820916,0.6653949902,FN/TN are diagnostics; their active retained-weight effect enters realized alpha through retained_stock_reweighting_effect.
temporary CSI,dynamic_csi,full,latent_raw,Latent Dataset (VAE),large_cap,fpr1,1,lockout_1yr,fpr1_1yr,-0.0000000532,0.0000642328,0.0000641796,0.0009765639,0.0009767050,0.6677428749,0.6679612020,FN/TN are diagnostics; their active retained-weight effect enters realized alpha through retained_stock_reweighting_effect.
temporary CSI,dynamic_csi,full,latent_raw,Latent Dataset (VAE),large_cap,fpr1,2,lockout_2yr,fpr1_2yr,-0.0000000963,0.0001094309,0.0001093346,0.0009696654,0.0009700786,0.6675193935,0.6679715046,FN/TN are diagnostics; their active retained-weight effect enters realized alpha through retained_stock_reweighting_effect.
temporary CSI,dynamic_csi,full,latent_raw,Latent Dataset (VAE),large_cap,fpr1,3,lockout_3yr,fpr1_3yr,-0.0000001142,0.0001171038,0.0001169896,0.0009696654,0.0009701288,0.6674054144,0.6679731087,FN/TN are diagnostics; their active retained-weight effect enters realized alpha through retained_stock_reweighting_effect.
temporary CSI,dynamic_csi,full,latent_raw,Latent Dataset (VAE),large_cap,fpr1,5,lockout_5yr,fpr1_5yr,-0.0000005423,0.0001833545,0.0001828122,0.0009015567,0.0009023051,0.6670215350,0.6680429701,FN/TN are diagnostics; their active retained-weight effect enters realized alpha through retained_stock_reweighting_effect.
temporary CSI,dynamic_csi,full,latent_raw,Latent Dataset (VAE),large_cap,fpr3,1,lockout_1yr,fpr3_1yr,-0.0000000160,0.0001434580,0.0001434420,0.0009765639,0.0009767992,0.6674582903,0.6679605940,FN/TN are diagnostics; their active retained-weight effect enters realized alpha through retained_stock_reweighting_effect.
temporary CSI,dynamic_csi,full,latent_raw,Latent Dataset (VAE),large_cap,fpr3,2,lockout_2yr,fpr3_2yr,-0.0000003160,0.0002541632,0.0002538472,0.0009396456,0.0009404398,0.6668322703,0.6679995144,FN/TN are diagnostics; their active retained-weight effect enters realized alpha through retained_stock_reweighting_effect.
temporary CSI,dynamic_csi,full,latent_raw,Latent Dataset (VAE),large_cap,fpr3,3,lockout_3yr,fpr3_3yr,-0.0000010878,0.0003374343,0.0003363465,0.0009313039,0.0009327701,0.6662208596,0.6680127390,FN/TN are diagnostics; their active retained-weight effect enters realized alpha through retained_stock_reweighting_effect.
temporary CSI,dynamic_csi,full,latent_raw,Latent Dataset (VAE),large_cap,fpr3,5,lockout_5yr,fpr3_5yr,-0.0000025118,0.0004526686,0.0004501568,0.0008840726,0.0008868569,0.6651792188,0.6680594224,FN/TN are diagnostics; their active retained-weight effect enters realized alpha through retained_stock_reweighting_effect.
temporary CSI,dynamic_csi,full,latent_raw,Latent Dataset (VAE),large_cap,fpr5,1,lockout_1yr,fpr5_1yr,-0.0000001221,0.0001999493,0.0001998272,0.0009701513,0.0009706316,0.6671939771,0.6679694767,FN/TN are diagnostics; their active retained-weight effect enters realized alpha through retained_stock_reweighting_effect.
temporary CSI,dynamic_csi,full,latent_raw,Latent Dataset (VAE),large_cap,fpr5,2,lockout_2yr,fpr5_2yr,-0.0000004995,0.0003488848,0.0003483853,0.0009282515,0.0009295685,0.6662466301,0.6680376504,FN/TN are diagnostics; their active retained-weight effect enters realized alpha through retained_stock_reweighting_effect.
temporary CSI,dynamic_csi,full,latent_raw,Latent Dataset (VAE),large_cap,fpr5,3,lockout_3yr,fpr5_3yr,-0.0000020994,0.0004458622,0.0004437628,0.0008828237,0.0008855309,0.6654403010,0.6680882670,FN/TN are diagnostics; their active retained-weight effect enters realized alpha through retained_stock_reweighting_effect.
temporary CSI,dynamic_csi,full,latent_raw,Latent Dataset (VAE),large_cap,fpr5,5,lockout_5yr,fpr5_5yr,-0.0000043728,0.0006052101,0.0006008373,0.0008398316,0.0008446479,0.6640273985,0.6681306775,FN/TN are diagnostics; their active retained-weight effect enters realized alpha through retained_stock_reweighting_effect.
temporary CSI,dynamic_csi,full,latent_raw,Latent Dataset (VAE),large_cap,youden,1,lockout_1yr,youden_1yr,-0.0000127220,0.0033319082,0.0033191862,0.0004800922,0.0004915293,0.6478115399,0.6684829789,FN/TN are diagnostics; their active retained-weight effect enters realized alpha through retained_stock_reweighting_effect.
temporary CSI,dynamic_csi,full,latent_raw,Latent Dataset (VAE),large_cap,youden,2,lockout_2yr,youden_2yr,-0.0000164935,0.0051047594,0.0050882660,0.0004447903,0.0004600473,0.6350735947,0.6685541937,FN/TN are diagnostics; their active retained-weight effect enters realized alpha through retained_stock_reweighting_effect.
temporary CSI,dynamic_csi,full,latent_raw,Latent Dataset (VAE),large_cap,youden,3,lockout_3yr,youden_3yr,-0.0000222422,0.0062949565,0.0062727144,0.0004264564,0.0004476520,0.6256247437,0.6685968791,FN/TN are diagnostics; their active retained-weight effect enters realized alpha through retained_stock_reweighting_effect.
temporary CSI,dynamic_csi,full,latent_raw,Latent Dataset (VAE),large_cap,youden,5,lockout_5yr,youden_5yr,-0.0000462494,0.0079896316,0.0079433822,0.0003602846,0.0003964606,0.6097646038,0.6686932784,FN/TN are diagnostics; their active retained-weight effect enters realized alpha through retained_stock_reweighting_effect.
temporary CSI,dynamic_csi,full,latent_raw,Latent Dataset (VAE),mid_cap,fpr1,1,lockout_1yr,fpr1_1yr,-0.0000012429,0.0002299883,0.0002287454,0.0019246954,0.0019270121,0.6647310625,0.6655961758,FN/TN are diagnostics; their active retained-weight effect enters realized alpha through retained_stock_reweighting_effect.
temporary CSI,dynamic_csi,full,latent_raw,Latent Dataset (VAE),mid_cap,fpr1,2,lockout_2yr,fpr1_2yr,-0.0000014591,0.0003530971,0.0003516381,0.0018856641,0.0018905844,0.6640266593,0.6656526867,FN/TN are diagnostics; their active retained-weight effect enters realized alpha through retained_stock_reweighting_effect.
temporary CSI,dynamic_csi,full,latent_raw,Latent Dataset (VAE),mid_cap,fpr1,3,lockout_3yr,fpr1_3yr,-0.0000015497,0.0003964193,0.0003948697,0.0018856641,0.0018915846,0.6636975176,0.6656609899,FN/TN are diagnostics; their active retained-weight effect enters realized alpha through retained_stock_reweighting_effect.
temporary CSI,dynamic_csi,full,latent_raw,Latent Dataset (VAE),mid_cap,fpr1,5,lockout_5yr,fpr1_5yr,-0.0000044583,0.0004737016,0.0004692433,0.0016783572,0.0016871655,0.6630770199,0.6658770819,FN/TN are diagnostics; their active retained-weight effect enters realized alpha through retained_stock_reweighting_effect.
temporary CSI,dynamic_csi,full,latent_raw,Latent Dataset (VAE),mid_cap,fpr3,1,lockout_1yr,fpr3_1yr,-0.0000011330,0.0004690491,0.0004679160,0.0019246954,0.0019278735,0.6639672087,0.6655909075,FN/TN are diagnostics; their active retained-weight effect enters realized alpha through retained_stock_reweighting_effect.
temporary CSI,dynamic_csi,full,latent_raw,Latent Dataset (VAE),mid_cap,fpr3,2,lockout_2yr,fpr3_2yr,-0.0000042315,0.0008919562,0.0008877247,0.0017156051,0.0017239342,0.6621759354,0.6658084037,FN/TN are diagnostics; their active retained-weight effect enters realized alpha through retained_stock_reweighting_effect.
temporary CSI,dynamic_csi,full,latent_raw,Latent Dataset (VAE),mid_cap,fpr3,3,lockout_3yr,fpr3_3yr,-0.0000078794,0.0010372924,0.0010294130,0.0016683176,0.0016817375,0.6607778000,0.6658812754,FN/TN are diagnostics; their active retained-weight effect enters realized alpha through retained_stock_reweighting_effect.
temporary CSI,dynamic_csi,full,latent_raw,Latent Dataset (VAE),mid_cap,fpr3,5,lockout_5yr,fpr3_5yr,-0.0000164206,0.0012178353,0.0012014147,0.0015793303,0.0016034869,0.6582115120,0.6659640997,FN/TN are diagnostics; their active retained-weight effect enters realized alpha through retained_stock_reweighting_effect.
temporary CSI,dynamic_csi,full,latent_raw,Latent Dataset (VAE),mid_cap,fpr5,1,lockout_1yr,fpr5_1yr,-0.0000016298,0.0006935494,0.0006919195,0.0018884148,0.0018935594,0.6631794133,0.6656405020,FN/TN are diagnostics; their active retained-weight effect enters realized alpha through retained_stock_reweighting_effect.
temporary CSI,dynamic_csi,full,latent_raw,Latent Dataset (VAE),mid_cap,fpr5,2,lockout_2yr,fpr5_2yr,-0.0000062788,0.0012287652,0.0012224864,0.0016510590,0.0016628376,0.6603975635,0.6658808109,FN/TN are diagnostics; their active retained-weight effect enters realized alpha through retained_stock_reweighting_effect.
temporary CSI,dynamic_csi,full,latent_raw,Latent Dataset (VAE),mid_cap,fpr5,3,lockout_3yr,fpr5_3yr,-0.0000137797,0.0013705474,0.0013567677,0.0013936575,0.0014127711,0.6583388918,0.6661675122,FN/TN are diagnostics; their active retained-weight effect enters realized alpha through retained_stock_reweighting_effect.
temporary CSI,dynamic_csi,full,latent_raw,Latent Dataset (VAE),mid_cap,fpr5,5,lockout_5yr,fpr5_5yr,-0.0000252213,0.0016653136,0.0016400923,0.0013287362,0.0013613480,0.6544445551,0.6662085131,FN/TN are diagnostics; their active retained-weight effect enters realized alpha through retained_stock_reweighting_effect.
temporary CSI,dynamic_csi,full,latent_raw,Latent Dataset (VAE),mid_cap,youden,1,lockout_1yr,youden_1yr,-0.0000455871,0.0094566591,0.0094110720,0.0009734444,0.0010306798,0.6144548538,0.6666123294,FN/TN are diagnostics; their active retained-weight effect enters realized alpha through retained_stock_reweighting_effect.
temporary CSI,dynamic_csi,full,latent_raw,Latent Dataset (VAE),mid_cap,youden,2,lockout_2yr,youden_2yr,-0.0000640620,0.0121671914,0.0121031294,0.0007733596,0.0008473843,0.5936646002,0.6668184028,FN/TN are diagnostics; their active retained-weight effect enters realized alpha through retained_stock_reweighting_effect.
temporary CSI,dynamic_csi,full,latent_raw,Latent Dataset (VAE),mid_cap,youden,3,lockout_3yr,youden_3yr,-0.0000674156,0.0139956891,0.0139282735,0.0006695447,0.0007553269,0.5778981379,0.6669781904,FN/TN are diagnostics; their active retained-weight effect enters realized alpha through retained_stock_reweighting_effect.
temporary CSI,dynamic_csi,full,latent_raw,Latent Dataset (VAE),mid_cap,youden,5,lockout_5yr,youden_5yr,-0.0001253516,0.0168028271,0.0166774755,0.0004643039,0.0005577577,0.5520085658,0.6672236346,FN/TN are diagnostics; their active retained-weight effect enters realized alpha through retained_stock_reweighting_effect.
temporary CSI,dynamic_csi,full,latent_raw,Latent Dataset (VAE),small_cap,fpr1,1,lockout_1yr,fpr1_1yr,-0.0000081918,0.0003657792,0.0003575873,0.0059449675,0.0059561203,0.6585161751,0.6599697958,FN/TN are diagnostics; their active retained-weight effect enters realized alpha through retained_stock_reweighting_effect.
temporary CSI,dynamic_csi,full,latent_raw,Latent Dataset (VAE),small_cap,fpr1,2,lockout_2yr,fpr1_2yr,-0.0000227708,0.0005003315,0.0004775607,0.0058104969,0.0058365027,0.6572287052,0.6600965789,FN/TN are diagnostics; their active retained-weight effect enters realized alpha through retained_stock_reweighting_effect.
temporary CSI,dynamic_csi,full,latent_raw,Latent Dataset (VAE),small_cap,fpr1,3,lockout_3yr,fpr1_3yr,-0.0000329928,0.0006313908,0.0005983980,0.0056458404,0.0056837252,0.6561441464,0.6602761959,FN/TN are diagnostics; their active retained-weight effect enters realized alpha through retained_stock_reweighting_effect.
temporary CSI,dynamic_csi,full,latent_raw,Latent Dataset (VAE),small_cap,fpr1,5,lockout_5yr,fpr1_5yr,-0.0000511178,0.0007534015,0.0007022837,0.0055267122,0.0055838490,0.6543069024,0.6604051265,FN/TN are diagnostics; their active retained-weight effect enters realized alpha through retained_stock_reweighting_effect.
temporary CSI,dynamic_csi,full,latent_raw,Latent Dataset (VAE),small_cap,fpr3,1,lockout_1yr,fpr3_1yr,-0.0000248058,0.0011021137,0.0010773079,0.0057996855,0.0058332748,0.6556187474,0.6600907573,FN/TN are diagnostics; their active retained-weight effect enters realized alpha through retained_stock_reweighting_effect.
temporary CSI,dynamic_csi,full,latent_raw,Latent Dataset (VAE),small_cap,fpr3,2,lockout_2yr,fpr3_2yr,-0.0000560166,0.0015498463,0.0014938297,0.0054928914,0.0055588084,0.6519911748,0.6604023857,FN/TN are diagnostics; their active retained-weight effect enters realized alpha through retained_stock_reweighting_effect.
temporary CSI,dynamic_csi,full,latent_raw,Latent Dataset (VAE),small_cap,fpr3,3,lockout_3yr,fpr3_3yr,-0.0000779184,0.0018924778,0.0018145594,0.0052449011,0.0053365277,0.6490367338,0.6606436051,FN/TN are diagnostics; their active retained-weight effect enters realized alpha through retained_stock_reweighting_effect.
temporary CSI,dynamic_csi,full,latent_raw,Latent Dataset (VAE),small_cap,fpr3,5,lockout_5yr,fpr3_5yr,-0.0001195484,0.0023254086,0.0022058602,0.0050162489,0.0051496939,0.6438964215,0.6608918571,FN/TN are diagnostics; their active retained-weight effect enters realized alpha through retained_stock_reweighting_effect.
temporary CSI,dynamic_csi,full,latent_raw,Latent Dataset (VAE),small_cap,fpr5,1,lockout_1yr,fpr5_1yr,-0.0000389514,0.0019449705,0.0019060191,0.0055147643,0.0055683447,0.6521874157,0.6603788533,FN/TN are diagnostics; their active retained-weight effect enters realized alpha through retained_stock_reweighting_effect.
temporary CSI,dynamic_csi,full,latent_raw,Latent Dataset (VAE),small_cap,fpr5,2,lockout_2yr,fpr5_2yr,-0.0000815249,0.0026974683,0.0026159433,0.0050293095,0.0051282144,0.6463505055,0.6609114636,FN/TN are diagnostics; their active retained-weight effect enters realized alpha through retained_stock_reweighting_effect.
temporary CSI,dynamic_csi,full,latent_raw,Latent Dataset (VAE),small_cap,fpr5,3,lockout_3yr,fpr5_3yr,-0.0001206356,0.0032582480,0.0031376124,0.0047384945,0.0048767477,0.6413459323,0.6611794472,FN/TN are diagnostics; their active retained-weight effect enters realized alpha through retained_stock_reweighting_effect.
temporary CSI,dynamic_csi,full,latent_raw,Latent Dataset (VAE),small_cap,fpr5,5,lockout_5yr,fpr5_5yr,-0.0001725099,0.0041894536,0.0040169437,0.0044421179,0.0046319029,0.6331822934,0.6615197569,FN/TN are diagnostics; their active retained-weight effect enters realized alpha through retained_stock_reweighting_effect.
temporary CSI,dynamic_csi,full,latent_raw,Latent Dataset (VAE),small_cap,youden,1,lockout_1yr,youden_1yr,-0.0003122048,0.0176245301,0.0173123253,0.0018321779,0.0021572229,0.5564320453,0.6640846045,FN/TN are diagnostics; their active retained-weight effect enters realized alpha through retained_stock_reweighting_effect.
temporary CSI,dynamic_csi,full,latent_raw,Latent Dataset (VAE),small_cap,youden,2,lockout_2yr,youden_2yr,-0.0003800621,0.0217226753,0.0213426133,0.0013980708,0.0017568499,0.5231316064,0.6648526828,FN/TN are diagnostics; their active retained-weight effect enters realized alpha through retained_stock_reweighting_effect.
temporary CSI,dynamic_csi,full,latent_raw,Latent Dataset (VAE),small_cap,youden,3,lockout_3yr,youden_3yr,-0.0004114324,0.0240159555,0.0236045232,0.0011598659,0.0015286745,0.4994383074,0.6651771642,FN/TN are diagnostics; their active retained-weight effect enters realized alpha through retained_stock_reweighting_effect.
temporary CSI,dynamic_csi,full,latent_raw,Latent Dataset (VAE),small_cap,youden,5,lockout_5yr,youden_5yr,-0.0004866682,0.0273602544,0.0268735862,0.0010657871,0.0014956130,0.4679015712,0.6654194666,FN/TN are diagnostics; their active retained-weight effect enters realized alpha through retained_stock_reweighting_effect.
temporary CSI,dynamic_csi,full,latent_raw,Latent Dataset (VAE),total_market,fpr1,1,lockout_1yr,fpr1_1yr,-0.0000007889,0.0001208835,0.0001200946,0.0022105904,0.0022118820,0.6657427334,0.6662464425,FN/TN are diagnostics; their active retained-weight effect enters realized alpha through retained_stock_reweighting_effect.
temporary CSI,dynamic_csi,full,latent_raw,Latent Dataset (VAE),total_market,fpr1,2,lockout_2yr,fpr1_2yr,-0.0000023870,0.0001847829,0.0001823958,0.0021663504,0.0021696856,0.6653138773,0.6662933777,FN/TN are diagnostics; their active retained-weight effect enters realized alpha through retained_stock_reweighting_effect.
temporary CSI,dynamic_csi,full,latent_raw,Latent Dataset (VAE),total_market,fpr1,3,lockout_3yr,fpr1_3yr,-0.0000037801,0.0002112512,0.0002074712,0.0021291427,0.0021338640,0.6650200006,0.6663350675,FN/TN are diagnostics; their active retained-weight effect enters realized alpha through retained_stock_reweighting_effect.
temporary CSI,dynamic_csi,full,latent_raw,Latent Dataset (VAE),total_market,fpr1,5,lockout_5yr,fpr1_5yr,-0.0000060654,0.0002902416,0.0002841761,0.0020385024,0.0020454520,0.6643577092,0.6664301464,FN/TN are diagnostics; their active retained-weight effect enters realized alpha through retained_stock_reweighting_effect.
temporary CSI,dynamic_csi,full,latent_raw,Latent Dataset (VAE),total_market,fpr3,1,lockout_1yr,fpr3_1yr,-0.0000024205,0.0003128629,0.0003104425,0.0021428882,0.0021465668,0.6648999772,0.6663133357,FN/TN are diagnostics; their active retained-weight effect enters realized alpha through retained_stock_reweighting_effect.
temporary CSI,dynamic_csi,full,latent_raw,Latent Dataset (VAE),total_market,fpr3,2,lockout_2yr,fpr3_2yr,-0.0000063454,0.0004901300,0.0004837845,0.0020215730,0.0020295718,0.6637067669,0.6664398150,FN/TN are diagnostics; their active retained-weight effect enters realized alpha through retained_stock_reweighting_effect.
temporary CSI,dynamic_csi,full,latent_raw,Latent Dataset (VAE),total_market,fpr3,3,lockout_3yr,fpr3_3yr,-0.0000095048,0.0006196224,0.0006101176,0.0019515003,0.0019627208,0.6626598680,0.6665169041,FN/TN are diagnostics; their active retained-weight effect enters realized alpha through retained_stock_reweighting_effect.
temporary CSI,dynamic_csi,full,latent_raw,Latent Dataset (VAE),total_market,fpr3,5,lockout_5yr,fpr3_5yr,-0.0000154373,0.0007977818,0.0007823446,0.0018533884,0.0018702172,0.6608892611,0.6666212508,FN/TN are diagnostics; their active retained-weight effect enters realized alpha through retained_stock_reweighting_effect.
temporary CSI,dynamic_csi,full,latent_raw,Latent Dataset (VAE),total_market,fpr5,1,lockout_1yr,fpr5_1yr,-0.0000041217,0.0005100463,0.0005059247,0.0020480439,0.0020540377,0.6639690802,0.6664152163,FN/TN are diagnostics; their active retained-weight effect enters realized alpha through retained_stock_reweighting_effect.
temporary CSI,dynamic_csi,full,latent_raw,Latent Dataset (VAE),total_market,fpr5,2,lockout_2yr,fpr5_2yr,-0.0000092188,0.0007730288,0.0007638100,0.0018889055,0.0019006197,0.6621073404,0.6666081765,FN/TN are diagnostics; their active retained-weight effect enters realized alpha through retained_stock_reweighting_effect.
temporary CSI,dynamic_csi,full,latent_raw,Latent Dataset (VAE),total_market,fpr5,3,lockout_3yr,fpr5_3yr,-0.0000142541,0.0009538153,0.0009395611,0.0017756030,0.0017920132,0.6605605118,0.6667284015,FN/TN are diagnostics; their active retained-weight effect enters realized alpha through retained_stock_reweighting_effect.
temporary CSI,dynamic_csi,full,latent_raw,Latent Dataset (VAE),total_market,fpr5,5,lockout_5yr,fpr5_5yr,-0.0000214100,0.0012457400,0.0012243300,0.0016707691,0.0016938342,0.6579920409,0.6668451546,FN/TN are diagnostics; their active retained-weight effect enters realized alpha through retained_stock_reweighting_effect.
temporary CSI,dynamic_csi,full,latent_raw,Latent Dataset (VAE),total_market,youden,1,lockout_1yr,youden_1yr,-0.0000396919,0.0056886454,0.0056489535,0.0007513312,0.0007892204,0.6309969556,0.6678036500,FN/TN are diagnostics; their active retained-weight effect enters realized alpha through retained_stock_reweighting_effect.
temporary CSI,dynamic_csi,full,latent_raw,Latent Dataset (VAE),total_market,youden,2,lockout_2yr,youden_2yr,-0.0000494528,0.0077879837,0.0077385309,0.0006379107,0.0006832120,0.6149254745,0.6680096607,FN/TN are diagnostics; their active retained-weight effect enters realized alpha through retained_stock_reweighting_effect.
temporary CSI,dynamic_csi,full,latent_raw,Latent Dataset (VAE),total_market,youden,3,lockout_3yr,youden_3yr,-0.0000599399,0.0092744172,0.0092144772,0.0005802935,0.0006343453,0.6032591761,0.6681083377,FN/TN are diagnostics; their active retained-weight effect enters realized alpha through retained_stock_reweighting_effect.
temporary CSI,dynamic_csi,full,latent_raw,Latent Dataset (VAE),total_market,youden,5,lockout_5yr,youden_5yr,-0.0000890286,0.0112404053,0.0111513767,0.0005041812,0.0005756226,0.5851098227,0.6682413824,FN/TN are diagnostics; their active retained-weight effect enters realized alpha through retained_stock_reweighting_effect.
temporary CSI,dynamic_csi,insample,latent_raw,Latent Dataset (VAE),large_cap,fpr1,1,lockout_1yr,fpr1_1yr,-0.0000000866,0.0000271446,0.0000270580,0.0015829750,0.0015832014,0.6629925564,0.6631704993,FN/TN are diagnostics; their active retained-weight effect enters realized alpha through retained_stock_reweighting_effect.
temporary CSI,dynamic_csi,insample,latent_raw,Latent Dataset (VAE),large_cap,fpr1,2,lockout_2yr,fpr1_2yr,-0.0000002326,0.0000386571,0.0000384245,0.0015713007,0.0015718837,0.6628744068,0.6631813532,FN/TN are diagnostics; their active retained-weight effect enters realized alpha through retained_stock_reweighting_effect.
temporary CSI,dynamic_csi,insample,latent_raw,Latent Dataset (VAE),large_cap,fpr1,3,lockout_3yr,fpr1_3yr,-0.0000002246,0.0000536023,0.0000533777,0.0015713007,0.0015719271,0.6628037060,0.6631842419,FN/TN are diagnostics; their active retained-weight effect enters realized alpha through retained_stock_reweighting_effect.
temporary CSI,dynamic_csi,insample,latent_raw,Latent Dataset (VAE),large_cap,fpr1,5,lockout_5yr,fpr1_5yr,-0.0000009161,0.0000955719,0.0000946558,0.0014926469,0.0014938933,0.6624794788,0.6632659276,FN/TN are diagnostics; their active retained-weight effect enters realized alpha through retained_stock_reweighting_effect.
temporary CSI,dynamic_csi,insample,latent_raw,Latent Dataset (VAE),large_cap,fpr3,1,lockout_1yr,fpr3_1yr,-0.0000001015,0.0000768279,0.0000767263,0.0015829750,0.0015832519,0.6627992289,0.6631698400,FN/TN are diagnostics; their active retained-weight effect enters realized alpha through retained_stock_reweighting_effect.
temporary CSI,dynamic_csi,insample,latent_raw,Latent Dataset (VAE),large_cap,fpr3,2,lockout_2yr,fpr3_2yr,-0.0000004187,0.0001172711,0.0001168524,0.0015429883,0.0015442475,0.6624213402,0.6632070358,FN/TN are diagnostics; their active retained-weight effect enters realized alpha through retained_stock_reweighting_effect.
temporary CSI,dynamic_csi,insample,latent_raw,Latent Dataset (VAE),large_cap,fpr3,3,lockout_3yr,fpr3_3yr,-0.0000018356,0.0001360143,0.0001341787,0.0015429883,0.0015454289,0.6620333266,0.6632078079,FN/TN are diagnostics; their active retained-weight effect enters realized alpha through retained_stock_reweighting_effect.
temporary CSI,dynamic_csi,insample,latent_raw,Latent Dataset (VAE),large_cap,fpr3,5,lockout_5yr,fpr3_5yr,-0.0000042503,0.0001994395,0.0001951892,0.0014630585,0.0014676750,0.6612409068,0.6632874994,FN/TN are diagnostics; their active retained-weight effect enters realized alpha through retained_stock_reweighting_effect.
temporary CSI,dynamic_csi,insample,latent_raw,Latent Dataset (VAE),large_cap,fpr5,1,lockout_1yr,fpr5_1yr,-0.0000003113,0.0001382303,0.0001379190,0.0015721229,0.0015727810,0.6624459890,0.6631792875,FN/TN are diagnostics; their active retained-weight effect enters realized alpha through retained_stock_reweighting_effect.
temporary CSI,dynamic_csi,insample,latent_raw,Latent Dataset (VAE),large_cap,fpr5,2,lockout_2yr,fpr5_2yr,-0.0000007000,0.0002154074,0.0002147074,0.0015237059,0.0015258294,0.6617476316,0.6632661301,FN/TN are diagnostics; their active retained-weight effect enters realized alpha through retained_stock_reweighting_effect.
temporary CSI,dynamic_csi,insample,latent_raw,Latent Dataset (VAE),large_cap,fpr5,3,lockout_3yr,fpr5_3yr,-0.0000035464,0.0002458748,0.0002423285,0.0014609450,0.0014654750,0.6611504930,0.6633302823,FN/TN are diagnostics; their active retained-weight effect enters realized alpha through retained_stock_reweighting_effect.
temporary CSI,dynamic_csi,insample,latent_raw,Latent Dataset (VAE),large_cap,fpr5,5,lockout_5yr,fpr5_5yr,-0.0000074019,0.0003393000,0.0003318981,0.0013881890,0.0013962308,0.6599154813,0.6634028424,FN/TN are diagnostics; their active retained-weight effect enters realized alpha through retained_stock_reweighting_effect.
temporary CSI,dynamic_csi,insample,latent_raw,Latent Dataset (VAE),large_cap,youden,1,lockout_1yr,youden_1yr,-0.0000216462,0.0018930442,0.0018713980,0.0007845859,0.0008028813,0.6467582049,0.6639759420,FN/TN are diagnostics; their active retained-weight effect enters realized alpha through retained_stock_reweighting_effect.
temporary CSI,dynamic_csi,insample,latent_raw,Latent Dataset (VAE),large_cap,youden,2,lockout_2yr,youden_2yr,-0.0000280381,0.0030091710,0.0029811329,0.0007248442,0.0007495384,0.6356399400,0.6640849148,FN/TN are diagnostics; their active retained-weight effect enters realized alpha through retained_stock_reweighting_effect.
temporary CSI,dynamic_csi,insample,latent_raw,Latent Dataset (VAE),large_cap,youden,3,lockout_3yr,youden_3yr,-0.0000378473,0.0039409292,0.0039030819,0.0006938176,0.0007280972,0.6256661424,0.6641618375,FN/TN are diagnostics; their active retained-weight effect enters realized alpha through retained_stock_reweighting_effect.
temporary CSI,dynamic_csi,insample,latent_raw,Latent Dataset (VAE),large_cap,youden,5,lockout_5yr,youden_5yr,-0.0000785069,0.0052937485,0.0052152416,0.0006019365,0.0006618744,0.6080493804,0.6642646663,FN/TN are diagnostics; their active retained-weight effect enters realized alpha through retained_stock_reweighting_effect.
temporary CSI,dynamic_csi,insample,latent_raw,Latent Dataset (VAE),mid_cap,fpr1,1,lockout_1yr,fpr1_1yr,-0.0000019915,0.0002346769,0.0002326855,0.0028625098,0.0028660344,0.6593079725,0.6602423346,FN/TN are diagnostics; their active retained-weight effect enters realized alpha through retained_stock_reweighting_effect.
temporary CSI,dynamic_csi,insample,latent_raw,Latent Dataset (VAE),mid_cap,fpr1,2,lockout_2yr,fpr1_2yr,-0.0000029524,0.0003331346,0.0003301822,0.0027964569,0.0028033487,0.6586916298,0.6603011205,FN/TN are diagnostics; their active retained-weight effect enters realized alpha through retained_stock_reweighting_effect.
temporary CSI,dynamic_csi,insample,latent_raw,Latent Dataset (VAE),mid_cap,fpr1,3,lockout_3yr,fpr1_3yr,-0.0000029158,0.0003933089,0.0003903931,0.0027964569,0.0028044506,0.6583851359,0.6603164774,FN/TN are diagnostics; their active retained-weight effect enters realized alpha through retained_stock_reweighting_effect.
temporary CSI,dynamic_csi,insample,latent_raw,Latent Dataset (VAE),mid_cap,fpr1,5,lockout_5yr,fpr1_5yr,-0.0000074267,0.0004603271,0.0004529004,0.0026529445,0.0026675484,0.6576027149,0.6604739245,FN/TN are diagnostics; their active retained-weight effect enters realized alpha through retained_stock_reweighting_effect.
temporary CSI,dynamic_csi,insample,latent_raw,Latent Dataset (VAE),mid_cap,fpr3,1,lockout_1yr,fpr3_1yr,-0.0000021896,0.0005324497,0.0005302601,0.0028625098,0.0028670285,0.6584061071,0.6602353516,FN/TN are diagnostics; their active retained-weight effect enters realized alpha through retained_stock_reweighting_effect.
temporary CSI,dynamic_csi,insample,latent_raw,Latent Dataset (VAE),mid_cap,fpr3,2,lockout_2yr,fpr3_2yr,-0.0000054767,0.0007720922,0.0007666155,0.0026359544,0.0026489214,0.6570285363,0.6604420448,FN/TN are diagnostics; their active retained-weight effect enters realized alpha through retained_stock_reweighting_effect.
temporary CSI,dynamic_csi,insample,latent_raw,Latent Dataset (VAE),mid_cap,fpr3,3,lockout_3yr,fpr3_3yr,-0.0000131030,0.0008145237,0.0008014207,0.0026359544,0.0026576745,0.6555365604,0.6604417511,FN/TN are diagnostics; their active retained-weight effect enters realized alpha through retained_stock_reweighting_effect.
temporary CSI,dynamic_csi,insample,latent_raw,Latent Dataset (VAE),mid_cap,fpr3,5,lockout_5yr,fpr3_5yr,-0.0000275417,0.0008725157,0.0008449741,0.0024853605,0.0025244893,0.6531946872,0.6605860823,FN/TN are diagnostics; their active retained-weight effect enters realized alpha through retained_stock_reweighting_effect.
temporary CSI,dynamic_csi,insample,latent_raw,Latent Dataset (VAE),mid_cap,fpr5,1,lockout_1yr,fpr5_1yr,-0.0000028412,0.0007502527,0.0007474114,0.0028011118,0.0028082069,0.6574615394,0.6602889726,FN/TN are diagnostics; their active retained-weight effect enters realized alpha through retained_stock_reweighting_effect.
temporary CSI,dynamic_csi,insample,latent_raw,Latent Dataset (VAE),mid_cap,fpr5,2,lockout_2yr,fpr5_2yr,-0.0000086458,0.0010891429,0.0010804971,0.0025267226,0.0025453207,0.6553008074,0.6605344969,FN/TN are diagnostics; their active retained-weight effect enters realized alpha through retained_stock_reweighting_effect.
temporary CSI,dynamic_csi,insample,latent_raw,Latent Dataset (VAE),mid_cap,fpr5,3,lockout_3yr,fpr5_3yr,-0.0000229933,0.0011021248,0.0010791315,0.0021711449,0.0022024447,0.6532926498,0.6608971446,FN/TN are diagnostics; their active retained-weight effect enters realized alpha through retained_stock_reweighting_effect.
temporary CSI,dynamic_csi,insample,latent_raw,Latent Dataset (VAE),mid_cap,fpr5,5,lockout_5yr,fpr5_5yr,-0.0000424558,0.0012116155,0.0011691598,0.0020612782,0.0021145694,0.6496736683,0.6609719513,FN/TN are diagnostics; their active retained-weight effect enters realized alpha through retained_stock_reweighting_effect.
temporary CSI,dynamic_csi,insample,latent_raw,Latent Dataset (VAE),mid_cap,youden,1,lockout_1yr,youden_1yr,-0.0000785746,0.0079943674,0.0079157928,0.0014894044,0.0015712839,0.6171484516,0.6616009973,FN/TN are diagnostics; their active retained-weight effect enters realized alpha through retained_stock_reweighting_effect.
temporary CSI,dynamic_csi,insample,latent_raw,Latent Dataset (VAE),mid_cap,youden,2,lockout_2yr,youden_2yr,-0.0001100391,0.0107308816,0.0106208426,0.0011507995,0.0012594613,0.5949518748,0.6619054135,FN/TN are diagnostics; their active retained-weight effect enters realized alpha through retained_stock_reweighting_effect.
temporary CSI,dynamic_csi,insample,latent_raw,Latent Dataset (VAE),mid_cap,youden,3,lockout_3yr,youden_3yr,-0.0001163097,0.0125253574,0.0124090478,0.0009751127,0.0010999511,0.5771472523,0.6621882450,FN/TN are diagnostics; their active retained-weight effect enters realized alpha through retained_stock_reweighting_effect.
temporary CSI,dynamic_csi,insample,latent_raw,Latent Dataset (VAE),mid_cap,youden,5,lockout_5yr,youden_5yr,-0.0002142456,0.0151249309,0.0149106853,0.0007417683,0.0008885676,0.5462210803,0.6624198541,FN/TN are diagnostics; their active retained-weight effect enters realized alpha through retained_stock_reweighting_effect.
temporary CSI,dynamic_csi,insample,latent_raw,Latent Dataset (VAE),small_cap,fpr1,1,lockout_1yr,fpr1_1yr,-0.0000087474,0.0002815601,0.0002728127,0.0069049273,0.0069178027,0.6536468639,0.6551632142,FN/TN are diagnostics; their active retained-weight effect enters realized alpha through retained_stock_reweighting_effect.
temporary CSI,dynamic_csi,insample,latent_raw,Latent Dataset (VAE),small_cap,fpr1,2,lockout_2yr,fpr1_2yr,-0.0000258971,0.0003450402,0.0003191430,0.0067495216,0.0067813018,0.6521323239,0.6553066361,FN/TN are diagnostics; their active retained-weight effect enters realized alpha through retained_stock_reweighting_effect.
temporary CSI,dynamic_csi,insample,latent_raw,Latent Dataset (VAE),small_cap,fpr1,3,lockout_3yr,fpr1_3yr,-0.0000388730,0.0004582147,0.0004193417,0.0066266213,0.0066735350,0.6507469727,0.6554541833,FN/TN are diagnostics; their active retained-weight effect enters realized alpha through retained_stock_reweighting_effect.
temporary CSI,dynamic_csi,insample,latent_raw,Latent Dataset (VAE),small_cap,fpr1,5,lockout_5yr,fpr1_5yr,-0.0000616700,0.0005991520,0.0005374820,0.0064658381,0.0065403416,0.6483998765,0.6556223210,FN/TN are diagnostics; their active retained-weight effect enters realized alpha through retained_stock_reweighting_effect.
temporary CSI,dynamic_csi,insample,latent_raw,Latent Dataset (VAE),small_cap,fpr3,1,lockout_1yr,fpr3_1yr,-0.0000292317,0.0011219640,0.0010927322,0.0067495760,0.0067923373,0.6501910312,0.6552956787,FN/TN are diagnostics; their active retained-weight effect enters realized alpha through retained_stock_reweighting_effect.
temporary CSI,dynamic_csi,insample,latent_raw,Latent Dataset (VAE),small_cap,fpr3,2,lockout_2yr,fpr3_2yr,-0.0000636487,0.0014092334,0.0013455847,0.0063617420,0.0064441103,0.6460961674,0.6557015754,FN/TN are diagnostics; their active retained-weight effect enters realized alpha through retained_stock_reweighting_effect.
temporary CSI,dynamic_csi,insample,latent_raw,Latent Dataset (VAE),small_cap,fpr3,3,lockout_3yr,fpr3_3yr,-0.0000874658,0.0017355730,0.0016481072,0.0061171568,0.0062298368,0.6427034753,0.6559456682,FN/TN are diagnostics; their active retained-weight effect enters realized alpha through retained_stock_reweighting_effect.
temporary CSI,dynamic_csi,insample,latent_raw,Latent Dataset (VAE),small_cap,fpr3,5,lockout_5yr,fpr3_5yr,-0.0001440633,0.0021415496,0.0019974862,0.0057870480,0.0059597286,0.6364219819,0.6562828596,FN/TN are diagnostics; their active retained-weight effect enters realized alpha through retained_stock_reweighting_effect.
temporary CSI,dynamic_csi,insample,latent_raw,Latent Dataset (VAE),small_cap,fpr5,1,lockout_1yr,fpr5_1yr,-0.0000443012,0.0019982203,0.0019539191,0.0064143162,0.0064824949,0.6465966989,0.6556326173,FN/TN are diagnostics; their active retained-weight effect enters realized alpha through retained_stock_reweighting_effect.
temporary CSI,dynamic_csi,insample,latent_raw,Latent Dataset (VAE),small_cap,fpr5,2,lockout_2yr,fpr5_2yr,-0.0000907303,0.0024574888,0.0023667584,0.0057807470,0.0059009898,0.6403230856,0.6563068930,FN/TN are diagnostics; their active retained-weight effect enters realized alpha through retained_stock_reweighting_effect.
temporary CSI,dynamic_csi,insample,latent_raw,Latent Dataset (VAE),small_cap,fpr5,3,lockout_3yr,fpr5_3yr,-0.0001310072,0.0028680112,0.0027370040,0.0054601138,0.0056249038,0.6348455823,0.6566090290,FN/TN are diagnostics; their active retained-weight effect enters realized alpha through retained_stock_reweighting_effect.
temporary CSI,dynamic_csi,insample,latent_raw,Latent Dataset (VAE),small_cap,fpr5,5,lockout_5yr,fpr5_5yr,-0.0001960044,0.0037265502,0.0035305458,0.0050311766,0.0052667633,0.6255568859,0.6570430812,FN/TN are diagnostics; their active retained-weight effect enters realized alpha through retained_stock_reweighting_effect.
temporary CSI,dynamic_csi,insample,latent_raw,Latent Dataset (VAE),small_cap,youden,1,lockout_1yr,youden_1yr,-0.0003282765,0.0143097650,0.0139814885,0.0022075986,0.0025708086,0.5584238930,0.6597585361,FN/TN are diagnostics; their active retained-weight effect enters realized alpha through retained_stock_reweighting_effect.
temporary CSI,dynamic_csi,insample,latent_raw,Latent Dataset (VAE),small_cap,youden,2,lockout_2yr,youden_2yr,-0.0004035312,0.0177419526,0.0173384215,0.0016879525,0.0020790192,0.5236268271,0.6605970322,FN/TN are diagnostics; their active retained-weight effect enters realized alpha through retained_stock_reweighting_effect.
temporary CSI,dynamic_csi,insample,latent_raw,Latent Dataset (VAE),small_cap,youden,3,lockout_3yr,youden_3yr,-0.0004339385,0.0195574810,0.0191235425,0.0013992545,0.0018165646,0.4983134809,0.6609842906,FN/TN are diagnostics; their active retained-weight effect enters realized alpha through retained_stock_reweighting_effect.
temporary CSI,dynamic_csi,insample,latent_raw,Latent Dataset (VAE),small_cap,youden,5,lockout_5yr,youden_5yr,-0.0005524684,0.0229275075,0.0223750392,0.0013441312,0.0018722443,0.4626177053,0.6611472398,FN/TN are diagnostics; their active retained-weight effect enters realized alpha through retained_stock_reweighting_effect.
temporary CSI,dynamic_csi,insample,latent_raw,Latent Dataset (VAE),total_market,fpr1,1,lockout_1yr,fpr1_1yr,-0.0000010573,0.0000778839,0.0000768266,0.0028978227,0.0028995509,0.6609088253,0.6614266106,FN/TN are diagnostics; their active retained-weight effect enters realized alpha through retained_stock_reweighting_effect.
temporary CSI,dynamic_csi,insample,latent_raw,Latent Dataset (VAE),total_market,fpr1,2,lockout_2yr,fpr1_2yr,-0.0000032159,0.0000976187,0.0000944028,0.0028400762,0.0028443069,0.6605262072,0.6614830788,FN/TN are diagnostics; their active retained-weight effect enters realized alpha through retained_stock_reweighting_effect.
temporary CSI,dynamic_csi,insample,latent_raw,Latent Dataset (VAE),total_market,fpr1,3,lockout_3yr,fpr1_3yr,-0.0000048981,0.0001260587,0.0001211606,0.0028062991,0.0028122543,0.6602131210,0.6615241502,FN/TN are diagnostics; their active retained-weight effect enters realized alpha through retained_stock_reweighting_effect.
temporary CSI,dynamic_csi,insample,latent_raw,Latent Dataset (VAE),total_market,fpr1,5,lockout_5yr,fpr1_5yr,-0.0000083005,0.0001808798,0.0001725793,0.0026946185,0.0027041408,0.6595168089,0.6616413167,FN/TN are diagnostics; their active retained-weight effect enters realized alpha through retained_stock_reweighting_effect.
temporary CSI,dynamic_csi,insample,latent_raw,Latent Dataset (VAE),total_market,fpr3,1,lockout_1yr,fpr3_1yr,-0.0000030780,0.0002422792,0.0002392012,0.0028216235,0.0028261895,0.6600413534,0.6615028501,FN/TN are diagnostics; their active retained-weight effect enters realized alpha through retained_stock_reweighting_effect.
temporary CSI,dynamic_csi,insample,latent_raw,Latent Dataset (VAE),total_market,fpr3,2,lockout_2yr,fpr3_2yr,-0.0000073397,0.0003198798,0.0003125401,0.0026776387,0.0026875453,0.6589781986,0.6616505625,FN/TN are diagnostics; their active retained-weight effect enters realized alpha through retained_stock_reweighting_effect.
temporary CSI,dynamic_csi,insample,latent_raw,Latent Dataset (VAE),total_market,fpr3,3,lockout_3yr,fpr3_3yr,-0.0000114103,0.0003884827,0.0003770724,0.0026136742,0.0026276372,0.6580440053,0.6617193601,FN/TN are diagnostics; their active retained-weight effect enters realized alpha through retained_stock_reweighting_effect.
temporary CSI,dynamic_csi,insample,latent_raw,Latent Dataset (VAE),total_market,fpr3,5,lockout_5yr,fpr3_5yr,-0.0000202660,0.0005057162,0.0004854502,0.0024727817,0.0024952466,0.6563124503,0.6618663863,FN/TN are diagnostics; their active retained-weight effect enters realized alpha through retained_stock_reweighting_effect.
temporary CSI,dynamic_csi,insample,latent_raw,Latent Dataset (VAE),total_market,fpr5,1,lockout_1yr,fpr5_1yr,-0.0000054712,0.0004270154,0.0004215443,0.0027116504,0.0027194272,0.6590000367,0.6616156144,FN/TN are diagnostics; their active retained-weight effect enters realized alpha through retained_stock_reweighting_effect.
temporary CSI,dynamic_csi,insample,latent_raw,Latent Dataset (VAE),total_market,fpr5,2,lockout_2yr,fpr5_2yr,-0.0000111953,0.0005608794,0.0005496840,0.0025214521,0.0025364313,0.6572732738,0.6618500373,FN/TN are diagnostics; their active retained-weight effect enters realized alpha through retained_stock_reweighting_effect.
temporary CSI,dynamic_csi,insample,latent_raw,Latent Dataset (VAE),total_market,fpr5,3,lockout_3yr,fpr5_3yr,-0.0000180169,0.0006583918,0.0006403749,0.0023872601,0.0024085142,0.6558236244,0.6619885006,FN/TN are diagnostics; their active retained-weight effect enters realized alpha through retained_stock_reweighting_effect.
temporary CSI,dynamic_csi,insample,latent_raw,Latent Dataset (VAE),total_market,fpr5,5,lockout_5yr,fpr5_5yr,-0.0000286779,0.0008620625,0.0008333847,0.0022359793,0.0022672341,0.6532434105,0.6621478937,FN/TN are diagnostics; their active retained-weight effect enters realized alpha through retained_stock_reweighting_effect.
temporary CSI,dynamic_csi,insample,latent_raw,Latent Dataset (VAE),total_market,youden,1,lockout_1yr,youden_1yr,-0.0000566710,0.0036931246,0.0036364537,0.0010735019,0.0011256117,0.6301796150,0.6633072481,FN/TN are diagnostics; their active retained-weight effect enters realized alpha through retained_stock_reweighting_effect.
temporary CSI,dynamic_csi,insample,latent_raw,Latent Dataset (VAE),total_market,youden,2,lockout_2yr,youden_2yr,-0.0000694518,0.0050637009,0.0049942491,0.0009233986,0.0009850997,0.6153433957,0.6635597405,FN/TN are diagnostics; their active retained-weight effect enters realized alpha through retained_stock_reweighting_effect.
temporary CSI,dynamic_csi,insample,latent_raw,Latent Dataset (VAE),total_market,youden,3,lockout_3yr,youden_3yr,-0.0000845206,0.0061757761,0.0060912555,0.0008456484,0.0009210416,0.6030615672,0.6636993659,FN/TN are diagnostics; their active retained-weight effect enters realized alpha through retained_stock_reweighting_effect.
temporary CSI,dynamic_csi,insample,latent_raw,Latent Dataset (VAE),total_market,youden,5,lockout_5yr,youden_5yr,-0.0001327246,0.0078315488,0.0076988242,0.0007519406,0.0008575409,0.5828379562,0.6638311972,FN/TN are diagnostics; their active retained-weight effect enters realized alpha through retained_stock_reweighting_effect.
temporary CSI,dynamic_csi,oos,latent_raw,Latent Dataset (VAE),large_cap,fpr1,1,lockout_1yr,fpr1_1yr,0.0000000037,0.0002055035,0.0002055073,0.0001153961,0.0001154207,0.6820953359,0.6825451759,FN/TN are diagnostics; their active retained-weight effect enters realized alpha through retained_stock_reweighting_effect.
temporary CSI,dynamic_csi,oos,latent_raw,Latent Dataset (VAE),large_cap,fpr1,2,lockout_2yr,fpr1_2yr,0.0000001936,0.0003744755,0.0003746691,0.0001153961,0.0001156907,0.6814192068,0.6825622872,FN/TN are diagnostics; their active retained-weight effect enters realized alpha through retained_stock_reweighting_effect.
temporary CSI,dynamic_csi,oos,latent_raw,Latent Dataset (VAE),large_cap,fpr1,3,lockout_3yr,fpr1_3yr,0.0000000943,0.0003693743,0.0003694686,0.0001153961,0.0001157989,0.6811015209,0.6825618343,FN/TN are diagnostics; their active retained-weight effect enters realized alpha through retained_stock_reweighting_effect.
temporary CSI,dynamic_csi,oos,latent_raw,Latent Dataset (VAE),large_cap,fpr1,5,lockout_5yr,fpr1_5yr,0.0000000084,0.0005518051,0.0005518135,0.0000202175,0.0000202626,0.6802554421,0.6826568421,FN/TN are diagnostics; their active retained-weight effect enters realized alpha through retained_stock_reweighting_effect.
temporary CSI,dynamic_csi,oos,latent_raw,Latent Dataset (VAE),large_cap,fpr3,1,lockout_1yr,fpr3_1yr,0.0000002238,0.0004168314,0.0004170552,0.0001153961,0.0001156939,0.6814236396,0.6825443766,FN/TN are diagnostics; their active retained-weight effect enters realized alpha through retained_stock_reweighting_effect.
temporary CSI,dynamic_csi,oos,latent_raw,Latent Dataset (VAE),large_cap,fpr3,2,lockout_2yr,fpr3_2yr,-0.0000002717,0.0007943745,0.0007941028,0.0000569213,0.0000571241,0.6796714212,0.6826189673,FN/TN are diagnostics; their active retained-weight effect enters realized alpha through retained_stock_reweighting_effect.
temporary CSI,dynamic_csi,oos,latent_raw,Latent Dataset (VAE),large_cap,fpr3,3,lockout_3yr,fpr3_3yr,0.0000000165,0.0011110710,0.0011110875,0.0000202175,0.0000203056,0.6780015600,0.6826751548,FN/TN are diagnostics; their active retained-weight effect enters realized alpha through retained_stock_reweighting_effect.
temporary CSI,dynamic_csi,oos,latent_raw,Latent Dataset (VAE),large_cap,fpr3,5,lockout_5yr,fpr3_5yr,0.0000000344,0.0014456663,0.0014457007,0.0000202175,0.0000204016,0.6756444702,0.6826738267,FN/TN are diagnostics; their active retained-weight effect enters realized alpha through retained_stock_reweighting_effect.
temporary CSI,dynamic_csi,oos,latent_raw,Latent Dataset (VAE),large_cap,fpr5,1,lockout_1yr,fpr5_1yr,0.0000003023,0.0005057623,0.0005060646,0.0001153961,0.0001157809,0.6811790848,0.6825588969,FN/TN are diagnostics; their active retained-weight effect enters realized alpha through retained_stock_reweighting_effect.
temporary CSI,dynamic_csi,oos,latent_raw,Latent Dataset (VAE),large_cap,fpr5,2,lockout_2yr,fpr5_2yr,-0.0000003476,0.0009503326,0.0009499850,0.0000569213,0.0000571774,0.6789278636,0.6826332688,FN/TN are diagnostics; their active retained-weight effect enters realized alpha through retained_stock_reweighting_effect.
temporary CSI,dynamic_csi,oos,latent_raw,Latent Dataset (VAE),large_cap,fpr5,3,lockout_3yr,fpr5_3yr,0.0000000208,0.0012908139,0.0012908347,0.0000202175,0.0000203287,0.6769795618,0.6826892725,FN/TN are diagnostics; their active retained-weight effect enters realized alpha through retained_stock_reweighting_effect.
temporary CSI,dynamic_csi,oos,latent_raw,Latent Dataset (VAE),large_cap,fpr5,5,lockout_5yr,fpr5_5yr,0.0000000402,0.0017421786,0.0017422187,0.0000202175,0.0000204324,0.6741009548,0.6826875792,FN/TN are diagnostics; their active retained-weight effect enters realized alpha through retained_stock_reweighting_effect.
temporary CSI,dynamic_csi,oos,latent_raw,Latent Dataset (VAE),large_cap,youden,1,lockout_1yr,youden_1yr,0.0000002216,0.0076380751,0.0076382967,0.0000202175,0.0000214024,0.6507509973,0.6827164509,FN/TN are diagnostics; their active retained-weight effect enters realized alpha through retained_stock_reweighting_effect.
temporary CSI,dynamic_csi,oos,latent_raw,Latent Dataset (VAE),large_cap,youden,2,lockout_2yr,youden_2yr,0.0000002410,0.0117383787,0.0117386197,0.0000202175,0.0000215065,0.6282966153,0.6827248807,FN/TN are diagnostics; their active retained-weight effect enters realized alpha through retained_stock_reweighting_effect.
temporary CSI,dynamic_csi,oos,latent_raw,Latent Dataset (VAE),large_cap,youden,3,lockout_3yr,youden_3yr,0.0000004481,0.0141826462,0.0141830944,0.0000202175,0.0000226141,0.6153307244,0.6827121236,FN/TN are diagnostics; their active retained-weight effect enters realized alpha through retained_stock_reweighting_effect.
temporary CSI,dynamic_csi,oos,latent_raw,Latent Dataset (VAE),large_cap,youden,5,lockout_5yr,youden_5yr,0.0000006237,0.0175394596,0.0175400833,0.0000202175,0.0000235530,0.5967054606,0.6828132942,FN/TN are diagnostics; their active retained-weight effect enters realized alpha through retained_stock_reweighting_effect.
temporary CSI,dynamic_csi,oos,latent_raw,Latent Dataset (VAE),mid_cap,fpr1,1,lockout_1yr,fpr1_1yr,0.0000001181,0.0003631241,0.0003632423,0.0006533577,0.0006541458,0.6800799103,0.6811856315,FN/TN are diagnostics; their active retained-weight effect enters realized alpha through retained_stock_reweighting_effect.
temporary CSI,dynamic_csi,oos,latent_raw,Latent Dataset (VAE),mid_cap,fpr1,2,lockout_2yr,fpr1_2yr,0.0000016654,0.0006488725,0.0006505379,0.0006533577,0.0006568467,0.6785830270,0.6812814362,FN/TN are diagnostics; their active retained-weight effect enters realized alpha through retained_stock_reweighting_effect.
temporary CSI,dynamic_csi,oos,latent_raw,Latent Dataset (VAE),mid_cap,fpr1,3,lockout_3yr,fpr1_3yr,0.0000011713,0.0006830452,0.0006842165,0.0006533577,0.0006583827,0.6779316881,0.6812780422,FN/TN are diagnostics; their active retained-weight effect enters realized alpha through retained_stock_reweighting_effect.
temporary CSI,dynamic_csi,oos,latent_raw,Latent Dataset (VAE),mid_cap,fpr1,5,lockout_5yr,fpr1_5yr,0.0000001019,0.0008488928,0.0008489947,0.0001143395,0.0001148844,0.6772357929,0.6818194844,FN/TN are diagnostics; their active retained-weight effect enters realized alpha through retained_stock_reweighting_effect.
temporary CSI,dynamic_csi,oos,latent_raw,Latent Dataset (VAE),mid_cap,fpr3,1,lockout_1yr,fpr3_1yr,0.0000016829,0.0006135155,0.0006151984,0.0006533577,0.0006550167,0.6795044971,0.6811825157,FN/TN are diagnostics; their active retained-weight effect enters realized alpha through retained_stock_reweighting_effect.
temporary CSI,dynamic_csi,oos,latent_raw,Latent Dataset (VAE),mid_cap,fpr3,2,lockout_2yr,fpr3_2yr,-0.0000034040,0.0018283115,0.0018249075,0.0003224042,0.0003247624,0.6753163649,0.6816024378,FN/TN are diagnostics; their active retained-weight effect enters realized alpha through retained_stock_reweighting_effect.
temporary CSI,dynamic_csi,oos,latent_raw,Latent Dataset (VAE),mid_cap,fpr3,3,lockout_3yr,fpr3_3yr,0.0000003739,0.0023581513,0.0023585252,0.0001143395,0.0001163390,0.6731090252,0.6819240634,FN/TN are diagnostics; their active retained-weight effect enters realized alpha through retained_stock_reweighting_effect.
temporary CSI,dynamic_csi,oos,latent_raw,Latent Dataset (VAE),mid_cap,fpr3,5,lockout_5yr,fpr3_5yr,0.0000005440,0.0028903293,0.0028908733,0.0001143395,0.0001172487,0.6686600819,0.6819192997,FN/TN are diagnostics; their active retained-weight effect enters realized alpha through retained_stock_reweighting_effect.
temporary CSI,dynamic_csi,oos,latent_raw,Latent Dataset (VAE),mid_cap,fpr5,1,lockout_1yr,fpr5_1yr,0.0000011913,0.0010351655,0.0010363568,0.0006533577,0.0006569711,0.6784940730,0.6812613168,FN/TN are diagnostics; their active retained-weight effect enters realized alpha through retained_stock_reweighting_effect.
temporary CSI,dynamic_csi,oos,latent_raw,Latent Dataset (VAE),mid_cap,fpr5,2,lockout_2yr,fpr5_2yr,-0.0000041720,0.0024861092,0.0024819372,0.0003224042,0.0003252992,0.6724460775,0.6816815043,FN/TN are diagnostics; their active retained-weight effect enters realized alpha through retained_stock_reweighting_effect.
temporary CSI,dynamic_csi,oos,latent_raw,Latent Dataset (VAE),mid_cap,fpr5,3,lockout_3yr,fpr5_3yr,0.0000003739,0.0030400595,0.0030404334,0.0001143395,0.0001163390,0.6688751448,0.6820014964,FN/TN are diagnostics; their active retained-weight effect enters realized alpha through retained_stock_reweighting_effect.
temporary CSI,dynamic_csi,oos,latent_raw,Latent Dataset (VAE),mid_cap,fpr5,5,lockout_5yr,fpr5_5yr,0.0000005901,0.0039318244,0.0039324145,0.0001143395,0.0001174956,0.6616843220,0.6819929103,FN/TN are diagnostics; their active retained-weight effect enters realized alpha through retained_stock_reweighting_effect.
temporary CSI,dynamic_csi,oos,latent_raw,Latent Dataset (VAE),mid_cap,youden,1,lockout_1yr,youden_1yr,0.0000022561,0.0149939347,0.0149961908,0.0001143395,0.0001264076,0.6076375607,0.6819760723,FN/TN are diagnostics; their active retained-weight effect enters realized alpha through retained_stock_reweighting_effect.
temporary CSI,dynamic_csi,oos,latent_raw,Latent Dataset (VAE),mid_cap,youden,2,lockout_2yr,youden_2yr,0.0000027907,0.0184264966,0.0184292873,0.0001143395,0.0001292681,0.5836514396,0.6820729453,FN/TN are diagnostics; their active retained-weight effect enters realized alpha through retained_stock_reweighting_effect.
temporary CSI,dynamic_csi,oos,latent_raw,Latent Dataset (VAE),mid_cap,youden,3,lockout_3yr,youden_3yr,0.0000044196,0.0209584177,0.0209628373,0.0001143395,0.0001379859,0.5677078592,0.6820305543,FN/TN are diagnostics; their active retained-weight effect enters realized alpha through retained_stock_reweighting_effect.
temporary CSI,dynamic_csi,oos,latent_raw,Latent Dataset (VAE),mid_cap,youden,5,lockout_5yr,youden_5yr,0.0000055165,0.0250776969,0.0250832134,0.0001143395,0.0001438582,0.5438110747,0.6821524041,FN/TN are diagnostics; their active retained-weight effect enters realized alpha through retained_stock_reweighting_effect.
temporary CSI,dynamic_csi,oos,latent_raw,Latent Dataset (VAE),small_cap,fpr1,1,lockout_1yr,fpr1_1yr,-0.0000119009,0.0008064451,0.0007945441,0.0042679175,0.0042819963,0.6726679526,0.6747263244,FN/TN are diagnostics; their active retained-weight effect enters realized alpha through retained_stock_reweighting_effect.
temporary CSI,dynamic_csi,oos,latent_raw,Latent Dataset (VAE),small_cap,fpr1,2,lockout_2yr,fpr1_2yr,-0.0000314588,0.0012336578,0.0012021991,0.0040803014,0.0041105811,0.6709408887,0.6749112732,FN/TN are diagnostics; their active retained-weight effect enters realized alpha through retained_stock_reweighting_effect.
temporary CSI,dynamic_csi,oos,latent_raw,Latent Dataset (VAE),small_cap,fpr1,3,lockout_3yr,fpr1_3yr,-0.0000425638,0.0015167523,0.0014741886,0.0036753536,0.0037184545,0.6698000719,0.6753182753,FN/TN are diagnostics; their active retained-weight effect enters realized alpha through retained_stock_reweighting_effect.
temporary CSI,dynamic_csi,oos,latent_raw,Latent Dataset (VAE),small_cap,fpr1,5,lockout_5yr,fpr1_5yr,-0.0000608882,0.0016701016,0.0016092134,0.0035692258,0.0036223153,0.6680428875,0.6754531218,FN/TN are diagnostics; their active retained-weight effect enters realized alpha through retained_stock_reweighting_effect.
temporary CSI,dynamic_csi,oos,latent_raw,Latent Dataset (VAE),small_cap,fpr3,1,lockout_1yr,fpr3_1yr,-0.0000238364,0.0016132747,0.0015894383,0.0040325896,0.0040576285,0.6704669772,0.6749347598,FN/TN are diagnostics; their active retained-weight effect enters realized alpha through retained_stock_reweighting_effect.
temporary CSI,dynamic_csi,oos,latent_raw,Latent Dataset (VAE),small_cap,fpr3,2,lockout_2yr,fpr3_2yr,-0.0000676764,0.0027348663,0.0026671899,0.0037302620,0.0037883825,0.6658984563,0.6752231771,FN/TN are diagnostics; their active retained-weight effect enters realized alpha through retained_stock_reweighting_effect.
temporary CSI,dynamic_csi,oos,latent_raw,Latent Dataset (VAE),small_cap,fpr3,3,lockout_3yr,fpr3_3yr,-0.0000971132,0.0033289290,0.0032318157,0.0032944839,0.0033803585,0.6623446434,0.6756302038,FN/TN are diagnostics; their active retained-weight effect enters realized alpha through retained_stock_reweighting_effect.
temporary CSI,dynamic_csi,oos,latent_raw,Latent Dataset (VAE),small_cap,fpr3,5,lockout_5yr,fpr3_5yr,-0.0001293890,0.0040432954,0.0039139064,0.0031569132,0.0032641255,0.6570285960,0.6758487887,FN/TN are diagnostics; their active retained-weight effect enters realized alpha through retained_stock_reweighting_effect.
temporary CSI,dynamic_csi,oos,latent_raw,Latent Dataset (VAE),small_cap,fpr5,1,lockout_1yr,fpr5_1yr,-0.0000363597,0.0026629938,0.0026266341,0.0037230397,0.0037571784,0.6673477295,0.6752692875,FN/TN are diagnostics; their active retained-weight effect enters realized alpha through retained_stock_reweighting_effect.
temporary CSI,dynamic_csi,oos,latent_raw,Latent Dataset (VAE),small_cap,fpr5,2,lockout_2yr,fpr5_2yr,-0.0000907208,0.0046125201,0.0045217993,0.0034076256,0.0034874245,0.6595904347,0.6756809784,FN/TN are diagnostics; their active retained-weight effect enters realized alpha through retained_stock_reweighting_effect.
temporary CSI,dynamic_csi,oos,latent_raw,Latent Dataset (VAE),small_cap,fpr5,3,lockout_3yr,fpr5_3yr,-0.0001513179,0.0058210511,0.0056697332,0.0030903744,0.0032182790,0.6530202394,0.6759644092,FN/TN are diagnostics; their active retained-weight effect enters realized alpha through retained_stock_reweighting_effect.
temporary CSI,dynamic_csi,oos,latent_raw,Latent Dataset (VAE),small_cap,fpr5,5,lockout_5yr,fpr5_5yr,-0.0002041909,0.0075023512,0.0072981603,0.0029505023,0.0031147109,0.6429449922,0.6762438885,FN/TN are diagnostics; their active retained-weight effect enters realized alpha through retained_stock_reweighting_effect.
temporary CSI,dynamic_csi,oos,latent_raw,Latent Dataset (VAE),small_cap,youden,1,lockout_1yr,youden_1yr,-0.0003527676,0.0305564219,0.0302036543,0.0011114433,0.0014098652,0.5464274580,0.6783908888,FN/TN are diagnostics; their active retained-weight effect enters realized alpha through retained_stock_reweighting_effect.
temporary CSI,dynamic_csi,oos,latent_raw,Latent Dataset (VAE),small_cap,youden,2,lockout_2yr,youden_2yr,-0.0004665978,0.0383917081,0.0379251103,0.0009896657,0.0013974629,0.5025933339,0.6787446741,FN/TN are diagnostics; their active retained-weight effect enters realized alpha through retained_stock_reweighting_effect.
temporary CSI,dynamic_csi,oos,latent_raw,Latent Dataset (VAE),small_cap,youden,3,lockout_3yr,youden_3yr,-0.0005187164,0.0428958564,0.0423771401,0.0008097279,0.0011996241,0.4728525169,0.6789186983,FN/TN are diagnostics; their active retained-weight effect enters realized alpha through retained_stock_reweighting_effect.
temporary CSI,dynamic_csi,oos,latent_raw,Latent Dataset (VAE),small_cap,youden,5,lockout_5yr,youden_5yr,-0.0005340597,0.0467926257,0.0462585660,0.0006418173,0.0010114646,0.4416835479,0.6793115130,FN/TN are diagnostics; their active retained-weight effect enters realized alpha through retained_stock_reweighting_effect.
temporary CSI,dynamic_csi,oos,latent_raw,Latent Dataset (VAE),total_market,fpr1,1,lockout_1yr,fpr1_1yr,-0.0000005749,0.0003050292,0.0003044542,0.0012034301,0.0012044078,0.6801457197,0.6808754950,FN/TN are diagnostics; their active retained-weight effect enters realized alpha through retained_stock_reweighting_effect.
temporary CSI,dynamic_csi,oos,latent_raw,Latent Dataset (VAE),total_market,fpr1,2,lockout_2yr,fpr1_2yr,-0.0000019664,0.0005329073,0.0005309409,0.0011639626,0.0011673855,0.6792658898,0.6809300676,FN/TN are diagnostics; their active retained-weight effect enters realized alpha through retained_stock_reweighting_effect.
temporary CSI,dynamic_csi,oos,latent_raw,Latent Dataset (VAE),total_market,fpr1,3,lockout_3yr,fpr1_3yr,-0.0000037046,0.0005742074,0.0005705028,0.0010919584,0.0010969736,0.6787975673,0.6810028788,FN/TN are diagnostics; their active retained-weight effect enters realized alpha through retained_stock_reweighting_effect.
temporary CSI,dynamic_csi,oos,latent_raw,Latent Dataset (VAE),total_market,fpr1,5,lockout_5yr,fpr1_5yr,-0.0000048160,0.0007717997,0.0007669837,0.0009888200,0.0009942322,0.6777516468,0.6811113216,FN/TN are diagnostics; their active retained-weight effect enters realized alpha through retained_stock_reweighting_effect.
temporary CSI,dynamic_csi,oos,latent_raw,Latent Dataset (VAE),total_market,fpr3,1,lockout_1yr,fpr3_1yr,-0.0000019630,0.0006521819,0.0006502190,0.0011338274,0.0011371833,0.6791115921,0.6809424427,FN/TN are diagnostics; their active retained-weight effect enters realized alpha through retained_stock_reweighting_effect.
temporary CSI,dynamic_csi,oos,latent_raw,Latent Dataset (VAE),total_market,fpr3,2,lockout_2yr,fpr3_2yr,-0.0000079246,0.0011985600,0.0011906355,0.0009947837,0.0010029031,0.6768090783,0.6810950662,FN/TN are diagnostics; their active retained-weight effect enters realized alpha through retained_stock_reweighting_effect.
temporary CSI,dynamic_csi,oos,latent_raw,Latent Dataset (VAE),total_market,fpr3,3,lockout_3yr,fpr3_3yr,-0.0000110244,0.0015694858,0.0015584615,0.0008711980,0.0008826555,0.6747650505,0.6812337572,FN/TN are diagnostics; their active retained-weight effect enters realized alpha through retained_stock_reweighting_effect.
temporary CSI,dynamic_csi,oos,latent_raw,Latent Dataset (VAE),total_market,fpr3,5,lockout_5yr,fpr3_5yr,-0.0000137235,0.0020116788,0.0019979553,0.0008250065,0.0008385216,0.6718079532,0.6812925817,FN/TN are diagnostics; their active retained-weight effect enters realized alpha through retained_stock_reweighting_effect.
temporary CSI,dynamic_csi,oos,latent_raw,Latent Dataset (VAE),total_market,fpr5,1,lockout_1yr,fpr5_1yr,-0.0000027025,0.0009428861,0.0009401836,0.0010438652,0.0010482671,0.6782635861,0.6810521225,FN/TN are diagnostics; their active retained-weight effect enters realized alpha through retained_stock_reweighting_effect.
temporary CSI,dynamic_csi,oos,latent_raw,Latent Dataset (VAE),total_market,fpr5,2,lockout_2yr,fpr5_2yr,-0.0000096206,0.0016890218,0.0016794011,0.0008931068,0.0009030235,0.6749692889,0.6812337361,FN/TN are diagnostics; their active retained-weight effect enters realized alpha through retained_stock_reweighting_effect.
temporary CSI,dynamic_csi,oos,latent_raw,Latent Dataset (VAE),total_market,fpr5,3,lockout_3yr,fpr5_3yr,-0.0000137755,0.0021822693,0.0021684938,0.0007779171,0.0007917678,0.6722062274,0.6813683468,FN/TN are diagnostics; their active retained-weight effect enters realized alpha through retained_stock_reweighting_effect.
temporary CSI,dynamic_csi,oos,latent_raw,Latent Dataset (VAE),total_market,fpr5,5,lockout_5yr,fpr5_5yr,-0.0000171739,0.0028893363,0.0028721623,0.0007313691,0.0007480055,0.6680671505,0.6814390134,FN/TN are diagnostics; their active retained-weight effect enters realized alpha through retained_stock_reweighting_effect.
temporary CSI,dynamic_csi,oos,latent_raw,Latent Dataset (VAE),total_market,youden,1,lockout_1yr,youden_1yr,-0.0000177835,0.0115136361,0.0114958526,0.0002417960,0.0002598554,0.6328562400,0.6820684787,FN/TN are diagnostics; their active retained-weight effect enters realized alpha through retained_stock_reweighting_effect.
temporary CSI,dynamic_csi,oos,latent_raw,Latent Dataset (VAE),total_market,youden,2,lockout_2yr,youden_2yr,-0.0000272603,0.0161917678,0.0161645075,0.0002026025,0.0002287072,0.6066735772,0.6821684146,FN/TN are diagnostics; their active retained-weight effect enters realized alpha through retained_stock_reweighting_effect.
temporary CSI,dynamic_csi,oos,latent_raw,Latent Dataset (VAE),total_market,youden,3,lockout_3yr,youden_3yr,-0.0000338647,0.0193571334,0.0193232687,0.0001713090,0.0002002655,0.5909255479,0.6821986707,FN/TN are diagnostics; their active retained-weight effect enters realized alpha through retained_stock_reweighting_effect.
temporary CSI,dynamic_csi,oos,latent_raw,Latent Dataset (VAE),total_market,youden,5,lockout_5yr,youden_5yr,-0.0000354966,0.0228815570,0.0228460605,0.0001479331,0.0001776652,0.5705040598,0.6823427405,FN/TN are diagnostics; their active retained-weight effect enters realized alpha through retained_stock_reweighting_effect.
temporary CSI,dynamic_csi,test,latent_raw,Latent Dataset (VAE),large_cap,fpr1,1,lockout_1yr,fpr1_1yr,-0.0000000159,0.0000081975,0.0000081816,0.0000821874,0.0000821968,0.6652408336,0.6653010185,FN/TN are diagnostics; their active retained-weight effect enters realized alpha through retained_stock_reweighting_effect.
temporary CSI,dynamic_csi,test,latent_raw,Latent Dataset (VAE),large_cap,fpr1,2,lockout_2yr,fpr1_2yr,-0.0000000159,0.0000081975,0.0000081816,0.0000821874,0.0000821968,0.6652408336,0.6653010185,FN/TN are diagnostics; their active retained-weight effect enters realized alpha through retained_stock_reweighting_effect.
temporary CSI,dynamic_csi,test,latent_raw,Latent Dataset (VAE),large_cap,fpr1,3,lockout_3yr,fpr1_3yr,-0.0000000159,0.0000081975,0.0000081816,0.0000821874,0.0000821968,0.6652408336,0.6653010185,FN/TN are diagnostics; their active retained-weight effect enters realized alpha through retained_stock_reweighting_effect.
temporary CSI,dynamic_csi,test,latent_raw,Latent Dataset (VAE),large_cap,fpr1,5,lockout_5yr,fpr1_5yr,-0.0000000159,0.0000081975,0.0000081816,0.0000821874,0.0000821968,0.6652408336,0.6653010185,FN/TN are diagnostics; their active retained-weight effect enters realized alpha through retained_stock_reweighting_effect.
temporary CSI,dynamic_csi,test,latent_raw,Latent Dataset (VAE),large_cap,fpr3,1,lockout_1yr,fpr3_1yr,-0.0000000377,0.0000183508,0.0000183130,0.0000821874,0.0000822097,0.6651435536,0.6653008162,FN/TN are diagnostics; their active retained-weight effect enters realized alpha through retained_stock_reweighting_effect.
temporary CSI,dynamic_csi,test,latent_raw,Latent Dataset (VAE),large_cap,fpr3,2,lockout_2yr,fpr3_2yr,-0.0000000377,0.0000240378,0.0000240000,0.0000821874,0.0000822097,0.6651188544,0.6653007538,FN/TN are diagnostics; their active retained-weight effect enters realized alpha through retained_stock_reweighting_effect.
temporary CSI,dynamic_csi,test,latent_raw,Latent Dataset (VAE),large_cap,fpr3,3,lockout_3yr,fpr3_3yr,-0.0000000377,0.0000254918,0.0000254540,0.0000821874,0.0000822097,0.6651044666,0.6653007450,FN/TN are diagnostics; their active retained-weight effect enters realized alpha through retained_stock_reweighting_effect.
temporary CSI,dynamic_csi,test,latent_raw,Latent Dataset (VAE),large_cap,fpr3,5,lockout_5yr,fpr3_5yr,-0.0000000444,0.0000352230,0.0000351786,0.0000821874,0.0000822674,0.6648971685,0.6653001666,FN/TN are diagnostics; their active retained-weight effect enters realized alpha through retained_stock_reweighting_effect.
temporary CSI,dynamic_csi,test,latent_raw,Latent Dataset (VAE),large_cap,fpr5,1,lockout_1yr,fpr5_1yr,-0.0000000377,0.0000183508,0.0000183130,0.0000821874,0.0000822097,0.6651435536,0.6653008162,FN/TN are diagnostics; their active retained-weight effect enters realized alpha through retained_stock_reweighting_effect.
temporary CSI,dynamic_csi,test,latent_raw,Latent Dataset (VAE),large_cap,fpr5,2,lockout_2yr,fpr5_2yr,-0.0000000377,0.0000311820,0.0000311443,0.0000821874,0.0000822097,0.6650168336,0.6653005686,FN/TN are diagnostics; their active retained-weight effect enters realized alpha through retained_stock_reweighting_effect.
temporary CSI,dynamic_csi,test,latent_raw,Latent Dataset (VAE),large_cap,fpr5,3,lockout_3yr,fpr5_3yr,-0.0000000472,0.0000402247,0.0000401775,0.0000821874,0.0000822152,0.6649581012,0.6653004605,FN/TN are diagnostics; their active retained-weight effect enters realized alpha through retained_stock_reweighting_effect.
temporary CSI,dynamic_csi,test,latent_raw,Latent Dataset (VAE),large_cap,fpr5,5,lockout_5yr,fpr5_5yr,-0.0000000441,0.0000492834,0.0000492393,0.0000821874,0.0000822725,0.6647991837,0.6653000147,FN/TN are diagnostics; their active retained-weight effect enters realized alpha through retained_stock_reweighting_effect.
temporary CSI,dynamic_csi,test,latent_raw,Latent Dataset (VAE),large_cap,youden,1,lockout_1yr,youden_1yr,0.0000001025,0.0026406200,0.0026407225,0.0000653310,0.0000672938,0.6475605570,0.6653390089,FN/TN are diagnostics; their active retained-weight effect enters realized alpha through retained_stock_reweighting_effect.
temporary CSI,dynamic_csi,test,latent_raw,Latent Dataset (VAE),large_cap,youden,2,lockout_2yr,youden_2yr,0.0000001089,0.0036587923,0.0036589012,0.0000653310,0.0000673776,0.6417041968,0.6653659915,FN/TN are diagnostics; their active retained-weight effect enters realized alpha through retained_stock_reweighting_effect.
temporary CSI,dynamic_csi,test,latent_raw,Latent Dataset (VAE),large_cap,youden,3,lockout_3yr,youden_3yr,0.0000001128,0.0041356563,0.0041357691,0.0000653310,0.0000675028,0.6383577220,0.6653667089,FN/TN are diagnostics; their active retained-weight effect enters realized alpha through retained_stock_reweighting_effect.
temporary CSI,dynamic_csi,test,latent_raw,Latent Dataset (VAE),large_cap,youden,5,lockout_5yr,youden_5yr,0.0000000000,0.0048866832,0.0048866832,0.0000000000,0.0000000000,0.6316630089,0.6654362482,FN/TN are diagnostics; their active retained-weight effect enters realized alpha through retained_stock_reweighting_effect.
temporary CSI,dynamic_csi,test,latent_raw,Latent Dataset (VAE),mid_cap,fpr1,1,lockout_1yr,fpr1_1yr,-0.0000005111,0.0000483580,0.0000478469,0.0004659707,0.0004662724,0.6631700452,0.6635093402,FN/TN are diagnostics; their active retained-weight effect enters realized alpha through retained_stock_reweighting_effect.
temporary CSI,dynamic_csi,test,latent_raw,Latent Dataset (VAE),mid_cap,fpr1,2,lockout_2yr,fpr1_2yr,-0.0000005111,0.0000483580,0.0000478469,0.0004659707,0.0004662724,0.6631700452,0.6635093402,FN/TN are diagnostics; their active retained-weight effect enters realized alpha through retained_stock_reweighting_effect.
temporary CSI,dynamic_csi,test,latent_raw,Latent Dataset (VAE),mid_cap,fpr1,3,lockout_3yr,fpr1_3yr,-0.0000005111,0.0000483580,0.0000478469,0.0004659707,0.0004662724,0.6631700452,0.6635093402,FN/TN are diagnostics; their active retained-weight effect enters realized alpha through retained_stock_reweighting_effect.
temporary CSI,dynamic_csi,test,latent_raw,Latent Dataset (VAE),mid_cap,fpr1,5,lockout_5yr,fpr1_5yr,-0.0000005111,0.0000483580,0.0000478469,0.0004659707,0.0004662724,0.6631700452,0.6635093402,FN/TN are diagnostics; their active retained-weight effect enters realized alpha through retained_stock_reweighting_effect.
temporary CSI,dynamic_csi,test,latent_raw,Latent Dataset (VAE),mid_cap,fpr3,1,lockout_1yr,fpr3_1yr,-0.0000012193,0.0000825082,0.0000812889,0.0004659707,0.0004666904,0.6626191786,0.6635069538,FN/TN are diagnostics; their active retained-weight effect enters realized alpha through retained_stock_reweighting_effect.
temporary CSI,dynamic_csi,test,latent_raw,Latent Dataset (VAE),mid_cap,fpr3,2,lockout_2yr,fpr3_2yr,-0.0000012193,0.0001119448,0.0001107255,0.0004659707,0.0004666904,0.6624794457,0.6635065274,FN/TN are diagnostics; their active retained-weight effect enters realized alpha through retained_stock_reweighting_effect.
temporary CSI,dynamic_csi,test,latent_raw,Latent Dataset (VAE),mid_cap,fpr3,3,lockout_3yr,fpr3_3yr,-0.0000012193,0.0001118140,0.0001105947,0.0004659707,0.0004666904,0.6623977971,0.6635062445,FN/TN are diagnostics; their active retained-weight effect enters realized alpha through retained_stock_reweighting_effect.
temporary CSI,dynamic_csi,test,latent_raw,Latent Dataset (VAE),mid_cap,fpr3,5,lockout_5yr,fpr3_5yr,-0.0000014825,0.0002519102,0.0002504277,0.0004659707,0.0004680270,0.6614554803,0.6634986566,FN/TN are diagnostics; their active retained-weight effect enters realized alpha through retained_stock_reweighting_effect.
temporary CSI,dynamic_csi,test,latent_raw,Latent Dataset (VAE),mid_cap,fpr5,1,lockout_1yr,fpr5_1yr,-0.0000012193,0.0000825082,0.0000812889,0.0004659707,0.0004666904,0.6626191786,0.6635069538,FN/TN are diagnostics; their active retained-weight effect enters realized alpha through retained_stock_reweighting_effect.
temporary CSI,dynamic_csi,test,latent_raw,Latent Dataset (VAE),mid_cap,fpr5,2,lockout_2yr,fpr5_2yr,-0.0000012193,0.0001124980,0.0001112788,0.0004659707,0.0004666904,0.6619013780,0.6635054648,FN/TN are diagnostics; their active retained-weight effect enters realized alpha through retained_stock_reweighting_effect.
temporary CSI,dynamic_csi,test,latent_raw,Latent Dataset (VAE),mid_cap,fpr5,3,lockout_3yr,fpr5_3yr,-0.0000015271,0.0001586193,0.0001570922,0.0004659707,0.0004668721,0.6615688624,0.6635037266,FN/TN are diagnostics; their active retained-weight effect enters realized alpha through retained_stock_reweighting_effect.
temporary CSI,dynamic_csi,test,latent_raw,Latent Dataset (VAE),mid_cap,fpr5,5,lockout_5yr,fpr5_5yr,-0.0000014722,0.0003111443,0.0003096721,0.0004659707,0.0004681937,0.6609002288,0.6634968424,FN/TN are diagnostics; their active retained-weight effect enters realized alpha through retained_stock_reweighting_effect.
temporary CSI,dynamic_csi,test,latent_raw,Latent Dataset (VAE),mid_cap,youden,1,lockout_1yr,youden_1yr,0.0000018229,0.0073121536,0.0073139765,0.0003704552,0.0004040569,0.6142222775,0.6636944802,FN/TN are diagnostics; their active retained-weight effect enters realized alpha through retained_stock_reweighting_effect.
temporary CSI,dynamic_csi,test,latent_raw,Latent Dataset (VAE),mid_cap,youden,2,lockout_2yr,youden_2yr,0.0000018059,0.0090433058,0.0090451117,0.0003704552,0.0004057792,0.6019974086,0.6637174398,FN/TN are diagnostics; their active retained-weight effect enters realized alpha through retained_stock_reweighting_effect.
temporary CSI,dynamic_csi,test,latent_raw,Latent Dataset (VAE),mid_cap,youden,3,lockout_3yr,youden_3yr,0.0000017053,0.0101115282,0.0101132336,0.0003704552,0.0004069742,0.5930763643,0.6637300581,FN/TN are diagnostics; their active retained-weight effect enters realized alpha through retained_stock_reweighting_effect.
temporary CSI,dynamic_csi,test,latent_raw,Latent Dataset (VAE),mid_cap,youden,5,lockout_5yr,youden_5yr,0.0000000000,0.0119702888,0.0119702888,0.0000000000,0.0000000000,0.5810647579,0.6641749594,FN/TN are diagnostics; their active retained-weight effect enters realized alpha through retained_stock_reweighting_effect.
temporary CSI,dynamic_csi,test,latent_raw,Latent Dataset (VAE),small_cap,fpr1,1,lockout_1yr,fpr1_1yr,-0.0000017500,0.0000888301,0.0000870801,0.0049214110,0.0049233074,0.6566517148,0.6571455253,FN/TN are diagnostics; their active retained-weight effect enters realized alpha through retained_stock_reweighting_effect.
temporary CSI,dynamic_csi,test,latent_raw,Latent Dataset (VAE),small_cap,fpr1,2,lockout_2yr,fpr1_2yr,-0.0000017500,0.0000888301,0.0000870801,0.0049214110,0.0049233074,0.6566517148,0.6571455253,FN/TN are diagnostics; their active retained-weight effect enters realized alpha through retained_stock_reweighting_effect.
temporary CSI,dynamic_csi,test,latent_raw,Latent Dataset (VAE),small_cap,fpr1,3,lockout_3yr,fpr1_3yr,-0.0000019178,0.0000881969,0.0000862791,0.0049214110,0.0049234319,0.6566150542,0.6571451379,FN/TN are diagnostics; their active retained-weight effect enters realized alpha through retained_stock_reweighting_effect.
temporary CSI,dynamic_csi,test,latent_raw,Latent Dataset (VAE),small_cap,fpr1,5,lockout_5yr,fpr1_5yr,-0.0000046091,0.0001096076,0.0001049985,0.0049214110,0.0049271654,0.6563347554,0.6571392503,FN/TN are diagnostics; their active retained-weight effect enters realized alpha through retained_stock_reweighting_effect.
temporary CSI,dynamic_csi,test,latent_raw,Latent Dataset (VAE),small_cap,fpr3,1,lockout_1yr,fpr3_1yr,-0.0000116334,0.0003990597,0.0003874263,0.0049214110,0.0049358798,0.6546985381,0.6571197597,FN/TN are diagnostics; their active retained-weight effect enters realized alpha through retained_stock_reweighting_effect.
temporary CSI,dynamic_csi,test,latent_raw,Latent Dataset (VAE),small_cap,fpr3,2,lockout_2yr,fpr3_2yr,-0.0000166362,0.0005269933,0.0005103571,0.0048724139,0.0048946092,0.6537658468,0.6571540300,FN/TN are diagnostics; their active retained-weight effect enters realized alpha through retained_stock_reweighting_effect.
temporary CSI,dynamic_csi,test,latent_raw,Latent Dataset (VAE),small_cap,fpr3,3,lockout_3yr,fpr3_3yr,-0.0000228941,0.0006090032,0.0005861091,0.0048480915,0.0048784848,0.6529849372,0.6571786516,FN/TN are diagnostics; their active retained-weight effect enters realized alpha through retained_stock_reweighting_effect.
temporary CSI,dynamic_csi,test,latent_raw,Latent Dataset (VAE),small_cap,fpr3,5,lockout_5yr,fpr3_5yr,-0.0000275687,0.0007786793,0.0007511106,0.0048353218,0.0048740417,0.6517731323,0.6571749347,FN/TN are diagnostics; their active retained-weight effect enters realized alpha through retained_stock_reweighting_effect.
temporary CSI,dynamic_csi,test,latent_raw,Latent Dataset (VAE),small_cap,fpr5,1,lockout_1yr,fpr5_1yr,-0.0000248042,0.0008752770,0.0008504728,0.0048308760,0.0048613145,0.6514068530,0.6571910778,FN/TN are diagnostics; their active retained-weight effect enters realized alpha through retained_stock_reweighting_effect.
temporary CSI,dynamic_csi,test,latent_raw,Latent Dataset (VAE),small_cap,fpr5,2,lockout_2yr,fpr5_2yr,-0.0000401116,0.0010872577,0.0010471461,0.0046142423,0.0046676819,0.6493897087,0.6574144245,FN/TN are diagnostics; their active retained-weight effect enters realized alpha through retained_stock_reweighting_effect.
temporary CSI,dynamic_csi,test,latent_raw,Latent Dataset (VAE),small_cap,fpr5,3,lockout_3yr,fpr5_3yr,-0.0000485718,0.0013292022,0.0012806303,0.0044533820,0.0045183261,0.6478791861,0.6575521036,FN/TN are diagnostics; their active retained-weight effect enters realized alpha through retained_stock_reweighting_effect.
temporary CSI,dynamic_csi,test,latent_raw,Latent Dataset (VAE),small_cap,fpr5,5,lockout_5yr,fpr5_5yr,-0.0000565434,0.0015633702,0.0015068269,0.0043921969,0.0044650967,0.6457614941,0.6576637885,FN/TN are diagnostics; their active retained-weight effect enters realized alpha through retained_stock_reweighting_effect.
temporary CSI,dynamic_csi,test,latent_raw,Latent Dataset (VAE),small_cap,youden,1,lockout_1yr,youden_1yr,-0.0002092617,0.0123657201,0.0121564584,0.0015129787,0.0017472662,0.5624642743,0.6602614713,FN/TN are diagnostics; their active retained-weight effect enters realized alpha through retained_stock_reweighting_effect.
temporary CSI,dynamic_csi,test,latent_raw,Latent Dataset (VAE),small_cap,youden,2,lockout_2yr,youden_2yr,-0.0001955953,0.0140461269,0.0138505316,0.0009664615,0.0011590337,0.5471949797,0.6613185580,FN/TN are diagnostics; their active retained-weight effect enters realized alpha through retained_stock_reweighting_effect.
temporary CSI,dynamic_csi,test,latent_raw,Latent Dataset (VAE),small_cap,youden,3,lockout_3yr,youden_3yr,-0.0002041529,0.0151909239,0.0149867710,0.0008195256,0.0010043446,0.5363262319,0.6616270857,FN/TN are diagnostics; their active retained-weight effect enters realized alpha through retained_stock_reweighting_effect.
temporary CSI,dynamic_csi,test,latent_raw,Latent Dataset (VAE),small_cap,youden,5,lockout_5yr,youden_5yr,-0.0002135324,0.0177792117,0.0175656793,0.0006911307,0.0008767469,0.5178466645,0.6619391459,FN/TN are diagnostics; their active retained-weight effect enters realized alpha through retained_stock_reweighting_effect.
temporary CSI,dynamic_csi,test,latent_raw,Latent Dataset (VAE),total_market,fpr1,1,lockout_1yr,fpr1_1yr,-0.0000001840,0.0000304784,0.0000302944,0.0012360355,0.0012363010,0.6634492022,0.6636245807,FN/TN are diagnostics; their active retained-weight effect enters realized alpha through retained_stock_reweighting_effect.
temporary CSI,dynamic_csi,test,latent_raw,Latent Dataset (VAE),total_market,fpr1,2,lockout_2yr,fpr1_2yr,-0.0000002191,0.0000330105,0.0000327914,0.0012297264,0.0012300416,0.6634337895,0.6636309865,FN/TN are diagnostics; their active retained-weight effect enters realized alpha through retained_stock_reweighting_effect.
temporary CSI,dynamic_csi,test,latent_raw,Latent Dataset (VAE),total_market,fpr1,3,lockout_3yr,fpr1_3yr,-0.0000002408,0.0000345414,0.0000343007,0.0012248646,0.0012252088,0.6634204010,0.6636357846,FN/TN are diagnostics; their active retained-weight effect enters realized alpha through retained_stock_reweighting_effect.
temporary CSI,dynamic_csi,test,latent_raw,Latent Dataset (VAE),total_market,fpr1,5,lockout_5yr,fpr1_5yr,-0.0000003633,0.0000439142,0.0000435510,0.0012182281,0.0012187377,0.6633482134,0.6636423737,FN/TN are diagnostics; their active retained-weight effect enters realized alpha through retained_stock_reweighting_effect.
temporary CSI,dynamic_csi,test,latent_raw,Latent Dataset (VAE),total_market,fpr3,1,lockout_1yr,fpr3_1yr,-0.0000008553,0.0001182101,0.0001173547,0.0011983244,0.0011995223,0.6629259860,0.6636610303,FN/TN are diagnostics; their active retained-weight effect enters realized alpha through retained_stock_reweighting_effect.
temporary CSI,dynamic_csi,test,latent_raw,Latent Dataset (VAE),total_market,fpr3,2,lockout_2yr,fpr3_2yr,-0.0000011401,0.0001583209,0.0001571809,0.0011728464,0.0011744938,0.6626967245,0.6636858215,FN/TN are diagnostics; their active retained-weight effect enters realized alpha through retained_stock_reweighting_effect.
temporary CSI,dynamic_csi,test,latent_raw,Latent Dataset (VAE),total_market,fpr3,3,lockout_3yr,fpr3_3yr,-0.0000014124,0.0001842418,0.0001828294,0.0011498130,0.0011518242,0.6625299438,0.6637128561,FN/TN are diagnostics; their active retained-weight effect enters realized alpha through retained_stock_reweighting_effect.
temporary CSI,dynamic_csi,test,latent_raw,Latent Dataset (VAE),total_market,fpr3,5,lockout_5yr,fpr3_5yr,-0.0000018860,0.0002308426,0.0002289566,0.0011258375,0.0011284911,0.6621155311,0.6637353969,FN/TN are diagnostics; their active retained-weight effect enters realized alpha through retained_stock_reweighting_effect.
temporary CSI,dynamic_csi,test,latent_raw,Latent Dataset (VAE),total_market,fpr5,1,lockout_1yr,fpr5_1yr,-0.0000015098,0.0002390120,0.0002375022,0.0011465464,0.0011487350,0.6622503391,0.6637177897,FN/TN are diagnostics; their active retained-weight effect enters realized alpha through retained_stock_reweighting_effect.
temporary CSI,dynamic_csi,test,latent_raw,Latent Dataset (VAE),total_market,fpr5,2,lockout_2yr,fpr5_2yr,-0.0000022927,0.0003182233,0.0003159306,0.0010778776,0.0010812273,0.6617406211,0.6637901791,FN/TN are diagnostics; their active retained-weight effect enters realized alpha through retained_stock_reweighting_effect.
temporary CSI,dynamic_csi,test,latent_raw,Latent Dataset (VAE),total_market,fpr5,3,lockout_3yr,fpr5_3yr,-0.0000026233,0.0003796219,0.0003769986,0.0010348249,0.0010386919,0.6613982513,0.6638331475,FN/TN are diagnostics; their active retained-weight effect enters realized alpha through retained_stock_reweighting_effect.
temporary CSI,dynamic_csi,test,latent_raw,Latent Dataset (VAE),total_market,fpr5,5,lockout_5yr,fpr5_5yr,-0.0000030843,0.0004404437,0.0004373594,0.0010080861,0.0010125703,0.6608312029,0.6638689290,FN/TN are diagnostics; their active retained-weight effect enters realized alpha through retained_stock_reweighting_effect.
temporary CSI,dynamic_csi,test,latent_raw,Latent Dataset (VAE),total_market,youden,1,lockout_1yr,youden_1yr,-0.0000118942,0.0049205914,0.0049086972,0.0003411951,0.0003576551,0.6313292071,0.6645859205,FN/TN are diagnostics; their active retained-weight effect enters realized alpha through retained_stock_reweighting_effect.
temporary CSI,dynamic_csi,test,latent_raw,Latent Dataset (VAE),total_market,youden,2,lockout_2yr,youden_2yr,-0.0000121950,0.0061939799,0.0061817849,0.0002542105,0.0002702079,0.6238821026,0.6647734589,FN/TN are diagnostics; their active retained-weight effect enters realized alpha through retained_stock_reweighting_effect.
temporary CSI,dynamic_csi,test,latent_raw,Latent Dataset (VAE),total_market,youden,3,lockout_3yr,youden_3yr,-0.0000126445,0.0068226172,0.0068099727,0.0002291206,0.0002451820,0.6193184402,0.6648245799,FN/TN are diagnostics; their active retained-weight effect enters realized alpha through retained_stock_reweighting_effect.
temporary CSI,dynamic_csi,test,latent_raw,Latent Dataset (VAE),total_market,youden,5,lockout_5yr,youden_5yr,-0.0000139238,0.0078751953,0.0078612715,0.0001442733,0.0001568346,0.6107505928,0.6649477866,FN/TN are diagnostics; their active retained-weight effect enters realized alpha through retained_stock_reweighting_effect.
permanent CSI,permanent_csi,full,latent_raw,Latent Dataset (VAE),large_cap,fpr1,0,permanent_removal,fpr1_permanent,-0.0000016564,0.0010065934,0.0010049369,0.0005309695,0.0005325393,0.6625821706,0.6684063650,FN/TN are diagnostics; their active retained-weight effect enters realized alpha through retained_stock_reweighting_effect.
permanent CSI,permanent_csi,full,latent_raw,Latent Dataset (VAE),large_cap,fpr3,0,permanent_removal,fpr3_permanent,-0.0000032322,0.0016893955,0.0016861633,0.0005174540,0.0005207464,0.6583094456,0.6684533459,FN/TN are diagnostics; their active retained-weight effect enters realized alpha through retained_stock_reweighting_effect.
permanent CSI,permanent_csi,full,latent_raw,Latent Dataset (VAE),large_cap,fpr5,0,permanent_removal,fpr5_permanent,-0.0000043514,0.0023396546,0.0023353032,0.0004651026,0.0004692381,0.6544699773,0.6685204133,FN/TN are diagnostics; their active retained-weight effect enters realized alpha through retained_stock_reweighting_effect.
permanent CSI,permanent_csi,full,latent_raw,Latent Dataset (VAE),large_cap,youden,0,permanent_removal,youden_permanent,-0.0000112863,0.0167588530,0.0167475668,0.0000827479,0.0000925556,0.5592574410,0.6691182757,FN/TN are diagnostics; their active retained-weight effect enters realized alpha through retained_stock_reweighting_effect.
permanent CSI,permanent_csi,full,latent_raw,Latent Dataset (VAE),mid_cap,fpr1,0,permanent_removal,fpr1_permanent,-0.0000067868,0.0012240757,0.0012172889,0.0009756442,0.0009843335,0.6586207235,0.6665626730,FN/TN are diagnostics; their active retained-weight effect enters realized alpha through retained_stock_reweighting_effect.
permanent CSI,permanent_csi,full,latent_raw,Latent Dataset (VAE),mid_cap,fpr3,0,permanent_removal,fpr3_permanent,-0.0000184393,0.0030611337,0.0030426943,0.0008990644,0.0009206464,0.6472511266,0.6667137763,FN/TN are diagnostics; their active retained-weight effect enters realized alpha through retained_stock_reweighting_effect.
permanent CSI,permanent_csi,full,latent_raw,Latent Dataset (VAE),mid_cap,fpr5,0,permanent_removal,fpr5_permanent,-0.0000236027,0.0042588297,0.0042352270,0.0006402395,0.0006634372,0.6395925917,0.6670015705,FN/TN are diagnostics; their active retained-weight effect enters realized alpha through retained_stock_reweighting_effect.
permanent CSI,permanent_csi,full,latent_raw,Latent Dataset (VAE),mid_cap,youden,0,permanent_removal,youden_permanent,-0.0001407326,0.0249829599,0.0248422273,0.0003593110,0.0004635420,0.4949623960,0.6674782658,FN/TN are diagnostics; their active retained-weight effect enters realized alpha through retained_stock_reweighting_effect.
permanent CSI,permanent_csi,full,latent_raw,Latent Dataset (VAE),small_cap,fpr1,0,permanent_removal,fpr1_permanent,-0.0000446452,0.0017778459,0.0017332007,0.0031219623,0.0031720963,0.6515170261,0.6627995012,FN/TN are diagnostics; their active retained-weight effect enters realized alpha through retained_stock_reweighting_effect.
permanent CSI,permanent_csi,full,latent_raw,Latent Dataset (VAE),small_cap,fpr3,0,permanent_removal,fpr3_permanent,-0.0001134682,0.0048760988,0.0047626306,0.0025501841,0.0026757026,0.6297529962,0.6633334688,FN/TN are diagnostics; their active retained-weight effect enters realized alpha through retained_stock_reweighting_effect.
permanent CSI,permanent_csi,full,latent_raw,Latent Dataset (VAE),small_cap,fpr5,0,permanent_removal,fpr5_permanent,-0.0001497281,0.0069353549,0.0067856268,0.0022846621,0.0024527568,0.6149904825,0.6636859417,FN/TN are diagnostics; their active retained-weight effect enters realized alpha through retained_stock_reweighting_effect.
permanent CSI,permanent_csi,full,latent_raw,Latent Dataset (VAE),small_cap,youden,0,permanent_removal,youden_permanent,-0.0003929467,0.0341904981,0.0337975515,0.0005544425,0.0008601370,0.4118303817,0.6660845679,FN/TN are diagnostics; their active retained-weight effect enters realized alpha through retained_stock_reweighting_effect.
permanent CSI,permanent_csi,full,latent_raw,Latent Dataset (VAE),total_market,fpr1,0,permanent_removal,fpr1_permanent,-0.0000081295,0.0011471612,0.0011390317,0.0011983238,0.0012066987,0.6602240180,0.6672620307,FN/TN are diagnostics; their active retained-weight effect enters realized alpha through retained_stock_reweighting_effect.
permanent CSI,permanent_csi,full,latent_raw,Latent Dataset (VAE),total_market,fpr3,0,permanent_removal,fpr3_permanent,-0.0000165310,0.0022649308,0.0022483997,0.0010411417,0.0010584742,0.6529074092,0.6674595341,FN/TN are diagnostics; their active retained-weight effect enters realized alpha through retained_stock_reweighting_effect.
permanent CSI,permanent_csi,full,latent_raw,Latent Dataset (VAE),total_market,fpr5,0,permanent_removal,fpr5_permanent,-0.0000207034,0.0031832932,0.0031625899,0.0009116091,0.0009330613,0.6470390997,0.6676248413,FN/TN are diagnostics; their active retained-weight effect enters realized alpha through retained_stock_reweighting_effect.
permanent CSI,permanent_csi,full,latent_raw,Latent Dataset (VAE),total_market,youden,0,permanent_removal,youden_permanent,-0.0000425877,0.0197418763,0.0196992886,0.0001785084,0.0002132625,0.5341676292,0.6687207244,FN/TN are diagnostics; their active retained-weight effect enters realized alpha through retained_stock_reweighting_effect.
permanent CSI,permanent_csi,insample,latent_raw,Latent Dataset (VAE),large_cap,fpr1,0,permanent_removal,fpr1_permanent,-0.0000028293,0.0002739737,0.0002711444,0.0008907879,0.0008933050,0.6614301813,0.6638550295,FN/TN are diagnostics; their active retained-weight effect enters realized alpha through retained_stock_reweighting_effect.
permanent CSI,permanent_csi,insample,latent_raw,Latent Dataset (VAE),large_cap,fpr3,0,permanent_removal,fpr3_permanent,-0.0000055070,0.0006991897,0.0006936827,0.0008679154,0.0008732883,0.6579940517,0.6639045512,FN/TN are diagnostics; their active retained-weight effect enters realized alpha through retained_stock_reweighting_effect.
permanent CSI,permanent_csi,insample,latent_raw,Latent Dataset (VAE),large_cap,fpr5,0,permanent_removal,fpr5_permanent,-0.0000074167,0.0009249838,0.0009175670,0.0007793208,0.0007860371,0.6560188186,0.6640056350,FN/TN are diagnostics; their active retained-weight effect enters realized alpha through retained_stock_reweighting_effect.
permanent CSI,permanent_csi,insample,latent_raw,Latent Dataset (VAE),large_cap,youden,0,permanent_removal,youden_permanent,-0.0000195549,0.0079671152,0.0079475603,0.0001322590,0.0001464224,0.5881086042,0.6648553641,FN/TN are diagnostics; their active retained-weight effect enters realized alpha through retained_stock_reweighting_effect.
permanent CSI,permanent_csi,insample,latent_raw,Latent Dataset (VAE),mid_cap,fpr1,0,permanent_removal,fpr1_permanent,-0.0000116723,0.0006317960,0.0006201236,0.0016071135,0.0016208181,0.6561625166,0.6614643016,FN/TN are diagnostics; their active retained-weight effect enters realized alpha through retained_stock_reweighting_effect.
permanent CSI,permanent_csi,insample,latent_raw,Latent Dataset (VAE),mid_cap,fpr3,0,permanent_removal,fpr3_permanent,-0.0000315784,0.0019680480,0.0019364695,0.0014775169,0.0015120418,0.6465716078,0.6616831873,FN/TN are diagnostics; their active retained-weight effect enters realized alpha through retained_stock_reweighting_effect.
permanent CSI,permanent_csi,insample,latent_raw,Latent Dataset (VAE),mid_cap,fpr5,0,permanent_removal,fpr5_permanent,-0.0000404646,0.0027367255,0.0026962608,0.0010395054,0.0010759712,0.6395959819,0.6621571484,FN/TN are diagnostics; their active retained-weight effect enters realized alpha through retained_stock_reweighting_effect.
permanent CSI,permanent_csi,insample,latent_raw,Latent Dataset (VAE),mid_cap,youden,0,permanent_removal,youden_permanent,-0.0002420539,0.0188870164,0.0186449624,0.0005640880,0.0007195804,0.5129416688,0.6626874283,FN/TN are diagnostics; their active retained-weight effect enters realized alpha through retained_stock_reweighting_effect.
permanent CSI,permanent_csi,insample,latent_raw,Latent Dataset (VAE),small_cap,fpr1,0,permanent_removal,fpr1_permanent,-0.0000576910,0.0010258023,0.0009681113,0.0044333261,0.0045014400,0.6481803453,0.6576640212,FN/TN are diagnostics; their active retained-weight effect enters realized alpha through retained_stock_reweighting_effect.
permanent CSI,permanent_csi,insample,latent_raw,Latent Dataset (VAE),small_cap,fpr3,0,permanent_removal,fpr3_permanent,-0.0001485004,0.0031011433,0.0029526429,0.0035920936,0.0037636296,0.6295347383,0.6584781479,FN/TN are diagnostics; their active retained-weight effect enters realized alpha through retained_stock_reweighting_effect.
permanent CSI,permanent_csi,insample,latent_raw,Latent Dataset (VAE),small_cap,fpr5,0,permanent_removal,fpr5_permanent,-0.0002040662,0.0048116706,0.0046076044,0.0032362813,0.0034705577,0.6151452719,0.6588644353,FN/TN are diagnostics; their active retained-weight effect enters realized alpha through retained_stock_reweighting_effect.
permanent CSI,permanent_csi,insample,latent_raw,Latent Dataset (VAE),small_cap,youden,0,permanent_removal,youden_permanent,-0.0005390280,0.0236251796,0.0230861516,0.0008517945,0.0013029670,0.4393031423,0.6616437579,FN/TN are diagnostics; their active retained-weight effect enters realized alpha through retained_stock_reweighting_effect.
permanent CSI,permanent_csi,insample,latent_raw,Latent Dataset (VAE),total_market,fpr1,0,permanent_removal,fpr1_permanent,-0.0000096779,0.0004114875,0.0004018096,0.0017588314,0.0017692324,0.6586085909,0.6625682847,FN/TN are diagnostics; their active retained-weight effect enters realized alpha through retained_stock_reweighting_effect.
permanent CSI,permanent_csi,insample,latent_raw,Latent Dataset (VAE),total_market,fpr3,0,permanent_removal,fpr3_permanent,-0.0000217051,0.0011035673,0.0010818622,0.0015393999,0.0015625263,0.6524713413,0.6628216793,FN/TN are diagnostics; their active retained-weight effect enters realized alpha through retained_stock_reweighting_effect.
permanent CSI,permanent_csi,insample,latent_raw,Latent Dataset (VAE),total_market,fpr5,0,permanent_removal,fpr5_permanent,-0.0000283268,0.0015633291,0.0015350023,0.0013546419,0.0013836116,0.6482512576,0.6630350622,FN/TN are diagnostics; their active retained-weight effect enters realized alpha through retained_stock_reweighting_effect.
permanent CSI,permanent_csi,insample,latent_raw,Latent Dataset (VAE),total_market,youden,0,permanent_removal,youden_permanent,-0.0000603313,0.0103250393,0.0102647080,0.0002730150,0.0003214525,0.5625916376,0.6644300769,FN/TN are diagnostics; their active retained-weight effect enters realized alpha through retained_stock_reweighting_effect.
permanent CSI,permanent_csi,oos,latent_raw,Latent Dataset (VAE),large_cap,fpr1,0,permanent_removal,fpr1_permanent,0.0000000678,0.0031877622,0.0031878300,0.0000202175,0.0000205800,0.6669501366,0.6826653009,FN/TN are diagnostics; their active retained-weight effect enters realized alpha through retained_stock_reweighting_effect.
permanent CSI,permanent_csi,oos,latent_raw,Latent Dataset (VAE),large_cap,fpr3,0,permanent_removal,fpr3_permanent,0.0000000967,0.0044116739,0.0044117706,0.0000202175,0.0000207345,0.6618016059,0.6827056170,FN/TN are diagnostics; their active retained-weight effect enters realized alpha through retained_stock_reweighting_effect.
permanent CSI,permanent_csi,oos,latent_raw,Latent Dataset (VAE),large_cap,fpr5,0,permanent_removal,fpr5_permanent,0.0000001372,0.0061717506,0.0061718878,0.0000202175,0.0000209513,0.6537309978,0.6827317773,FN/TN are diagnostics; their active retained-weight effect enters realized alpha through retained_stock_reweighting_effect.
permanent CSI,permanent_csi,oos,latent_raw,Latent Dataset (VAE),large_cap,youden,0,permanent_removal,youden_permanent,0.0000011833,0.0381540960,0.0381552793,0.0000202175,0.0000265463,0.5042486808,0.6828053205,FN/TN are diagnostics; their active retained-weight effect enters realized alpha through retained_stock_reweighting_effect.
permanent CSI,permanent_csi,oos,latent_raw,Latent Dataset (VAE),mid_cap,fpr1,0,permanent_removal,fpr1_permanent,0.0000004863,0.0027137437,0.0027142301,0.0001143395,0.0001169404,0.6682737835,0.6819178908,FN/TN are diagnostics; their active retained-weight effect enters realized alpha through retained_stock_reweighting_effect.
permanent CSI,permanent_csi,oos,latent_raw,Latent Dataset (VAE),mid_cap,fpr3,0,permanent_removal,fpr3_permanent,0.0000009715,0.0061733937,0.0061743652,0.0001143395,0.0001195354,0.6531130591,0.6819470986,FN/TN are diagnostics; their active retained-weight effect enters realized alpha through retained_stock_reweighting_effect.
permanent CSI,permanent_csi,oos,latent_raw,Latent Dataset (VAE),mid_cap,fpr5,0,permanent_removal,fpr5_permanent,0.0000013572,0.0084272511,0.0084286083,0.0001143395,0.0001215987,0.6434581886,0.6819258300,FN/TN are diagnostics; their active retained-weight effect enters realized alpha through retained_stock_reweighting_effect.
permanent CSI,permanent_csi,oos,latent_raw,Latent Dataset (VAE),mid_cap,youden,0,permanent_removal,youden_permanent,0.0000101495,0.0403319630,0.0403421125,0.0001143395,0.0001686757,0.4599581030,0.6824788276,FN/TN are diagnostics; their active retained-weight effect enters realized alpha through retained_stock_reweighting_effect.
permanent CSI,permanent_csi,oos,latent_raw,Latent Dataset (VAE),small_cap,fpr1,0,permanent_removal,fpr1_permanent,-0.0000180480,0.0039769793,0.0039589312,0.0004287086,0.0004386986,0.6631147842,0.6785523006,FN/TN are diagnostics; their active retained-weight effect enters realized alpha through retained_stock_reweighting_effect.
permanent CSI,permanent_csi,oos,latent_raw,Latent Dataset (VAE),small_cap,fpr3,0,permanent_removal,fpr3_permanent,-0.0000492821,0.0102969035,0.0102476215,0.0002902119,0.0003115862,0.6324317717,0.6786178306,FN/TN are diagnostics; their active retained-weight effect enters realized alpha through retained_stock_reweighting_effect.
permanent CSI,permanent_csi,oos,latent_raw,Latent Dataset (VAE),small_cap,fpr5,0,permanent_removal,fpr5_permanent,-0.0000428677,0.0138085232,0.0137656555,0.0002104152,0.0002323323,0.6148524378,0.6789631441,FN/TN are diagnostics; their active retained-weight effect enters realized alpha through retained_stock_reweighting_effect.
permanent CSI,permanent_csi,oos,latent_raw,Latent Dataset (VAE),small_cap,youden,0,permanent_removal,youden_permanent,-0.0001966723,0.0657077990,0.0655111267,0.0000757591,0.0001512460,0.3499741040,0.6802790560,FN/TN are diagnostics; their active retained-weight effect enters realized alpha through retained_stock_reweighting_effect.
permanent CSI,permanent_csi,oos,latent_raw,Latent Dataset (VAE),total_market,fpr1,0,permanent_removal,fpr1_permanent,-0.0000070985,0.0033002379,0.0032931394,0.0002054104,0.0002107972,0.6659530369,0.6818870650,FN/TN are diagnostics; their active retained-weight effect enters realized alpha through retained_stock_reweighting_effect.
permanent CSI,permanent_csi,oos,latent_raw,Latent Dataset (VAE),total_market,fpr3,0,permanent_removal,fpr3_permanent,-0.0000088238,0.0054495799,0.0054407561,0.0001552454,0.0001617036,0.6565476760,0.6819837089,FN/TN are diagnostics; their active retained-weight effect enters realized alpha through retained_stock_reweighting_effect.
permanent CSI,permanent_csi,oos,latent_raw,Latent Dataset (VAE),total_market,fpr5,0,permanent_removal,fpr5_permanent,-0.0000082747,0.0076108158,0.0076025411,0.0001223377,0.0001293389,0.6466528216,0.6820821659,FN/TN are diagnostics; their active retained-weight effect enters realized alpha through retained_stock_reweighting_effect.
permanent CSI,permanent_csi,oos,latent_raw,Latent Dataset (VAE),total_market,youden,0,permanent_removal,youden_permanent,-0.0000166398,0.0430441756,0.0430275358,0.0000369283,0.0000524022,0.4786995063,0.6824820418,FN/TN are diagnostics; their active retained-weight effect enters realized alpha through retained_stock_reweighting_effect.
permanent CSI,permanent_csi,test,latent_raw,Latent Dataset (VAE),large_cap,fpr1,0,permanent_removal,fpr1_permanent,0.0000000000,0.0006650427,0.0006650427,0.0000000000,0.0000000000,0.6608661783,0.6653745355,FN/TN are diagnostics; their active retained-weight effect enters realized alpha through retained_stock_reweighting_effect.
permanent CSI,permanent_csi,test,latent_raw,Latent Dataset (VAE),large_cap,fpr3,0,permanent_removal,fpr3_permanent,0.0000000000,0.0015109392,0.0015109392,0.0000000000,0.0000000000,0.6549692754,0.6654215901,FN/TN are diagnostics; their active retained-weight effect enters realized alpha through retained_stock_reweighting_effect.
permanent CSI,permanent_csi,test,latent_raw,Latent Dataset (VAE),large_cap,fpr5,0,permanent_removal,fpr5_permanent,0.0000000000,0.0021596120,0.0021596120,0.0000000000,0.0000000000,0.6503599670,0.6654292375,FN/TN are diagnostics; their active retained-weight effect enters realized alpha through retained_stock_reweighting_effect.
permanent CSI,permanent_csi,test,latent_raw,Latent Dataset (VAE),large_cap,youden,0,permanent_removal,youden_permanent,0.0000000000,0.0189921427,0.0189921427,0.0000000000,0.0000000000,0.5342521111,0.6658639322,FN/TN are diagnostics; their active retained-weight effect enters realized alpha through retained_stock_reweighting_effect.
permanent CSI,permanent_csi,test,latent_raw,Latent Dataset (VAE),mid_cap,fpr1,0,permanent_removal,fpr1_permanent,0.0000000000,0.0012888550,0.0012888550,0.0000000000,0.0000000000,0.6545435708,0.6639383577,FN/TN are diagnostics; their active retained-weight effect enters realized alpha through retained_stock_reweighting_effect.
permanent CSI,permanent_csi,test,latent_raw,Latent Dataset (VAE),mid_cap,fpr3,0,permanent_removal,fpr3_permanent,0.0000000000,0.0027313513,0.0027313513,0.0000000000,0.0000000000,0.6421321473,0.6640215377,FN/TN are diagnostics; their active retained-weight effect enters realized alpha through retained_stock_reweighting_effect.
permanent CSI,permanent_csi,test,latent_raw,Latent Dataset (VAE),mid_cap,fpr5,0,permanent_removal,fpr5_permanent,0.0000000000,0.0040097091,0.0040097091,0.0000000000,0.0000000000,0.6347495775,0.6640906178,FN/TN are diagnostics; their active retained-weight effect enters realized alpha through retained_stock_reweighting_effect.
permanent CSI,permanent_csi,test,latent_raw,Latent Dataset (VAE),mid_cap,youden,0,permanent_removal,youden_permanent,0.0000000000,0.0258102424,0.0258102424,0.0000000000,0.0000000000,0.4802851257,0.6642977858,FN/TN are diagnostics; their active retained-weight effect enters realized alpha through retained_stock_reweighting_effect.
permanent CSI,permanent_csi,test,latent_raw,Latent Dataset (VAE),small_cap,fpr1,0,permanent_removal,fpr1_permanent,-0.0000354919,0.0014770467,0.0014415548,0.0022265971,0.0022684766,0.6478640410,0.6597988118,FN/TN are diagnostics; their active retained-weight effect enters realized alpha through retained_stock_reweighting_effect.
permanent CSI,permanent_csi,test,latent_raw,Latent Dataset (VAE),small_cap,fpr3,0,permanent_removal,fpr3_permanent,-0.0000798412,0.0038924919,0.0038126508,0.0019889437,0.0020950854,0.6271138649,0.6600078095,FN/TN are diagnostics; their active retained-weight effect enters realized alpha through retained_stock_reweighting_effect.
permanent CSI,permanent_csi,test,latent_raw,Latent Dataset (VAE),small_cap,fpr5,0,permanent_removal,fpr5_permanent,-0.0001066921,0.0052837025,0.0051770105,0.0017847080,0.0019204347,0.6146599726,0.6602593346,FN/TN are diagnostics; their active retained-weight effect enters realized alpha through retained_stock_reweighting_effect.
permanent CSI,permanent_csi,test,latent_raw,Latent Dataset (VAE),small_cap,youden,0,permanent_removal,youden_permanent,-0.0001634401,0.0299050482,0.0297416081,0.0001864029,0.0003070531,0.3998642570,0.6627740902,FN/TN are diagnostics; their active retained-weight effect enters realized alpha through retained_stock_reweighting_effect.
permanent CSI,permanent_csi,test,latent_raw,Latent Dataset (VAE),total_market,fpr1,0,permanent_removal,fpr1_permanent,-0.0000043858,0.0008505675,0.0008461817,0.0006178156,0.0006233411,0.6583128825,0.6642354126,FN/TN are diagnostics; their active retained-weight effect enters realized alpha through retained_stock_reweighting_effect.
permanent CSI,permanent_csi,test,latent_raw,Latent Dataset (VAE),total_market,fpr3,0,permanent_removal,fpr3_permanent,-0.0000093493,0.0020670697,0.0020577204,0.0005291733,0.0005412683,0.6497742964,0.6643773439,FN/TN are diagnostics; their active retained-weight effect enters realized alpha through retained_stock_reweighting_effect.
permanent CSI,permanent_csi,test,latent_raw,Latent Dataset (VAE),total_market,fpr5,0,permanent_removal,fpr5_permanent,-0.0000114626,0.0029302380,0.0029187754,0.0004583418,0.0004734261,0.6435824345,0.6644699679,FN/TN are diagnostics; their active retained-weight effect enters realized alpha through retained_stock_reweighting_effect.
permanent CSI,permanent_csi,test,latent_raw,Latent Dataset (VAE),total_market,youden,0,permanent_removal,youden_permanent,-0.0000173544,0.0216905864,0.0216732319,0.0000483371,0.0000627202,0.5111247557,0.6654636820,FN/TN are diagnostics; their active retained-weight effect enters realized alpha through retained_stock_reweighting_effect.
temporary CSI,dynamic_csi,full,raw_plus_latent,Exp. Dataset + VAE,large_cap,fpr1,1,lockout_1yr,fpr1_1yr,-0.0000003002,0.0000015598,0.0000012596,0.0009721499,0.0009724000,0.6679151524,0.6679693431,FN/TN are diagnostics; their active retained-weight effect enters realized alpha through retained_stock_reweighting_effect.
temporary CSI,dynamic_csi,full,raw_plus_latent,Exp. Dataset + VAE,large_cap,fpr1,2,lockout_2yr,fpr1_2yr,-0.0000003159,0.0000066497,0.0000063339,0.0009721499,0.0009724138,0.6678833534,0.6679691805,FN/TN are diagnostics; their active retained-weight effect enters realized alpha through retained_stock_reweighting_effect.
temporary CSI,dynamic_csi,full,raw_plus_latent,Exp. Dataset + VAE,large_cap,fpr1,3,lockout_3yr,fpr1_3yr,-0.0000003296,0.0000160547,0.0000157251,0.0009721499,0.0009724617,0.6678306827,0.6679690418,FN/TN are diagnostics; their active retained-weight effect enters realized alpha through retained_stock_reweighting_effect.
temporary CSI,dynamic_csi,full,raw_plus_latent,Exp. Dataset + VAE,large_cap,fpr1,5,lockout_5yr,fpr1_5yr,-0.0000003502,0.0000307756,0.0000304254,0.0009505183,0.0009508499,0.6677378820,0.6679904987,FN/TN are diagnostics; their active retained-weight effect enters realized alpha through retained_stock_reweighting_effect.
temporary CSI,dynamic_csi,full,raw_plus_latent,Exp. Dataset + VAE,large_cap,fpr3,1,lockout_1yr,fpr3_1yr,-0.0000006155,0.0000753574,0.0000747419,0.0009678945,0.0009685358,0.6676531476,0.6679772081,FN/TN are diagnostics; their active retained-weight effect enters realized alpha through retained_stock_reweighting_effect.
temporary CSI,dynamic_csi,full,raw_plus_latent,Exp. Dataset + VAE,large_cap,fpr3,2,lockout_2yr,fpr3_2yr,-0.0000007103,0.0001701967,0.0001694865,0.0009396456,0.0009405342,0.6672281257,0.6680082781,FN/TN are diagnostics; their active retained-weight effect enters realized alpha through retained_stock_reweighting_effect.
temporary CSI,dynamic_csi,full,raw_plus_latent,Exp. Dataset + VAE,large_cap,fpr3,3,lockout_3yr,fpr3_3yr,-0.0000014597,0.0001876037,0.0001861440,0.0009012254,0.0009027733,0.6669072371,0.6680453123,FN/TN are diagnostics; their active retained-weight effect enters realized alpha through retained_stock_reweighting_effect.
temporary CSI,dynamic_csi,full,raw_plus_latent,Exp. Dataset + VAE,large_cap,fpr3,5,lockout_5yr,fpr3_5yr,-0.0000019924,0.0002515945,0.0002496021,0.0008669423,0.0008689981,0.6663487012,0.6680812133,FN/TN are diagnostics; their active retained-weight effect enters realized alpha through retained_stock_reweighting_effect.
temporary CSI,dynamic_csi,full,raw_plus_latent,Exp. Dataset + VAE,large_cap,fpr5,1,lockout_1yr,fpr5_1yr,-0.0000012261,0.0001815034,0.0001802773,0.0009457153,0.0009470923,0.6670054291,0.6680117741,FN/TN are diagnostics; their active retained-weight effect enters realized alpha through retained_stock_reweighting_effect.
temporary CSI,dynamic_csi,full,raw_plus_latent,Exp. Dataset + VAE,large_cap,fpr5,2,lockout_2yr,fpr5_2yr,-0.0000015251,0.0003492331,0.0003477080,0.0008366808,0.0008382170,0.6661109059,0.6681215010,FN/TN are diagnostics; their active retained-weight effect enters realized alpha through retained_stock_reweighting_effect.
temporary CSI,dynamic_csi,full,raw_plus_latent,Exp. Dataset + VAE,large_cap,fpr5,3,lockout_3yr,fpr5_3yr,-0.0000022968,0.0004199749,0.0004176781,0.0007615985,0.0007637608,0.6653246708,0.6681966175,FN/TN are diagnostics; their active retained-weight effect enters realized alpha through retained_stock_reweighting_effect.
temporary CSI,dynamic_csi,full,raw_plus_latent,Exp. Dataset + VAE,large_cap,fpr5,5,lockout_5yr,fpr5_5yr,-0.0000058492,0.0005523641,0.0005465149,0.0007504804,0.0007560867,0.6638767901,0.6682059093,FN/TN are diagnostics; their active retained-weight effect enters realized alpha through retained_stock_reweighting_effect.
temporary CSI,dynamic_csi,full,raw_plus_latent,Exp. Dataset + VAE,large_cap,youden,1,lockout_1yr,youden_1yr,-0.0000070919,0.0034673579,0.0034602660,0.0004353679,0.0004429191,0.6476083870,0.6685388213,FN/TN are diagnostics; their active retained-weight effect enters realized alpha through retained_stock_reweighting_effect.
temporary CSI,dynamic_csi,full,raw_plus_latent,Exp. Dataset + VAE,large_cap,youden,2,lockout_2yr,youden_2yr,-0.0000118197,0.0052443218,0.0052325021,0.0003601653,0.0003706746,0.6337538909,0.6686389089,FN/TN are diagnostics; their active retained-weight effect enters realized alpha through retained_stock_reweighting_effect.
temporary CSI,dynamic_csi,full,raw_plus_latent,Exp. Dataset + VAE,large_cap,youden,3,lockout_3yr,youden_3yr,-0.0000169536,0.0065732844,0.0065563308,0.0003281137,0.0003457784,0.6227330527,0.6686736424,FN/TN are diagnostics; their active retained-weight effect enters realized alpha through retained_stock_reweighting_effect.
temporary CSI,dynamic_csi,full,raw_plus_latent,Exp. Dataset + VAE,large_cap,youden,5,lockout_5yr,youden_5yr,-0.0000347615,0.0080592285,0.0080244670,0.0002592082,0.0002866904,0.6061686155,0.6687663088,FN/TN are diagnostics; their active retained-weight effect enters realized alpha through retained_stock_reweighting_effect.
temporary CSI,dynamic_csi,full,raw_plus_latent,Exp. Dataset + VAE,mid_cap,fpr1,1,lockout_1yr,fpr1_1yr,-0.0000009427,0.0000181700,0.0000172273,0.0018997306,0.0019011795,0.6653698869,0.6656447492,FN/TN are diagnostics; their active retained-weight effect enters realized alpha through retained_stock_reweighting_effect.
temporary CSI,dynamic_csi,full,raw_plus_latent,Exp. Dataset + VAE,mid_cap,fpr1,2,lockout_2yr,fpr1_2yr,-0.0000010358,0.0000565297,0.0000554939,0.0018997306,0.0019013235,0.6651897854,0.6656432494,FN/TN are diagnostics; their active retained-weight effect enters realized alpha through retained_stock_reweighting_effect.
temporary CSI,dynamic_csi,full,raw_plus_latent,Exp. Dataset + VAE,mid_cap,fpr1,3,lockout_3yr,fpr1_3yr,-0.0000014165,0.0001103828,0.0001089663,0.0018997306,0.0019025619,0.6648915186,0.6656404591,FN/TN are diagnostics; their active retained-weight effect enters realized alpha through retained_stock_reweighting_effect.
temporary CSI,dynamic_csi,full,raw_plus_latent,Exp. Dataset + VAE,mid_cap,fpr1,5,lockout_5yr,fpr1_5yr,-0.0000017779,0.0001636074,0.0001618295,0.0017772264,0.0017802308,0.6644510402,0.6657610150,FN/TN are diagnostics; their active retained-weight effect enters realized alpha through retained_stock_reweighting_effect.
temporary CSI,dynamic_csi,full,raw_plus_latent,Exp. Dataset + VAE,mid_cap,fpr3,1,lockout_1yr,fpr3_1yr,-0.0000020958,0.0003145970,0.0003125012,0.0018756246,0.0018791850,0.6644648469,0.6656897544,FN/TN are diagnostics; their active retained-weight effect enters realized alpha through retained_stock_reweighting_effect.
temporary CSI,dynamic_csi,full,raw_plus_latent,Exp. Dataset + VAE,mid_cap,fpr3,2,lockout_2yr,fpr3_2yr,-0.0000048001,0.0006445863,0.0006397863,0.0017156051,0.0017232395,0.6629020312,0.6658600942,FN/TN are diagnostics; their active retained-weight effect enters realized alpha through retained_stock_reweighting_effect.
temporary CSI,dynamic_csi,full,raw_plus_latent,Exp. Dataset + VAE,mid_cap,fpr3,3,lockout_3yr,fpr3_3yr,-0.0000094285,0.0006954907,0.0006860623,0.0014979625,0.0015093545,0.6617857038,0.6660672899,FN/TN are diagnostics; their active retained-weight effect enters realized alpha through retained_stock_reweighting_effect.
temporary CSI,dynamic_csi,full,raw_plus_latent,Exp. Dataset + VAE,mid_cap,fpr3,5,lockout_5yr,fpr3_5yr,-0.0000147497,0.0008180771,0.0008033274,0.0014823045,0.0015021721,0.6599541383,0.6660826639,FN/TN are diagnostics; their active retained-weight effect enters realized alpha through retained_stock_reweighting_effect.
temporary CSI,dynamic_csi,full,raw_plus_latent,Exp. Dataset + VAE,mid_cap,fpr5,1,lockout_1yr,fpr5_1yr,-0.0000040934,0.0006451658,0.0006410724,0.0017877782,0.0017960228,0.6627640094,0.6657639482,FN/TN are diagnostics; their active retained-weight effect enters realized alpha through retained_stock_reweighting_effect.
temporary CSI,dynamic_csi,full,raw_plus_latent,Exp. Dataset + VAE,mid_cap,fpr5,2,lockout_2yr,fpr5_2yr,-0.0000081605,0.0011887064,0.0011805459,0.0014476590,0.0014588453,0.6602980356,0.6661097989,FN/TN are diagnostics; their active retained-weight effect enters realized alpha through retained_stock_reweighting_effect.
temporary CSI,dynamic_csi,full,raw_plus_latent,Exp. Dataset + VAE,mid_cap,fpr5,3,lockout_3yr,fpr5_3yr,-0.0000114895,0.0013194048,0.0013079152,0.0012008622,0.0012150954,0.6585994861,0.6663590230,FN/TN are diagnostics; their active retained-weight effect enters realized alpha through retained_stock_reweighting_effect.
temporary CSI,dynamic_csi,full,raw_plus_latent,Exp. Dataset + VAE,mid_cap,fpr5,5,lockout_5yr,fpr5_5yr,-0.0000278676,0.0014332939,0.0014054263,0.0011379221,0.0011685227,0.6548250839,0.6664183649,FN/TN are diagnostics; their active retained-weight effect enters realized alpha through retained_stock_reweighting_effect.
temporary CSI,dynamic_csi,full,raw_plus_latent,Exp. Dataset + VAE,mid_cap,youden,1,lockout_1yr,youden_1yr,-0.0000254606,0.0084717268,0.0084462661,0.0009414866,0.0009810282,0.6220060805,0.6665342870,FN/TN are diagnostics; their active retained-weight effect enters realized alpha through retained_stock_reweighting_effect.
temporary CSI,dynamic_csi,full,raw_plus_latent,Exp. Dataset + VAE,mid_cap,youden,2,lockout_2yr,youden_2yr,-0.0000470530,0.0112633470,0.0112162940,0.0006941123,0.0007442509,0.6001838180,0.6668211323,FN/TN are diagnostics; their active retained-weight effect enters realized alpha through retained_stock_reweighting_effect.
temporary CSI,dynamic_csi,full,raw_plus_latent,Exp. Dataset + VAE,mid_cap,youden,3,lockout_3yr,youden_3yr,-0.0000429655,0.0132699332,0.0132269677,0.0005124039,0.0005798631,0.5827086686,0.6669856139,FN/TN are diagnostics; their active retained-weight effect enters realized alpha through retained_stock_reweighting_effect.
temporary CSI,dynamic_csi,full,raw_plus_latent,Exp. Dataset + VAE,mid_cap,youden,5,lockout_5yr,youden_5yr,-0.0000791711,0.0160151991,0.0159360280,0.0002917141,0.0003557416,0.5535880737,0.6672190354,FN/TN are diagnostics; their active retained-weight effect enters realized alpha through retained_stock_reweighting_effect.
temporary CSI,dynamic_csi,full,raw_plus_latent,Exp. Dataset + VAE,small_cap,fpr1,1,lockout_1yr,fpr1_1yr,-0.0000091846,0.0001214042,0.0001122195,0.0059011554,0.0059107724,0.6592015796,0.6600339827,FN/TN are diagnostics; their active retained-weight effect enters realized alpha through retained_stock_reweighting_effect.
temporary CSI,dynamic_csi,full,raw_plus_latent,Exp. Dataset + VAE,small_cap,fpr1,2,lockout_2yr,fpr1_2yr,-0.0000151346,0.0003696897,0.0003545551,0.0057531359,0.0057689454,0.6583411858,0.6601791586,FN/TN are diagnostics; their active retained-weight effect enters realized alpha through retained_stock_reweighting_effect.
temporary CSI,dynamic_csi,full,raw_plus_latent,Exp. Dataset + VAE,small_cap,fpr1,3,lockout_3yr,fpr1_3yr,-0.0000233836,0.0005134693,0.0004900857,0.0056462167,0.0056714800,0.6574937772,0.6602716165,FN/TN are diagnostics; their active retained-weight effect enters realized alpha through retained_stock_reweighting_effect.
temporary CSI,dynamic_csi,full,raw_plus_latent,Exp. Dataset + VAE,small_cap,fpr1,5,lockout_5yr,fpr1_5yr,-0.0000368160,0.0006520951,0.0006152791,0.0054791001,0.0055174249,0.6561935381,0.6604410616,FN/TN are diagnostics; their active retained-weight effect enters realized alpha through retained_stock_reweighting_effect.
temporary CSI,dynamic_csi,full,raw_plus_latent,Exp. Dataset + VAE,small_cap,fpr3,1,lockout_1yr,fpr3_1yr,-0.0000291046,0.0007470061,0.0007179015,0.0055624216,0.0055930382,0.6565163099,0.6603531172,FN/TN are diagnostics; their active retained-weight effect enters realized alpha through retained_stock_reweighting_effect.
temporary CSI,dynamic_csi,full,raw_plus_latent,Exp. Dataset + VAE,small_cap,fpr3,2,lockout_2yr,fpr3_2yr,-0.0000456087,0.0012932369,0.0012476282,0.0053480458,0.0053986052,0.6537280361,0.6605754632,FN/TN are diagnostics; their active retained-weight effect enters realized alpha through retained_stock_reweighting_effect.
temporary CSI,dynamic_csi,full,raw_plus_latent,Exp. Dataset + VAE,small_cap,fpr3,3,lockout_3yr,fpr3_3yr,-0.0000717976,0.0015272807,0.0014554831,0.0050466338,0.0051226810,0.6513123994,0.6608654326,FN/TN are diagnostics; their active retained-weight effect enters realized alpha through retained_stock_reweighting_effect.
temporary CSI,dynamic_csi,full,raw_plus_latent,Exp. Dataset + VAE,small_cap,fpr3,5,lockout_5yr,fpr3_5yr,-0.0001028508,0.0019844540,0.0018816032,0.0047942021,0.0049001041,0.6470638771,0.6611011681,FN/TN are diagnostics; their active retained-weight effect enters realized alpha through retained_stock_reweighting_effect.
temporary CSI,dynamic_csi,full,raw_plus_latent,Exp. Dataset + VAE,small_cap,fpr5,1,lockout_1yr,fpr5_1yr,-0.0000468821,0.0015903564,0.0015434742,0.0052643496,0.0053150026,0.6531071390,0.6606325268,FN/TN are diagnostics; their active retained-weight effect enters realized alpha through retained_stock_reweighting_effect.
temporary CSI,dynamic_csi,full,raw_plus_latent,Exp. Dataset + VAE,small_cap,fpr5,2,lockout_2yr,fpr5_2yr,-0.0000724904,0.0023809751,0.0023084847,0.0048582999,0.0049404720,0.6481621627,0.6610626076,FN/TN are diagnostics; their active retained-weight effect enters realized alpha through retained_stock_reweighting_effect.
temporary CSI,dynamic_csi,full,raw_plus_latent,Exp. Dataset + VAE,small_cap,fpr5,3,lockout_3yr,fpr5_3yr,-0.0001117146,0.0027962866,0.0026845719,0.0045006406,0.0046202502,0.6438465035,0.6614329286,FN/TN are diagnostics; their active retained-weight effect enters realized alpha through retained_stock_reweighting_effect.
temporary CSI,dynamic_csi,full,raw_plus_latent,Exp. Dataset + VAE,small_cap,fpr5,5,lockout_5yr,fpr5_5yr,-0.0001604523,0.0034983530,0.0033379007,0.0041581241,0.0043217536,0.6364418492,0.6617559845,FN/TN are diagnostics; their active retained-weight effect enters realized alpha through retained_stock_reweighting_effect.
temporary CSI,dynamic_csi,full,raw_plus_latent,Exp. Dataset + VAE,small_cap,youden,1,lockout_1yr,youden_1yr,-0.0001993986,0.0157091319,0.0155097333,0.0017227461,0.0019162332,0.5702592171,0.6642043829,FN/TN are diagnostics; their active retained-weight effect enters realized alpha through retained_stock_reweighting_effect.
temporary CSI,dynamic_csi,full,raw_plus_latent,Exp. Dataset + VAE,small_cap,youden,2,lockout_2yr,youden_2yr,-0.0002456483,0.0195123678,0.0192667194,0.0012175679,0.0014321783,0.5392602237,0.6649675084,FN/TN are diagnostics; their active retained-weight effect enters realized alpha through retained_stock_reweighting_effect.
temporary CSI,dynamic_csi,full,raw_plus_latent,Exp. Dataset + VAE,small_cap,youden,3,lockout_3yr,youden_3yr,-0.0002747627,0.0218931638,0.0216184011,0.0009468066,0.0011962099,0.5164355403,0.6653649637,FN/TN are diagnostics; their active retained-weight effect enters realized alpha through retained_stock_reweighting_effect.
temporary CSI,dynamic_csi,full,raw_plus_latent,Exp. Dataset + VAE,small_cap,youden,5,lockout_5yr,youden_5yr,-0.0003220820,0.0248863270,0.0245642450,0.0007131246,0.0009714501,0.4847159663,0.6657398240,FN/TN are diagnostics; their active retained-weight effect enters realized alpha through retained_stock_reweighting_effect.
temporary CSI,dynamic_csi,full,raw_plus_latent,Exp. Dataset + VAE,total_market,fpr1,1,lockout_1yr,fpr1_1yr,-0.0000020917,0.0000453817,0.0000432900,0.0021849057,0.0021870379,0.6659311480,0.6662776904,FN/TN are diagnostics; their active retained-weight effect enters realized alpha through retained_stock_reweighting_effect.
temporary CSI,dynamic_csi,full,raw_plus_latent,Exp. Dataset + VAE,total_market,fpr1,2,lockout_2yr,fpr1_2yr,-0.0000024705,0.0001149663,0.0001124958,0.0021323709,0.0021350795,0.6656970328,0.6663313527,FN/TN are diagnostics; their active retained-weight effect enters realized alpha through retained_stock_reweighting_effect.
temporary CSI,dynamic_csi,full,raw_plus_latent,Exp. Dataset + VAE,total_market,fpr1,3,lockout_3yr,fpr1_3yr,-0.0000031851,0.0001413013,0.0001381162,0.0020980125,0.0021015530,0.6654697456,0.6663651369,FN/TN are diagnostics; their active retained-weight effect enters realized alpha through retained_stock_reweighting_effect.
temporary CSI,dynamic_csi,full,raw_plus_latent,Exp. Dataset + VAE,total_market,fpr1,5,lockout_5yr,fpr1_5yr,-0.0000044046,0.0001911199,0.0001867152,0.0020392527,0.0020439799,0.6651041100,0.6664263171,FN/TN are diagnostics; their active retained-weight effect enters realized alpha through retained_stock_reweighting_effect.
temporary CSI,dynamic_csi,full,raw_plus_latent,Exp. Dataset + VAE,total_market,fpr3,1,lockout_1yr,fpr3_1yr,-0.0000049759,0.0002453079,0.0002403320,0.0020518012,0.0020570409,0.6650650697,0.6664146353,FN/TN are diagnostics; their active retained-weight effect enters realized alpha through retained_stock_reweighting_effect.
temporary CSI,dynamic_csi,full,raw_plus_latent,Exp. Dataset + VAE,total_market,fpr3,2,lockout_2yr,fpr3_2yr,-0.0000064259,0.0004528384,0.0004464125,0.0019437948,0.0019510159,0.6641267967,0.6665301947,FN/TN are diagnostics; their active retained-weight effect enters realized alpha through retained_stock_reweighting_effect.
temporary CSI,dynamic_csi,full,raw_plus_latent,Exp. Dataset + VAE,total_market,fpr3,3,lockout_3yr,fpr3_3yr,-0.0000094408,0.0005078391,0.0004983983,0.0018442466,0.0018542356,0.6633883517,0.6666307527,FN/TN are diagnostics; their active retained-weight effect enters realized alpha through retained_stock_reweighting_effect.
temporary CSI,dynamic_csi,full,raw_plus_latent,Exp. Dataset + VAE,total_market,fpr3,5,lockout_5yr,fpr3_5yr,-0.0000125985,0.0006567267,0.0006441282,0.0017556098,0.0017686543,0.6621259449,0.6667234177,FN/TN are diagnostics; their active retained-weight effect enters realized alpha through retained_stock_reweighting_effect.
temporary CSI,dynamic_csi,full,raw_plus_latent,Exp. Dataset + VAE,total_market,fpr5,1,lockout_1yr,fpr5_1yr,-0.0000073359,0.0005024665,0.0004951305,0.0019224086,0.0019306803,0.6637784763,0.6665557833,FN/TN are diagnostics; their active retained-weight effect enters realized alpha through retained_stock_reweighting_effect.
temporary CSI,dynamic_csi,full,raw_plus_latent,Exp. Dataset + VAE,total_market,fpr5,2,lockout_2yr,fpr5_2yr,-0.0000098708,0.0008284614,0.0008185907,0.0017199102,0.0017308697,0.6620682295,0.6667686550,FN/TN are diagnostics; their active retained-weight effect enters realized alpha through retained_stock_reweighting_effect.
temporary CSI,dynamic_csi,full,raw_plus_latent,Exp. Dataset + VAE,total_market,fpr5,3,lockout_3yr,fpr5_3yr,-0.0000138680,0.0009515708,0.0009377028,0.0015787659,0.0015932882,0.6606178169,0.6669168286,FN/TN are diagnostics; their active retained-weight effect enters realized alpha through retained_stock_reweighting_effect.
temporary CSI,dynamic_csi,full,raw_plus_latent,Exp. Dataset + VAE,total_market,fpr5,5,lockout_5yr,fpr5_5yr,-0.0000219221,0.0012049928,0.0011830707,0.0014950622,0.0015171393,0.6581117544,0.6670023029,FN/TN are diagnostics; their active retained-weight effect enters realized alpha through retained_stock_reweighting_effect.
temporary CSI,dynamic_csi,full,raw_plus_latent,Exp. Dataset + VAE,total_market,youden,1,lockout_1yr,youden_1yr,-0.0000242634,0.0056255707,0.0056013073,0.0006751459,0.0006995137,0.6329271762,0.6678751005,FN/TN are diagnostics; their active retained-weight effect enters realized alpha through retained_stock_reweighting_effect.
temporary CSI,dynamic_csi,full,raw_plus_latent,Exp. Dataset + VAE,total_market,youden,2,lockout_2yr,youden_2yr,-0.0000332795,0.0077313726,0.0076980932,0.0005217861,0.0005510177,0.6162299528,0.6681030182,FN/TN are diagnostics; their active retained-weight effect enters realized alpha through retained_stock_reweighting_effect.
temporary CSI,dynamic_csi,full,raw_plus_latent,Exp. Dataset + VAE,total_market,youden,3,lockout_3yr,youden_3yr,-0.0000422313,0.0092904954,0.0092482641,0.0004481425,0.0004880918,0.6033315546,0.6682037486,FN/TN are diagnostics; their active retained-weight effect enters realized alpha through retained_stock_reweighting_effect.
temporary CSI,dynamic_csi,full,raw_plus_latent,Exp. Dataset + VAE,total_market,youden,5,lockout_5yr,youden_5yr,-0.0000635303,0.0110393402,0.0109758099,0.0003497198,0.0003997115,0.5845680795,0.6683495128,FN/TN are diagnostics; their active retained-weight effect enters realized alpha through retained_stock_reweighting_effect.
temporary CSI,dynamic_csi,insample,raw_plus_latent,Exp. Dataset + VAE,large_cap,fpr1,1,lockout_1yr,fpr1_1yr,-0.0000005032,-0.0000029038,-0.0000034070,0.0015755051,0.0015759255,0.6631107545,0.6631782495,FN/TN are diagnostics; their active retained-weight effect enters realized alpha through retained_stock_reweighting_effect.
temporary CSI,dynamic_csi,insample,raw_plus_latent,Exp. Dataset + VAE,large_cap,fpr1,2,lockout_2yr,fpr1_2yr,-0.0000005297,0.0000023824,0.0000018527,0.0015755051,0.0015759490,0.6630632353,0.6631779912,FN/TN are diagnostics; their active retained-weight effect enters realized alpha through retained_stock_reweighting_effect.
temporary CSI,dynamic_csi,insample,raw_plus_latent,Exp. Dataset + VAE,large_cap,fpr1,3,lockout_3yr,fpr1_3yr,-0.0000005621,0.0000045781,0.0000040160,0.0015755051,0.0015760096,0.6630198529,0.6631778099,FN/TN are diagnostics; their active retained-weight effect enters realized alpha through retained_stock_reweighting_effect.
temporary CSI,dynamic_csi,insample,raw_plus_latent,Exp. Dataset + VAE,large_cap,fpr1,5,lockout_5yr,fpr1_5yr,-0.0000005877,0.0000137358,0.0000131481,0.0015755051,0.0015760633,0.6629359791,0.6631776123,FN/TN are diagnostics; their active retained-weight effect enters realized alpha through retained_stock_reweighting_effect.
temporary CSI,dynamic_csi,insample,raw_plus_latent,Exp. Dataset + VAE,large_cap,fpr3,1,lockout_1yr,fpr3_1yr,-0.0000010273,0.0000268194,0.0000257921,0.0015683037,0.0015693806,0.6628769003,0.6631839567,FN/TN are diagnostics; their active retained-weight effect enters realized alpha through retained_stock_reweighting_effect.
temporary CSI,dynamic_csi,insample,raw_plus_latent,Exp. Dataset + VAE,large_cap,fpr3,2,lockout_2yr,fpr3_2yr,-0.0000011876,0.0000647296,0.0000635420,0.0015429883,0.0015444835,0.6625635082,0.6632075030,FN/TN are diagnostics; their active retained-weight effect enters realized alpha through retained_stock_reweighting_effect.
temporary CSI,dynamic_csi,insample,raw_plus_latent,Exp. Dataset + VAE,large_cap,fpr3,3,lockout_3yr,fpr3_3yr,-0.0000024559,0.0000671179,0.0000646620,0.0014920862,0.0014946974,0.6623130351,0.6632563385,FN/TN are diagnostics; their active retained-weight effect enters realized alpha through retained_stock_reweighting_effect.
temporary CSI,dynamic_csi,insample,raw_plus_latent,Exp. Dataset + VAE,large_cap,fpr3,5,lockout_5yr,fpr3_5yr,-0.0000033621,0.0001026586,0.0000992965,0.0014340688,0.0014375131,0.6618537736,0.6633174331,FN/TN are diagnostics; their active retained-weight effect enters realized alpha through retained_stock_reweighting_effect.
temporary CSI,dynamic_csi,insample,raw_plus_latent,Exp. Dataset + VAE,large_cap,fpr5,1,lockout_1yr,fpr5_1yr,-0.0000020611,0.0001883387,0.0001862776,0.0015307697,0.0015330781,0.6619175641,0.6632426041,FN/TN are diagnostics; their active retained-weight effect enters realized alpha through retained_stock_reweighting_effect.
temporary CSI,dynamic_csi,insample,raw_plus_latent,Exp. Dataset + VAE,large_cap,fpr5,2,lockout_2yr,fpr5_2yr,-0.0000025671,0.0003018210,0.0002992539,0.0013687400,0.0013713180,0.6609413633,0.6633994515,FN/TN are diagnostics; their active retained-weight effect enters realized alpha through retained_stock_reweighting_effect.
temporary CSI,dynamic_csi,insample,raw_plus_latent,Exp. Dataset + VAE,large_cap,fpr5,3,lockout_3yr,fpr5_3yr,-0.0000038709,0.0003652628,0.0003613920,0.0012557946,0.0012594094,0.6601762161,0.6635083903,FN/TN are diagnostics; their active retained-weight effect enters realized alpha through retained_stock_reweighting_effect.
temporary CSI,dynamic_csi,insample,raw_plus_latent,Exp. Dataset + VAE,large_cap,fpr5,5,lockout_5yr,fpr5_5yr,-0.0000098862,0.0004422353,0.0004323491,0.0012369793,0.0012463692,0.6586674156,0.6635249494,FN/TN are diagnostics; their active retained-weight effect enters realized alpha through retained_stock_reweighting_effect.
temporary CSI,dynamic_csi,insample,raw_plus_latent,Exp. Dataset + VAE,large_cap,youden,1,lockout_1yr,youden_1yr,-0.0000120610,0.0029823702,0.0029703091,0.0007290005,0.0007414615,0.6423710036,0.6640643098,FN/TN are diagnostics; their active retained-weight effect enters realized alpha through retained_stock_reweighting_effect.
temporary CSI,dynamic_csi,insample,raw_plus_latent,Exp. Dataset + VAE,large_cap,youden,2,lockout_2yr,youden_2yr,-0.0000200657,0.0042441967,0.0042241309,0.0006017345,0.0006191812,0.6271853318,0.6641891219,FN/TN are diagnostics; their active retained-weight effect enters realized alpha through retained_stock_reweighting_effect.
temporary CSI,dynamic_csi,insample,raw_plus_latent,Exp. Dataset + VAE,large_cap,youden,3,lockout_3yr,youden_3yr,-0.0000287890,0.0057485341,0.0057197451,0.0005474934,0.0005768605,0.6136263880,0.6642517669,FN/TN are diagnostics; their active retained-weight effect enters realized alpha through retained_stock_reweighting_effect.
temporary CSI,dynamic_csi,insample,raw_plus_latent,Exp. Dataset + VAE,large_cap,youden,5,lockout_5yr,youden_5yr,-0.0000589689,0.0073107624,0.0072517934,0.0004308841,0.0004766302,0.5921679053,0.6643840609,FN/TN are diagnostics; their active retained-weight effect enters realized alpha through retained_stock_reweighting_effect.
temporary CSI,dynamic_csi,insample,raw_plus_latent,Exp. Dataset + VAE,mid_cap,fpr1,1,lockout_1yr,fpr1_1yr,-0.0000014381,-0.0000105773,-0.0000120154,0.0028202617,0.0028226208,0.6599621241,0.6602907643,FN/TN are diagnostics; their active retained-weight effect enters realized alpha through retained_stock_reweighting_effect.
temporary CSI,dynamic_csi,insample,raw_plus_latent,Exp. Dataset + VAE,mid_cap,fpr1,2,lockout_2yr,fpr1_2yr,-0.0000015956,0.0000252406,0.0000236450,0.0028202617,0.0028228645,0.6596930038,0.6602884898,FN/TN are diagnostics; their active retained-weight effect enters realized alpha through retained_stock_reweighting_effect.
temporary CSI,dynamic_csi,insample,raw_plus_latent,Exp. Dataset + VAE,mid_cap,fpr1,3,lockout_3yr,fpr1_3yr,-0.0000025349,0.0000533436,0.0000508086,0.0028202617,0.0028243043,0.6594471627,0.6602851112,FN/TN are diagnostics; their active retained-weight effect enters realized alpha through retained_stock_reweighting_effect.
temporary CSI,dynamic_csi,insample,raw_plus_latent,Exp. Dataset + VAE,mid_cap,fpr1,5,lockout_5yr,fpr1_5yr,-0.0000028515,0.0001092105,0.0001063590,0.0028202617,0.0028252531,0.6590347740,0.6602825945,FN/TN are diagnostics; their active retained-weight effect enters realized alpha through retained_stock_reweighting_effect.
temporary CSI,dynamic_csi,insample,raw_plus_latent,Exp. Dataset + VAE,mid_cap,fpr3,1,lockout_1yr,fpr3_1yr,-0.0000030816,0.0002285141,0.0002254324,0.0027794669,0.0027852176,0.6590623477,0.6603236676,FN/TN are diagnostics; their active retained-weight effect enters realized alpha through retained_stock_reweighting_effect.
temporary CSI,dynamic_csi,insample,raw_plus_latent,Exp. Dataset + VAE,mid_cap,fpr3,2,lockout_2yr,fpr3_2yr,-0.0000076581,0.0004617500,0.0004540919,0.0026359544,0.0026485997,0.6575945498,0.6604483205,FN/TN are diagnostics; their active retained-weight effect enters realized alpha through retained_stock_reweighting_effect.
temporary CSI,dynamic_csi,insample,raw_plus_latent,Exp. Dataset + VAE,mid_cap,fpr3,3,lockout_3yr,fpr3_3yr,-0.0000154907,0.0005207997,0.0005053090,0.0023476612,0.0023666654,0.6563596355,0.6607208204,FN/TN are diagnostics; their active retained-weight effect enters realized alpha through retained_stock_reweighting_effect.
temporary CSI,dynamic_csi,insample,raw_plus_latent,Exp. Dataset + VAE,mid_cap,fpr3,5,lockout_5yr,fpr3_5yr,-0.0000245335,0.0006616853,0.0006371518,0.0023211630,0.0023542746,0.6540982137,0.6607483911,FN/TN are diagnostics; their active retained-weight effect enters realized alpha through retained_stock_reweighting_effect.
temporary CSI,dynamic_csi,insample,raw_plus_latent,Exp. Dataset + VAE,mid_cap,fpr5,1,lockout_1yr,fpr5_1yr,-0.0000064792,0.0007112603,0.0007047812,0.0026308037,0.0026440525,0.6568779109,0.6604514194,FN/TN are diagnostics; their active retained-weight effect enters realized alpha through retained_stock_reweighting_effect.
temporary CSI,dynamic_csi,insample,raw_plus_latent,Exp. Dataset + VAE,mid_cap,fpr5,2,lockout_2yr,fpr5_2yr,-0.0000133620,0.0010678930,0.0010545310,0.0021825072,0.0022007343,0.6547086503,0.6608749786,FN/TN are diagnostics; their active retained-weight effect enters realized alpha through retained_stock_reweighting_effect.
temporary CSI,dynamic_csi,insample,raw_plus_latent,Exp. Dataset + VAE,mid_cap,fpr5,3,lockout_3yr,fpr5_3yr,-0.0000189281,0.0012188605,0.0011999324,0.0018448760,0.0018680787,0.6531166034,0.6611943364,FN/TN are diagnostics; their active retained-weight effect enters realized alpha through retained_stock_reweighting_effect.
temporary CSI,dynamic_csi,insample,raw_plus_latent,Exp. Dataset + VAE,mid_cap,fpr5,5,lockout_5yr,fpr5_5yr,-0.0000465492,0.0011284501,0.0010819008,0.0017383620,0.0017886420,0.6488966892,0.6612984779,FN/TN are diagnostics; their active retained-weight effect enters realized alpha through retained_stock_reweighting_effect.
temporary CSI,dynamic_csi,insample,raw_plus_latent,Exp. Dataset + VAE,mid_cap,youden,1,lockout_1yr,youden_1yr,-0.0000439489,0.0081970559,0.0081531070,0.0015493083,0.0016116132,0.6208477752,0.6613494633,FN/TN are diagnostics; their active retained-weight effect enters realized alpha through retained_stock_reweighting_effect.
temporary CSI,dynamic_csi,insample,raw_plus_latent,Exp. Dataset + VAE,mid_cap,youden,2,lockout_2yr,youden_2yr,-0.0000806284,0.0107547698,0.0106741414,0.0011306749,0.0012101670,0.5970978674,0.6618203486,FN/TN are diagnostics; their active retained-weight effect enters realized alpha through retained_stock_reweighting_effect.
temporary CSI,dynamic_csi,insample,raw_plus_latent,Exp. Dataset + VAE,mid_cap,youden,3,lockout_3yr,youden_3yr,-0.0000739986,0.0132177889,0.0131437903,0.0008231684,0.0009304345,0.5747024702,0.6621073912,FN/TN are diagnostics; their active retained-weight effect enters realized alpha through retained_stock_reweighting_effect.
temporary CSI,dynamic_csi,insample,raw_plus_latent,Exp. Dataset + VAE,mid_cap,youden,5,lockout_5yr,youden_5yr,-0.0001358294,0.0164877438,0.0163519143,0.0004496933,0.0005481407,0.5361555144,0.6624085256,FN/TN are diagnostics; their active retained-weight effect enters realized alpha through retained_stock_reweighting_effect.
temporary CSI,dynamic_csi,insample,raw_plus_latent,Exp. Dataset + VAE,small_cap,fpr1,1,lockout_1yr,fpr1_1yr,-0.0000131901,-0.0000058581,-0.0000190482,0.0068146952,0.0068283143,0.6546300892,0.6552773373,FN/TN are diagnostics; their active retained-weight effect enters realized alpha through retained_stock_reweighting_effect.
temporary CSI,dynamic_csi,insample,raw_plus_latent,Exp. Dataset + VAE,small_cap,fpr1,2,lockout_2yr,fpr1_2yr,-0.0000174729,0.0001273902,0.0001099173,0.0067714099,0.0067895820,0.6540007240,0.6553184321,FN/TN are diagnostics; their active retained-weight effect enters realized alpha through retained_stock_reweighting_effect.
temporary CSI,dynamic_csi,insample,raw_plus_latent,Exp. Dataset + VAE,small_cap,fpr1,3,lockout_3yr,fpr1_3yr,-0.0000218723,0.0001865022,0.0001646299,0.0066199637,0.0066459646,0.6533181351,0.6554550380,FN/TN are diagnostics; their active retained-weight effect enters realized alpha through retained_stock_reweighting_effect.
temporary CSI,dynamic_csi,insample,raw_plus_latent,Exp. Dataset + VAE,small_cap,fpr1,5,lockout_5yr,fpr1_5yr,-0.0000343680,0.0002799025,0.0002455345,0.0064926742,0.0065342355,0.6522289247,0.6555749609,FN/TN are diagnostics; their active retained-weight effect enters realized alpha through retained_stock_reweighting_effect.
temporary CSI,dynamic_csi,insample,raw_plus_latent,Exp. Dataset + VAE,small_cap,fpr3,1,lockout_1yr,fpr3_1yr,-0.0000373311,0.0001669928,0.0001296617,0.0064596675,0.0064991855,0.6524139899,0.6555977658,FN/TN are diagnostics; their active retained-weight effect enters realized alpha through retained_stock_reweighting_effect.
temporary CSI,dynamic_csi,insample,raw_plus_latent,Exp. Dataset + VAE,small_cap,fpr3,2,lockout_2yr,fpr3_2yr,-0.0000526996,0.0004910182,0.0004383186,0.0062173916,0.0062763822,0.6500380210,0.6558387189,FN/TN are diagnostics; their active retained-weight effect enters realized alpha through retained_stock_reweighting_effect.
temporary CSI,dynamic_csi,insample,raw_plus_latent,Exp. Dataset + VAE,small_cap,fpr3,3,lockout_3yr,fpr3_3yr,-0.0000713951,0.0005839427,0.0005125476,0.0059001462,0.0059841579,0.6477697500,0.6561352597,FN/TN are diagnostics; their active retained-weight effect enters realized alpha through retained_stock_reweighting_effect.
temporary CSI,dynamic_csi,insample,raw_plus_latent,Exp. Dataset + VAE,small_cap,fpr3,5,lockout_5yr,fpr3_5yr,-0.0001046432,0.0009191740,0.0008145308,0.0056484718,0.0057712927,0.6440085444,0.6563462540,FN/TN are diagnostics; their active retained-weight effect enters realized alpha through retained_stock_reweighting_effect.
temporary CSI,dynamic_csi,insample,raw_plus_latent,Exp. Dataset + VAE,small_cap,fpr5,1,lockout_1yr,fpr5_1yr,-0.0000562744,0.0007720595,0.0007157852,0.0061371157,0.0062001584,0.6495927312,0.6558974947,FN/TN are diagnostics; their active retained-weight effect enters realized alpha through retained_stock_reweighting_effect.
temporary CSI,dynamic_csi,insample,raw_plus_latent,Exp. Dataset + VAE,small_cap,fpr5,2,lockout_2yr,fpr5_2yr,-0.0000818266,0.0013007295,0.0012189029,0.0057040639,0.0057993005,0.6450853824,0.6563078880,FN/TN are diagnostics; their active retained-weight effect enters realized alpha through retained_stock_reweighting_effect.
temporary CSI,dynamic_csi,insample,raw_plus_latent,Exp. Dataset + VAE,small_cap,fpr5,3,lockout_3yr,fpr5_3yr,-0.0001061308,0.0015932618,0.0014871310,0.0053331367,0.0054651772,0.6409092231,0.6567015067,FN/TN are diagnostics; their active retained-weight effect enters realized alpha through retained_stock_reweighting_effect.
temporary CSI,dynamic_csi,insample,raw_plus_latent,Exp. Dataset + VAE,small_cap,fpr5,5,lockout_5yr,fpr5_5yr,-0.0001640943,0.0019325376,0.0017684434,0.0048408735,0.0050301616,0.6339318669,0.6571512718,FN/TN are diagnostics; their active retained-weight effect enters realized alpha through retained_stock_reweighting_effect.
temporary CSI,dynamic_csi,insample,raw_plus_latent,Exp. Dataset + VAE,small_cap,youden,1,lockout_1yr,youden_1yr,-0.0002415338,0.0127349834,0.0124934496,0.0024494098,0.0026932446,0.5754159308,0.6595469886,FN/TN are diagnostics; their active retained-weight effect enters realized alpha through retained_stock_reweighting_effect.
temporary CSI,dynamic_csi,insample,raw_plus_latent,Exp. Dataset + VAE,small_cap,youden,2,lockout_2yr,youden_2yr,-0.0003190807,0.0153172541,0.0149981734,0.0017751394,0.0020631355,0.5425854672,0.6603683195,FN/TN are diagnostics; their active retained-weight effect enters realized alpha through retained_stock_reweighting_effect.
temporary CSI,dynamic_csi,insample,raw_plus_latent,Exp. Dataset + VAE,small_cap,youden,3,lockout_3yr,youden_3yr,-0.0003479813,0.0172612877,0.0169133065,0.0013293008,0.0016617303,0.5167812769,0.6609193829,FN/TN are diagnostics; their active retained-weight effect enters realized alpha through retained_stock_reweighting_effect.
temporary CSI,dynamic_csi,insample,raw_plus_latent,Exp. Dataset + VAE,small_cap,youden,5,lockout_5yr,youden_5yr,-0.0004186561,0.0200910384,0.0196723823,0.0009784067,0.0013289224,0.4797325441,0.6613827016,FN/TN are diagnostics; their active retained-weight effect enters realized alpha through retained_stock_reweighting_effect.
temporary CSI,dynamic_csi,insample,raw_plus_latent,Exp. Dataset + VAE,total_market,fpr1,1,lockout_1yr,fpr1_1yr,-0.0000032621,-0.0000115084,-0.0000147705,0.0028784019,0.0028816285,0.6611672159,0.6614480455,FN/TN are diagnostics; their active retained-weight effect enters realized alpha through retained_stock_reweighting_effect.
temporary CSI,dynamic_csi,insample,raw_plus_latent,Exp. Dataset + VAE,total_market,fpr1,2,lockout_2yr,fpr1_2yr,-0.0000036318,0.0000261162,0.0000224844,0.0028535025,0.0028572472,0.6609710941,0.6614735282,FN/TN are diagnostics; their active retained-weight effect enters realized alpha through retained_stock_reweighting_effect.
temporary CSI,dynamic_csi,insample,raw_plus_latent,Exp. Dataset + VAE,total_market,fpr1,3,lockout_3yr,fpr1_3yr,-0.0000042368,0.0000349954,0.0000307586,0.0028159847,0.0028205478,0.6607911691,0.6615101017,FN/TN are diagnostics; their active retained-weight effect enters realized alpha through retained_stock_reweighting_effect.
temporary CSI,dynamic_csi,insample,raw_plus_latent,Exp. Dataset + VAE,total_market,fpr1,5,lockout_5yr,fpr1_5yr,-0.0000056309,0.0000589396,0.0000533087,0.0027783180,0.0027844856,0.6605023805,0.6615484541,FN/TN are diagnostics; their active retained-weight effect enters realized alpha through retained_stock_reweighting_effect.
temporary CSI,dynamic_csi,insample,raw_plus_latent,Exp. Dataset + VAE,total_market,fpr3,1,lockout_1yr,fpr3_1yr,-0.0000074953,0.0000583106,0.0000508153,0.0027530252,0.0027606974,0.6604510182,0.6615699577,FN/TN are diagnostics; their active retained-weight effect enters realized alpha through retained_stock_reweighting_effect.
temporary CSI,dynamic_csi,insample,raw_plus_latent,Exp. Dataset + VAE,total_market,fpr3,2,lockout_2yr,fpr3_2yr,-0.0000090442,0.0001597929,0.0001507487,0.0026506488,0.0026606001,0.6597057603,0.6616743800,FN/TN are diagnostics; their active retained-weight effect enters realized alpha through retained_stock_reweighting_effect.
temporary CSI,dynamic_csi,insample,raw_plus_latent,Exp. Dataset + VAE,total_market,fpr3,3,lockout_3yr,fpr3_3yr,-0.0000125132,0.0001765184,0.0001640052,0.0025415307,0.0025549582,0.6590668711,0.6617821497,FN/TN are diagnostics; their active retained-weight effect enters realized alpha through retained_stock_reweighting_effect.
temporary CSI,dynamic_csi,insample,raw_plus_latent,Exp. Dataset + VAE,total_market,fpr3,5,lockout_5yr,fpr3_5yr,-0.0000169099,0.0002546676,0.0002377578,0.0024278759,0.0024457663,0.6580111403,0.6618979787,FN/TN are diagnostics; their active retained-weight effect enters realized alpha through retained_stock_reweighting_effect.
temporary CSI,dynamic_csi,insample,raw_plus_latent,Exp. Dataset + VAE,total_market,fpr5,1,lockout_1yr,fpr5_1yr,-0.0000109356,0.0003089855,0.0002980498,0.0026068862,0.0026189831,0.6590184374,0.6617331000,FN/TN are diagnostics; their active retained-weight effect enters realized alpha through retained_stock_reweighting_effect.
temporary CSI,dynamic_csi,insample,raw_plus_latent,Exp. Dataset + VAE,total_market,fpr5,2,lockout_2yr,fpr5_2yr,-0.0000141533,0.0005125892,0.0004984359,0.0023611941,0.0023766549,0.6573392727,0.6619770980,FN/TN are diagnostics; their active retained-weight effect enters realized alpha through retained_stock_reweighting_effect.
temporary CSI,dynamic_csi,insample,raw_plus_latent,Exp. Dataset + VAE,total_market,fpr5,3,lockout_3yr,fpr5_3yr,-0.0000185843,0.0006056186,0.0005870343,0.0021820235,0.0022018625,0.6559406406,0.6621603081,FN/TN are diagnostics; their active retained-weight effect enters realized alpha through retained_stock_reweighting_effect.
temporary CSI,dynamic_csi,insample,raw_plus_latent,Exp. Dataset + VAE,total_market,fpr5,5,lockout_5yr,fpr5_5yr,-0.0000308835,0.0007309798,0.0007000963,0.0020618666,0.0020932143,0.6534859050,0.6622785964,FN/TN are diagnostics; their active retained-weight effect enters realized alpha through retained_stock_reweighting_effect.
temporary CSI,dynamic_csi,insample,raw_plus_latent,Exp. Dataset + VAE,total_market,youden,1,lockout_1yr,youden_1yr,-0.0000359828,0.0045037705,0.0044677877,0.0010440019,0.0010801488,0.6291426004,0.6633521705,FN/TN are diagnostics; their active retained-weight effect enters realized alpha through retained_stock_reweighting_effect.
temporary CSI,dynamic_csi,insample,raw_plus_latent,Exp. Dataset + VAE,total_market,youden,2,lockout_2yr,youden_2yr,-0.0000503391,0.0059795903,0.0059292512,0.0008174776,0.0008616879,0.6111312367,0.6636174947,FN/TN are diagnostics; their active retained-weight effect enters realized alpha through retained_stock_reweighting_effect.
temporary CSI,dynamic_csi,insample,raw_plus_latent,Exp. Dataset + VAE,total_market,youden,3,lockout_3yr,youden_3yr,-0.0000639580,0.0075586067,0.0074946487,0.0006972780,0.0007583333,0.5957244763,0.6637668800,FN/TN are diagnostics; their active retained-weight effect enters realized alpha through retained_stock_reweighting_effect.
temporary CSI,dynamic_csi,insample,raw_plus_latent,Exp. Dataset + VAE,total_market,youden,5,lockout_5yr,youden_5yr,-0.0000992900,0.0092843500,0.0091850600,0.0005408525,0.0006188605,0.5720808997,0.6639597810,FN/TN are diagnostics; their active retained-weight effect enters realized alpha through retained_stock_reweighting_effect.
temporary CSI,dynamic_csi,oos,raw_plus_latent,Exp. Dataset + VAE,large_cap,fpr1,1,lockout_1yr,fpr1_1yr,0.0000000000,0.0000078553,0.0000078553,0.0001153961,0.0001153961,0.6825460421,0.6825608464,FN/TN are diagnostics; their active retained-weight effect enters realized alpha through retained_stock_reweighting_effect.
temporary CSI,dynamic_csi,oos,raw_plus_latent,Exp. Dataset + VAE,large_cap,fpr1,2,lockout_2yr,fpr1_2yr,0.0000000000,0.0000165066,0.0000165066,0.0001153961,0.0001153961,0.6825296763,0.6825608022,FN/TN are diagnostics; their active retained-weight effect enters realized alpha through retained_stock_reweighting_effect.
temporary CSI,dynamic_csi,oos,raw_plus_latent,Exp. Dataset + VAE,large_cap,fpr1,3,lockout_3yr,fpr1_3yr,0.0000000240,0.0000521804,0.0000522043,0.0001153961,0.0001154491,0.6824107195,0.6825606634,FN/TN are diagnostics; their active retained-weight effect enters realized alpha through retained_stock_reweighting_effect.
temporary CSI,dynamic_csi,oos,raw_plus_latent,Exp. Dataset + VAE,large_cap,fpr1,5,lockout_5yr,fpr1_5yr,0.0000000000,0.0000931441,0.0000931441,0.0000202175,0.0000202175,0.6822204683,0.6826555877,FN/TN are diagnostics; their active retained-weight effect enters realized alpha through retained_stock_reweighting_effect.
temporary CSI,dynamic_csi,oos,raw_plus_latent,Exp. Dataset + VAE,large_cap,fpr3,1,lockout_1yr,fpr3_1yr,0.0000000000,0.0002530216,0.0002530216,0.0001153961,0.0001153961,0.6820872247,0.6825808230,FN/TN are diagnostics; their active retained-weight effect enters realized alpha through retained_stock_reweighting_effect.
temporary CSI,dynamic_csi,oos,raw_plus_latent,Exp. Dataset + VAE,large_cap,fpr3,2,lockout_2yr,fpr3_2yr,0.0000000000,0.0005718328,0.0005718328,0.0000569213,0.0000569213,0.6810319477,0.6826563107,FN/TN are diagnostics; their active retained-weight effect enters realized alpha through retained_stock_reweighting_effect.
temporary CSI,dynamic_csi,oos,raw_plus_latent,Exp. Dataset + VAE,large_cap,fpr3,3,lockout_3yr,fpr3_3yr,0.0000000000,0.0006376909,0.0006376909,0.0000202175,0.0000202175,0.6802910269,0.6826923389,FN/TN are diagnostics; their active retained-weight effect enters realized alpha through retained_stock_reweighting_effect.
temporary CSI,dynamic_csi,oos,raw_plus_latent,Exp. Dataset + VAE,large_cap,fpr3,5,lockout_5yr,fpr3_5yr,0.0000000119,0.0008197737,0.0008197856,0.0000202175,0.0000202813,0.6790597118,0.6826915051,FN/TN are diagnostics; their active retained-weight effect enters realized alpha through retained_stock_reweighting_effect.
temporary CSI,dynamic_csi,oos,raw_plus_latent,Exp. Dataset + VAE,large_cap,fpr5,1,lockout_1yr,fpr5_1yr,0.0000000003,0.0002899387,0.0002899390,0.0001153961,0.0001154084,0.6818485474,0.6825806666,FN/TN are diagnostics; their active retained-weight effect enters realized alpha through retained_stock_reweighting_effect.
temporary CSI,dynamic_csi,oos,raw_plus_latent,Exp. Dataset + VAE,large_cap,fpr5,2,lockout_2yr,fpr5_2yr,0.0000000003,0.0007135812,0.0007135814,0.0000569213,0.0000569336,0.6805556971,0.6826558956,FN/TN are diagnostics; their active retained-weight effect enters realized alpha through retained_stock_reweighting_effect.
temporary CSI,dynamic_csi,oos,raw_plus_latent,Exp. Dataset + VAE,large_cap,fpr5,3,lockout_3yr,fpr5_3yr,0.0000000017,0.0008463583,0.0008463600,0.0000202175,0.0000202264,0.6793621858,0.6826916002,FN/TN are diagnostics; their active retained-weight effect enters realized alpha through retained_stock_reweighting_effect.
temporary CSI,dynamic_csi,oos,raw_plus_latent,Exp. Dataset + VAE,large_cap,fpr5,5,lockout_5yr,fpr5_5yr,0.0000000259,0.0011648129,0.0011648388,0.0000202175,0.0000203560,0.6772463935,0.6826900013,FN/TN are diagnostics; their active retained-weight effect enters realized alpha through retained_stock_reweighting_effect.
temporary CSI,dynamic_csi,oos,raw_plus_latent,Exp. Dataset + VAE,large_cap,youden,1,lockout_1yr,youden_1yr,0.0000001546,0.0052970411,0.0052971957,0.0000202175,0.0000210440,0.6609023818,0.6826839920,FN/TN are diagnostics; their active retained-weight effect enters realized alpha through retained_stock_reweighting_effect.
temporary CSI,dynamic_csi,oos,raw_plus_latent,Exp. Dataset + VAE,large_cap,youden,2,lockout_2yr,youden_2yr,0.0000001645,0.0091564958,0.0091566603,0.0000202175,0.0000210972,0.6437574921,0.6827775505,FN/TN are diagnostics; their active retained-weight effect enters realized alpha through retained_stock_reweighting_effect.
temporary CSI,dynamic_csi,oos,raw_plus_latent,Exp. Dataset + VAE,large_cap,youden,3,lockout_3yr,youden_3yr,0.0000002562,0.0107397196,0.0107399758,0.0000202175,0.0000215874,0.6328899382,0.6827665307,FN/TN are diagnostics; their active retained-weight effect enters realized alpha through retained_stock_reweighting_effect.
temporary CSI,dynamic_csi,oos,raw_plus_latent,Exp. Dataset + VAE,large_cap,youden,5,lockout_5yr,youden_5yr,0.0000003705,0.0128073373,0.0128077079,0.0000202175,0.0000221990,0.6219239418,0.6828319205,FN/TN are diagnostics; their active retained-weight effect enters realized alpha through retained_stock_reweighting_effect.
temporary CSI,dynamic_csi,oos,raw_plus_latent,Exp. Dataset + VAE,mid_cap,fpr1,1,lockout_1yr,fpr1_1yr,0.0000000000,0.0000687653,0.0000687653,0.0006533577,0.0006533577,0.6811899438,0.6812734373,FN/TN are diagnostics; their active retained-weight effect enters realized alpha through retained_stock_reweighting_effect.
temporary CSI,dynamic_csi,oos,raw_plus_latent,Exp. Dataset + VAE,mid_cap,fpr1,2,lockout_2yr,fpr1_2yr,0.0000000000,0.0001444240,0.0001444240,0.0006533577,0.0006533577,0.6810972097,0.6812727518,FN/TN are diagnostics; their active retained-weight effect enters realized alpha through retained_stock_reweighting_effect.
temporary CSI,dynamic_csi,oos,raw_plus_latent,Exp. Dataset + VAE,mid_cap,fpr1,3,lockout_3yr,fpr1_3yr,0.0000007672,0.0003083299,0.0003090971,0.0006533577,0.0006550632,0.6804240226,0.6812692589,FN/TN are diagnostics; their active retained-weight effect enters realized alpha through retained_stock_reweighting_effect.
temporary CSI,dynamic_csi,oos,raw_plus_latent,Exp. Dataset + VAE,mid_cap,fpr1,5,lockout_5yr,fpr1_5yr,0.0000000000,0.0003972755,0.0003972755,0.0001143395,0.0001143395,0.6795581282,0.6818062482,FN/TN are diagnostics; their active retained-weight effect enters realized alpha through retained_stock_reweighting_effect.
temporary CSI,dynamic_csi,oos,raw_plus_latent,Exp. Dataset + VAE,mid_cap,fpr3,1,lockout_1yr,fpr3_1yr,0.0000000000,0.0007600566,0.0007600566,0.0006533577,0.0006533577,0.6800339212,0.6813887916,FN/TN are diagnostics; their active retained-weight effect enters realized alpha through retained_stock_reweighting_effect.
temporary CSI,dynamic_csi,oos,raw_plus_latent,Exp. Dataset + VAE,mid_cap,fpr3,2,lockout_2yr,fpr3_2yr,0.0000000000,0.0016061092,0.0016061092,0.0003224042,0.0003224042,0.6769738065,0.6818141891,FN/TN are diagnostics; their active retained-weight effect enters realized alpha through retained_stock_reweighting_effect.
temporary CSI,dynamic_csi,oos,raw_plus_latent,Exp. Dataset + VAE,mid_cap,fpr3,3,lockout_3yr,fpr3_3yr,0.0000000000,0.0016530138,0.0016530138,0.0001143395,0.0001143395,0.6753845293,0.6820176917,FN/TN are diagnostics; their active retained-weight effect enters realized alpha through retained_stock_reweighting_effect.
temporary CSI,dynamic_csi,oos,raw_plus_latent,Exp. Dataset + VAE,mid_cap,fpr3,5,lockout_5yr,fpr3_5yr,0.0000000900,0.0017864338,0.0017865237,0.0001143395,0.0001148206,0.6733877270,0.6820146722,FN/TN are diagnostics; their active retained-weight effect enters realized alpha through retained_stock_reweighting_effect.
temporary CSI,dynamic_csi,oos,raw_plus_latent,Exp. Dataset + VAE,mid_cap,fpr5,1,lockout_1yr,fpr5_1yr,0.0000000087,0.0009168889,0.0009168976,0.0006533577,0.0006537511,0.6788931135,0.6813870296,FN/TN are diagnostics; their active retained-weight effect enters realized alpha through retained_stock_reweighting_effect.
temporary CSI,dynamic_csi,oos,raw_plus_latent,Exp. Dataset + VAE,mid_cap,fpr5,2,lockout_2yr,fpr5_2yr,0.0000000087,0.0022877560,0.0022877647,0.0003224042,0.0003227976,0.6742772039,0.6818089718,FN/TN are diagnostics; their active retained-weight effect enters realized alpha through retained_stock_reweighting_effect.
temporary CSI,dynamic_csi,oos,raw_plus_latent,Exp. Dataset + VAE,mid_cap,fpr5,3,lockout_3yr,fpr5_3yr,0.0000000534,0.0023378695,0.0023379228,0.0001143395,0.0001146249,0.6717103962,0.6820096689,FN/TN are diagnostics; their active retained-weight effect enters realized alpha through retained_stock_reweighting_effect.
temporary CSI,dynamic_csi,oos,raw_plus_latent,Exp. Dataset + VAE,mid_cap,fpr5,5,lockout_5yr,fpr5_5yr,0.0000003008,0.0029487301,0.0029490309,0.0001143395,0.0001159483,0.6668584401,0.6820022059,FN/TN are diagnostics; their active retained-weight effect enters realized alpha through retained_stock_reweighting_effect.
temporary CSI,dynamic_csi,oos,raw_plus_latent,Exp. Dataset + VAE,mid_cap,youden,1,lockout_1yr,youden_1yr,0.0000022415,0.0104998419,0.0105020834,0.0001143395,0.0001263297,0.6266759980,0.6819830843,FN/TN are diagnostics; their active retained-weight effect enters realized alpha through retained_stock_reweighting_effect.
temporary CSI,dynamic_csi,oos,raw_plus_latent,Exp. Dataset + VAE,mid_cap,youden,2,lockout_2yr,youden_2yr,0.0000026041,0.0147620822,0.0147646863,0.0001143395,0.0001282698,0.6014006279,0.6819975942,FN/TN are diagnostics; their active retained-weight effect enters realized alpha through retained_stock_reweighting_effect.
temporary CSI,dynamic_csi,oos,raw_plus_latent,Exp. Dataset + VAE,mid_cap,youden,3,lockout_3yr,youden_3yr,0.0000033513,0.0167175428,0.0167208941,0.0001143395,0.0001322682,0.5877580689,0.6819629050,FN/TN are diagnostics; their active retained-weight effect enters realized alpha through retained_stock_reweighting_effect.
temporary CSI,dynamic_csi,oos,raw_plus_latent,Exp. Dataset + VAE,mid_cap,youden,5,lockout_5yr,youden_5yr,0.0000048140,0.0194075104,0.0194123244,0.0001143395,0.0001400971,0.5659106857,0.6821561929,FN/TN are diagnostics; their active retained-weight effect enters realized alpha through retained_stock_reweighting_effect.
temporary CSI,dynamic_csi,oos,raw_plus_latent,Exp. Dataset + VAE,small_cap,fpr1,1,lockout_1yr,fpr1_1yr,-0.0000023861,0.0004045085,0.0004021224,0.0043476676,0.0043496080,0.6734837043,0.6746615868,FN/TN are diagnostics; their active retained-weight effect enters realized alpha through retained_stock_reweighting_effect.
temporary CSI,dynamic_csi,oos,raw_plus_latent,Exp. Dataset + VAE,small_cap,fpr1,2,lockout_2yr,fpr1_2yr,-0.0000170156,0.0011488112,0.0011317956,0.0038089233,0.0038259268,0.6714238480,0.6751943435,FN/TN are diagnostics; their active retained-weight effect enters realized alpha through retained_stock_reweighting_effect.
temporary CSI,dynamic_csi,oos,raw_plus_latent,Exp. Dataset + VAE,small_cap,fpr1,3,lockout_3yr,fpr1_3yr,-0.0000417570,0.0016137504,0.0015719933,0.0037322392,0.0037703936,0.6695133411,0.6752463086,FN/TN are diagnostics; their active retained-weight effect enters realized alpha through retained_stock_reweighting_effect.
temporary CSI,dynamic_csi,oos,raw_plus_latent,Exp. Dataset + VAE,small_cap,fpr1,5,lockout_5yr,fpr1_5yr,-0.0000659894,0.0019402783,0.0018742889,0.0033278786,0.0033797438,0.6670450555,0.6756864488,FN/TN are diagnostics; their active retained-weight effect enters realized alpha through retained_stock_reweighting_effect.
temporary CSI,dynamic_csi,oos,raw_plus_latent,Exp. Dataset + VAE,small_cap,fpr3,1,lockout_1yr,fpr3_1yr,-0.0000199702,0.0023212390,0.0023012688,0.0038722291,0.0038882388,0.6689451723,0.6751481584,FN/TN are diagnostics; their active retained-weight effect enters realized alpha through retained_stock_reweighting_effect.
temporary CSI,dynamic_csi,oos,raw_plus_latent,Exp. Dataset + VAE,small_cap,fpr3,2,lockout_2yr,fpr3_2yr,-0.0000476084,0.0037685163,0.0037209078,0.0035691088,0.0036151621,0.6637497482,0.6755032140,FN/TN are diagnostics; their active retained-weight effect enters realized alpha through retained_stock_reweighting_effect.
temporary CSI,dynamic_csi,oos,raw_plus_latent,Exp. Dataset + VAE,small_cap,fpr3,3,lockout_3yr,fpr3_3yr,-0.0001113672,0.0044814912,0.0043701241,0.0031173470,0.0032063871,0.6596141377,0.6759671449,FN/TN are diagnostics; their active retained-weight effect enters realized alpha through retained_stock_reweighting_effect.
temporary CSI,dynamic_csi,oos,raw_plus_latent,Exp. Dataset + VAE,small_cap,fpr3,5,lockout_5yr,fpr3_5yr,-0.0001533507,0.0053910504,0.0052376997,0.0027004884,0.0028091281,0.6526379040,0.6764414002,FN/TN are diagnostics; their active retained-weight effect enters realized alpha through retained_stock_reweighting_effect.
temporary CSI,dynamic_csi,oos,raw_plus_latent,Exp. Dataset + VAE,small_cap,fpr5,1,lockout_1yr,fpr5_1yr,-0.0000369399,0.0040599425,0.0040230026,0.0036750249,0.0037030990,0.6638292146,0.6753565132,FN/TN are diagnostics; their active retained-weight effect enters realized alpha through retained_stock_reweighting_effect.
temporary CSI,dynamic_csi,oos,raw_plus_latent,Exp. Dataset + VAE,small_cap,fpr5,2,lockout_2yr,fpr5_2yr,-0.0000748189,0.0060042995,0.0059294806,0.0032280035,0.0032990639,0.6551190354,0.6759809497,FN/TN are diagnostics; their active retained-weight effect enters realized alpha through retained_stock_reweighting_effect.
temporary CSI,dynamic_csi,oos,raw_plus_latent,Exp. Dataset + VAE,small_cap,fpr5,3,lockout_3yr,fpr5_3yr,-0.0001788288,0.0069243781,0.0067455493,0.0026869306,0.0028201658,0.6481382124,0.6765340784,FN/TN are diagnostics; their active retained-weight effect enters realized alpha through retained_stock_reweighting_effect.
temporary CSI,dynamic_csi,oos,raw_plus_latent,Exp. Dataset + VAE,small_cap,fpr5,5,lockout_5yr,fpr5_5yr,-0.0002333889,0.0089010696,0.0086676807,0.0024759684,0.0026432751,0.6358964745,0.6767781506,FN/TN are diagnostics; their active retained-weight effect enters realized alpha through retained_stock_reweighting_effect.
temporary CSI,dynamic_csi,oos,raw_plus_latent,Exp. Dataset + VAE,small_cap,youden,1,lockout_1yr,youden_1yr,-0.0001566103,0.0258519991,0.0256953889,0.0005713087,0.0006962896,0.5614365790,0.6788495348,FN/TN are diagnostics; their active retained-weight effect enters realized alpha through retained_stock_reweighting_effect.
temporary CSI,dynamic_csi,oos,raw_plus_latent,Exp. Dataset + VAE,small_cap,youden,2,lockout_2yr,youden_2yr,-0.0001700699,0.0347115479,0.0345414781,0.0004127256,0.0005455355,0.5214545800,0.6794556667,FN/TN are diagnostics; their active retained-weight effect enters realized alpha through retained_stock_reweighting_effect.
temporary CSI,dynamic_csi,oos,raw_plus_latent,Exp. Dataset + VAE,small_cap,youden,3,lockout_3yr,youden_3yr,-0.0002168207,0.0396575517,0.0394407311,0.0004127256,0.0005823698,0.4944187034,0.6796549046,FN/TN are diagnostics; their active retained-weight effect enters realized alpha through retained_stock_reweighting_effect.
temporary CSI,dynamic_csi,oos,raw_plus_latent,Exp. Dataset + VAE,small_cap,youden,5,lockout_5yr,youden_5yr,-0.0002278716,0.0437297816,0.0435019100,0.0002968494,0.0004497245,0.4641582046,0.6798687989,FN/TN are diagnostics; their active retained-weight effect enters realized alpha through retained_stock_reweighting_effect.
temporary CSI,dynamic_csi,oos,raw_plus_latent,Exp. Dataset + VAE,total_market,fpr1,1,lockout_1yr,fpr1_1yr,-0.0000002832,0.0001695377,0.0001692544,0.0011846629,0.0011849823,0.6804768632,0.6809096747,FN/TN are diagnostics; their active retained-weight effect enters realized alpha through retained_stock_reweighting_effect.
temporary CSI,dynamic_csi,oos,raw_plus_latent,Exp. Dataset + VAE,total_market,fpr1,2,lockout_2yr,fpr1_2yr,-0.0000009018,0.0003690374,0.0003681356,0.0010270602,0.0010284569,0.6800149760,0.6810707703,FN/TN are diagnostics; their active retained-weight effect enters realized alpha through retained_stock_reweighting_effect.
temporary CSI,dynamic_csi,oos,raw_plus_latent,Exp. Dataset + VAE,total_market,fpr1,3,lockout_3yr,fpr1_3yr,-0.0000024319,0.0004553382,0.0004529064,0.0009806733,0.0009835474,0.6795187796,0.6811170649,FN/TN are diagnostics; their active retained-weight effect enters realized alpha through retained_stock_reweighting_effect.
temporary CSI,dynamic_csi,oos,raw_plus_latent,Exp. Dataset + VAE,total_market,fpr1,5,lockout_5yr,fpr1_5yr,-0.0000040509,0.0005976021,0.0005935513,0.0008275179,0.0008312715,0.6787637544,0.6812788682,FN/TN are diagnostics; their active retained-weight effect enters realized alpha through retained_stock_reweighting_effect.
temporary CSI,dynamic_csi,oos,raw_plus_latent,Exp. Dataset + VAE,total_market,fpr3,1,lockout_1yr,fpr3_1yr,-0.0000013009,0.0007463324,0.0007450315,0.0010200564,0.0010214838,0.6791525677,0.6810976376,FN/TN are diagnostics; their active retained-weight effect enters realized alpha through retained_stock_reweighting_effect.
temporary CSI,dynamic_csi,oos,raw_plus_latent,Exp. Dataset + VAE,total_market,fpr3,2,lockout_2yr,fpr3_2yr,-0.0000034580,0.0013659620,0.0013625040,0.0008378507,0.0008417498,0.6771551347,0.6813081177,FN/TN are diagnostics; their active retained-weight effect enters realized alpha through retained_stock_reweighting_effect.
temporary CSI,dynamic_csi,oos,raw_plus_latent,Exp. Dataset + VAE,total_market,fpr3,3,lockout_3yr,fpr3_3yr,-0.0000075601,0.0015370525,0.0015294924,0.0006953205,0.0007021671,0.6757160223,0.6814589581,FN/TN are diagnostics; their active retained-weight effect enters realized alpha through retained_stock_reweighting_effect.
temporary CSI,dynamic_csi,oos,raw_plus_latent,Exp. Dataset + VAE,total_market,fpr3,5,lockout_5yr,fpr3_5yr,-0.0000096707,0.0019326772,0.0019230065,0.0006241364,0.0006323186,0.6733010107,0.6815422157,FN/TN are diagnostics; their active retained-weight effect enters realized alpha through retained_stock_reweighting_effect.
temporary CSI,dynamic_csi,oos,raw_plus_latent,Exp. Dataset + VAE,total_market,fpr5,1,lockout_1yr,fpr5_1yr,-0.0000022228,0.0010942877,0.0010920649,0.0009259228,0.0009282423,0.6779486877,0.6811992943,FN/TN are diagnostics; their active retained-weight effect enters realized alpha through retained_stock_reweighting_effect.
temporary CSI,dynamic_csi,oos,raw_plus_latent,Exp. Dataset + VAE,total_market,fpr5,2,lockout_2yr,fpr5_2yr,-0.0000046574,0.0019377928,0.0019331354,0.0007310033,0.0007359326,0.6751674622,0.6814435404,FN/TN are diagnostics; their active retained-weight effect enters realized alpha through retained_stock_reweighting_effect.
temporary CSI,dynamic_csi,oos,raw_plus_latent,Exp. Dataset + VAE,total_market,fpr5,3,lockout_3yr,fpr5_3yr,-0.0000102657,0.0021938543,0.0021835886,0.0005887769,0.0005973978,0.6728720812,0.6815971554,FN/TN are diagnostics; their active retained-weight effect enters realized alpha through retained_stock_reweighting_effect.
temporary CSI,dynamic_csi,oos,raw_plus_latent,Exp. Dataset + VAE,total_market,fpr5,5,lockout_5yr,fpr5_5yr,-0.0000131808,0.0028749432,0.0028617624,0.0005475196,0.0005586324,0.6689516775,0.6816500124,FN/TN are diagnostics; their active retained-weight effect enters realized alpha through retained_stock_reweighting_effect.
temporary CSI,dynamic_csi,oos,raw_plus_latent,Exp. Dataset + VAE,total_market,youden,1,lockout_1yr,youden_1yr,-0.0000077504,0.0089678851,0.0089601347,0.0001410256,0.0001489958,0.6435776739,0.6821123549,FN/TN are diagnostics; their active retained-weight effect enters realized alpha through retained_stock_reweighting_effect.
temporary CSI,dynamic_csi,oos,raw_plus_latent,Exp. Dataset + VAE,total_market,youden,2,lockout_2yr,youden_2yr,-0.0000104122,0.0135738049,0.0135633927,0.0001037892,0.0001133095,0.6224114403,0.6823084124,FN/TN are diagnostics; their active retained-weight effect enters realized alpha through retained_stock_reweighting_effect.
temporary CSI,dynamic_csi,oos,raw_plus_latent,Exp. Dataset + VAE,total_market,youden,3,lockout_3yr,youden_3yr,-0.0000140712,0.0159046568,0.0158905856,0.0000981311,0.0001109155,0.6087646875,0.6823429476,FN/TN are diagnostics; their active retained-weight effect enters realized alpha through retained_stock_reweighting_effect.
temporary CSI,dynamic_csi,oos,raw_plus_latent,Exp. Dataset + VAE,total_market,youden,5,lockout_5yr,youden_5yr,-0.0000152407,0.0184643400,0.0184490993,0.0000786063,0.0000911735,0.5949731252,0.6824426124,FN/TN are diagnostics; their active retained-weight effect enters realized alpha through retained_stock_reweighting_effect.
temporary CSI,dynamic_csi,test,raw_plus_latent,Exp. Dataset + VAE,large_cap,fpr1,1,lockout_1yr,fpr1_1yr,-0.0000000159,0.0000081975,0.0000081816,0.0000821874,0.0000821968,0.6652408336,0.6653010185,FN/TN are diagnostics; their active retained-weight effect enters realized alpha through retained_stock_reweighting_effect.
temporary CSI,dynamic_csi,test,raw_plus_latent,Exp. Dataset + VAE,large_cap,fpr1,2,lockout_2yr,fpr1_2yr,-0.0000000159,0.0000081975,0.0000081816,0.0000821874,0.0000821968,0.6652408336,0.6653010185,FN/TN are diagnostics; their active retained-weight effect enters realized alpha through retained_stock_reweighting_effect.
temporary CSI,dynamic_csi,test,raw_plus_latent,Exp. Dataset + VAE,large_cap,fpr1,3,lockout_3yr,fpr1_3yr,-0.0000000159,0.0000081975,0.0000081816,0.0000821874,0.0000821968,0.6652408336,0.6653010185,FN/TN are diagnostics; their active retained-weight effect enters realized alpha through retained_stock_reweighting_effect.
temporary CSI,dynamic_csi,test,raw_plus_latent,Exp. Dataset + VAE,large_cap,fpr1,5,lockout_5yr,fpr1_5yr,-0.0000000159,0.0000081975,0.0000081816,0.0000821874,0.0000821968,0.6652408336,0.6653010185,FN/TN are diagnostics; their active retained-weight effect enters realized alpha through retained_stock_reweighting_effect.
temporary CSI,dynamic_csi,test,raw_plus_latent,Exp. Dataset + VAE,large_cap,fpr3,1,lockout_1yr,fpr3_1yr,-0.0000000467,0.0000110513,0.0000110046,0.0000821874,0.0000822150,0.6651333553,0.6653007566,FN/TN are diagnostics; their active retained-weight effect enters realized alpha through retained_stock_reweighting_effect.
temporary CSI,dynamic_csi,test,raw_plus_latent,Exp. Dataset + VAE,large_cap,fpr3,2,lockout_2yr,fpr3_2yr,-0.0000000467,0.0000110513,0.0000110046,0.0000821874,0.0000822150,0.6651333553,0.6653007566,FN/TN are diagnostics; their active retained-weight effect enters realized alpha through retained_stock_reweighting_effect.
temporary CSI,dynamic_csi,test,raw_plus_latent,Exp. Dataset + VAE,large_cap,fpr3,3,lockout_3yr,fpr3_3yr,-0.0000000467,0.0000167383,0.0000166916,0.0000821874,0.0000822150,0.6651086561,0.6653006941,FN/TN are diagnostics; their active retained-weight effect enters realized alpha through retained_stock_reweighting_effect.
temporary CSI,dynamic_csi,test,raw_plus_latent,Exp. Dataset + VAE,large_cap,fpr3,5,lockout_5yr,fpr3_5yr,-0.0000000464,0.0000256755,0.0000256291,0.0000821874,0.0000822201,0.6650684524,0.6653006340,FN/TN are diagnostics; their active retained-weight effect enters realized alpha through retained_stock_reweighting_effect.
temporary CSI,dynamic_csi,test,raw_plus_latent,Exp. Dataset + VAE,large_cap,fpr5,1,lockout_1yr,fpr5_1yr,-0.0000000453,0.0000237646,0.0000237192,0.0000821874,0.0000822430,0.6649870927,0.6653004609,FN/TN are diagnostics; their active retained-weight effect enters realized alpha through retained_stock_reweighting_effect.
temporary CSI,dynamic_csi,test,raw_plus_latent,Exp. Dataset + VAE,large_cap,fpr5,2,lockout_2yr,fpr5_2yr,-0.0000000453,0.0000480195,0.0000479741,0.0000821874,0.0000822430,0.6648559305,0.6653001688,FN/TN are diagnostics; their active retained-weight effect enters realized alpha through retained_stock_reweighting_effect.
temporary CSI,dynamic_csi,test,raw_plus_latent,Exp. Dataset + VAE,large_cap,fpr5,3,lockout_3yr,fpr5_3yr,-0.0000000539,0.0000649910,0.0000649370,0.0000821874,0.0000823209,0.6645102547,0.6653146272,FN/TN are diagnostics; their active retained-weight effect enters realized alpha through retained_stock_reweighting_effect.
temporary CSI,dynamic_csi,test,raw_plus_latent,Exp. Dataset + VAE,large_cap,fpr5,5,lockout_5yr,fpr5_5yr,-0.0000000728,0.0001450586,0.0001449859,0.0000821874,0.0000823320,0.6640952530,0.6653139138,FN/TN are diagnostics; their active retained-weight effect enters realized alpha through retained_stock_reweighting_effect.
temporary CSI,dynamic_csi,test,raw_plus_latent,Exp. Dataset + VAE,large_cap,youden,1,lockout_1yr,youden_1yr,0.0000000000,0.0027591776,0.0027591776,0.0000000000,0.0000000000,0.6480123896,0.6653995202,FN/TN are diagnostics; their active retained-weight effect enters realized alpha through retained_stock_reweighting_effect.
temporary CSI,dynamic_csi,test,raw_plus_latent,Exp. Dataset + VAE,large_cap,youden,2,lockout_2yr,youden_2yr,0.0000000000,0.0036169387,0.0036169387,0.0000000000,0.0000000000,0.6425972063,0.6654274148,FN/TN are diagnostics; their active retained-weight effect enters realized alpha through retained_stock_reweighting_effect.
temporary CSI,dynamic_csi,test,raw_plus_latent,Exp. Dataset + VAE,large_cap,youden,3,lockout_3yr,youden_3yr,0.0000000000,0.0040606675,0.0040606675,0.0000000000,0.0000000000,0.6396336060,0.6654286270,FN/TN are diagnostics; their active retained-weight effect enters realized alpha through retained_stock_reweighting_effect.
temporary CSI,dynamic_csi,test,raw_plus_latent,Exp. Dataset + VAE,large_cap,youden,5,lockout_5yr,youden_5yr,0.0000000000,0.0045774713,0.0045774713,0.0000000000,0.0000000000,0.6319767661,0.6654265996,FN/TN are diagnostics; their active retained-weight effect enters realized alpha through retained_stock_reweighting_effect.
temporary CSI,dynamic_csi,test,raw_plus_latent,Exp. Dataset + VAE,mid_cap,fpr1,1,lockout_1yr,fpr1_1yr,-0.0000005111,0.0000483580,0.0000478469,0.0004659707,0.0004662724,0.6631700452,0.6635093402,FN/TN are diagnostics; their active retained-weight effect enters realized alpha through retained_stock_reweighting_effect.
temporary CSI,dynamic_csi,test,raw_plus_latent,Exp. Dataset + VAE,mid_cap,fpr1,2,lockout_2yr,fpr1_2yr,-0.0000005111,0.0000483580,0.0000478469,0.0004659707,0.0004662724,0.6631700452,0.6635093402,FN/TN are diagnostics; their active retained-weight effect enters realized alpha through retained_stock_reweighting_effect.
temporary CSI,dynamic_csi,test,raw_plus_latent,Exp. Dataset + VAE,mid_cap,fpr1,3,lockout_3yr,fpr1_3yr,-0.0000005111,0.0000483580,0.0000478469,0.0004659707,0.0004662724,0.6631700452,0.6635093402,FN/TN are diagnostics; their active retained-weight effect enters realized alpha through retained_stock_reweighting_effect.
temporary CSI,dynamic_csi,test,raw_plus_latent,Exp. Dataset + VAE,mid_cap,fpr1,5,lockout_5yr,fpr1_5yr,-0.0000005111,0.0000483580,0.0000478469,0.0004659707,0.0004662724,0.6631700452,0.6635093402,FN/TN are diagnostics; their active retained-weight effect enters realized alpha through retained_stock_reweighting_effect.
temporary CSI,dynamic_csi,test,raw_plus_latent,Exp. Dataset + VAE,mid_cap,fpr3,1,lockout_1yr,fpr3_1yr,-0.0000015116,0.0000377164,0.0000362048,0.0004659707,0.0004668630,0.6625616265,0.6635057401,FN/TN are diagnostics; their active retained-weight effect enters realized alpha through retained_stock_reweighting_effect.
temporary CSI,dynamic_csi,test,raw_plus_latent,Exp. Dataset + VAE,mid_cap,fpr3,2,lockout_2yr,fpr3_2yr,-0.0000015116,0.0000377164,0.0000362048,0.0004659707,0.0004668630,0.6625616265,0.6635057401,FN/TN are diagnostics; their active retained-weight effect enters realized alpha through retained_stock_reweighting_effect.
temporary CSI,dynamic_csi,test,raw_plus_latent,Exp. Dataset + VAE,mid_cap,fpr3,3,lockout_3yr,fpr3_3yr,-0.0000015116,0.0000671517,0.0000656401,0.0004659707,0.0004668630,0.6624218936,0.6635053136,FN/TN are diagnostics; their active retained-weight effect enters realized alpha through retained_stock_reweighting_effect.
temporary CSI,dynamic_csi,test,raw_plus_latent,Exp. Dataset + VAE,mid_cap,fpr3,5,lockout_5yr,fpr3_5yr,-0.0000015013,0.0001167754,0.0001152740,0.0004659707,0.0004670283,0.6621939076,0.6635040400,FN/TN are diagnostics; their active retained-weight effect enters realized alpha through retained_stock_reweighting_effect.
temporary CSI,dynamic_csi,test,raw_plus_latent,Exp. Dataset + VAE,mid_cap,fpr5,1,lockout_1yr,fpr5_1yr,-0.0000014672,0.0000909115,0.0000894443,0.0004659707,0.0004677657,0.6617324493,0.6635008152,FN/TN are diagnostics; their active retained-weight effect enters realized alpha through retained_stock_reweighting_effect.
temporary CSI,dynamic_csi,test,raw_plus_latent,Exp. Dataset + VAE,mid_cap,fpr5,2,lockout_2yr,fpr5_2yr,-0.0000014672,0.0002087949,0.0002073278,0.0004659707,0.0004677657,0.6609895775,0.6634989986,FN/TN are diagnostics; their active retained-weight effect enters realized alpha through retained_stock_reweighting_effect.
temporary CSI,dynamic_csi,test,raw_plus_latent,Exp. Dataset + VAE,mid_cap,fpr5,3,lockout_3yr,fpr5_3yr,-0.0000017427,0.0003742027,0.0003724600,0.0004659707,0.0004684878,0.6600302173,0.6635809471,FN/TN are diagnostics; their active retained-weight effect enters realized alpha through retained_stock_reweighting_effect.
temporary CSI,dynamic_csi,test,raw_plus_latent,Exp. Dataset + VAE,mid_cap,fpr5,5,lockout_5yr,fpr5_5yr,-0.0000023614,0.0005317297,0.0005293683,0.0004659707,0.0004688530,0.6590506714,0.6635781964,FN/TN are diagnostics; their active retained-weight effect enters realized alpha through retained_stock_reweighting_effect.
temporary CSI,dynamic_csi,test,raw_plus_latent,Exp. Dataset + VAE,mid_cap,youden,1,lockout_1yr,youden_1yr,0.0000000000,0.0068332629,0.0068332629,0.0000000000,0.0000000000,0.6199331759,0.6640739676,FN/TN are diagnostics; their active retained-weight effect enters realized alpha through retained_stock_reweighting_effect.
temporary CSI,dynamic_csi,test,raw_plus_latent,Exp. Dataset + VAE,mid_cap,youden,2,lockout_2yr,youden_2yr,0.0000000000,0.0085544028,0.0085544028,0.0000000000,0.0000000000,0.6086921451,0.6641031017,FN/TN are diagnostics; their active retained-weight effect enters realized alpha through retained_stock_reweighting_effect.
temporary CSI,dynamic_csi,test,raw_plus_latent,Exp. Dataset + VAE,mid_cap,youden,3,lockout_3yr,youden_3yr,0.0000000000,0.0091456258,0.0091456258,0.0000000000,0.0000000000,0.6024170633,0.6641182236,FN/TN are diagnostics; their active retained-weight effect enters realized alpha through retained_stock_reweighting_effect.
temporary CSI,dynamic_csi,test,raw_plus_latent,Exp. Dataset + VAE,mid_cap,youden,5,lockout_5yr,youden_5yr,0.0000000000,0.0102628059,0.0102628059,0.0000000000,0.0000000000,0.5948406267,0.6641817455,FN/TN are diagnostics; their active retained-weight effect enters realized alpha through retained_stock_reweighting_effect.
temporary CSI,dynamic_csi,test,raw_plus_latent,Exp. Dataset + VAE,small_cap,fpr1,1,lockout_1yr,fpr1_1yr,-0.0000046650,0.0001812043,0.0001765393,0.0048740110,0.0048802169,0.6562062674,0.6572085748,FN/TN are diagnostics; their active retained-weight effect enters realized alpha through retained_stock_reweighting_effect.
temporary CSI,dynamic_csi,test,raw_plus_latent,Exp. Dataset + VAE,small_cap,fpr1,2,lockout_2yr,fpr1_2yr,-0.0000051837,0.0001837527,0.0001785690,0.0048740110,0.0048806500,0.6560943591,0.6572075385,FN/TN are diagnostics; their active retained-weight effect enters realized alpha through retained_stock_reweighting_effect.
temporary CSI,dynamic_csi,test,raw_plus_latent,Exp. Dataset + VAE,small_cap,fpr1,3,lockout_3yr,fpr1_3yr,-0.0000053279,0.0002017389,0.0001964110,0.0048740110,0.0048807627,0.6560401593,0.6572071315,FN/TN are diagnostics; their active retained-weight effect enters realized alpha through retained_stock_reweighting_effect.
temporary CSI,dynamic_csi,test,raw_plus_latent,Exp. Dataset + VAE,small_cap,fpr1,5,lockout_5yr,fpr1_5yr,-0.0000083046,0.0002528325,0.0002445279,0.0048740110,0.0048848920,0.6555141347,0.6571991548,FN/TN are diagnostics; their active retained-weight effect enters realized alpha through retained_stock_reweighting_effect.
temporary CSI,dynamic_csi,test,raw_plus_latent,Exp. Dataset + VAE,small_cap,fpr3,1,lockout_1yr,fpr3_1yr,-0.0000137863,0.0006663543,0.0006525679,0.0047591130,0.0047790589,0.6543127720,0.6573142080,FN/TN are diagnostics; their active retained-weight effect enters realized alpha through retained_stock_reweighting_effect.
temporary CSI,dynamic_csi,test,raw_plus_latent,Exp. Dataset + VAE,small_cap,fpr3,2,lockout_2yr,fpr3_2yr,-0.0000200631,0.0008113273,0.0007912642,0.0047463434,0.0047751336,0.6531934451,0.6573101935,FN/TN are diagnostics; their active retained-weight effect enters realized alpha through retained_stock_reweighting_effect.
temporary CSI,dynamic_csi,test,raw_plus_latent,Exp. Dataset + VAE,small_cap,fpr3,3,lockout_3yr,fpr3_3yr,-0.0000236415,0.0009074382,0.0008837967,0.0046843269,0.0047182483,0.6524488373,0.6573613541,FN/TN are diagnostics; their active retained-weight effect enters realized alpha through retained_stock_reweighting_effect.
temporary CSI,dynamic_csi,test,raw_plus_latent,Exp. Dataset + VAE,small_cap,fpr3,5,lockout_5yr,fpr3_5yr,-0.0000338963,0.0011977414,0.0011638451,0.0046349678,0.0046824611,0.6500261751,0.6573793492,FN/TN are diagnostics; their active retained-weight effect enters realized alpha through retained_stock_reweighting_effect.
temporary CSI,dynamic_csi,test,raw_plus_latent,Exp. Dataset + VAE,small_cap,fpr5,1,lockout_1yr,fpr5_1yr,-0.0000287847,0.0011678140,0.0011390293,0.0044145158,0.0044531257,0.6511263700,0.6576163982,FN/TN are diagnostics; their active retained-weight effect enters realized alpha through retained_stock_reweighting_effect.
temporary CSI,dynamic_csi,test,raw_plus_latent,Exp. Dataset + VAE,small_cap,fpr5,2,lockout_2yr,fpr5_2yr,-0.0000392364,0.0013731842,0.0013339478,0.0041474373,0.0042010396,0.6494656080,0.6578675188,FN/TN are diagnostics; their active retained-weight effect enters realized alpha through retained_stock_reweighting_effect.
temporary CSI,dynamic_csi,test,raw_plus_latent,Exp. Dataset + VAE,small_cap,fpr5,3,lockout_3yr,fpr5_3yr,-0.0000459644,0.0015597049,0.0015137405,0.0040621658,0.0041243426,0.6480280291,0.6579336127,FN/TN are diagnostics; their active retained-weight effect enters realized alpha through retained_stock_reweighting_effect.
temporary CSI,dynamic_csi,test,raw_plus_latent,Exp. Dataset + VAE,small_cap,fpr5,5,lockout_5yr,fpr5_5yr,-0.0000574366,0.0018572896,0.0017998530,0.0040418831,0.0041175256,0.6452810103,0.6579435931,FN/TN are diagnostics; their active retained-weight effect enters realized alpha through retained_stock_reweighting_effect.
temporary CSI,dynamic_csi,test,raw_plus_latent,Exp. Dataset + VAE,small_cap,youden,1,lockout_1yr,youden_1yr,-0.0001159374,0.0127778337,0.0126618963,0.0008003854,0.0009158756,0.5645281954,0.6610344746,FN/TN are diagnostics; their active retained-weight effect enters realized alpha through retained_stock_reweighting_effect.
temporary CSI,dynamic_csi,test,raw_plus_latent,Exp. Dataset + VAE,small_cap,youden,2,lockout_2yr,youden_2yr,-0.0001014434,0.0143290902,0.0142276467,0.0004115136,0.0004898709,0.5507102371,0.6618046745,FN/TN are diagnostics; their active retained-weight effect enters realized alpha through retained_stock_reweighting_effect.
temporary CSI,dynamic_csi,test,raw_plus_latent,Exp. Dataset + VAE,small_cap,youden,3,lockout_3yr,youden_3yr,-0.0001092055,0.0149897196,0.0148805140,0.0003713018,0.0004505684,0.5428329423,0.6619506751,FN/TN are diagnostics; their active retained-weight effect enters realized alpha through retained_stock_reweighting_effect.
temporary CSI,dynamic_csi,test,raw_plus_latent,Exp. Dataset + VAE,small_cap,youden,5,lockout_5yr,youden_5yr,-0.0001259388,0.0171961819,0.0170702430,0.0003713018,0.0004618223,0.5266092908,0.6622392535,FN/TN are diagnostics; their active retained-weight effect enters realized alpha through retained_stock_reweighting_effect.
temporary CSI,dynamic_csi,test,raw_plus_latent,Exp. Dataset + VAE,total_market,fpr1,1,lockout_1yr,fpr1_1yr,-0.0000005487,0.0000750951,0.0000745464,0.0011813467,0.0011821879,0.6632317833,0.6636840561,FN/TN are diagnostics; their active retained-weight effect enters realized alpha through retained_stock_reweighting_effect.
temporary CSI,dynamic_csi,test,raw_plus_latent,Exp. Dataset + VAE,total_market,fpr1,2,lockout_2yr,fpr1_2yr,-0.0000006576,0.0000861940,0.0000855364,0.0011703317,0.0011713125,0.6631589047,0.6636950105,FN/TN are diagnostics; their active retained-weight effect enters realized alpha through retained_stock_reweighting_effect.
temporary CSI,dynamic_csi,test,raw_plus_latent,Exp. Dataset + VAE,total_market,fpr1,3,lockout_3yr,fpr1_3yr,-0.0000007084,0.0000943301,0.0000936217,0.0011612767,0.0011623272,0.6631138267,0.6637040913,FN/TN are diagnostics; their active retained-weight effect enters realized alpha through retained_stock_reweighting_effect.
temporary CSI,dynamic_csi,test,raw_plus_latent,Exp. Dataset + VAE,total_market,fpr1,5,lockout_5yr,fpr1_5yr,-0.0000008616,0.0001127376,0.0001118761,0.0011519591,0.0011532217,0.6629851750,0.6637136831,FN/TN are diagnostics; their active retained-weight effect enters realized alpha through retained_stock_reweighting_effect.
temporary CSI,dynamic_csi,test,raw_plus_latent,Exp. Dataset + VAE,total_market,fpr3,1,lockout_1yr,fpr3_1yr,-0.0000013817,0.0002269824,0.0002256007,0.0010625041,0.0010646033,0.6624513647,0.6638060845,FN/TN are diagnostics; their active retained-weight effect enters realized alpha through retained_stock_reweighting_effect.
temporary CSI,dynamic_csi,test,raw_plus_latent,Exp. Dataset + VAE,total_market,fpr3,2,lockout_2yr,fpr3_2yr,-0.0000016262,0.0002645095,0.0002628832,0.0010289492,0.0010314502,0.6622097428,0.6638391883,FN/TN are diagnostics; their active retained-weight effect enters realized alpha through retained_stock_reweighting_effect.
temporary CSI,dynamic_csi,test,raw_plus_latent,Exp. Dataset + VAE,total_market,fpr3,3,lockout_3yr,fpr3_3yr,-0.0000018062,0.0002989759,0.0002971697,0.0010142308,0.0010169727,0.6620235754,0.6638534558,FN/TN are diagnostics; their active retained-weight effect enters realized alpha through retained_stock_reweighting_effect.
temporary CSI,dynamic_csi,test,raw_plus_latent,Exp. Dataset + VAE,total_market,fpr3,5,lockout_5yr,fpr3_5yr,-0.0000022463,0.0003698002,0.0003675539,0.0009850866,0.0009884601,0.6615302273,0.6638825970,FN/TN are diagnostics; their active retained-weight effect enters realized alpha through retained_stock_reweighting_effect.
temporary CSI,dynamic_csi,test,raw_plus_latent,Exp. Dataset + VAE,total_market,fpr5,1,lockout_1yr,fpr5_1yr,-0.0000020281,0.0003917887,0.0003897606,0.0009434637,0.0009467434,0.6615358389,0.6639251156,FN/TN are diagnostics; their active retained-weight effect enters realized alpha through retained_stock_reweighting_effect.
temporary CSI,dynamic_csi,test,raw_plus_latent,Exp. Dataset + VAE,total_market,fpr5,2,lockout_2yr,fpr5_2yr,-0.0000024693,0.0004693764,0.0004669071,0.0008718712,0.0008757392,0.6610632983,0.6639976084,FN/TN are diagnostics; their active retained-weight effect enters realized alpha through retained_stock_reweighting_effect.
temporary CSI,dynamic_csi,test,raw_plus_latent,Exp. Dataset + VAE,total_market,fpr5,3,lockout_3yr,fpr5_3yr,-0.0000030424,0.0005243092,0.0005212668,0.0008556648,0.0008602846,0.6605008097,0.6640251119,FN/TN are diagnostics; their active retained-weight effect enters realized alpha through retained_stock_reweighting_effect.
temporary CSI,dynamic_csi,test,raw_plus_latent,Exp. Dataset + VAE,total_market,fpr5,5,lockout_5yr,fpr5_5yr,-0.0000037235,0.0006603489,0.0006566253,0.0008373759,0.0008430295,0.6595958609,0.6640447119,FN/TN are diagnostics; their active retained-weight effect enters realized alpha through retained_stock_reweighting_effect.
temporary CSI,dynamic_csi,test,raw_plus_latent,Exp. Dataset + VAE,total_market,youden,1,lockout_1yr,youden_1yr,-0.0000068160,0.0051026270,0.0050958109,0.0001440145,0.0001505971,0.6319139255,0.6647780550,FN/TN are diagnostics; their active retained-weight effect enters realized alpha through retained_stock_reweighting_effect.
temporary CSI,dynamic_csi,test,raw_plus_latent,Exp. Dataset + VAE,total_market,youden,2,lockout_2yr,youden_2yr,-0.0000064187,0.0061489117,0.0061424929,0.0000832845,0.0000884751,0.6250739207,0.6649242271,FN/TN are diagnostics; their active retained-weight effect enters realized alpha through retained_stock_reweighting_effect.
temporary CSI,dynamic_csi,test,raw_plus_latent,Exp. Dataset + VAE,total_market,youden,3,lockout_3yr,youden_3yr,-0.0000068177,0.0066866038,0.0066797861,0.0000759665,0.0000812772,0.6212631432,0.6649495728,FN/TN are diagnostics; their active retained-weight effect enters realized alpha through retained_stock_reweighting_effect.
temporary CSI,dynamic_csi,test,raw_plus_latent,Exp. Dataset + VAE,total_market,youden,5,lockout_5yr,youden_5yr,-0.0000076684,0.0075068645,0.0074991962,0.0000674304,0.0000731499,0.6121451066,0.6649997667,FN/TN are diagnostics; their active retained-weight effect enters realized alpha through retained_stock_reweighting_effect.
permanent CSI,permanent_csi,full,raw_plus_latent,Exp. Dataset + VAE,large_cap,fpr1,0,permanent_removal,fpr1_permanent,-0.0000001756,0.0001753074,0.0001751319,0.0005428479,0.0005430533,0.6673884725,0.6683938471,FN/TN are diagnostics; their active retained-weight effect enters realized alpha through retained_stock_reweighting_effect.
permanent CSI,permanent_csi,full,raw_plus_latent,Exp. Dataset + VAE,large_cap,fpr3,0,permanent_removal,fpr3_permanent,-0.0000020511,0.0007032319,0.0007011808,0.0005261178,0.0005283284,0.6641491540,0.6684421296,FN/TN are diagnostics; their active retained-weight effect enters realized alpha through retained_stock_reweighting_effect.
permanent CSI,permanent_csi,full,raw_plus_latent,Exp. Dataset + VAE,large_cap,fpr5,0,permanent_removal,fpr5_permanent,-0.0000049238,0.0014813085,0.0014763846,0.0004078332,0.0004125585,0.6582836952,0.6685805686,FN/TN are diagnostics; their active retained-weight effect enters realized alpha through retained_stock_reweighting_effect.
permanent CSI,permanent_csi,full,raw_plus_latent,Exp. Dataset + VAE,large_cap,youden,0,permanent_removal,youden_permanent,-0.0000475828,0.0168960428,0.0168484601,0.0003161480,0.0003545687,0.5532855249,0.6689073668,FN/TN are diagnostics; their active retained-weight effect enters realized alpha through retained_stock_reweighting_effect.
permanent CSI,permanent_csi,full,raw_plus_latent,Exp. Dataset + VAE,mid_cap,fpr1,0,permanent_removal,fpr1_permanent,-0.0000016275,0.0006772292,0.0006756016,0.0010429997,0.0010455561,0.6621712100,0.6664681003,FN/TN are diagnostics; their active retained-weight effect enters realized alpha through retained_stock_reweighting_effect.
permanent CSI,permanent_csi,full,raw_plus_latent,Exp. Dataset + VAE,mid_cap,fpr3,0,permanent_removal,fpr3_permanent,-0.0000153815,0.0026456840,0.0026303025,0.0009481573,0.0009683162,0.6497574290,0.6666345272,FN/TN are diagnostics; their active retained-weight effect enters realized alpha through retained_stock_reweighting_effect.
permanent CSI,permanent_csi,full,raw_plus_latent,Exp. Dataset + VAE,mid_cap,fpr5,0,permanent_removal,fpr5_permanent,-0.0000215484,0.0034358946,0.0034143462,0.0005934461,0.0006190435,0.6427490839,0.6670337510,FN/TN are diagnostics; their active retained-weight effect enters realized alpha through retained_stock_reweighting_effect.
permanent CSI,permanent_csi,full,raw_plus_latent,Exp. Dataset + VAE,mid_cap,youden,0,permanent_removal,youden_permanent,-0.0000792298,0.0264470231,0.0263677932,0.0001833249,0.0002416540,0.4815081701,0.6676137966,FN/TN are diagnostics; their active retained-weight effect enters realized alpha through retained_stock_reweighting_effect.
permanent CSI,permanent_csi,full,raw_plus_latent,Exp. Dataset + VAE,small_cap,fpr1,0,permanent_removal,fpr1_permanent,-0.0000329673,0.0013704060,0.0013374387,0.0030917198,0.0031265774,0.6538529326,0.6628724956,FN/TN are diagnostics; their active retained-weight effect enters realized alpha through retained_stock_reweighting_effect.
permanent CSI,permanent_csi,full,raw_plus_latent,Exp. Dataset + VAE,small_cap,fpr3,0,permanent_removal,fpr3_permanent,-0.0000945606,0.0039085036,0.0038139430,0.0027308703,0.0028333095,0.6357025176,0.6632641474,FN/TN are diagnostics; their active retained-weight effect enters realized alpha through retained_stock_reweighting_effect.
permanent CSI,permanent_csi,full,raw_plus_latent,Exp. Dataset + VAE,small_cap,fpr5,0,permanent_removal,fpr5_permanent,-0.0001457809,0.0062262030,0.0060804221,0.0022979919,0.0024515711,0.6193951238,0.6636866877,FN/TN are diagnostics; their active retained-weight effect enters realized alpha through retained_stock_reweighting_effect.
permanent CSI,permanent_csi,full,raw_plus_latent,Exp. Dataset + VAE,small_cap,youden,0,permanent_removal,youden_permanent,-0.0002660823,0.0336482078,0.0333821255,0.0004110658,0.0006198696,0.4099013934,0.6662982499,FN/TN are diagnostics; their active retained-weight effect enters realized alpha through retained_stock_reweighting_effect.
permanent CSI,permanent_csi,full,raw_plus_latent,Exp. Dataset + VAE,total_market,fpr1,0,permanent_removal,fpr1_permanent,-0.0000037015,0.0004442744,0.0004405729,0.0011930891,0.0011970205,0.6645156654,0.6672771185,FN/TN are diagnostics; their active retained-weight effect enters realized alpha through retained_stock_reweighting_effect.
permanent CSI,permanent_csi,full,raw_plus_latent,Exp. Dataset + VAE,total_market,fpr3,0,permanent_removal,fpr3_permanent,-0.0000112885,0.0013712830,0.0013599945,0.0010546371,0.0010667356,0.6585784356,0.6674613248,FN/TN are diagnostics; their active retained-weight effect enters realized alpha through retained_stock_reweighting_effect.
permanent CSI,permanent_csi,full,raw_plus_latent,Exp. Dataset + VAE,total_market,fpr5,0,permanent_removal,fpr5_permanent,-0.0000198786,0.0024280305,0.0024081519,0.0008385480,0.0008585719,0.6507906370,0.6677038223,FN/TN are diagnostics; their active retained-weight effect enters realized alpha through retained_stock_reweighting_effect.
permanent CSI,permanent_csi,full,raw_plus_latent,Exp. Dataset + VAE,total_market,youden,0,permanent_removal,youden_permanent,-0.0000782116,0.0198061320,0.0197279204,0.0003443589,0.0004045084,0.5290805994,0.6685705044,FN/TN are diagnostics; their active retained-weight effect enters realized alpha through retained_stock_reweighting_effect.
permanent CSI,permanent_csi,insample,raw_plus_latent,Exp. Dataset + VAE,large_cap,fpr1,0,permanent_removal,fpr1_permanent,-0.0000003022,0.0000660561,0.0000657538,0.0008907879,0.0008910735,0.6633564267,0.6638621190,FN/TN are diagnostics; their active retained-weight effect enters realized alpha through retained_stock_reweighting_effect.
permanent CSI,permanent_csi,insample,raw_plus_latent,Exp. Dataset + VAE,large_cap,fpr3,0,permanent_removal,fpr3_permanent,-0.0000034899,0.0002896570,0.0002861671,0.0008624755,0.0008659999,0.6611120885,0.6639028777,FN/TN are diagnostics; their active retained-weight effect enters realized alpha through retained_stock_reweighting_effect.
permanent CSI,permanent_csi,insample,raw_plus_latent,Exp. Dataset + VAE,large_cap,fpr5,0,permanent_removal,fpr5_permanent,-0.0000083590,0.0008392031,0.0008308441,0.0006824033,0.0006902587,0.6555176847,0.6641077362,FN/TN are diagnostics; their active retained-weight effect enters realized alpha through retained_stock_reweighting_effect.
permanent CSI,permanent_csi,insample,raw_plus_latent,Exp. Dataset + VAE,large_cap,youden,0,permanent_removal,youden_permanent,-0.0000809631,0.0094467628,0.0093657996,0.0005272438,0.0005899109,0.5758929495,0.6645171426,FN/TN are diagnostics; their active retained-weight effect enters realized alpha through retained_stock_reweighting_effect.
permanent CSI,permanent_csi,insample,raw_plus_latent,Exp. Dataset + VAE,mid_cap,fpr1,0,permanent_removal,fpr1_permanent,-0.0000028526,0.0002109635,0.0002081109,0.0016071135,0.0016103234,0.6595938951,0.6614948493,FN/TN are diagnostics; their active retained-weight effect enters realized alpha through retained_stock_reweighting_effect.
permanent CSI,permanent_csi,insample,raw_plus_latent,Exp. Dataset + VAE,mid_cap,fpr3,0,permanent_removal,fpr3_permanent,-0.0000264851,0.0014236845,0.0013971994,0.0014466110,0.0014763243,0.6496234148,0.6616102950,FN/TN are diagnostics; their active retained-weight effect enters realized alpha through retained_stock_reweighting_effect.
permanent CSI,permanent_csi,insample,raw_plus_latent,Exp. Dataset + VAE,mid_cap,fpr5,0,permanent_removal,fpr5_permanent,-0.0000369066,0.0019334764,0.0018965699,0.0009603167,0.0010012800,0.6430454825,0.6621560438,FN/TN are diagnostics; their active retained-weight effect enters realized alpha through retained_stock_reweighting_effect.
permanent CSI,permanent_csi,insample,raw_plus_latent,Exp. Dataset + VAE,mid_cap,youden,0,permanent_removal,youden_permanent,-0.0001383536,0.0206623772,0.0205240235,0.0002662655,0.0003420783,0.5012307492,0.6629637329,FN/TN are diagnostics; their active retained-weight effect enters realized alpha through retained_stock_reweighting_effect.
permanent CSI,permanent_csi,insample,raw_plus_latent,Exp. Dataset + VAE,small_cap,fpr1,0,permanent_removal,fpr1_permanent,-0.0000381153,0.0004391651,0.0004010498,0.0043116466,0.0043563924,0.6520640715,0.6577890412,FN/TN are diagnostics; their active retained-weight effect enters realized alpha through retained_stock_reweighting_effect.
permanent CSI,permanent_csi,insample,raw_plus_latent,Exp. Dataset + VAE,small_cap,fpr3,0,permanent_removal,fpr3_permanent,-0.0001187668,0.0019733098,0.0018545430,0.0038060892,0.0039426121,0.6372029984,0.6582663875,FN/TN are diagnostics; their active retained-weight effect enters realized alpha through retained_stock_reweighting_effect.
permanent CSI,permanent_csi,insample,raw_plus_latent,Exp. Dataset + VAE,small_cap,fpr5,0,permanent_removal,fpr5_permanent,-0.0001892392,0.0039864373,0.0037971981,0.0031573724,0.0033655733,0.6206883461,0.6588682453,FN/TN are diagnostics; their active retained-weight effect enters realized alpha through retained_stock_reweighting_effect.
permanent CSI,permanent_csi,insample,raw_plus_latent,Exp. Dataset + VAE,small_cap,youden,0,permanent_removal,youden_permanent,-0.0003814332,0.0234822291,0.0231007959,0.0006483917,0.0009707622,0.4341302344,0.6619358571,FN/TN are diagnostics; their active retained-weight effect enters realized alpha through retained_stock_reweighting_effect.
permanent CSI,permanent_csi,insample,raw_plus_latent,Exp. Dataset + VAE,total_market,fpr1,0,permanent_removal,fpr1_permanent,-0.0000048667,0.0001499362,0.0001450695,0.0017468516,0.0017519942,0.6608806183,0.6625863083,FN/TN are diagnostics; their active retained-weight effect enters realized alpha through retained_stock_reweighting_effect.
permanent CSI,permanent_csi,insample,raw_plus_latent,Exp. Dataset + VAE,total_market,fpr3,0,permanent_removal,fpr3_permanent,-0.0000160281,0.0005902497,0.0005742216,0.0015607560,0.0015776861,0.6563414810,0.6627927494,FN/TN are diagnostics; their active retained-weight effect enters realized alpha through retained_stock_reweighting_effect.
permanent CSI,permanent_csi,insample,raw_plus_latent,Exp. Dataset + VAE,total_market,fpr5,0,permanent_removal,fpr5_permanent,-0.0000290477,0.0013566638,0.0013276161,0.0012490541,0.0012779991,0.6488070588,0.6631305883,FN/TN are diagnostics; their active retained-weight effect enters realized alpha through retained_stock_reweighting_effect.
permanent CSI,permanent_csi,insample,raw_plus_latent,Exp. Dataset + VAE,total_market,youden,0,permanent_removal,youden_permanent,-0.0001248576,0.0116869544,0.0115620967,0.0005637209,0.0006590512,0.5517215581,0.6641790611,FN/TN are diagnostics; their active retained-weight effect enters realized alpha through retained_stock_reweighting_effect.
permanent CSI,permanent_csi,oos,raw_plus_latent,Exp. Dataset + VAE,large_cap,fpr1,0,permanent_removal,fpr1_permanent,0.0000000101,0.0004108437,0.0004108538,0.0000202175,0.0000202713,0.6807465375,0.6826394193,FN/TN are diagnostics; their active retained-weight effect enters realized alpha through retained_stock_reweighting_effect.
permanent CSI,permanent_csi,oos,raw_plus_latent,Exp. Dataset + VAE,large_cap,fpr3,0,permanent_removal,fpr3_permanent,0.0000000370,0.0017880790,0.0017881161,0.0000202175,0.0000204155,0.6749901986,0.6827106129,FN/TN are diagnostics; their active retained-weight effect enters realized alpha through retained_stock_reweighting_effect.
permanent CSI,permanent_csi,oos,raw_plus_latent,Exp. Dataset + VAE,large_cap,fpr5,0,permanent_removal,fpr5_permanent,0.0000000687,0.0030479059,0.0030479746,0.0000202175,0.0000205849,0.6689597790,0.6827053736,FN/TN are diagnostics; their active retained-weight effect enters realized alpha through retained_stock_reweighting_effect.
permanent CSI,permanent_csi,oos,raw_plus_latent,Exp. Dataset + VAE,large_cap,youden,0,permanent_removal,youden_permanent,0.0000011436,0.0347659015,0.0347670451,0.0000202175,0.0000263340,0.5072703399,0.6828618767,FN/TN are diagnostics; their active retained-weight effect enters realized alpha through retained_stock_reweighting_effect.
permanent CSI,permanent_csi,oos,raw_plus_latent,Exp. Dataset + VAE,mid_cap,fpr1,0,permanent_removal,fpr1_permanent,0.0000002000,0.0018995641,0.0018997641,0.0001143395,0.0001154089,0.6716003147,0.6817039894,FN/TN are diagnostics; their active retained-weight effect enters realized alpha through retained_stock_reweighting_effect.
permanent CSI,permanent_csi,oos,raw_plus_latent,Exp. Dataset + VAE,mid_cap,fpr3,0,permanent_removal,fpr3_permanent,0.0000007824,0.0057461577,0.0057469401,0.0001143395,0.0001185239,0.6541356017,0.6821113382,FN/TN are diagnostics; their active retained-weight effect enters realized alpha through retained_stock_reweighting_effect.
permanent CSI,permanent_csi,oos,raw_plus_latent,Exp. Dataset + VAE,mid_cap,fpr5,0,permanent_removal,fpr5_permanent,0.0000011449,0.0069962319,0.0069973769,0.0001143395,0.0001204631,0.6461486195,0.6820965994,FN/TN are diagnostics; their active retained-weight effect enters realized alpha through retained_stock_reweighting_effect.
permanent CSI,permanent_csi,oos,raw_plus_latent,Exp. Dataset + VAE,mid_cap,youden,0,permanent_removal,youden_permanent,0.0000111193,0.0404900188,0.0405011381,0.0001143395,0.0001738738,0.4447469788,0.6824582940,FN/TN are diagnostics; their active retained-weight effect enters realized alpha through retained_stock_reweighting_effect.
permanent CSI,permanent_csi,oos,raw_plus_latent,Exp. Dataset + VAE,small_cap,fpr1,0,permanent_removal,fpr1_permanent,-0.0000266781,0.0041789795,0.0041523014,0.0004770535,0.0004911397,0.6601793659,0.6786589400,FN/TN are diagnostics; their active retained-weight effect enters realized alpha through retained_stock_reweighting_effect.
permanent CSI,permanent_csi,oos,raw_plus_latent,Exp. Dataset + VAE,small_cap,fpr3,0,permanent_removal,fpr3_permanent,-0.0000523682,0.0097530216,0.0097006534,0.0003968751,0.0004254322,0.6321185212,0.6789030289,FN/TN are diagnostics; their active retained-weight effect enters realized alpha through retained_stock_reweighting_effect.
permanent CSI,permanent_csi,oos,raw_plus_latent,Exp. Dataset + VAE,small_cap,fpr5,0,permanent_removal,fpr5_permanent,-0.0000740672,0.0132751637,0.0132010964,0.0003968751,0.0004370953,0.6145640570,0.6789724780,FN/TN are diagnostics; their active retained-weight effect enters realized alpha through retained_stock_reweighting_effect.
permanent CSI,permanent_csi,oos,raw_plus_latent,Exp. Dataset + VAE,small_cap,youden,0,permanent_removal,youden_permanent,-0.0000749165,0.0621938313,0.0621189149,0.0000071379,0.0000140364,0.3545231964,0.6804623589,FN/TN are diagnostics; their active retained-weight effect enters realized alpha through retained_stock_reweighting_effect.
permanent CSI,permanent_csi,oos,raw_plus_latent,Exp. Dataset + VAE,total_market,fpr1,0,permanent_removal,fpr1_permanent,-0.0000018904,0.0012136754,0.0012117850,0.0001781450,0.0001795834,0.6766283748,0.6819324489,FN/TN are diagnostics; their active retained-weight effect enters realized alpha through retained_stock_reweighting_effect.
permanent CSI,permanent_csi,oos,raw_plus_latent,Exp. Dataset + VAE,total_market,fpr3,0,permanent_removal,fpr3_permanent,-0.0000038030,0.0034900225,0.0034862195,0.0001357539,0.0001388057,0.6669205551,0.6820742388,FN/TN are diagnostics; their active retained-weight effect enters realized alpha through retained_stock_reweighting_effect.
permanent CSI,permanent_csi,oos,raw_plus_latent,Exp. Dataset + VAE,total_market,fpr5,0,permanent_removal,fpr5_permanent,-0.0000054964,0.0052416366,0.0052361402,0.0001142724,0.0001182441,0.6586846554,0.6821108801,FN/TN are diagnostics; their active retained-weight effect enters realized alpha through retained_stock_reweighting_effect.
permanent CSI,permanent_csi,oos,raw_plus_latent,Exp. Dataset + VAE,total_market,youden,0,permanent_removal,youden_permanent,-0.0000085742,0.0394873489,0.0394787747,0.0000240755,0.0000334900,0.4823253281,0.6825483922,FN/TN are diagnostics; their active retained-weight effect enters realized alpha through retained_stock_reweighting_effect.
permanent CSI,permanent_csi,test,raw_plus_latent,Exp. Dataset + VAE,large_cap,fpr1,0,permanent_removal,fpr1_permanent,0.0000000041,0.0002360100,0.0002360140,0.0000653310,0.0000654650,0.6637950401,0.6653149982,FN/TN are diagnostics; their active retained-weight effect enters realized alpha through retained_stock_reweighting_effect.
permanent CSI,permanent_csi,test,raw_plus_latent,Exp. Dataset + VAE,large_cap,fpr3,0,permanent_removal,fpr3_permanent,0.0000000149,0.0006923039,0.0006923189,0.0000653310,0.0000657873,0.6604683111,0.6653590941,FN/TN are diagnostics; their active retained-weight effect enters realized alpha through retained_stock_reweighting_effect.
permanent CSI,permanent_csi,test,raw_plus_latent,Exp. Dataset + VAE,large_cap,fpr5,0,permanent_removal,fpr5_permanent,0.0000000000,0.0016121119,0.0016121119,0.0000000000,0.0000000000,0.6539281247,0.6654612672,FN/TN are diagnostics; their active retained-weight effect enters realized alpha through retained_stock_reweighting_effect.
permanent CSI,permanent_csi,test,raw_plus_latent,Exp. Dataset + VAE,large_cap,youden,0,permanent_removal,youden_permanent,0.0000000000,0.0190542750,0.0190542750,0.0000000000,0.0000000000,0.5373303765,0.6657324582,FN/TN are diagnostics; their active retained-weight effect enters realized alpha through retained_stock_reweighting_effect.
permanent CSI,permanent_csi,test,raw_plus_latent,Exp. Dataset + VAE,mid_cap,fpr1,0,permanent_removal,fpr1_permanent,0.0000000696,0.0006659595,0.0006660291,0.0003704552,0.0003727462,0.6587611030,0.6635863050,FN/TN are diagnostics; their active retained-weight effect enters realized alpha through retained_stock_reweighting_effect.
permanent CSI,permanent_csi,test,raw_plus_latent,Exp. Dataset + VAE,mid_cap,fpr3,0,permanent_removal,fpr3_permanent,0.0000005009,0.0027499979,0.0027504988,0.0003704552,0.0003795303,0.6447202594,0.6636172680,FN/TN are diagnostics; their active retained-weight effect enters realized alpha through retained_stock_reweighting_effect.
permanent CSI,permanent_csi,test,raw_plus_latent,Exp. Dataset + VAE,mid_cap,fpr5,0,permanent_removal,fpr5_permanent,0.0000000000,0.0038799660,0.0038799660,0.0000000000,0.0000000000,0.6375363690,0.6640577387,FN/TN are diagnostics; their active retained-weight effect enters realized alpha through retained_stock_reweighting_effect.
permanent CSI,permanent_csi,test,raw_plus_latent,Exp. Dataset + VAE,mid_cap,youden,0,permanent_removal,youden_permanent,0.0000000000,0.0278665268,0.0278665268,0.0000000000,0.0000000000,0.4633612775,0.6641708817,FN/TN are diagnostics; their active retained-weight effect enters realized alpha through retained_stock_reweighting_effect.
permanent CSI,permanent_csi,test,raw_plus_latent,Exp. Dataset + VAE,small_cap,fpr1,0,permanent_removal,fpr1_permanent,-0.0000240977,0.0008926580,0.0008685603,0.0023952906,0.0024239760,0.6517586897,0.6596606671,FN/TN are diagnostics; their active retained-weight effect enters realized alpha through retained_stock_reweighting_effect.
permanent CSI,permanent_csi,test,raw_plus_latent,Exp. Dataset + VAE,small_cap,fpr3,0,permanent_removal,fpr3_permanent,-0.0000686284,0.0029199763,0.0028513479,0.0021539027,0.0022379223,0.6353059503,0.6599582650,FN/TN are diagnostics; their active retained-weight effect enters realized alpha through retained_stock_reweighting_effect.
permanent CSI,permanent_csi,test,raw_plus_latent,Exp. Dataset + VAE,small_cap,fpr5,0,permanent_removal,fpr5_permanent,-0.0000941759,0.0047341812,0.0046400053,0.0018814012,0.0019991589,0.6212309850,0.6602393876,FN/TN are diagnostics; their active retained-weight effect enters realized alpha through retained_stock_reweighting_effect.
permanent CSI,permanent_csi,test,raw_plus_latent,Exp. Dataset + VAE,small_cap,youden,0,permanent_removal,youden_permanent,-0.0001300951,0.0316548958,0.0315248007,0.0001446666,0.0002367600,0.4003804062,0.6627708903,FN/TN are diagnostics; their active retained-weight effect enters realized alpha through retained_stock_reweighting_effect.
permanent CSI,permanent_csi,test,raw_plus_latent,Exp. Dataset + VAE,total_market,fpr1,0,permanent_removal,fpr1_permanent,-0.0000021783,0.0004396327,0.0004374544,0.0006620409,0.0006651524,0.6611886817,0.6642030886,FN/TN are diagnostics; their active retained-weight effect enters realized alpha through retained_stock_reweighting_effect.
permanent CSI,permanent_csi,test,raw_plus_latent,Exp. Dataset + VAE,total_market,fpr3,0,permanent_removal,fpr3_permanent,-0.0000052414,0.0012650105,0.0012597691,0.0005583549,0.0005660592,0.6554208883,0.6643680525,FN/TN are diagnostics; their active retained-weight effect enters realized alpha through retained_stock_reweighting_effect.
permanent CSI,permanent_csi,test,raw_plus_latent,Exp. Dataset + VAE,total_market,fpr5,0,permanent_removal,fpr5_permanent,-0.0000080566,0.0023997538,0.0023916972,0.0004097474,0.0004208430,0.6473697433,0.6645580108,FN/TN are diagnostics; their active retained-weight effect enters realized alpha through retained_stock_reweighting_effect.
permanent CSI,permanent_csi,test,raw_plus_latent,Exp. Dataset + VAE,total_market,youden,0,permanent_removal,youden_permanent,-0.0000136501,0.0219341389,0.0219204888,0.0000317870,0.0000410170,0.5139415730,0.6653703356,FN/TN are diagnostics; their active retained-weight effect enters realized alpha through retained_stock_reweighting_effect.
