track,period,model,index_id,threshold_method,lockout_years,exclusion_rule,strategy_id,transaction_cost_bps,realized_alpha,reconciled_alpha,reconciliation_error,reconciliation_pass
temporary CSI,full,raw,large_cap,fpr1,1,lockout_1yr,fpr1_1yr,0,0.0000144169,0.0000144169,0.00000000000000,true
temporary CSI,full,raw,large_cap,fpr1,1,lockout_1yr,fpr1_1yr,5,-0.0000835313,-0.0000835313,0.00000000000000,true
temporary CSI,full,raw,large_cap,fpr1,1,lockout_1yr,fpr1_1yr,10,-0.0001814854,-0.0001814854,0.00000000000000,true
temporary CSI,full,raw,large_cap,fpr1,1,lockout_1yr,fpr1_1yr,20,-0.0003774114,-0.0003774114,0.00000000000000,true
temporary CSI,full,raw,large_cap,fpr1,2,lockout_2yr,fpr1_2yr,0,0.0000723280,0.0000723280,0.00000000000000,true
temporary CSI,full,raw,large_cap,fpr1,2,lockout_2yr,fpr1_2yr,5,-0.0000255386,-0.0000255386,0.00000000000000,true
temporary CSI,full,raw,large_cap,fpr1,2,lockout_2yr,fpr1_2yr,10,-0.0001234111,-0.0001234111,0.00000000000000,true
temporary CSI,full,raw,large_cap,fpr1,2,lockout_2yr,fpr1_2yr,20,-0.0003191739,-0.0003191739,0.00000000000000,true
temporary CSI,full,raw,large_cap,fpr1,3,lockout_3yr,fpr1_3yr,0,0.0001177870,0.0001177870,0.00000000000000,true
temporary CSI,full,raw,large_cap,fpr1,3,lockout_3yr,fpr1_3yr,5,0.0000199966,0.0000199966,0.00000000000000,true
temporary CSI,full,raw,large_cap,fpr1,3,lockout_3yr,fpr1_3yr,10,-0.0000777998,-0.0000777998,0.00000000000000,true
temporary CSI,full,raw,large_cap,fpr1,3,lockout_3yr,fpr1_3yr,20,-0.0002734105,-0.0002734105,0.00000000000000,true
temporary CSI,full,raw,large_cap,fpr1,5,lockout_5yr,fpr1_5yr,0,0.0001284004,0.0001284004,0.00000000000000,true
temporary CSI,full,raw,large_cap,fpr1,5,lockout_5yr,fpr1_5yr,5,0.0000307342,0.0000307342,0.00000000000000,true
temporary CSI,full,raw,large_cap,fpr1,5,lockout_5yr,fpr1_5yr,10,-0.0000669378,-0.0000669378,0.00000000000000,true
temporary CSI,full,raw,large_cap,fpr1,5,lockout_5yr,fpr1_5yr,20,-0.0002622999,-0.0002622999,0.00000000000000,true
temporary CSI,full,raw,large_cap,fpr3,1,lockout_1yr,fpr3_1yr,0,-0.0000509179,-0.0000509179,0.00000000000000,true
temporary CSI,full,raw,large_cap,fpr3,1,lockout_1yr,fpr3_1yr,5,-0.0001490704,-0.0001490704,0.00000000000000,true
temporary CSI,full,raw,large_cap,fpr3,1,lockout_1yr,fpr3_1yr,10,-0.0002472288,-0.0002472288,0.00000000000000,true
temporary CSI,full,raw,large_cap,fpr3,1,lockout_1yr,fpr3_1yr,20,-0.0004435635,-0.0004435635,0.00000000000000,true
temporary CSI,full,raw,large_cap,fpr3,2,lockout_2yr,fpr3_2yr,0,0.0001748701,0.0001748701,0.00000000000000,true
temporary CSI,full,raw,large_cap,fpr3,2,lockout_2yr,fpr3_2yr,5,0.0000770621,0.0000770621,0.00000000000000,true
temporary CSI,full,raw,large_cap,fpr3,2,lockout_2yr,fpr3_2yr,10,-0.0000207519,-0.0000207519,0.00000000000000,true
temporary CSI,full,raw,large_cap,fpr3,2,lockout_2yr,fpr3_2yr,20,-0.0002163978,-0.0002163978,0.00000000000000,true
temporary CSI,full,raw,large_cap,fpr3,3,lockout_3yr,fpr3_3yr,0,0.0003473511,0.0003473511,0.00000000000000,true
temporary CSI,full,raw,large_cap,fpr3,3,lockout_3yr,fpr3_3yr,5,0.0002498973,0.0002498973,0.00000000000000,true
temporary CSI,full,raw,large_cap,fpr3,3,lockout_3yr,fpr3_3yr,10,0.0001524376,0.0001524376,0.00000000000000,true
temporary CSI,full,raw,large_cap,fpr3,3,lockout_3yr,fpr3_3yr,20,-0.0000425000,-0.0000425000,0.00000000000000,true
temporary CSI,full,raw,large_cap,fpr3,5,lockout_5yr,fpr3_5yr,0,0.0003988817,0.0003988817,0.00000000000000,true
temporary CSI,full,raw,large_cap,fpr3,5,lockout_5yr,fpr3_5yr,5,0.0003017240,0.0003017240,0.00000000000000,true
temporary CSI,full,raw,large_cap,fpr3,5,lockout_5yr,fpr3_5yr,10,0.0002045604,0.0002045604,0.00000000000000,true
temporary CSI,full,raw,large_cap,fpr3,5,lockout_5yr,fpr3_5yr,20,0.0000102148,0.0000102148,0.00000000000000,true
temporary CSI,full,raw,large_cap,fpr5,1,lockout_1yr,fpr5_1yr,0,-0.0000764558,-0.0000764558,0.00000000000000,true
temporary CSI,full,raw,large_cap,fpr5,1,lockout_1yr,fpr5_1yr,5,-0.0001751500,-0.0001751500,0.00000000000000,true
temporary CSI,full,raw,large_cap,fpr5,1,lockout_1yr,fpr5_1yr,10,-0.0002738500,-0.0002738500,0.00000000000000,true
temporary CSI,full,raw,large_cap,fpr5,1,lockout_1yr,fpr5_1yr,20,-0.0004712676,-0.0004712676,0.00000000000000,true
temporary CSI,full,raw,large_cap,fpr5,2,lockout_2yr,fpr5_2yr,0,0.0001583028,0.0001583028,0.00000000000000,true
temporary CSI,full,raw,large_cap,fpr5,2,lockout_2yr,fpr5_2yr,5,0.0000601068,0.0000601068,0.00000000000000,true
temporary CSI,full,raw,large_cap,fpr5,2,lockout_2yr,fpr5_2yr,10,-0.0000380952,-0.0000380952,0.00000000000000,true
temporary CSI,full,raw,large_cap,fpr5,2,lockout_2yr,fpr5_2yr,20,-0.0002345168,-0.0002345168,0.00000000000000,true
temporary CSI,full,raw,large_cap,fpr5,3,lockout_3yr,fpr5_3yr,0,0.0003502282,0.0003502282,0.00000000000000,true
temporary CSI,full,raw,large_cap,fpr5,3,lockout_3yr,fpr5_3yr,5,0.0002525222,0.0002525222,0.00000000000000,true
temporary CSI,full,raw,large_cap,fpr5,3,lockout_3yr,fpr5_3yr,10,0.0001548102,0.0001548102,0.00000000000000,true
temporary CSI,full,raw,large_cap,fpr5,3,lockout_3yr,fpr5_3yr,20,-0.0000406318,-0.0000406318,0.00000000000000,true
temporary CSI,full,raw,large_cap,fpr5,5,lockout_5yr,fpr5_5yr,0,0.0005284888,0.0005284888,0.00000000000000,true
temporary CSI,full,raw,large_cap,fpr5,5,lockout_5yr,fpr5_5yr,5,0.0004313703,0.0004313703,0.00000000000000,true
temporary CSI,full,raw,large_cap,fpr5,5,lockout_5yr,fpr5_5yr,10,0.0003342458,0.0003342458,0.00000000000000,true
temporary CSI,full,raw,large_cap,fpr5,5,lockout_5yr,fpr5_5yr,20,0.0001399786,0.0001399786,0.00000000000000,true
temporary CSI,full,raw,large_cap,youden,1,lockout_1yr,youden_1yr,0,-0.0018048679,-0.0018048679,0.00000000000000,true
temporary CSI,full,raw,large_cap,youden,1,lockout_1yr,youden_1yr,5,-0.0019199651,-0.0019199651,0.00000000000000,true
temporary CSI,full,raw,large_cap,youden,1,lockout_1yr,youden_1yr,10,-0.0020350667,-0.0020350667,0.00000000000000,true
temporary CSI,full,raw,large_cap,youden,1,lockout_1yr,youden_1yr,20,-0.0022652826,-0.0022652826,0.00000000000000,true
temporary CSI,full,raw,large_cap,youden,2,lockout_2yr,youden_2yr,0,-0.0005579630,-0.0005579630,0.00000000000000,true
temporary CSI,full,raw,large_cap,youden,2,lockout_2yr,youden_2yr,5,-0.0006677714,-0.0006677714,0.00000000000000,true
temporary CSI,full,raw,large_cap,youden,2,lockout_2yr,youden_2yr,10,-0.0007775848,-0.0007775848,0.00000000000000,true
temporary CSI,full,raw,large_cap,youden,2,lockout_2yr,youden_2yr,20,-0.0009972267,-0.0009972267,0.00000000000000,true
temporary CSI,full,raw,large_cap,youden,3,lockout_3yr,youden_3yr,0,0.0001120933,0.0001120933,0.00000000000000,true
temporary CSI,full,raw,large_cap,youden,3,lockout_3yr,youden_3yr,5,0.0000055151,0.0000055151,0.00000000000000,true
temporary CSI,full,raw,large_cap,youden,3,lockout_3yr,youden_3yr,10,-0.0001010683,-0.0001010683,0.00000000000000,true
temporary CSI,full,raw,large_cap,youden,3,lockout_3yr,youden_3yr,20,-0.0003142514,-0.0003142514,0.00000000000000,true
temporary CSI,full,raw,large_cap,youden,5,lockout_5yr,youden_5yr,0,0.0004397273,0.0004397273,0.00000000000000,true
temporary CSI,full,raw,large_cap,youden,5,lockout_5yr,youden_5yr,5,0.0003344608,0.0003344608,0.00000000000000,true
temporary CSI,full,raw,large_cap,youden,5,lockout_5yr,youden_5yr,10,0.0002291886,0.0002291886,0.00000000000000,true
temporary CSI,full,raw,large_cap,youden,5,lockout_5yr,youden_5yr,20,0.0000186276,0.0000186276,0.00000000000000,true
temporary CSI,full,raw,mid_cap,fpr1,1,lockout_1yr,fpr1_1yr,0,0.0001367254,0.0001367254,0.00000000000000,true
temporary CSI,full,raw,mid_cap,fpr1,1,lockout_1yr,fpr1_1yr,5,-0.0004045155,-0.0004045155,0.00000000000000,true
temporary CSI,full,raw,mid_cap,fpr1,1,lockout_1yr,fpr1_1yr,10,-0.0009455715,-0.0009455715,0.00000000000000,true
temporary CSI,full,raw,mid_cap,fpr1,1,lockout_1yr,fpr1_1yr,20,-0.0020271283,-0.0020271283,0.00000000000000,true
temporary CSI,full,raw,mid_cap,fpr1,2,lockout_2yr,fpr1_2yr,0,0.0004072035,0.0004072035,0.00000000000000,true
temporary CSI,full,raw,mid_cap,fpr1,2,lockout_2yr,fpr1_2yr,5,-0.0001340682,-0.0001340682,0.00000000000000,true
temporary CSI,full,raw,mid_cap,fpr1,2,lockout_2yr,fpr1_2yr,10,-0.0006751550,-0.0006751550,0.00000000000000,true
temporary CSI,full,raw,mid_cap,fpr1,2,lockout_2yr,fpr1_2yr,20,-0.0017567735,-0.0017567735,0.00000000000000,true
temporary CSI,full,raw,mid_cap,fpr1,3,lockout_3yr,fpr1_3yr,0,0.0006457924,0.0006457924,0.00000000000000,true
temporary CSI,full,raw,mid_cap,fpr1,3,lockout_3yr,fpr1_3yr,5,0.0001042620,0.0001042620,0.00000000000000,true
temporary CSI,full,raw,mid_cap,fpr1,3,lockout_3yr,fpr1_3yr,10,-0.0004370833,-0.0004370833,0.00000000000000,true
temporary CSI,full,raw,mid_cap,fpr1,3,lockout_3yr,fpr1_3yr,20,-0.0015192186,-0.0015192186,0.00000000000000,true
temporary CSI,full,raw,mid_cap,fpr1,5,lockout_5yr,fpr1_5yr,0,0.0006645810,0.0006645810,0.00000000000000,true
temporary CSI,full,raw,mid_cap,fpr1,5,lockout_5yr,fpr1_5yr,5,0.0001228167,0.0001228167,0.00000000000000,true
temporary CSI,full,raw,mid_cap,fpr1,5,lockout_5yr,fpr1_5yr,10,-0.0004187624,-0.0004187624,0.00000000000000,true
temporary CSI,full,raw,mid_cap,fpr1,5,lockout_5yr,fpr1_5yr,20,-0.0015013650,-0.0015013650,0.00000000000000,true
temporary CSI,full,raw,mid_cap,fpr3,1,lockout_1yr,fpr3_1yr,0,0.0002589855,0.0002589855,0.00000000000000,true
temporary CSI,full,raw,mid_cap,fpr3,1,lockout_1yr,fpr3_1yr,5,-0.0002819921,-0.0002819921,0.00000000000000,true
temporary CSI,full,raw,mid_cap,fpr3,1,lockout_1yr,fpr3_1yr,10,-0.0008227850,-0.0008227850,0.00000000000000,true
temporary CSI,full,raw,mid_cap,fpr3,1,lockout_1yr,fpr3_1yr,20,-0.0019038166,-0.0019038166,0.00000000000000,true
temporary CSI,full,raw,mid_cap,fpr3,2,lockout_2yr,fpr3_2yr,0,0.0009213495,0.0009213495,0.00000000000000,true
temporary CSI,full,raw,mid_cap,fpr3,2,lockout_2yr,fpr3_2yr,5,0.0003802739,0.0003802739,0.00000000000000,true
temporary CSI,full,raw,mid_cap,fpr3,2,lockout_2yr,fpr3_2yr,10,-0.0001606171,-0.0001606171,0.00000000000000,true
temporary CSI,full,raw,mid_cap,fpr3,2,lockout_2yr,fpr3_2yr,20,-0.0012418450,-0.0012418450,0.00000000000000,true
temporary CSI,full,raw,mid_cap,fpr3,3,lockout_3yr,fpr3_3yr,0,0.0016115895,0.0016115895,0.00000000000000,true
temporary CSI,full,raw,mid_cap,fpr3,3,lockout_3yr,fpr3_3yr,5,0.0010707018,0.0010707018,0.00000000000000,true
temporary CSI,full,raw,mid_cap,fpr3,3,lockout_3yr,fpr3_3yr,10,0.0005299986,0.0005299986,0.00000000000000,true
temporary CSI,full,raw,mid_cap,fpr3,3,lockout_3yr,fpr3_3yr,20,-0.0005508548,-0.0005508548,0.00000000000000,true
temporary CSI,full,raw,mid_cap,fpr3,5,lockout_5yr,fpr3_5yr,0,0.0019073001,0.0019073001,0.00000000000000,true
temporary CSI,full,raw,mid_cap,fpr3,5,lockout_5yr,fpr3_5yr,5,0.0013663463,0.0013663463,0.00000000000000,true
temporary CSI,full,raw,mid_cap,fpr3,5,lockout_5yr,fpr3_5yr,10,0.0008255768,0.0008255768,0.00000000000000,true
temporary CSI,full,raw,mid_cap,fpr3,5,lockout_5yr,fpr3_5yr,20,-0.0002554095,-0.0002554095,0.00000000000000,true
temporary CSI,full,raw,mid_cap,fpr5,1,lockout_1yr,fpr5_1yr,0,0.0003278547,0.0003278547,0.00000000000000,true
temporary CSI,full,raw,mid_cap,fpr5,1,lockout_1yr,fpr5_1yr,5,-0.0002140676,-0.0002140676,0.00000000000000,true
temporary CSI,full,raw,mid_cap,fpr5,1,lockout_1yr,fpr5_1yr,10,-0.0007558044,-0.0007558044,0.00000000000000,true
temporary CSI,full,raw,mid_cap,fpr5,1,lockout_1yr,fpr5_1yr,20,-0.0018387220,-0.0018387220,0.00000000000000,true
temporary CSI,full,raw,mid_cap,fpr5,2,lockout_2yr,fpr5_2yr,0,0.0010826153,0.0010826153,0.00000000000000,true
temporary CSI,full,raw,mid_cap,fpr5,2,lockout_2yr,fpr5_2yr,5,0.0005413638,0.0005413638,0.00000000000000,true
temporary CSI,full,raw,mid_cap,fpr5,2,lockout_2yr,fpr5_2yr,10,0.0000002970,0.0000002970,0.00000000000000,true
temporary CSI,full,raw,mid_cap,fpr5,2,lockout_2yr,fpr5_2yr,20,-0.0010812821,-0.0010812821,0.00000000000000,true
temporary CSI,full,raw,mid_cap,fpr5,3,lockout_3yr,fpr5_3yr,0,0.0017550842,0.0017550842,0.00000000000000,true
temporary CSI,full,raw,mid_cap,fpr5,3,lockout_3yr,fpr5_3yr,5,0.0012146576,0.0012146576,0.00000000000000,true
temporary CSI,full,raw,mid_cap,fpr5,3,lockout_3yr,fpr5_3yr,10,0.0006744150,0.0006744150,0.00000000000000,true
temporary CSI,full,raw,mid_cap,fpr5,3,lockout_3yr,fpr5_3yr,20,-0.0004055180,-0.0004055180,0.00000000000000,true
temporary CSI,full,raw,mid_cap,fpr5,5,lockout_5yr,fpr5_5yr,0,0.0017071588,0.0017071588,0.00000000000000,true
temporary CSI,full,raw,mid_cap,fpr5,5,lockout_5yr,fpr5_5yr,5,0.0011672966,0.0011672966,0.00000000000000,true
temporary CSI,full,raw,mid_cap,fpr5,5,lockout_5yr,fpr5_5yr,10,0.0006276178,0.0006276178,0.00000000000000,true
temporary CSI,full,raw,mid_cap,fpr5,5,lockout_5yr,fpr5_5yr,20,-0.0004511895,-0.0004511895,0.00000000000000,true
temporary CSI,full,raw,mid_cap,youden,1,lockout_1yr,youden_1yr,0,-0.0021787081,-0.0021787081,0.00000000000000,true
temporary CSI,full,raw,mid_cap,youden,1,lockout_1yr,youden_1yr,5,-0.0027379894,-0.0027379894,0.00000000000000,true
temporary CSI,full,raw,mid_cap,youden,1,lockout_1yr,youden_1yr,10,-0.0032970732,-0.0032970732,0.00000000000000,true
temporary CSI,full,raw,mid_cap,youden,1,lockout_1yr,youden_1yr,20,-0.0044146486,-0.0044146486,0.00000000000000,true
temporary CSI,full,raw,mid_cap,youden,2,lockout_2yr,youden_2yr,0,-0.0000693344,-0.0000693344,0.00000000000000,true
temporary CSI,full,raw,mid_cap,youden,2,lockout_2yr,youden_2yr,5,-0.0006200989,-0.0006200989,0.00000000000000,true
temporary CSI,full,raw,mid_cap,youden,2,lockout_2yr,youden_2yr,10,-0.0011706725,-0.0011706725,0.00000000000000,true
temporary CSI,full,raw,mid_cap,youden,2,lockout_2yr,youden_2yr,20,-0.0022712467,-0.0022712467,0.00000000000000,true
temporary CSI,full,raw,mid_cap,youden,3,lockout_3yr,youden_3yr,0,-0.0001559739,-0.0001559739,0.00000000000000,true
temporary CSI,full,raw,mid_cap,youden,3,lockout_3yr,youden_3yr,5,-0.0006986984,-0.0006986984,0.00000000000000,true
temporary CSI,full,raw,mid_cap,youden,3,lockout_3yr,youden_3yr,10,-0.0012412378,-0.0012412378,0.00000000000000,true
temporary CSI,full,raw,mid_cap,youden,3,lockout_3yr,youden_3yr,20,-0.0023257613,-0.0023257613,0.00000000000000,true
temporary CSI,full,raw,mid_cap,youden,5,lockout_5yr,youden_5yr,0,-0.0008275881,-0.0008275881,0.00000000000000,true
temporary CSI,full,raw,mid_cap,youden,5,lockout_5yr,youden_5yr,5,-0.0013668634,-0.0013668634,0.00000000000000,true
temporary CSI,full,raw,mid_cap,youden,5,lockout_5yr,youden_5yr,10,-0.0019059563,-0.0019059563,0.00000000000000,true
temporary CSI,full,raw,mid_cap,youden,5,lockout_5yr,youden_5yr,20,-0.0029835949,-0.0029835949,0.00000000000000,true
temporary CSI,full,raw,small_cap,fpr1,1,lockout_1yr,fpr1_1yr,0,-0.0000785232,-0.0000785232,0.00000000000000,true
temporary CSI,full,raw,small_cap,fpr1,1,lockout_1yr,fpr1_1yr,5,-0.0004772411,-0.0004772411,0.00000000000000,true
temporary CSI,full,raw,small_cap,fpr1,1,lockout_1yr,fpr1_1yr,10,-0.0008758624,-0.0008758624,0.00000000000000,true
temporary CSI,full,raw,small_cap,fpr1,1,lockout_1yr,fpr1_1yr,20,-0.0016728153,-0.0016728153,0.00000000000000,true
temporary CSI,full,raw,small_cap,fpr1,2,lockout_2yr,fpr1_2yr,0,0.0002786760,0.0002786760,0.00000000000000,true
temporary CSI,full,raw,small_cap,fpr1,2,lockout_2yr,fpr1_2yr,5,-0.0001202896,-0.0001202896,0.00000000000000,true
temporary CSI,full,raw,small_cap,fpr1,2,lockout_2yr,fpr1_2yr,10,-0.0005191585,-0.0005191585,0.00000000000000,true
temporary CSI,full,raw,small_cap,fpr1,2,lockout_2yr,fpr1_2yr,20,-0.0013166065,-0.0013166065,0.00000000000000,true
temporary CSI,full,raw,small_cap,fpr1,3,lockout_3yr,fpr1_3yr,0,0.0002945723,0.0002945723,0.00000000000000,true
temporary CSI,full,raw,small_cap,fpr1,3,lockout_3yr,fpr1_3yr,5,-0.0001038637,-0.0001038637,0.00000000000000,true
temporary CSI,full,raw,small_cap,fpr1,3,lockout_3yr,fpr1_3yr,10,-0.0005022034,-0.0005022034,0.00000000000000,true
temporary CSI,full,raw,small_cap,fpr1,3,lockout_3yr,fpr1_3yr,20,-0.0012985935,-0.0012985935,0.00000000000000,true
temporary CSI,full,raw,small_cap,fpr1,5,lockout_5yr,fpr1_5yr,0,0.0006240768,0.0006240768,0.00000000000000,true
temporary CSI,full,raw,small_cap,fpr1,5,lockout_5yr,fpr1_5yr,5,0.0002260600,0.0002260600,0.00000000000000,true
temporary CSI,full,raw,small_cap,fpr1,5,lockout_5yr,fpr1_5yr,10,-0.0001718608,-0.0001718608,0.00000000000000,true
temporary CSI,full,raw,small_cap,fpr1,5,lockout_5yr,fpr1_5yr,20,-0.0009674139,-0.0009674139,0.00000000000000,true
temporary CSI,full,raw,small_cap,fpr3,1,lockout_1yr,fpr3_1yr,0,-0.0004040176,-0.0004040176,0.00000000000000,true
temporary CSI,full,raw,small_cap,fpr3,1,lockout_1yr,fpr3_1yr,5,-0.0008032627,-0.0008032627,0.00000000000000,true
temporary CSI,full,raw,small_cap,fpr3,1,lockout_1yr,fpr3_1yr,10,-0.0012024108,-0.0012024108,0.00000000000000,true
temporary CSI,full,raw,small_cap,fpr3,1,lockout_1yr,fpr3_1yr,20,-0.0020004164,-0.0020004164,0.00000000000000,true
temporary CSI,full,raw,small_cap,fpr3,2,lockout_2yr,fpr3_2yr,0,0.0001283183,0.0001283183,0.00000000000000,true
temporary CSI,full,raw,small_cap,fpr3,2,lockout_2yr,fpr3_2yr,5,-0.0002714237,-0.0002714237,0.00000000000000,true
temporary CSI,full,raw,small_cap,fpr3,2,lockout_2yr,fpr3_2yr,10,-0.0006710686,-0.0006710686,0.00000000000000,true
temporary CSI,full,raw,small_cap,fpr3,2,lockout_2yr,fpr3_2yr,20,-0.0014700672,-0.0014700672,0.00000000000000,true
temporary CSI,full,raw,small_cap,fpr3,3,lockout_3yr,fpr3_3yr,0,0.0007336593,0.0007336593,0.00000000000000,true
temporary CSI,full,raw,small_cap,fpr3,3,lockout_3yr,fpr3_3yr,5,0.0003347134,0.0003347134,0.00000000000000,true
temporary CSI,full,raw,small_cap,fpr3,3,lockout_3yr,fpr3_3yr,10,-0.0000641358,-0.0000641358,0.00000000000000,true
temporary CSI,full,raw,small_cap,fpr3,3,lockout_3yr,fpr3_3yr,20,-0.0008615446,-0.0008615446,0.00000000000000,true
temporary CSI,full,raw,small_cap,fpr3,5,lockout_5yr,fpr3_5yr,0,0.0013253002,0.0013253002,0.00000000000000,true
temporary CSI,full,raw,small_cap,fpr3,5,lockout_5yr,fpr3_5yr,5,0.0009271357,0.0009271357,0.00000000000000,true
temporary CSI,full,raw,small_cap,fpr3,5,lockout_5yr,fpr3_5yr,10,0.0005290672,0.0005290672,0.00000000000000,true
temporary CSI,full,raw,small_cap,fpr3,5,lockout_5yr,fpr3_5yr,20,-0.0002667819,-0.0002667819,0.00000000000000,true
temporary CSI,full,raw,small_cap,fpr5,1,lockout_1yr,fpr5_1yr,0,-0.0005461813,-0.0005461813,0.00000000000000,true
temporary CSI,full,raw,small_cap,fpr5,1,lockout_1yr,fpr5_1yr,5,-0.0009469676,-0.0009469676,0.00000000000000,true
temporary CSI,full,raw,small_cap,fpr5,1,lockout_1yr,fpr5_1yr,10,-0.0013476562,-0.0013476562,0.00000000000000,true
temporary CSI,full,raw,small_cap,fpr5,1,lockout_1yr,fpr5_1yr,20,-0.0021487402,-0.0021487402,0.00000000000000,true
temporary CSI,full,raw,small_cap,fpr5,2,lockout_2yr,fpr5_2yr,0,0.0001043599,0.0001043599,0.00000000000000,true
temporary CSI,full,raw,small_cap,fpr5,2,lockout_2yr,fpr5_2yr,5,-0.0002967158,-0.0002967158,0.00000000000000,true
temporary CSI,full,raw,small_cap,fpr5,2,lockout_2yr,fpr5_2yr,10,-0.0006976938,-0.0006976938,0.00000000000000,true
temporary CSI,full,raw,small_cap,fpr5,2,lockout_2yr,fpr5_2yr,20,-0.0014993566,-0.0014993566,0.00000000000000,true
temporary CSI,full,raw,small_cap,fpr5,3,lockout_3yr,fpr5_3yr,0,0.0007088775,0.0007088775,0.00000000000000,true
temporary CSI,full,raw,small_cap,fpr5,3,lockout_3yr,fpr5_3yr,5,0.0003088639,0.0003088639,0.00000000000000,true
temporary CSI,full,raw,small_cap,fpr5,3,lockout_3yr,fpr5_3yr,10,-0.0000910525,-0.0000910525,0.00000000000000,true
temporary CSI,full,raw,small_cap,fpr5,3,lockout_3yr,fpr5_3yr,20,-0.0008905940,-0.0008905940,0.00000000000000,true
temporary CSI,full,raw,small_cap,fpr5,5,lockout_5yr,fpr5_5yr,0,0.0007400940,0.0007400940,0.00000000000000,true
temporary CSI,full,raw,small_cap,fpr5,5,lockout_5yr,fpr5_5yr,5,0.0003420939,0.0003420939,0.00000000000000,true
temporary CSI,full,raw,small_cap,fpr5,5,lockout_5yr,fpr5_5yr,10,-0.0000558103,-0.0000558103,0.00000000000000,true
temporary CSI,full,raw,small_cap,fpr5,5,lockout_5yr,fpr5_5yr,20,-0.0008513309,-0.0008513309,0.00000000000000,true
temporary CSI,full,raw,small_cap,youden,1,lockout_1yr,youden_1yr,0,0.0012260883,0.0012260883,0.00000000000000,true
temporary CSI,full,raw,small_cap,youden,1,lockout_1yr,youden_1yr,5,0.0007911072,0.0007911072,0.00000000000000,true
temporary CSI,full,raw,small_cap,youden,1,lockout_1yr,youden_1yr,10,0.0003562404,0.0003562404,0.00000000000000,true
temporary CSI,full,raw,small_cap,youden,1,lockout_1yr,youden_1yr,20,-0.0005131504,-0.0005131504,0.00000000000000,true
temporary CSI,full,raw,small_cap,youden,2,lockout_2yr,youden_2yr,0,0.0030632168,0.0030632168,0.00000000000000,true
temporary CSI,full,raw,small_cap,youden,2,lockout_2yr,youden_2yr,5,0.0026362853,0.0026362853,0.00000000000000,true
temporary CSI,full,raw,small_cap,youden,2,lockout_2yr,youden_2yr,10,0.0022094635,0.0022094635,0.00000000000000,true
temporary CSI,full,raw,small_cap,youden,2,lockout_2yr,youden_2yr,20,0.0013561491,0.0013561491,0.00000000000000,true
temporary CSI,full,raw,small_cap,youden,3,lockout_3yr,youden_3yr,0,0.0041420019,0.0041420019,0.00000000000000,true
temporary CSI,full,raw,small_cap,youden,3,lockout_3yr,youden_3yr,5,0.0037219520,0.0037219520,0.00000000000000,true
temporary CSI,full,raw,small_cap,youden,3,lockout_3yr,youden_3yr,10,0.0033020085,0.0033020085,0.00000000000000,true
temporary CSI,full,raw,small_cap,youden,3,lockout_3yr,youden_3yr,20,0.0024624401,0.0024624401,0.00000000000000,true
temporary CSI,full,raw,small_cap,youden,5,lockout_5yr,youden_5yr,0,0.0023077042,0.0023077042,0.00000000000000,true
temporary CSI,full,raw,small_cap,youden,5,lockout_5yr,youden_5yr,5,0.0018905765,0.0018905765,0.00000000000000,true
temporary CSI,full,raw,small_cap,youden,5,lockout_5yr,youden_5yr,10,0.0014735537,0.0014735537,0.00000000000000,true
temporary CSI,full,raw,small_cap,youden,5,lockout_5yr,youden_5yr,20,0.0006398227,0.0006398227,0.00000000000000,true
temporary CSI,full,raw,total_market,fpr1,1,lockout_1yr,fpr1_1yr,0,0.0000327672,0.0000327672,0.00000000000000,true
temporary CSI,full,raw,total_market,fpr1,1,lockout_1yr,fpr1_1yr,5,-0.0000357354,-0.0000357354,0.00000000000000,true
temporary CSI,full,raw,total_market,fpr1,1,lockout_1yr,fpr1_1yr,10,-0.0001042475,-0.0001042475,0.00000000000000,true
temporary CSI,full,raw,total_market,fpr1,1,lockout_1yr,fpr1_1yr,20,-0.0002413001,-0.0002413001,0.00000000000000,true
temporary CSI,full,raw,total_market,fpr1,2,lockout_2yr,fpr1_2yr,0,0.0001424528,0.0001424528,0.00000000000000,true
temporary CSI,full,raw,total_market,fpr1,2,lockout_2yr,fpr1_2yr,5,0.0000740318,0.0000740318,0.00000000000000,true
temporary CSI,full,raw,total_market,fpr1,2,lockout_2yr,fpr1_2yr,10,0.0000056013,0.0000056013,0.00000000000000,true
temporary CSI,full,raw,total_market,fpr1,2,lockout_2yr,fpr1_2yr,20,-0.0001312883,-0.0001312883,0.00000000000000,true
temporary CSI,full,raw,total_market,fpr1,3,lockout_3yr,fpr1_3yr,0,0.0002103082,0.0002103082,0.00000000000000,true
temporary CSI,full,raw,total_market,fpr1,3,lockout_3yr,fpr1_3yr,5,0.0001419782,0.0001419782,0.00000000000000,true
temporary CSI,full,raw,total_market,fpr1,3,lockout_3yr,fpr1_3yr,10,0.0000736387,0.0000736387,0.00000000000000,true
temporary CSI,full,raw,total_market,fpr1,3,lockout_3yr,fpr1_3yr,20,-0.0000630689,-0.0000630689,0.00000000000000,true
temporary CSI,full,raw,total_market,fpr1,5,lockout_5yr,fpr1_5yr,0,0.0002773610,0.0002773610,0.00000000000000,true
temporary CSI,full,raw,total_market,fpr1,5,lockout_5yr,fpr1_5yr,5,0.0002091688,0.0002091688,0.00000000000000,true
temporary CSI,full,raw,total_market,fpr1,5,lockout_5yr,fpr1_5yr,10,0.0001409672,0.0001409672,0.00000000000000,true
temporary CSI,full,raw,total_market,fpr1,5,lockout_5yr,fpr1_5yr,20,0.0000045352,0.0000045352,0.00000000000000,true
temporary CSI,full,raw,total_market,fpr3,1,lockout_1yr,fpr3_1yr,0,-0.0000546276,-0.0000546276,0.00000000000000,true
temporary CSI,full,raw,total_market,fpr3,1,lockout_1yr,fpr3_1yr,5,-0.0001241906,-0.0001241906,0.00000000000000,true
temporary CSI,full,raw,total_market,fpr3,1,lockout_1yr,fpr3_1yr,10,-0.0001937630,-0.0001937630,0.00000000000000,true
temporary CSI,full,raw,total_market,fpr3,1,lockout_1yr,fpr3_1yr,20,-0.0003329360,-0.0003329360,0.00000000000000,true
temporary CSI,full,raw,total_market,fpr3,2,lockout_2yr,fpr3_2yr,0,0.0002401474,0.0002401474,0.00000000000000,true
temporary CSI,full,raw,total_market,fpr3,2,lockout_2yr,fpr3_2yr,5,0.0001708130,0.0001708130,0.00000000000000,true
temporary CSI,full,raw,total_market,fpr3,2,lockout_2yr,fpr3_2yr,10,0.0001014692,0.0001014692,0.00000000000000,true
temporary CSI,full,raw,total_market,fpr3,2,lockout_2yr,fpr3_2yr,20,-0.0000372467,-0.0000372467,0.00000000000000,true
temporary CSI,full,raw,total_market,fpr3,3,lockout_3yr,fpr3_3yr,0,0.0004917639,0.0004917639,0.00000000000000,true
temporary CSI,full,raw,total_market,fpr3,3,lockout_3yr,fpr3_3yr,5,0.0004228395,0.0004228395,0.00000000000000,true
temporary CSI,full,raw,total_market,fpr3,3,lockout_3yr,fpr3_3yr,10,0.0003539056,0.0003539056,0.00000000000000,true
temporary CSI,full,raw,total_market,fpr3,3,lockout_3yr,fpr3_3yr,20,0.0002160093,0.0002160093,0.00000000000000,true
temporary CSI,full,raw,total_market,fpr3,5,lockout_5yr,fpr3_5yr,0,0.0006566402,0.0006566402,0.00000000000000,true
temporary CSI,full,raw,total_market,fpr3,5,lockout_5yr,fpr3_5yr,5,0.0005880917,0.0005880917,0.00000000000000,true
temporary CSI,full,raw,total_market,fpr3,5,lockout_5yr,fpr3_5yr,10,0.0005195336,0.0005195336,0.00000000000000,true
temporary CSI,full,raw,total_market,fpr3,5,lockout_5yr,fpr3_5yr,20,0.0003823889,0.0003823889,0.00000000000000,true
temporary CSI,full,raw,total_market,fpr5,1,lockout_1yr,fpr5_1yr,0,-0.0000745661,-0.0000745661,0.00000000000000,true
temporary CSI,full,raw,total_market,fpr5,1,lockout_1yr,fpr5_1yr,5,-0.0001452699,-0.0001452699,0.00000000000000,true
temporary CSI,full,raw,total_market,fpr5,1,lockout_1yr,fpr5_1yr,10,-0.0002159830,-0.0002159830,0.00000000000000,true
temporary CSI,full,raw,total_market,fpr5,1,lockout_1yr,fpr5_1yr,20,-0.0003574371,-0.0003574371,0.00000000000000,true
temporary CSI,full,raw,total_market,fpr5,2,lockout_2yr,fpr5_2yr,0,0.0002444779,0.0002444779,0.00000000000000,true
temporary CSI,full,raw,total_market,fpr5,2,lockout_2yr,fpr5_2yr,5,0.0001741014,0.0001741014,0.00000000000000,true
temporary CSI,full,raw,total_market,fpr5,2,lockout_2yr,fpr5_2yr,10,0.0001037156,0.0001037156,0.00000000000000,true
temporary CSI,full,raw,total_market,fpr5,2,lockout_2yr,fpr5_2yr,20,-0.0000370841,-0.0000370841,0.00000000000000,true
temporary CSI,full,raw,total_market,fpr5,3,lockout_3yr,fpr5_3yr,0,0.0005193240,0.0005193240,0.00000000000000,true
temporary CSI,full,raw,total_market,fpr5,3,lockout_3yr,fpr5_3yr,5,0.0004494853,0.0004494853,0.00000000000000,true
temporary CSI,full,raw,total_market,fpr5,3,lockout_3yr,fpr5_3yr,10,0.0003796372,0.0003796372,0.00000000000000,true
temporary CSI,full,raw,total_market,fpr5,3,lockout_3yr,fpr5_3yr,20,0.0002399128,0.0002399128,0.00000000000000,true
temporary CSI,full,raw,total_market,fpr5,5,lockout_5yr,fpr5_5yr,0,0.0007064310,0.0007064310,0.00000000000000,true
temporary CSI,full,raw,total_market,fpr5,5,lockout_5yr,fpr5_5yr,5,0.0006371477,0.0006371477,0.00000000000000,true
temporary CSI,full,raw,total_market,fpr5,5,lockout_5yr,fpr5_5yr,10,0.0005678550,0.0005678550,0.00000000000000,true
temporary CSI,full,raw,total_market,fpr5,5,lockout_5yr,fpr5_5yr,20,0.0004292413,0.0004292413,0.00000000000000,true
temporary CSI,full,raw,total_market,youden,1,lockout_1yr,youden_1yr,0,-0.0013710320,-0.0013710320,0.00000000000000,true
temporary CSI,full,raw,total_market,youden,1,lockout_1yr,youden_1yr,5,-0.0014667432,-0.0014667432,0.00000000000000,true
temporary CSI,full,raw,total_market,youden,1,lockout_1yr,youden_1yr,10,-0.0015624618,-0.0015624618,0.00000000000000,true
temporary CSI,full,raw,total_market,youden,1,lockout_1yr,youden_1yr,20,-0.0017539213,-0.0017539213,0.00000000000000,true
temporary CSI,full,raw,total_market,youden,2,lockout_2yr,youden_2yr,0,-0.0000325536,-0.0000325536,0.00000000000000,true
temporary CSI,full,raw,total_market,youden,2,lockout_2yr,youden_2yr,5,-0.0001224030,-0.0001224030,0.00000000000000,true
temporary CSI,full,raw,total_market,youden,2,lockout_2yr,youden_2yr,10,-0.0002122606,-0.0002122606,0.00000000000000,true
temporary CSI,full,raw,total_market,youden,2,lockout_2yr,youden_2yr,20,-0.0003920000,-0.0003920000,0.00000000000000,true
temporary CSI,full,raw,total_market,youden,3,lockout_3yr,youden_3yr,0,0.0007605133,0.0007605133,0.00000000000000,true
temporary CSI,full,raw,total_market,youden,3,lockout_3yr,youden_3yr,5,0.0006751409,0.0006751409,0.00000000000000,true
temporary CSI,full,raw,total_market,youden,3,lockout_3yr,youden_3yr,10,0.0005897601,0.0005897601,0.00000000000000,true
temporary CSI,full,raw,total_market,youden,3,lockout_3yr,youden_3yr,20,0.0004189734,0.0004189734,0.00000000000000,true
temporary CSI,full,raw,total_market,youden,5,lockout_5yr,youden_5yr,0,0.0008544333,0.0008544333,0.00000000000000,true
temporary CSI,full,raw,total_market,youden,5,lockout_5yr,youden_5yr,5,0.0007704547,0.0007704547,0.00000000000000,true
temporary CSI,full,raw,total_market,youden,5,lockout_5yr,youden_5yr,10,0.0006864675,0.0006864675,0.00000000000000,true
temporary CSI,full,raw,total_market,youden,5,lockout_5yr,youden_5yr,20,0.0005184675,0.0005184675,0.00000000000000,true
temporary CSI,insample,raw,large_cap,fpr1,1,lockout_1yr,fpr1_1yr,0,0.0000139276,0.0000139276,0.00000000000000,true
temporary CSI,insample,raw,large_cap,fpr1,1,lockout_1yr,fpr1_1yr,5,-0.0001050660,-0.0001050660,0.00000000000000,true
temporary CSI,insample,raw,large_cap,fpr1,1,lockout_1yr,fpr1_1yr,10,-0.0002240701,-0.0002240701,0.00000000000000,true
temporary CSI,insample,raw,large_cap,fpr1,1,lockout_1yr,fpr1_1yr,20,-0.0004621098,-0.0004621098,0.00000000000000,true
temporary CSI,insample,raw,large_cap,fpr1,2,lockout_2yr,fpr1_2yr,0,0.0000841551,0.0000841551,0.00000000000000,true
temporary CSI,insample,raw,large_cap,fpr1,2,lockout_2yr,fpr1_2yr,5,-0.0000347575,-0.0000347575,0.00000000000000,true
temporary CSI,insample,raw,large_cap,fpr1,2,lockout_2yr,fpr1_2yr,10,-0.0001536806,-0.0001536806,0.00000000000000,true
temporary CSI,insample,raw,large_cap,fpr1,2,lockout_2yr,fpr1_2yr,20,-0.0003915582,-0.0003915582,0.00000000000000,true
temporary CSI,insample,raw,large_cap,fpr1,3,lockout_3yr,fpr1_3yr,0,0.0001415115,0.0001415115,0.00000000000000,true
temporary CSI,insample,raw,large_cap,fpr1,3,lockout_3yr,fpr1_3yr,5,0.0000226596,0.0000226596,0.00000000000000,true
temporary CSI,insample,raw,large_cap,fpr1,3,lockout_3yr,fpr1_3yr,10,-0.0000962027,-0.0000962027,0.00000000000000,true
temporary CSI,insample,raw,large_cap,fpr1,3,lockout_3yr,fpr1_3yr,20,-0.0003339591,-0.0003339591,0.00000000000000,true
temporary CSI,insample,raw,large_cap,fpr1,5,lockout_5yr,fpr1_5yr,0,0.0001505589,0.0001505589,0.00000000000000,true
temporary CSI,insample,raw,large_cap,fpr1,5,lockout_5yr,fpr1_5yr,5,0.0000318128,0.0000318128,0.00000000000000,true
temporary CSI,insample,raw,large_cap,fpr1,5,lockout_5yr,fpr1_5yr,10,-0.0000869438,-0.0000869438,0.00000000000000,true
temporary CSI,insample,raw,large_cap,fpr1,5,lockout_5yr,fpr1_5yr,20,-0.0003244885,-0.0003244885,0.00000000000000,true
temporary CSI,insample,raw,large_cap,fpr3,1,lockout_1yr,fpr3_1yr,0,-0.0000648445,-0.0000648445,0.00000000000000,true
temporary CSI,insample,raw,large_cap,fpr3,1,lockout_1yr,fpr3_1yr,5,-0.0001840353,-0.0001840353,0.00000000000000,true
temporary CSI,insample,raw,large_cap,fpr3,1,lockout_1yr,fpr3_1yr,10,-0.0003032366,-0.0003032366,0.00000000000000,true
temporary CSI,insample,raw,large_cap,fpr3,1,lockout_1yr,fpr3_1yr,20,-0.0005416706,-0.0005416706,0.00000000000000,true
temporary CSI,insample,raw,large_cap,fpr3,2,lockout_2yr,fpr3_2yr,0,0.0000868007,0.0000868007,0.00000000000000,true
temporary CSI,insample,raw,large_cap,fpr3,2,lockout_2yr,fpr3_2yr,5,-0.0000321978,-0.0000321978,0.00000000000000,true
temporary CSI,insample,raw,large_cap,fpr3,2,lockout_2yr,fpr3_2yr,10,-0.0001512068,-0.0001512068,0.00000000000000,true
temporary CSI,insample,raw,large_cap,fpr3,2,lockout_2yr,fpr3_2yr,20,-0.0003892564,-0.0003892564,0.00000000000000,true
temporary CSI,insample,raw,large_cap,fpr3,3,lockout_3yr,fpr3_3yr,0,0.0002253167,0.0002253167,0.00000000000000,true
temporary CSI,insample,raw,large_cap,fpr3,3,lockout_3yr,fpr3_3yr,5,0.0001066481,0.0001066481,0.00000000000000,true
temporary CSI,insample,raw,large_cap,fpr3,3,lockout_3yr,fpr3_3yr,10,-0.0000120310,-0.0000120310,0.00000000000000,true
temporary CSI,insample,raw,large_cap,fpr3,3,lockout_3yr,fpr3_3yr,20,-0.0002494209,-0.0002494209,0.00000000000000,true
temporary CSI,insample,raw,large_cap,fpr3,5,lockout_5yr,fpr3_5yr,0,0.0003189380,0.0003189380,0.00000000000000,true
temporary CSI,insample,raw,large_cap,fpr3,5,lockout_5yr,fpr3_5yr,5,0.0002006520,0.0002006520,0.00000000000000,true
temporary CSI,insample,raw,large_cap,fpr3,5,lockout_5yr,fpr3_5yr,10,0.0000823553,0.0000823553,0.00000000000000,true
temporary CSI,insample,raw,large_cap,fpr3,5,lockout_5yr,fpr3_5yr,20,-0.0001542701,-0.0001542701,0.00000000000000,true
temporary CSI,insample,raw,large_cap,fpr5,1,lockout_1yr,fpr5_1yr,0,-0.0001177912,-0.0001177912,0.00000000000000,true
temporary CSI,insample,raw,large_cap,fpr5,1,lockout_1yr,fpr5_1yr,5,-0.0002377974,-0.0002377974,0.00000000000000,true
temporary CSI,insample,raw,large_cap,fpr5,1,lockout_1yr,fpr5_1yr,10,-0.0003578139,-0.0003578139,0.00000000000000,true
temporary CSI,insample,raw,large_cap,fpr5,1,lockout_1yr,fpr5_1yr,20,-0.0005978779,-0.0005978779,0.00000000000000,true
temporary CSI,insample,raw,large_cap,fpr5,2,lockout_2yr,fpr5_2yr,0,0.0001385551,0.0001385551,0.00000000000000,true
temporary CSI,insample,raw,large_cap,fpr5,2,lockout_2yr,fpr5_2yr,5,0.0000188871,0.0000188871,0.00000000000000,true
temporary CSI,insample,raw,large_cap,fpr5,2,lockout_2yr,fpr5_2yr,10,-0.0001007913,-0.0001007913,0.00000000000000,true
temporary CSI,insample,raw,large_cap,fpr5,2,lockout_2yr,fpr5_2yr,20,-0.0003401794,-0.0003401794,0.00000000000000,true
temporary CSI,insample,raw,large_cap,fpr5,3,lockout_3yr,fpr5_3yr,0,0.0002434352,0.0002434352,0.00000000000000,true
temporary CSI,insample,raw,large_cap,fpr5,3,lockout_3yr,fpr5_3yr,5,0.0001241073,0.0001241073,0.00000000000000,true
temporary CSI,insample,raw,large_cap,fpr5,3,lockout_3yr,fpr5_3yr,10,0.0000047689,0.0000047689,0.00000000000000,true
temporary CSI,insample,raw,large_cap,fpr5,3,lockout_3yr,fpr5_3yr,20,-0.0002339393,-0.0002339393,0.00000000000000,true
temporary CSI,insample,raw,large_cap,fpr5,5,lockout_5yr,fpr5_5yr,0,0.0004158316,0.0004158316,0.00000000000000,true
temporary CSI,insample,raw,large_cap,fpr5,5,lockout_5yr,fpr5_5yr,5,0.0002972053,0.0002972053,0.00000000000000,true
temporary CSI,insample,raw,large_cap,fpr5,5,lockout_5yr,fpr5_5yr,10,0.0001785685,0.0001785685,0.00000000000000,true
temporary CSI,insample,raw,large_cap,fpr5,5,lockout_5yr,fpr5_5yr,20,-0.0000587368,-0.0000587368,0.00000000000000,true
temporary CSI,insample,raw,large_cap,youden,1,lockout_1yr,youden_1yr,0,-0.0026473138,-0.0026473138,0.00000000000000,true
temporary CSI,insample,raw,large_cap,youden,1,lockout_1yr,youden_1yr,5,-0.0027872032,-0.0027872032,0.00000000000000,true
temporary CSI,insample,raw,large_cap,youden,1,lockout_1yr,youden_1yr,10,-0.0029271004,-0.0029271004,0.00000000000000,true
temporary CSI,insample,raw,large_cap,youden,1,lockout_1yr,youden_1yr,20,-0.0032069184,-0.0032069184,0.00000000000000,true
temporary CSI,insample,raw,large_cap,youden,2,lockout_2yr,youden_2yr,0,-0.0012526018,-0.0012526018,0.00000000000000,true
temporary CSI,insample,raw,large_cap,youden,2,lockout_2yr,youden_2yr,5,-0.0013884133,-0.0013884133,0.00000000000000,true
temporary CSI,insample,raw,large_cap,youden,2,lockout_2yr,youden_2yr,10,-0.0015242333,-0.0015242333,0.00000000000000,true
temporary CSI,insample,raw,large_cap,youden,2,lockout_2yr,youden_2yr,20,-0.0017958992,-0.0017958992,0.00000000000000,true
temporary CSI,insample,raw,large_cap,youden,3,lockout_3yr,youden_3yr,0,0.0001180226,0.0001180226,0.00000000000000,true
temporary CSI,insample,raw,large_cap,youden,3,lockout_3yr,youden_3yr,5,-0.0000136358,-0.0000136358,0.00000000000000,true
temporary CSI,insample,raw,large_cap,youden,3,lockout_3yr,youden_3yr,10,-0.0001453034,-0.0001453034,0.00000000000000,true
temporary CSI,insample,raw,large_cap,youden,3,lockout_3yr,youden_3yr,20,-0.0004086659,-0.0004086659,0.00000000000000,true
temporary CSI,insample,raw,large_cap,youden,5,lockout_5yr,youden_5yr,0,-0.0004632160,-0.0004632160,0.00000000000000,true
temporary CSI,insample,raw,large_cap,youden,5,lockout_5yr,youden_5yr,5,-0.0005918085,-0.0005918085,0.00000000000000,true
temporary CSI,insample,raw,large_cap,youden,5,lockout_5yr,youden_5yr,10,-0.0007204106,-0.0007204106,0.00000000000000,true
temporary CSI,insample,raw,large_cap,youden,5,lockout_5yr,youden_5yr,20,-0.0009776442,-0.0009776442,0.00000000000000,true
temporary CSI,insample,raw,mid_cap,fpr1,1,lockout_1yr,fpr1_1yr,0,0.0001694166,0.0001694166,0.00000000000000,true
temporary CSI,insample,raw,mid_cap,fpr1,1,lockout_1yr,fpr1_1yr,5,-0.0003813283,-0.0003813283,0.00000000000000,true
temporary CSI,insample,raw,mid_cap,fpr1,1,lockout_1yr,fpr1_1yr,10,-0.0009318864,-0.0009318864,0.00000000000000,true
temporary CSI,insample,raw,mid_cap,fpr1,1,lockout_1yr,fpr1_1yr,20,-0.0020324418,-0.0020324418,0.00000000000000,true
temporary CSI,insample,raw,mid_cap,fpr1,2,lockout_2yr,fpr1_2yr,0,0.0004803459,0.0004803459,0.00000000000000,true
temporary CSI,insample,raw,mid_cap,fpr1,2,lockout_2yr,fpr1_2yr,5,-0.0000703698,-0.0000703698,0.00000000000000,true
temporary CSI,insample,raw,mid_cap,fpr1,2,lockout_2yr,fpr1_2yr,10,-0.0006208987,-0.0006208987,0.00000000000000,true
temporary CSI,insample,raw,mid_cap,fpr1,2,lockout_2yr,fpr1_2yr,20,-0.0017213960,-0.0017213960,0.00000000000000,true
temporary CSI,insample,raw,mid_cap,fpr1,3,lockout_3yr,fpr1_3yr,0,0.0007885671,0.0007885671,0.00000000000000,true
temporary CSI,insample,raw,mid_cap,fpr1,3,lockout_3yr,fpr1_3yr,5,0.0002372945,0.0002372945,0.00000000000000,true
temporary CSI,insample,raw,mid_cap,fpr1,3,lockout_3yr,fpr1_3yr,10,-0.0003137909,-0.0003137909,0.00000000000000,true
temporary CSI,insample,raw,mid_cap,fpr1,3,lockout_3yr,fpr1_3yr,20,-0.0014154001,-0.0014154001,0.00000000000000,true
temporary CSI,insample,raw,mid_cap,fpr1,5,lockout_5yr,fpr1_5yr,0,0.0008342600,0.0008342600,0.00000000000000,true
temporary CSI,insample,raw,mid_cap,fpr1,5,lockout_5yr,fpr1_5yr,5,0.0002824025,0.0002824025,0.00000000000000,true
temporary CSI,insample,raw,mid_cap,fpr1,5,lockout_5yr,fpr1_5yr,10,-0.0002692674,-0.0002692674,0.00000000000000,true
temporary CSI,insample,raw,mid_cap,fpr1,5,lockout_5yr,fpr1_5yr,20,-0.0013720446,-0.0013720446,0.00000000000000,true
temporary CSI,insample,raw,mid_cap,fpr3,1,lockout_1yr,fpr3_1yr,0,0.0002203612,0.0002203612,0.00000000000000,true
temporary CSI,insample,raw,mid_cap,fpr3,1,lockout_1yr,fpr3_1yr,5,-0.0003307039,-0.0003307039,0.00000000000000,true
temporary CSI,insample,raw,mid_cap,fpr3,1,lockout_1yr,fpr3_1yr,10,-0.0008815819,-0.0008815819,0.00000000000000,true
temporary CSI,insample,raw,mid_cap,fpr3,1,lockout_1yr,fpr3_1yr,20,-0.0019827770,-0.0019827770,0.00000000000000,true
temporary CSI,insample,raw,mid_cap,fpr3,2,lockout_2yr,fpr3_2yr,0,0.0006616959,0.0006616959,0.00000000000000,true
temporary CSI,insample,raw,mid_cap,fpr3,2,lockout_2yr,fpr3_2yr,5,0.0001110961,0.0001110961,0.00000000000000,true
temporary CSI,insample,raw,mid_cap,fpr3,2,lockout_2yr,fpr3_2yr,10,-0.0004393170,-0.0004393170,0.00000000000000,true
temporary CSI,insample,raw,mid_cap,fpr3,2,lockout_2yr,fpr3_2yr,20,-0.0015395834,-0.0015395834,0.00000000000000,true
temporary CSI,insample,raw,mid_cap,fpr3,3,lockout_3yr,fpr3_3yr,0,0.0012037980,0.0012037980,0.00000000000000,true
temporary CSI,insample,raw,mid_cap,fpr3,3,lockout_3yr,fpr3_3yr,5,0.0006531920,0.0006531920,0.00000000000000,true
temporary CSI,insample,raw,mid_cap,fpr3,3,lockout_3yr,fpr3_3yr,10,0.0001027725,0.0001027725,0.00000000000000,true
temporary CSI,insample,raw,mid_cap,fpr3,3,lockout_3yr,fpr3_3yr,20,-0.0009975070,-0.0009975070,0.00000000000000,true
temporary CSI,insample,raw,mid_cap,fpr3,5,lockout_5yr,fpr3_5yr,0,0.0016482054,0.0016482054,0.00000000000000,true
temporary CSI,insample,raw,mid_cap,fpr3,5,lockout_5yr,fpr3_5yr,5,0.0010964896,0.0010964896,0.00000000000000,true
temporary CSI,insample,raw,mid_cap,fpr3,5,lockout_5yr,fpr3_5yr,10,0.0005449608,0.0005449608,0.00000000000000,true
temporary CSI,insample,raw,mid_cap,fpr3,5,lockout_5yr,fpr3_5yr,20,-0.0005575359,-0.0005575359,0.00000000000000,true
temporary CSI,insample,raw,mid_cap,fpr5,1,lockout_1yr,fpr5_1yr,0,0.0002628312,0.0002628312,0.00000000000000,true
temporary CSI,insample,raw,mid_cap,fpr5,1,lockout_1yr,fpr5_1yr,5,-0.0002892711,-0.0002892711,0.00000000000000,true
temporary CSI,insample,raw,mid_cap,fpr5,1,lockout_1yr,fpr5_1yr,10,-0.0008411855,-0.0008411855,0.00000000000000,true
temporary CSI,insample,raw,mid_cap,fpr5,1,lockout_1yr,fpr5_1yr,20,-0.0019444509,-0.0019444509,0.00000000000000,true
temporary CSI,insample,raw,mid_cap,fpr5,2,lockout_2yr,fpr5_2yr,0,0.0011864946,0.0011864946,0.00000000000000,true
temporary CSI,insample,raw,mid_cap,fpr5,2,lockout_2yr,fpr5_2yr,5,0.0006351827,0.0006351827,0.00000000000000,true
temporary CSI,insample,raw,mid_cap,fpr5,2,lockout_2yr,fpr5_2yr,10,0.0000840579,0.0000840579,0.00000000000000,true
temporary CSI,insample,raw,mid_cap,fpr5,2,lockout_2yr,fpr5_2yr,20,-0.0010176305,-0.0010176305,0.00000000000000,true
temporary CSI,insample,raw,mid_cap,fpr5,3,lockout_3yr,fpr5_3yr,0,0.0015231465,0.0015231465,0.00000000000000,true
temporary CSI,insample,raw,mid_cap,fpr5,3,lockout_3yr,fpr5_3yr,5,0.0009725441,0.0009725441,0.00000000000000,true
temporary CSI,insample,raw,mid_cap,fpr5,3,lockout_3yr,fpr5_3yr,10,0.0004221281,0.0004221281,0.00000000000000,true
temporary CSI,insample,raw,mid_cap,fpr5,3,lockout_3yr,fpr5_3yr,20,-0.0006781445,-0.0006781445,0.00000000000000,true
temporary CSI,insample,raw,mid_cap,fpr5,5,lockout_5yr,fpr5_5yr,0,0.0013144956,0.0013144956,0.00000000000000,true
temporary CSI,insample,raw,mid_cap,fpr5,5,lockout_5yr,fpr5_5yr,5,0.0007635415,0.0007635415,0.00000000000000,true
temporary CSI,insample,raw,mid_cap,fpr5,5,lockout_5yr,fpr5_5yr,10,0.0002127738,0.0002127738,0.00000000000000,true
temporary CSI,insample,raw,mid_cap,fpr5,5,lockout_5yr,fpr5_5yr,20,-0.0008882026,-0.0008882026,0.00000000000000,true
temporary CSI,insample,raw,mid_cap,youden,1,lockout_1yr,youden_1yr,0,-0.0019114467,-0.0019114467,0.00000000000000,true
temporary CSI,insample,raw,mid_cap,youden,1,lockout_1yr,youden_1yr,5,-0.0024819358,-0.0024819358,0.00000000000000,true
temporary CSI,insample,raw,mid_cap,youden,1,lockout_1yr,youden_1yr,10,-0.0030522244,-0.0030522244,0.00000000000000,true
temporary CSI,insample,raw,mid_cap,youden,1,lockout_1yr,youden_1yr,20,-0.0041922004,-0.0041922004,0.00000000000000,true
temporary CSI,insample,raw,mid_cap,youden,2,lockout_2yr,youden_2yr,0,0.0010354706,0.0010354706,0.00000000000000,true
temporary CSI,insample,raw,mid_cap,youden,2,lockout_2yr,youden_2yr,5,0.0004730548,0.0004730548,0.00000000000000,true
temporary CSI,insample,raw,mid_cap,youden,2,lockout_2yr,youden_2yr,10,-0.0000891672,-0.0000891672,0.00000000000000,true
temporary CSI,insample,raw,mid_cap,youden,2,lockout_2yr,youden_2yr,20,-0.0012130298,-0.0012130298,0.00000000000000,true
temporary CSI,insample,raw,mid_cap,youden,3,lockout_3yr,youden_3yr,0,-0.0006824140,-0.0006824140,0.00000000000000,true
temporary CSI,insample,raw,mid_cap,youden,3,lockout_3yr,youden_3yr,5,-0.0012361642,-0.0012361642,0.00000000000000,true
temporary CSI,insample,raw,mid_cap,youden,3,lockout_3yr,youden_3yr,10,-0.0017897267,-0.0017897267,0.00000000000000,true
temporary CSI,insample,raw,mid_cap,youden,3,lockout_3yr,youden_3yr,20,-0.0028962886,-0.0028962886,0.00000000000000,true
temporary CSI,insample,raw,mid_cap,youden,5,lockout_5yr,youden_5yr,0,-0.0020773876,-0.0020773876,0.00000000000000,true
temporary CSI,insample,raw,mid_cap,youden,5,lockout_5yr,youden_5yr,5,-0.0026252082,-0.0026252082,0.00000000000000,true
temporary CSI,insample,raw,mid_cap,youden,5,lockout_5yr,youden_5yr,10,-0.0031728459,-0.0031728459,0.00000000000000,true
temporary CSI,insample,raw,mid_cap,youden,5,lockout_5yr,youden_5yr,20,-0.0042675723,-0.0042675723,0.00000000000000,true
temporary CSI,insample,raw,small_cap,fpr1,1,lockout_1yr,fpr1_1yr,0,0.0001305552,0.0001305552,0.00000000000000,true
temporary CSI,insample,raw,small_cap,fpr1,1,lockout_1yr,fpr1_1yr,5,-0.0002865528,-0.0002865528,0.00000000000000,true
temporary CSI,insample,raw,small_cap,fpr1,1,lockout_1yr,fpr1_1yr,10,-0.0007035610,-0.0007035610,0.00000000000000,true
temporary CSI,insample,raw,small_cap,fpr1,1,lockout_1yr,fpr1_1yr,20,-0.0015372779,-0.0015372779,0.00000000000000,true
temporary CSI,insample,raw,small_cap,fpr1,2,lockout_2yr,fpr1_2yr,0,0.0001368426,0.0001368426,0.00000000000000,true
temporary CSI,insample,raw,small_cap,fpr1,2,lockout_2yr,fpr1_2yr,5,-0.0002800709,-0.0002800709,0.00000000000000,true
temporary CSI,insample,raw,small_cap,fpr1,2,lockout_2yr,fpr1_2yr,10,-0.0006968847,-0.0006968847,0.00000000000000,true
temporary CSI,insample,raw,small_cap,fpr1,2,lockout_2yr,fpr1_2yr,20,-0.0015302132,-0.0015302132,0.00000000000000,true
temporary CSI,insample,raw,small_cap,fpr1,3,lockout_3yr,fpr1_3yr,0,0.0003318499,0.0003318499,0.00000000000000,true
temporary CSI,insample,raw,small_cap,fpr1,3,lockout_3yr,fpr1_3yr,5,-0.0000850954,-0.0000850954,0.00000000000000,true
temporary CSI,insample,raw,small_cap,fpr1,3,lockout_3yr,fpr1_3yr,10,-0.0005019410,-0.0005019410,0.00000000000000,true
temporary CSI,insample,raw,small_cap,fpr1,3,lockout_3yr,fpr1_3yr,20,-0.0013353333,-0.0013353333,0.00000000000000,true
temporary CSI,insample,raw,small_cap,fpr1,5,lockout_5yr,fpr1_5yr,0,0.0005519892,0.0005519892,0.00000000000000,true
temporary CSI,insample,raw,small_cap,fpr1,5,lockout_5yr,fpr1_5yr,5,0.0001349364,0.0001349364,0.00000000000000,true
temporary CSI,insample,raw,small_cap,fpr1,5,lockout_5yr,fpr1_5yr,10,-0.0002820166,-0.0002820166,0.00000000000000,true
temporary CSI,insample,raw,small_cap,fpr1,5,lockout_5yr,fpr1_5yr,20,-0.0011156237,-0.0011156237,0.00000000000000,true
temporary CSI,insample,raw,small_cap,fpr3,1,lockout_1yr,fpr3_1yr,0,0.0002597897,0.0002597897,0.00000000000000,true
temporary CSI,insample,raw,small_cap,fpr3,1,lockout_1yr,fpr3_1yr,5,-0.0001588523,-0.0001588523,0.00000000000000,true
temporary CSI,insample,raw,small_cap,fpr3,1,lockout_1yr,fpr3_1yr,10,-0.0005773938,-0.0005773938,0.00000000000000,true
temporary CSI,insample,raw,small_cap,fpr3,1,lockout_1yr,fpr3_1yr,20,-0.0014141749,-0.0014141749,0.00000000000000,true
temporary CSI,insample,raw,small_cap,fpr3,2,lockout_2yr,fpr3_2yr,0,0.0008515401,0.0008515401,0.00000000000000,true
temporary CSI,insample,raw,small_cap,fpr3,2,lockout_2yr,fpr3_2yr,5,0.0004324638,0.0004324638,0.00000000000000,true
temporary CSI,insample,raw,small_cap,fpr3,2,lockout_2yr,fpr3_2yr,10,0.0000134883,0.0000134883,0.00000000000000,true
temporary CSI,insample,raw,small_cap,fpr3,2,lockout_2yr,fpr3_2yr,20,-0.0008241604,-0.0008241604,0.00000000000000,true
temporary CSI,insample,raw,small_cap,fpr3,3,lockout_3yr,fpr3_3yr,0,0.0015117947,0.0015117947,0.00000000000000,true
temporary CSI,insample,raw,small_cap,fpr3,3,lockout_3yr,fpr3_3yr,5,0.0010935958,0.0010935958,0.00000000000000,true
temporary CSI,insample,raw,small_cap,fpr3,3,lockout_3yr,fpr3_3yr,10,0.0006754970,0.0006754970,0.00000000000000,true
temporary CSI,insample,raw,small_cap,fpr3,3,lockout_3yr,fpr3_3yr,20,-0.0001604002,-0.0001604002,0.00000000000000,true
temporary CSI,insample,raw,small_cap,fpr3,5,lockout_5yr,fpr3_5yr,0,0.0017274109,0.0017274109,0.00000000000000,true
temporary CSI,insample,raw,small_cap,fpr3,5,lockout_5yr,fpr3_5yr,5,0.0013091120,0.0013091120,0.00000000000000,true
temporary CSI,insample,raw,small_cap,fpr3,5,lockout_5yr,fpr3_5yr,10,0.0008909133,0.0008909133,0.00000000000000,true
temporary CSI,insample,raw,small_cap,fpr3,5,lockout_5yr,fpr3_5yr,20,0.0000548159,0.0000548159,0.00000000000000,true
temporary CSI,insample,raw,small_cap,fpr5,1,lockout_1yr,fpr5_1yr,0,0.0005508116,0.0005508116,0.00000000000000,true
temporary CSI,insample,raw,small_cap,fpr5,1,lockout_1yr,fpr5_1yr,5,0.0001302341,0.0001302341,0.00000000000000,true
temporary CSI,insample,raw,small_cap,fpr5,1,lockout_1yr,fpr5_1yr,10,-0.0002902417,-0.0002902417,0.00000000000000,true
temporary CSI,insample,raw,small_cap,fpr5,1,lockout_1yr,fpr5_1yr,20,-0.0011308886,-0.0011308886,0.00000000000000,true
temporary CSI,insample,raw,small_cap,fpr5,2,lockout_2yr,fpr5_2yr,0,0.0012063763,0.0012063763,0.00000000000000,true
temporary CSI,insample,raw,small_cap,fpr5,2,lockout_2yr,fpr5_2yr,5,0.0007861293,0.0007861293,0.00000000000000,true
temporary CSI,insample,raw,small_cap,fpr5,2,lockout_2yr,fpr5_2yr,10,0.0003659835,0.0003659835,0.00000000000000,true
temporary CSI,insample,raw,small_cap,fpr5,2,lockout_2yr,fpr5_2yr,20,-0.0004740038,-0.0004740038,0.00000000000000,true
temporary CSI,insample,raw,small_cap,fpr5,3,lockout_3yr,fpr5_3yr,0,0.0023454006,0.0023454006,0.00000000000000,true
temporary CSI,insample,raw,small_cap,fpr5,3,lockout_3yr,fpr5_3yr,5,0.0019258105,0.0019258105,0.00000000000000,true
temporary CSI,insample,raw,small_cap,fpr5,3,lockout_3yr,fpr5_3yr,10,0.0015063212,0.0015063212,0.00000000000000,true
temporary CSI,insample,raw,small_cap,fpr5,3,lockout_3yr,fpr5_3yr,20,0.0006676448,0.0006676448,0.00000000000000,true
temporary CSI,insample,raw,small_cap,fpr5,5,lockout_5yr,fpr5_5yr,0,0.0016996779,0.0016996779,0.00000000000000,true
temporary CSI,insample,raw,small_cap,fpr5,5,lockout_5yr,fpr5_5yr,5,0.0012807780,0.0012807780,0.00000000000000,true
temporary CSI,insample,raw,small_cap,fpr5,5,lockout_5yr,fpr5_5yr,10,0.0008619784,0.0008619784,0.00000000000000,true
temporary CSI,insample,raw,small_cap,fpr5,5,lockout_5yr,fpr5_5yr,20,0.0000246801,0.0000246801,0.00000000000000,true
temporary CSI,insample,raw,small_cap,youden,1,lockout_1yr,youden_1yr,0,0.0007060964,0.0007060964,0.00000000000000,true
temporary CSI,insample,raw,small_cap,youden,1,lockout_1yr,youden_1yr,5,0.0002506958,0.0002506958,0.00000000000000,true
temporary CSI,insample,raw,small_cap,youden,1,lockout_1yr,youden_1yr,10,-0.0002045858,-0.0002045858,0.00000000000000,true
temporary CSI,insample,raw,small_cap,youden,1,lockout_1yr,youden_1yr,20,-0.0011147919,-0.0011147919,0.00000000000000,true
temporary CSI,insample,raw,small_cap,youden,2,lockout_2yr,youden_2yr,0,0.0017771706,0.0017771706,0.00000000000000,true
temporary CSI,insample,raw,small_cap,youden,2,lockout_2yr,youden_2yr,5,0.0013317975,0.0013317975,0.00000000000000,true
temporary CSI,insample,raw,small_cap,youden,2,lockout_2yr,youden_2yr,10,0.0008865380,0.0008865380,0.00000000000000,true
temporary CSI,insample,raw,small_cap,youden,2,lockout_2yr,youden_2yr,20,-0.0000036398,-0.0000036398,0.00000000000000,true
temporary CSI,insample,raw,small_cap,youden,3,lockout_3yr,youden_3yr,0,0.0025209334,0.0025209334,0.00000000000000,true
temporary CSI,insample,raw,small_cap,youden,3,lockout_3yr,youden_3yr,5,0.0020845331,0.0020845331,0.00000000000000,true
temporary CSI,insample,raw,small_cap,youden,3,lockout_3yr,youden_3yr,10,0.0016482416,0.0016482416,0.00000000000000,true
temporary CSI,insample,raw,small_cap,youden,3,lockout_3yr,youden_3yr,20,0.0007759855,0.0007759855,0.00000000000000,true
temporary CSI,insample,raw,small_cap,youden,5,lockout_5yr,youden_5yr,0,0.0007586640,0.0007586640,0.00000000000000,true
temporary CSI,insample,raw,small_cap,youden,5,lockout_5yr,youden_5yr,5,0.0003238572,0.0003238572,0.00000000000000,true
temporary CSI,insample,raw,small_cap,youden,5,lockout_5yr,youden_5yr,10,-0.0001108417,-0.0001108417,0.00000000000000,true
temporary CSI,insample,raw,small_cap,youden,5,lockout_5yr,youden_5yr,20,-0.0009799159,-0.0009799159,0.00000000000000,true
temporary CSI,insample,raw,total_market,fpr1,1,lockout_1yr,fpr1_1yr,0,0.0000764088,0.0000764088,0.00000000000000,true
temporary CSI,insample,raw,total_market,fpr1,1,lockout_1yr,fpr1_1yr,5,-0.0000120451,-0.0000120451,0.00000000000000,true
temporary CSI,insample,raw,total_market,fpr1,1,lockout_1yr,fpr1_1yr,10,-0.0001005145,-0.0001005145,0.00000000000000,true
temporary CSI,insample,raw,total_market,fpr1,1,lockout_1yr,fpr1_1yr,20,-0.0002774997,-0.0002774997,0.00000000000000,true
temporary CSI,insample,raw,total_market,fpr1,2,lockout_2yr,fpr1_2yr,0,0.0001321604,0.0001321604,0.00000000000000,true
temporary CSI,insample,raw,total_market,fpr1,2,lockout_2yr,fpr1_2yr,5,0.0000437545,0.0000437545,0.00000000000000,true
temporary CSI,insample,raw,total_market,fpr1,2,lockout_2yr,fpr1_2yr,10,-0.0000446668,-0.0000446668,0.00000000000000,true
temporary CSI,insample,raw,total_market,fpr1,2,lockout_2yr,fpr1_2yr,20,-0.0002215559,-0.0002215559,0.00000000000000,true
temporary CSI,insample,raw,total_market,fpr1,3,lockout_3yr,fpr1_3yr,0,0.0002251634,0.0002251634,0.00000000000000,true
temporary CSI,insample,raw,total_market,fpr1,3,lockout_3yr,fpr1_3yr,5,0.0001368657,0.0001368657,0.00000000000000,true
temporary CSI,insample,raw,total_market,fpr1,3,lockout_3yr,fpr1_3yr,10,0.0000485525,0.0000485525,0.00000000000000,true
temporary CSI,insample,raw,total_market,fpr1,3,lockout_3yr,fpr1_3yr,20,-0.0001281204,-0.0001281204,0.00000000000000,true
temporary CSI,insample,raw,total_market,fpr1,5,lockout_5yr,fpr1_5yr,0,0.0002522077,0.0002522077,0.00000000000000,true
temporary CSI,insample,raw,total_market,fpr1,5,lockout_5yr,fpr1_5yr,5,0.0001639639,0.0001639639,0.00000000000000,true
temporary CSI,insample,raw,total_market,fpr1,5,lockout_5yr,fpr1_5yr,10,0.0000757047,0.0000757047,0.00000000000000,true
temporary CSI,insample,raw,total_market,fpr1,5,lockout_5yr,fpr1_5yr,20,-0.0001008604,-0.0001008604,0.00000000000000,true
temporary CSI,insample,raw,total_market,fpr3,1,lockout_1yr,fpr3_1yr,0,0.0000059450,0.0000059450,0.00000000000000,true
temporary CSI,insample,raw,total_market,fpr3,1,lockout_1yr,fpr3_1yr,5,-0.0000835080,-0.0000835080,0.00000000000000,true
temporary CSI,insample,raw,total_market,fpr3,1,lockout_1yr,fpr3_1yr,10,-0.0001729763,-0.0001729763,0.00000000000000,true
temporary CSI,insample,raw,total_market,fpr3,1,lockout_1yr,fpr3_1yr,20,-0.0003519591,-0.0003519591,0.00000000000000,true
temporary CSI,insample,raw,total_market,fpr3,2,lockout_2yr,fpr3_2yr,0,0.0002058091,0.0002058091,0.00000000000000,true
temporary CSI,insample,raw,total_market,fpr3,2,lockout_2yr,fpr3_2yr,5,0.0001165245,0.0001165245,0.00000000000000,true
temporary CSI,insample,raw,total_market,fpr3,2,lockout_2yr,fpr3_2yr,10,0.0000272244,0.0000272244,0.00000000000000,true
temporary CSI,insample,raw,total_market,fpr3,2,lockout_2yr,fpr3_2yr,20,-0.0001514218,-0.0001514218,0.00000000000000,true
temporary CSI,insample,raw,total_market,fpr3,3,lockout_3yr,fpr3_3yr,0,0.0004018826,0.0004018826,0.00000000000000,true
temporary CSI,insample,raw,total_market,fpr3,3,lockout_3yr,fpr3_3yr,5,0.0003129269,0.0003129269,0.00000000000000,true
temporary CSI,insample,raw,total_market,fpr3,3,lockout_3yr,fpr3_3yr,10,0.0002239558,0.0002239558,0.00000000000000,true
temporary CSI,insample,raw,total_market,fpr3,3,lockout_3yr,fpr3_3yr,20,0.0000459673,0.0000459673,0.00000000000000,true
temporary CSI,insample,raw,total_market,fpr3,5,lockout_5yr,fpr3_5yr,0,0.0005181111,0.0005181111,0.00000000000000,true
temporary CSI,insample,raw,total_market,fpr3,5,lockout_5yr,fpr3_5yr,5,0.0004294078,0.0004294078,0.00000000000000,true
temporary CSI,insample,raw,total_market,fpr3,5,lockout_5yr,fpr3_5yr,10,0.0003406891,0.0003406891,0.00000000000000,true
temporary CSI,insample,raw,total_market,fpr3,5,lockout_5yr,fpr3_5yr,20,0.0001632052,0.0001632052,0.00000000000000,true
temporary CSI,insample,raw,total_market,fpr5,1,lockout_1yr,fpr5_1yr,0,-0.0000487813,-0.0000487813,0.00000000000000,true
temporary CSI,insample,raw,total_market,fpr5,1,lockout_1yr,fpr5_1yr,5,-0.0001396335,-0.0001396335,0.00000000000000,true
temporary CSI,insample,raw,total_market,fpr5,1,lockout_1yr,fpr5_1yr,10,-0.0002305009,-0.0002305009,0.00000000000000,true
temporary CSI,insample,raw,total_market,fpr5,1,lockout_1yr,fpr5_1yr,20,-0.0004122811,-0.0004122811,0.00000000000000,true
temporary CSI,insample,raw,total_market,fpr5,2,lockout_2yr,fpr5_2yr,0,0.0002300800,0.0002300800,0.00000000000000,true
temporary CSI,insample,raw,total_market,fpr5,2,lockout_2yr,fpr5_2yr,5,0.0001395117,0.0001395117,0.00000000000000,true
temporary CSI,insample,raw,total_market,fpr5,2,lockout_2yr,fpr5_2yr,10,0.0000489282,0.0000489282,0.00000000000000,true
temporary CSI,insample,raw,total_market,fpr5,2,lockout_2yr,fpr5_2yr,20,-0.0001322844,-0.0001322844,0.00000000000000,true
temporary CSI,insample,raw,total_market,fpr5,3,lockout_3yr,fpr5_3yr,0,0.0004754937,0.0004754937,0.00000000000000,true
temporary CSI,insample,raw,total_market,fpr5,3,lockout_3yr,fpr5_3yr,5,0.0003853794,0.0003853794,0.00000000000000,true
temporary CSI,insample,raw,total_market,fpr5,3,lockout_3yr,fpr5_3yr,10,0.0002952497,0.0002952497,0.00000000000000,true
temporary CSI,insample,raw,total_market,fpr5,3,lockout_3yr,fpr5_3yr,20,0.0001149446,0.0001149446,0.00000000000000,true
temporary CSI,insample,raw,total_market,fpr5,5,lockout_5yr,fpr5_5yr,0,0.0005270188,0.0005270188,0.00000000000000,true
temporary CSI,insample,raw,total_market,fpr5,5,lockout_5yr,fpr5_5yr,5,0.0004372614,0.0004372614,0.00000000000000,true
temporary CSI,insample,raw,total_market,fpr5,5,lockout_5yr,fpr5_5yr,10,0.0003474886,0.0003474886,0.00000000000000,true
temporary CSI,insample,raw,total_market,fpr5,5,lockout_5yr,fpr5_5yr,20,0.0001678972,0.0001678972,0.00000000000000,true
temporary CSI,insample,raw,total_market,youden,1,lockout_1yr,youden_1yr,0,-0.0028156076,-0.0028156076,0.00000000000000,true
temporary CSI,insample,raw,total_market,youden,1,lockout_1yr,youden_1yr,5,-0.0029351575,-0.0029351575,0.00000000000000,true
temporary CSI,insample,raw,total_market,youden,1,lockout_1yr,youden_1yr,10,-0.0030547196,-0.0030547196,0.00000000000000,true
temporary CSI,insample,raw,total_market,youden,1,lockout_1yr,youden_1yr,20,-0.0032938805,-0.0032938805,0.00000000000000,true
temporary CSI,insample,raw,total_market,youden,2,lockout_2yr,youden_2yr,0,-0.0016043742,-0.0016043742,0.00000000000000,true
temporary CSI,insample,raw,total_market,youden,2,lockout_2yr,youden_2yr,5,-0.0017190358,-0.0017190358,0.00000000000000,true
temporary CSI,insample,raw,total_market,youden,2,lockout_2yr,youden_2yr,10,-0.0018337103,-0.0018337103,0.00000000000000,true
temporary CSI,insample,raw,total_market,youden,2,lockout_2yr,youden_2yr,20,-0.0020630982,-0.0020630982,0.00000000000000,true
temporary CSI,insample,raw,total_market,youden,3,lockout_3yr,youden_3yr,0,-0.0003308791,-0.0003308791,0.00000000000000,true
temporary CSI,insample,raw,total_market,youden,3,lockout_3yr,youden_3yr,5,-0.0004406092,-0.0004406092,0.00000000000000,true
temporary CSI,insample,raw,total_market,youden,3,lockout_3yr,youden_3yr,10,-0.0005503527,-0.0005503527,0.00000000000000,true
temporary CSI,insample,raw,total_market,youden,3,lockout_3yr,youden_3yr,20,-0.0007698797,-0.0007698797,0.00000000000000,true
temporary CSI,insample,raw,total_market,youden,5,lockout_5yr,youden_5yr,0,-0.0011930858,-0.0011930858,0.00000000000000,true
temporary CSI,insample,raw,total_market,youden,5,lockout_5yr,youden_5yr,5,-0.0012999648,-0.0012999648,0.00000000000000,true
temporary CSI,insample,raw,total_market,youden,5,lockout_5yr,youden_5yr,10,-0.0014068576,-0.0014068576,0.00000000000000,true
temporary CSI,insample,raw,total_market,youden,5,lockout_5yr,youden_5yr,20,-0.0016206847,-0.0016206847,0.00000000000000,true
temporary CSI,oos,raw,large_cap,fpr1,1,lockout_1yr,fpr1_1yr,0,0.0000000000,0.0000000000,0.00000000000000,true
temporary CSI,oos,raw,large_cap,fpr1,1,lockout_1yr,fpr1_1yr,5,-0.0000686126,-0.0000686126,0.00000000000000,true
temporary CSI,oos,raw,large_cap,fpr1,1,lockout_1yr,fpr1_1yr,10,-0.0001372223,-0.0001372223,0.00000000000000,true
temporary CSI,oos,raw,large_cap,fpr1,1,lockout_1yr,fpr1_1yr,20,-0.0002744330,-0.0002744330,0.00000000000000,true
temporary CSI,oos,raw,large_cap,fpr1,2,lockout_2yr,fpr1_2yr,0,0.0000705864,0.0000705864,0.00000000000000,true
temporary CSI,oos,raw,large_cap,fpr1,2,lockout_2yr,fpr1_2yr,5,0.0000021201,0.0000021201,0.00000000000000,true
temporary CSI,oos,raw,large_cap,fpr1,2,lockout_2yr,fpr1_2yr,10,-0.0000663432,-0.0000663432,0.00000000000000,true
temporary CSI,oos,raw,large_cap,fpr1,2,lockout_2yr,fpr1_2yr,20,-0.0002032611,-0.0002032611,0.00000000000000,true
temporary CSI,oos,raw,large_cap,fpr1,3,lockout_3yr,fpr1_3yr,0,0.0001199126,0.0001199126,0.00000000000000,true
temporary CSI,oos,raw,large_cap,fpr1,3,lockout_3yr,fpr1_3yr,5,0.0000516234,0.0000516234,0.00000000000000,true
temporary CSI,oos,raw,large_cap,fpr1,3,lockout_3yr,fpr1_3yr,10,-0.0000166629,-0.0000166629,0.00000000000000,true
temporary CSI,oos,raw,large_cap,fpr1,3,lockout_3yr,fpr1_3yr,20,-0.0001532267,-0.0001532267,0.00000000000000,true
temporary CSI,oos,raw,large_cap,fpr1,5,lockout_5yr,fpr1_5yr,0,0.0001432853,0.0001432853,0.00000000000000,true
temporary CSI,oos,raw,large_cap,fpr1,5,lockout_5yr,fpr1_5yr,5,0.0000752705,0.0000752705,0.00000000000000,true
temporary CSI,oos,raw,large_cap,fpr1,5,lockout_5yr,fpr1_5yr,10,0.0000072586,0.0000072586,0.00000000000000,true
temporary CSI,oos,raw,large_cap,fpr1,5,lockout_5yr,fpr1_5yr,20,-0.0001287565,-0.0001287565,0.00000000000000,true
temporary CSI,oos,raw,large_cap,fpr3,1,lockout_1yr,fpr3_1yr,0,-0.0000808809,-0.0000808809,0.00000000000000,true
temporary CSI,oos,raw,large_cap,fpr3,1,lockout_1yr,fpr3_1yr,5,-0.0001498784,-0.0001498784,0.00000000000000,true
temporary CSI,oos,raw,large_cap,fpr3,1,lockout_1yr,fpr3_1yr,10,-0.0002188730,-0.0002188730,0.00000000000000,true
temporary CSI,oos,raw,large_cap,fpr3,1,lockout_1yr,fpr3_1yr,20,-0.0003568534,-0.0003568534,0.00000000000000,true
temporary CSI,oos,raw,large_cap,fpr3,2,lockout_2yr,fpr3_2yr,0,0.0005352941,0.0005352941,0.00000000000000,true
temporary CSI,oos,raw,large_cap,fpr3,2,lockout_2yr,fpr3_2yr,5,0.0004673348,0.0004673348,0.00000000000000,true
temporary CSI,oos,raw,large_cap,fpr3,2,lockout_2yr,fpr3_2yr,10,0.0003993784,0.0003993784,0.00000000000000,true
temporary CSI,oos,raw,large_cap,fpr3,2,lockout_2yr,fpr3_2yr,20,0.0002634742,0.0002634742,0.00000000000000,true
temporary CSI,oos,raw,large_cap,fpr3,3,lockout_3yr,fpr3_3yr,0,0.0009175122,0.0009175122,0.00000000000000,true
temporary CSI,oos,raw,large_cap,fpr3,3,lockout_3yr,fpr3_3yr,5,0.0008502031,0.0008502031,0.00000000000000,true
temporary CSI,oos,raw,large_cap,fpr3,3,lockout_3yr,fpr3_3yr,10,0.0007828968,0.0007828968,0.00000000000000,true
temporary CSI,oos,raw,large_cap,fpr3,3,lockout_3yr,fpr3_3yr,20,0.0006482927,0.0006482927,0.00000000000000,true
temporary CSI,oos,raw,large_cap,fpr3,5,lockout_5yr,fpr3_5yr,0,0.0008953125,0.0008953125,0.00000000000000,true
temporary CSI,oos,raw,large_cap,fpr3,5,lockout_5yr,fpr3_5yr,5,0.0008282944,0.0008282944,0.00000000000000,true
temporary CSI,oos,raw,large_cap,fpr3,5,lockout_5yr,fpr3_5yr,10,0.0007612792,0.0007612792,0.00000000000000,true
temporary CSI,oos,raw,large_cap,fpr3,5,lockout_5yr,fpr3_5yr,20,0.0006272572,0.0006272572,0.00000000000000,true
temporary CSI,oos,raw,large_cap,fpr5,1,lockout_1yr,fpr5_1yr,0,-0.0001174407,-0.0001174407,0.00000000000000,true
temporary CSI,oos,raw,large_cap,fpr5,1,lockout_1yr,fpr5_1yr,5,-0.0001866834,-0.0001866834,0.00000000000000,true
temporary CSI,oos,raw,large_cap,fpr5,1,lockout_1yr,fpr5_1yr,10,-0.0002559233,-0.0002559233,0.00000000000000,true
temporary CSI,oos,raw,large_cap,fpr5,1,lockout_1yr,fpr5_1yr,20,-0.0003943942,-0.0003943942,0.00000000000000,true
temporary CSI,oos,raw,large_cap,fpr5,2,lockout_2yr,fpr5_2yr,0,0.0002449880,0.0002449880,0.00000000000000,true
temporary CSI,oos,raw,large_cap,fpr5,2,lockout_2yr,fpr5_2yr,5,0.0001770297,0.0001770297,0.00000000000000,true
temporary CSI,oos,raw,large_cap,fpr5,2,lockout_2yr,fpr5_2yr,10,0.0001090743,0.0001090743,0.00000000000000,true
temporary CSI,oos,raw,large_cap,fpr5,2,lockout_2yr,fpr5_2yr,20,-0.0000268279,-0.0000268279,0.00000000000000,true
temporary CSI,oos,raw,large_cap,fpr5,3,lockout_3yr,fpr5_3yr,0,0.0007612451,0.0007612451,0.00000000000000,true
temporary CSI,oos,raw,large_cap,fpr5,3,lockout_3yr,fpr5_3yr,5,0.0006943738,0.0006943738,0.00000000000000,true
temporary CSI,oos,raw,large_cap,fpr5,3,lockout_3yr,fpr5_3yr,10,0.0006275053,0.0006275053,0.00000000000000,true
temporary CSI,oos,raw,large_cap,fpr5,3,lockout_3yr,fpr5_3yr,20,0.0004937767,0.0004937767,0.00000000000000,true
temporary CSI,oos,raw,large_cap,fpr5,5,lockout_5yr,fpr5_5yr,0,0.0010749064,0.0010749064,0.00000000000000,true
temporary CSI,oos,raw,large_cap,fpr5,5,lockout_5yr,fpr5_5yr,5,0.0010088787,0.0010088787,0.00000000000000,true
temporary CSI,oos,raw,large_cap,fpr5,5,lockout_5yr,fpr5_5yr,10,0.0009428537,0.0009428537,0.00000000000000,true
temporary CSI,oos,raw,large_cap,fpr5,5,lockout_5yr,fpr5_5yr,20,0.0008108120,0.0008108120,0.00000000000000,true
temporary CSI,oos,raw,large_cap,youden,1,lockout_1yr,youden_1yr,0,-0.0016593756,-0.0016593756,0.00000000000000,true
temporary CSI,oos,raw,large_cap,youden,1,lockout_1yr,youden_1yr,5,-0.0017385790,-0.0017385790,0.00000000000000,true
temporary CSI,oos,raw,large_cap,youden,1,lockout_1yr,youden_1yr,10,-0.0018177787,-0.0018177787,0.00000000000000,true
temporary CSI,oos,raw,large_cap,youden,1,lockout_1yr,youden_1yr,20,-0.0019761665,-0.0019761665,0.00000000000000,true
temporary CSI,oos,raw,large_cap,youden,2,lockout_2yr,youden_2yr,0,-0.0003111962,-0.0003111962,0.00000000000000,true
temporary CSI,oos,raw,large_cap,youden,2,lockout_2yr,youden_2yr,5,-0.0003818997,-0.0003818997,0.00000000000000,true
temporary CSI,oos,raw,large_cap,youden,2,lockout_2yr,youden_2yr,10,-0.0004526001,-0.0004526001,0.00000000000000,true
temporary CSI,oos,raw,large_cap,youden,2,lockout_2yr,youden_2yr,20,-0.0005939918,-0.0005939918,0.00000000000000,true
temporary CSI,oos,raw,large_cap,youden,3,lockout_3yr,youden_3yr,0,-0.0015011609,-0.0015011609,0.00000000000000,true
temporary CSI,oos,raw,large_cap,youden,3,lockout_3yr,youden_3yr,5,-0.0015718413,-0.0015718413,0.00000000000000,true
temporary CSI,oos,raw,large_cap,youden,3,lockout_3yr,youden_3yr,10,-0.0016425186,-0.0016425186,0.00000000000000,true
temporary CSI,oos,raw,large_cap,youden,3,lockout_3yr,youden_3yr,20,-0.0017838643,-0.0017838643,0.00000000000000,true
temporary CSI,oos,raw,large_cap,youden,5,lockout_5yr,youden_5yr,0,0.0015047971,0.0015047971,0.00000000000000,true
temporary CSI,oos,raw,large_cap,youden,5,lockout_5yr,youden_5yr,5,0.0014368256,0.0014368256,0.00000000000000,true
temporary CSI,oos,raw,large_cap,youden,5,lockout_5yr,youden_5yr,10,0.0013688569,0.0013688569,0.00000000000000,true
temporary CSI,oos,raw,large_cap,youden,5,lockout_5yr,youden_5yr,20,0.0012329281,0.0012329281,0.00000000000000,true
temporary CSI,oos,raw,mid_cap,fpr1,1,lockout_1yr,fpr1_1yr,0,0.0000000000,0.0000000000,0.00000000000000,true
temporary CSI,oos,raw,mid_cap,fpr1,1,lockout_1yr,fpr1_1yr,5,-0.0005756112,-0.0005756112,0.00000000000000,true
temporary CSI,oos,raw,mid_cap,fpr1,1,lockout_1yr,fpr1_1yr,10,-0.0011510014,-0.0011510014,0.00000000000000,true
temporary CSI,oos,raw,mid_cap,fpr1,1,lockout_1yr,fpr1_1yr,20,-0.0023011189,-0.0023011189,0.00000000000000,true
temporary CSI,oos,raw,mid_cap,fpr1,2,lockout_2yr,fpr1_2yr,0,0.0003751225,0.0003751225,0.00000000000000,true
temporary CSI,oos,raw,mid_cap,fpr1,2,lockout_2yr,fpr1_2yr,5,-0.0002007189,-0.0002007189,0.00000000000000,true
temporary CSI,oos,raw,mid_cap,fpr1,2,lockout_2yr,fpr1_2yr,10,-0.0007763391,-0.0007763391,0.00000000000000,true
temporary CSI,oos,raw,mid_cap,fpr1,2,lockout_2yr,fpr1_2yr,20,-0.0019269163,-0.0019269163,0.00000000000000,true
temporary CSI,oos,raw,mid_cap,fpr1,3,lockout_3yr,fpr1_3yr,0,0.0006190132,0.0006190132,0.00000000000000,true
temporary CSI,oos,raw,mid_cap,fpr1,3,lockout_3yr,fpr1_3yr,5,0.0000434615,0.0000434615,0.00000000000000,true
temporary CSI,oos,raw,mid_cap,fpr1,3,lockout_3yr,fpr1_3yr,10,-0.0005318693,-0.0005318693,0.00000000000000,true
temporary CSI,oos,raw,mid_cap,fpr1,3,lockout_3yr,fpr1_3yr,20,-0.0016818685,-0.0016818685,0.00000000000000,true
temporary CSI,oos,raw,mid_cap,fpr1,5,lockout_5yr,fpr1_5yr,0,0.0005832961,0.0005832961,0.00000000000000,true
temporary CSI,oos,raw,mid_cap,fpr1,5,lockout_5yr,fpr1_5yr,5,0.0000082304,0.0000082304,0.00000000000000,true
temporary CSI,oos,raw,mid_cap,fpr1,5,lockout_5yr,fpr1_5yr,10,-0.0005666150,-0.0005666150,0.00000000000000,true
temporary CSI,oos,raw,mid_cap,fpr1,5,lockout_5yr,fpr1_5yr,20,-0.0017156446,-0.0017156446,0.00000000000000,true
temporary CSI,oos,raw,mid_cap,fpr3,1,lockout_1yr,fpr3_1yr,0,0.0003993443,0.0003993443,0.00000000000000,true
temporary CSI,oos,raw,mid_cap,fpr3,1,lockout_1yr,fpr3_1yr,5,-0.0001743209,-0.0001743209,0.00000000000000,true
temporary CSI,oos,raw,mid_cap,fpr3,1,lockout_1yr,fpr3_1yr,10,-0.0007477667,-0.0007477667,0.00000000000000,true
temporary CSI,oos,raw,mid_cap,fpr3,1,lockout_1yr,fpr3_1yr,20,-0.0018940005,-0.0018940005,0.00000000000000,true
temporary CSI,oos,raw,mid_cap,fpr3,2,lockout_2yr,fpr3_2yr,0,0.0021791501,0.0021791501,0.00000000000000,true
temporary CSI,oos,raw,mid_cap,fpr3,2,lockout_2yr,fpr3_2yr,5,0.0016036132,0.0016036132,0.00000000000000,true
temporary CSI,oos,raw,mid_cap,fpr3,2,lockout_2yr,fpr3_2yr,10,0.0010282966,0.0010282966,0.00000000000000,true
temporary CSI,oos,raw,mid_cap,fpr3,2,lockout_2yr,fpr3_2yr,20,-0.0001216756,-0.0001216756,0.00000000000000,true
temporary CSI,oos,raw,mid_cap,fpr3,3,lockout_3yr,fpr3_3yr,0,0.0036656238,0.0036656238,0.00000000000000,true
temporary CSI,oos,raw,mid_cap,fpr3,3,lockout_3yr,fpr3_3yr,5,0.0030906354,0.0030906354,0.00000000000000,true
temporary CSI,oos,raw,mid_cap,fpr3,3,lockout_3yr,fpr3_3yr,10,0.0025158668,0.0025158668,0.00000000000000,true
temporary CSI,oos,raw,mid_cap,fpr3,3,lockout_3yr,fpr3_3yr,20,0.0013669880,0.0013669880,0.00000000000000,true
temporary CSI,oos,raw,mid_cap,fpr3,5,lockout_5yr,fpr3_5yr,0,0.0038077214,0.0038077214,0.00000000000000,true
temporary CSI,oos,raw,mid_cap,fpr3,5,lockout_5yr,fpr3_5yr,5,0.0032352818,0.0032352818,0.00000000000000,true
temporary CSI,oos,raw,mid_cap,fpr3,5,lockout_5yr,fpr3_5yr,10,0.0026630598,0.0026630598,0.00000000000000,true
temporary CSI,oos,raw,mid_cap,fpr3,5,lockout_5yr,fpr3_5yr,20,0.0015192683,0.0015192683,0.00000000000000,true
temporary CSI,oos,raw,mid_cap,fpr5,1,lockout_1yr,fpr5_1yr,0,0.0002558925,0.0002558925,0.00000000000000,true
temporary CSI,oos,raw,mid_cap,fpr5,1,lockout_1yr,fpr5_1yr,5,-0.0003185813,-0.0003185813,0.00000000000000,true
temporary CSI,oos,raw,mid_cap,fpr5,1,lockout_1yr,fpr5_1yr,10,-0.0008928351,-0.0008928351,0.00000000000000,true
temporary CSI,oos,raw,mid_cap,fpr5,1,lockout_1yr,fpr5_1yr,20,-0.0020406829,-0.0020406829,0.00000000000000,true
temporary CSI,oos,raw,mid_cap,fpr5,2,lockout_2yr,fpr5_2yr,0,0.0011683186,0.0011683186,0.00000000000000,true
temporary CSI,oos,raw,mid_cap,fpr5,2,lockout_2yr,fpr5_2yr,5,0.0005944862,0.0005944862,0.00000000000000,true
temporary CSI,oos,raw,mid_cap,fpr5,2,lockout_2yr,fpr5_2yr,10,0.0000208729,0.0000208729,0.00000000000000,true
temporary CSI,oos,raw,mid_cap,fpr5,2,lockout_2yr,fpr5_2yr,20,-0.0011256960,-0.0011256960,0.00000000000000,true
temporary CSI,oos,raw,mid_cap,fpr5,3,lockout_3yr,fpr5_3yr,0,0.0028443152,0.0028443152,0.00000000000000,true
temporary CSI,oos,raw,mid_cap,fpr5,3,lockout_3yr,fpr5_3yr,5,0.0022712437,0.0022712437,0.00000000000000,true
temporary CSI,oos,raw,mid_cap,fpr5,3,lockout_3yr,fpr5_3yr,10,0.0016983906,0.0016983906,0.00000000000000,true
temporary CSI,oos,raw,mid_cap,fpr5,3,lockout_3yr,fpr5_3yr,20,0.0005533393,0.0005533393,0.00000000000000,true
temporary CSI,oos,raw,mid_cap,fpr5,5,lockout_5yr,fpr5_5yr,0,0.0033066191,0.0033066191,0.00000000000000,true
temporary CSI,oos,raw,mid_cap,fpr5,5,lockout_5yr,fpr5_5yr,5,0.0027356729,0.0027356729,0.00000000000000,true
temporary CSI,oos,raw,mid_cap,fpr5,5,lockout_5yr,fpr5_5yr,10,0.0021649433,0.0021649433,0.00000000000000,true
temporary CSI,oos,raw,mid_cap,fpr5,5,lockout_5yr,fpr5_5yr,20,0.0010241337,0.0010241337,0.00000000000000,true
temporary CSI,oos,raw,mid_cap,youden,1,lockout_1yr,youden_1yr,0,-0.0061450474,-0.0061450474,0.00000000000000,true
temporary CSI,oos,raw,mid_cap,youden,1,lockout_1yr,youden_1yr,5,-0.0067398646,-0.0067398646,0.00000000000000,true
temporary CSI,oos,raw,mid_cap,youden,1,lockout_1yr,youden_1yr,10,-0.0073344436,-0.0073344436,0.00000000000000,true
temporary CSI,oos,raw,mid_cap,youden,1,lockout_1yr,youden_1yr,20,-0.0085228877,-0.0085228877,0.00000000000000,true
temporary CSI,oos,raw,mid_cap,youden,2,lockout_2yr,youden_2yr,0,-0.0051186204,-0.0051186204,0.00000000000000,true
temporary CSI,oos,raw,mid_cap,youden,2,lockout_2yr,youden_2yr,5,-0.0057084881,-0.0057084881,0.00000000000000,true
temporary CSI,oos,raw,mid_cap,youden,2,lockout_2yr,youden_2yr,10,-0.0062981213,-0.0062981213,0.00000000000000,true
temporary CSI,oos,raw,mid_cap,youden,2,lockout_2yr,youden_2yr,20,-0.0074766848,-0.0074766848,0.00000000000000,true
temporary CSI,oos,raw,mid_cap,youden,3,lockout_3yr,youden_3yr,0,-0.0005163151,-0.0005163151,0.00000000000000,true
temporary CSI,oos,raw,mid_cap,youden,3,lockout_3yr,youden_3yr,5,-0.0010999683,-0.0010999683,0.00000000000000,true
temporary CSI,oos,raw,mid_cap,youden,3,lockout_3yr,youden_3yr,10,-0.0016833930,-0.0016833930,0.00000000000000,true
temporary CSI,oos,raw,mid_cap,youden,3,lockout_3yr,youden_3yr,20,-0.0028495574,-0.0028495574,0.00000000000000,true
temporary CSI,oos,raw,mid_cap,youden,5,lockout_5yr,youden_5yr,0,-0.0008126981,-0.0008126981,0.00000000000000,true
temporary CSI,oos,raw,mid_cap,youden,5,lockout_5yr,youden_5yr,5,-0.0013935931,-0.0013935931,0.00000000000000,true
temporary CSI,oos,raw,mid_cap,youden,5,lockout_5yr,youden_5yr,10,-0.0019742622,-0.0019742622,0.00000000000000,true
temporary CSI,oos,raw,mid_cap,youden,5,lockout_5yr,youden_5yr,20,-0.0031349225,-0.0031349225,0.00000000000000,true
temporary CSI,oos,raw,small_cap,fpr1,1,lockout_1yr,fpr1_1yr,0,-0.0008960271,-0.0008960271,0.00000000000000,true
temporary CSI,oos,raw,small_cap,fpr1,1,lockout_1yr,fpr1_1yr,5,-0.0012986141,-0.0012986141,0.00000000000000,true
temporary CSI,oos,raw,small_cap,fpr1,1,lockout_1yr,fpr1_1yr,10,-0.0017010915,-0.0017010915,0.00000000000000,true
temporary CSI,oos,raw,small_cap,fpr1,1,lockout_1yr,fpr1_1yr,20,-0.0025057178,-0.0025057178,0.00000000000000,true
temporary CSI,oos,raw,small_cap,fpr1,2,lockout_2yr,fpr1_2yr,0,0.0006930699,0.0006930699,0.00000000000000,true
temporary CSI,oos,raw,small_cap,fpr1,2,lockout_2yr,fpr1_2yr,5,0.0002888456,0.0002888456,0.00000000000000,true
temporary CSI,oos,raw,small_cap,fpr1,2,lockout_2yr,fpr1_2yr,10,-0.0001152686,-0.0001152686,0.00000000000000,true
temporary CSI,oos,raw,small_cap,fpr1,2,lockout_2yr,fpr1_2yr,20,-0.0009231666,-0.0009231666,0.00000000000000,true
temporary CSI,oos,raw,small_cap,fpr1,3,lockout_3yr,fpr1_3yr,0,0.0002770004,0.0002770004,0.00000000000000,true
temporary CSI,oos,raw,small_cap,fpr1,3,lockout_3yr,fpr1_3yr,5,-0.0001249042,-0.0001249042,0.00000000000000,true
temporary CSI,oos,raw,small_cap,fpr1,3,lockout_3yr,fpr1_3yr,10,-0.0005266998,-0.0005266998,0.00000000000000,true
temporary CSI,oos,raw,small_cap,fpr1,3,lockout_3yr,fpr1_3yr,20,-0.0013299636,-0.0013299636,0.00000000000000,true
temporary CSI,oos,raw,small_cap,fpr1,5,lockout_5yr,fpr1_5yr,0,0.0010357780,0.0010357780,0.00000000000000,true
temporary CSI,oos,raw,small_cap,fpr1,5,lockout_5yr,fpr1_5yr,5,0.0006358058,0.0006358058,0.00000000000000,true
temporary CSI,oos,raw,small_cap,fpr1,5,lockout_5yr,fpr1_5yr,10,0.0002359415,0.0002359415,0.00000000000000,true
temporary CSI,oos,raw,small_cap,fpr1,5,lockout_5yr,fpr1_5yr,20,-0.0005634635,-0.0005634635,0.00000000000000,true
temporary CSI,oos,raw,small_cap,fpr3,1,lockout_1yr,fpr3_1yr,0,-0.0032145496,-0.0032145496,0.00000000000000,true
temporary CSI,oos,raw,small_cap,fpr3,1,lockout_1yr,fpr3_1yr,5,-0.0036154737,-0.0036154737,0.00000000000000,true
temporary CSI,oos,raw,small_cap,fpr3,1,lockout_1yr,fpr3_1yr,10,-0.0040162887,-0.0040162887,0.00000000000000,true
temporary CSI,oos,raw,small_cap,fpr3,1,lockout_1yr,fpr3_1yr,20,-0.0048175917,-0.0048175917,0.00000000000000,true
temporary CSI,oos,raw,small_cap,fpr3,2,lockout_2yr,fpr3_2yr,0,-0.0021397870,-0.0021397870,0.00000000000000,true
temporary CSI,oos,raw,small_cap,fpr3,2,lockout_2yr,fpr3_2yr,5,-0.0025420746,-0.0025420746,0.00000000000000,true
temporary CSI,oos,raw,small_cap,fpr3,2,lockout_2yr,fpr3_2yr,10,-0.0029442526,-0.0029442526,0.00000000000000,true
temporary CSI,oos,raw,small_cap,fpr3,2,lockout_2yr,fpr3_2yr,20,-0.0037482804,-0.0037482804,0.00000000000000,true
temporary CSI,oos,raw,small_cap,fpr3,3,lockout_3yr,fpr3_3yr,0,-0.0013794205,-0.0013794205,0.00000000000000,true
temporary CSI,oos,raw,small_cap,fpr3,3,lockout_3yr,fpr3_3yr,5,-0.0017803888,-0.0017803888,0.00000000000000,true
temporary CSI,oos,raw,small_cap,fpr3,3,lockout_3yr,fpr3_3yr,10,-0.0021812483,-0.0021812483,0.00000000000000,true
temporary CSI,oos,raw,small_cap,fpr3,3,lockout_3yr,fpr3_3yr,20,-0.0029826410,-0.0029826410,0.00000000000000,true
temporary CSI,oos,raw,small_cap,fpr3,5,lockout_5yr,fpr3_5yr,0,0.0001263771,0.0001263771,0.00000000000000,true
temporary CSI,oos,raw,small_cap,fpr3,5,lockout_5yr,fpr3_5yr,5,-0.0002708803,-0.0002708803,0.00000000000000,true
temporary CSI,oos,raw,small_cap,fpr3,5,lockout_5yr,fpr3_5yr,10,-0.0006680312,-0.0006680312,0.00000000000000,true
temporary CSI,oos,raw,small_cap,fpr3,5,lockout_5yr,fpr3_5yr,20,-0.0014620138,-0.0014620138,0.00000000000000,true
temporary CSI,oos,raw,small_cap,fpr5,1,lockout_1yr,fpr5_1yr,0,-0.0045686239,-0.0045686239,0.00000000000000,true
temporary CSI,oos,raw,small_cap,fpr5,1,lockout_1yr,fpr5_1yr,5,-0.0049712449,-0.0049712449,0.00000000000000,true
temporary CSI,oos,raw,small_cap,fpr5,1,lockout_1yr,fpr5_1yr,10,-0.0053737557,-0.0053737557,0.00000000000000,true
temporary CSI,oos,raw,small_cap,fpr5,1,lockout_1yr,fpr5_1yr,20,-0.0061784466,-0.0061784466,0.00000000000000,true
temporary CSI,oos,raw,small_cap,fpr5,2,lockout_2yr,fpr5_2yr,0,-0.0032818965,-0.0032818965,0.00000000000000,true
temporary CSI,oos,raw,small_cap,fpr5,2,lockout_2yr,fpr5_2yr,5,-0.0036874131,-0.0036874131,0.00000000000000,true
temporary CSI,oos,raw,small_cap,fpr5,2,lockout_2yr,fpr5_2yr,10,-0.0040928183,-0.0040928183,0.00000000000000,true
temporary CSI,oos,raw,small_cap,fpr5,2,lockout_2yr,fpr5_2yr,20,-0.0049032949,-0.0049032949,0.00000000000000,true
temporary CSI,oos,raw,small_cap,fpr5,3,lockout_3yr,fpr5_3yr,0,-0.0030735589,-0.0030735589,0.00000000000000,true
temporary CSI,oos,raw,small_cap,fpr5,3,lockout_3yr,fpr5_3yr,5,-0.0034771996,-0.0034771996,0.00000000000000,true
temporary CSI,oos,raw,small_cap,fpr5,3,lockout_3yr,fpr5_3yr,10,-0.0038807298,-0.0038807298,0.00000000000000,true
temporary CSI,oos,raw,small_cap,fpr5,3,lockout_3yr,fpr5_3yr,20,-0.0046874584,-0.0046874584,0.00000000000000,true
temporary CSI,oos,raw,small_cap,fpr5,5,lockout_5yr,fpr5_5yr,0,-0.0018945727,-0.0018945727,0.00000000000000,true
temporary CSI,oos,raw,small_cap,fpr5,5,lockout_5yr,fpr5_5yr,5,-0.0022912453,-0.0022912453,0.00000000000000,true
temporary CSI,oos,raw,small_cap,fpr5,5,lockout_5yr,fpr5_5yr,10,-0.0026878115,-0.0026878115,0.00000000000000,true
temporary CSI,oos,raw,small_cap,fpr5,5,lockout_5yr,fpr5_5yr,20,-0.0034806245,-0.0034806245,0.00000000000000,true
temporary CSI,oos,raw,small_cap,youden,1,lockout_1yr,youden_1yr,0,-0.0015354778,-0.0015354778,0.00000000000000,true
temporary CSI,oos,raw,small_cap,youden,1,lockout_1yr,youden_1yr,5,-0.0019795406,-0.0019795406,0.00000000000000,true
temporary CSI,oos,raw,small_cap,youden,1,lockout_1yr,youden_1yr,10,-0.0024234708,-0.0024234708,0.00000000000000,true
temporary CSI,oos,raw,small_cap,youden,1,lockout_1yr,youden_1yr,20,-0.0033109332,-0.0033109332,0.00000000000000,true
temporary CSI,oos,raw,small_cap,youden,2,lockout_2yr,youden_2yr,0,0.0027259808,0.0027259808,0.00000000000000,true
temporary CSI,oos,raw,small_cap,youden,2,lockout_2yr,youden_2yr,5,0.0022806983,0.0022806983,0.00000000000000,true
temporary CSI,oos,raw,small_cap,youden,2,lockout_2yr,youden_2yr,10,0.0018355477,0.0018355477,0.00000000000000,true
temporary CSI,oos,raw,small_cap,youden,2,lockout_2yr,youden_2yr,20,0.0009456420,0.0009456420,0.00000000000000,true
temporary CSI,oos,raw,small_cap,youden,3,lockout_3yr,youden_3yr,0,0.0058326903,0.0058326903,0.00000000000000,true
temporary CSI,oos,raw,small_cap,youden,3,lockout_3yr,youden_3yr,5,0.0053916897,0.0053916897,0.00000000000000,true
temporary CSI,oos,raw,small_cap,youden,3,lockout_3yr,youden_3yr,10,0.0049508188,0.0049508188,0.00000000000000,true
temporary CSI,oos,raw,small_cap,youden,3,lockout_3yr,youden_3yr,20,0.0040694659,0.0040694659,0.00000000000000,true
temporary CSI,oos,raw,small_cap,youden,5,lockout_5yr,youden_5yr,0,0.0038670562,0.0038670562,0.00000000000000,true
temporary CSI,oos,raw,small_cap,youden,5,lockout_5yr,youden_5yr,5,0.0034327310,0.0034327310,0.00000000000000,true
temporary CSI,oos,raw,small_cap,youden,5,lockout_5yr,youden_5yr,10,0.0029985321,0.0029985321,0.00000000000000,true
temporary CSI,oos,raw,small_cap,youden,5,lockout_5yr,youden_5yr,20,0.0021305133,0.0021305133,0.00000000000000,true
temporary CSI,oos,raw,total_market,fpr1,1,lockout_1yr,fpr1_1yr,0,-0.0001733264,-0.0001733264,0.00000000000000,true
temporary CSI,oos,raw,total_market,fpr1,1,lockout_1yr,fpr1_1yr,5,-0.0002114373,-0.0002114373,0.00000000000000,true
temporary CSI,oos,raw,total_market,fpr1,1,lockout_1yr,fpr1_1yr,10,-0.0002495472,-0.0002495472,0.00000000000000,true
temporary CSI,oos,raw,total_market,fpr1,1,lockout_1yr,fpr1_1yr,20,-0.0003257645,-0.0003257645,0.00000000000000,true
temporary CSI,oos,raw,total_market,fpr1,2,lockout_2yr,fpr1_2yr,0,0.0001566133,0.0001566133,0.00000000000000,true
temporary CSI,oos,raw,total_market,fpr1,2,lockout_2yr,fpr1_2yr,5,0.0001186903,0.0001186903,0.00000000000000,true
temporary CSI,oos,raw,total_market,fpr1,2,lockout_2yr,fpr1_2yr,10,0.0000807683,0.0000807683,0.00000000000000,true
temporary CSI,oos,raw,total_market,fpr1,2,lockout_2yr,fpr1_2yr,20,0.0000049270,0.0000049270,0.00000000000000,true
temporary CSI,oos,raw,total_market,fpr1,3,lockout_3yr,fpr1_3yr,0,0.0002123824,0.0002123824,0.00000000000000,true
temporary CSI,oos,raw,total_market,fpr1,3,lockout_3yr,fpr1_3yr,5,0.0001745761,0.0001745761,0.00000000000000,true
temporary CSI,oos,raw,total_market,fpr1,3,lockout_3yr,fpr1_3yr,10,0.0001367706,0.0001367706,0.00000000000000,true
temporary CSI,oos,raw,total_market,fpr1,3,lockout_3yr,fpr1_3yr,20,0.0000611622,0.0000611622,0.00000000000000,true
temporary CSI,oos,raw,total_market,fpr1,5,lockout_5yr,fpr1_5yr,0,0.0004147234,0.0004147234,0.00000000000000,true
temporary CSI,oos,raw,total_market,fpr1,5,lockout_5yr,fpr1_5yr,5,0.0003773548,0.0003773548,0.00000000000000,true
temporary CSI,oos,raw,total_market,fpr1,5,lockout_5yr,fpr1_5yr,10,0.0003399870,0.0003399870,0.00000000000000,true
temporary CSI,oos,raw,total_market,fpr1,5,lockout_5yr,fpr1_5yr,20,0.0002652541,0.0002652541,0.00000000000000,true
temporary CSI,oos,raw,total_market,fpr3,1,lockout_1yr,fpr3_1yr,0,-0.0005234011,-0.0005234011,0.00000000000000,true
temporary CSI,oos,raw,total_market,fpr3,1,lockout_1yr,fpr3_1yr,5,-0.0005634325,-0.0005634325,0.00000000000000,true
temporary CSI,oos,raw,total_market,fpr3,1,lockout_1yr,fpr3_1yr,10,-0.0006034630,-0.0006034630,0.00000000000000,true
temporary CSI,oos,raw,total_market,fpr3,1,lockout_1yr,fpr3_1yr,20,-0.0006835210,-0.0006835210,0.00000000000000,true
temporary CSI,oos,raw,total_market,fpr3,2,lockout_2yr,fpr3_2yr,0,0.0002560312,0.0002560312,0.00000000000000,true
temporary CSI,oos,raw,total_market,fpr3,2,lockout_2yr,fpr3_2yr,5,0.0002164981,0.0002164981,0.00000000000000,true
temporary CSI,oos,raw,total_market,fpr3,2,lockout_2yr,fpr3_2yr,10,0.0001769659,0.0001769659,0.00000000000000,true
temporary CSI,oos,raw,total_market,fpr3,2,lockout_2yr,fpr3_2yr,20,0.0000979045,0.0000979045,0.00000000000000,true
temporary CSI,oos,raw,total_market,fpr3,3,lockout_3yr,fpr3_3yr,0,0.0007982677,0.0007982677,0.00000000000000,true
temporary CSI,oos,raw,total_market,fpr3,3,lockout_3yr,fpr3_3yr,5,0.0007596595,0.0007596595,0.00000000000000,true
temporary CSI,oos,raw,total_market,fpr3,3,lockout_3yr,fpr3_3yr,10,0.0007210521,0.0007210521,0.00000000000000,true
temporary CSI,oos,raw,total_market,fpr3,3,lockout_3yr,fpr3_3yr,20,0.0006438402,0.0006438402,0.00000000000000,true
temporary CSI,oos,raw,total_market,fpr3,5,lockout_5yr,fpr3_5yr,0,0.0011313333,0.0011313333,0.00000000000000,true
temporary CSI,oos,raw,total_market,fpr3,5,lockout_5yr,fpr3_5yr,5,0.0010936907,0.0010936907,0.00000000000000,true
temporary CSI,oos,raw,total_market,fpr3,5,lockout_5yr,fpr3_5yr,10,0.0010560490,0.0010560490,0.00000000000000,true
temporary CSI,oos,raw,total_market,fpr3,5,lockout_5yr,fpr3_5yr,20,0.0009807683,0.0009807683,0.00000000000000,true
temporary CSI,oos,raw,total_market,fpr5,1,lockout_1yr,fpr5_1yr,0,-0.0006208768,-0.0006208768,0.00000000000000,true
temporary CSI,oos,raw,total_market,fpr5,1,lockout_1yr,fpr5_1yr,5,-0.0006620272,-0.0006620272,0.00000000000000,true
temporary CSI,oos,raw,total_market,fpr5,1,lockout_1yr,fpr5_1yr,10,-0.0007031765,-0.0007031765,0.00000000000000,true
temporary CSI,oos,raw,total_market,fpr5,1,lockout_1yr,fpr5_1yr,20,-0.0007854721,-0.0007854721,0.00000000000000,true
temporary CSI,oos,raw,total_market,fpr5,2,lockout_2yr,fpr5_2yr,0,0.0000334018,0.0000334018,0.00000000000000,true
temporary CSI,oos,raw,total_market,fpr5,2,lockout_2yr,fpr5_2yr,5,-0.0000071329,-0.0000071329,0.00000000000000,true
temporary CSI,oos,raw,total_market,fpr5,2,lockout_2yr,fpr5_2yr,10,-0.0000476665,-0.0000476665,0.00000000000000,true
temporary CSI,oos,raw,total_market,fpr5,2,lockout_2yr,fpr5_2yr,20,-0.0001287309,-0.0001287309,0.00000000000000,true
temporary CSI,oos,raw,total_market,fpr5,3,lockout_3yr,fpr5_3yr,0,0.0005929272,0.0005929272,0.00000000000000,true
temporary CSI,oos,raw,total_market,fpr5,3,lockout_3yr,fpr5_3yr,5,0.0005535251,0.0005535251,0.00000000000000,true
temporary CSI,oos,raw,total_market,fpr5,3,lockout_3yr,fpr5_3yr,10,0.0005141240,0.0005141240,0.00000000000000,true
temporary CSI,oos,raw,total_market,fpr5,3,lockout_3yr,fpr5_3yr,20,0.0004353248,0.0004353248,0.00000000000000,true
temporary CSI,oos,raw,total_market,fpr5,5,lockout_5yr,fpr5_5yr,0,0.0011678426,0.0011678426,0.00000000000000,true
temporary CSI,oos,raw,total_market,fpr5,5,lockout_5yr,fpr5_5yr,5,0.0011300227,0.0011300227,0.00000000000000,true
temporary CSI,oos,raw,total_market,fpr5,5,lockout_5yr,fpr5_5yr,10,0.0010922037,0.0010922037,0.00000000000000,true
temporary CSI,oos,raw,total_market,fpr5,5,lockout_5yr,fpr5_5yr,20,0.0010165684,0.0010165684,0.00000000000000,true
temporary CSI,oos,raw,total_market,youden,1,lockout_1yr,youden_1yr,0,-0.0003967966,-0.0003967966,0.00000000000000,true
temporary CSI,oos,raw,total_market,youden,1,lockout_1yr,youden_1yr,5,-0.0004562615,-0.0004562615,0.00000000000000,true
temporary CSI,oos,raw,total_market,youden,1,lockout_1yr,youden_1yr,10,-0.0005157246,-0.0005157246,0.00000000000000,true
temporary CSI,oos,raw,total_market,youden,1,lockout_1yr,youden_1yr,20,-0.0006346454,-0.0006346454,0.00000000000000,true
temporary CSI,oos,raw,total_market,youden,2,lockout_2yr,youden_2yr,0,0.0017128933,0.0017128933,0.00000000000000,true
temporary CSI,oos,raw,total_market,youden,2,lockout_2yr,youden_2yr,5,0.0016612337,0.0016612337,0.00000000000000,true
temporary CSI,oos,raw,total_market,youden,2,lockout_2yr,youden_2yr,10,0.0016095755,0.0016095755,0.00000000000000,true
temporary CSI,oos,raw,total_market,youden,2,lockout_2yr,youden_2yr,20,0.0015062634,0.0015062634,0.00000000000000,true
temporary CSI,oos,raw,total_market,youden,3,lockout_3yr,youden_3yr,0,0.0014151388,0.0014151388,0.00000000000000,true
temporary CSI,oos,raw,total_market,youden,3,lockout_3yr,youden_3yr,5,0.0013664442,0.0013664442,0.00000000000000,true
temporary CSI,oos,raw,total_market,youden,3,lockout_3yr,youden_3yr,10,0.0013177509,0.0013177509,0.00000000000000,true
temporary CSI,oos,raw,total_market,youden,3,lockout_3yr,youden_3yr,20,0.0012203683,0.0012203683,0.00000000000000,true
temporary CSI,oos,raw,total_market,youden,5,lockout_5yr,youden_5yr,0,0.0042209150,0.0042209150,0.00000000000000,true
temporary CSI,oos,raw,total_market,youden,5,lockout_5yr,youden_5yr,5,0.0041752057,0.0041752057,0.00000000000000,true
temporary CSI,oos,raw,total_market,youden,5,lockout_5yr,youden_5yr,10,0.0041294976,0.0041294976,0.00000000000000,true
temporary CSI,oos,raw,total_market,youden,5,lockout_5yr,youden_5yr,20,0.0040380851,0.0040380851,0.00000000000000,true
temporary CSI,test,raw,large_cap,fpr1,1,lockout_1yr,fpr1_1yr,0,0.0000340683,0.0000340683,0.00000000000000,true
temporary CSI,test,raw,large_cap,fpr1,1,lockout_1yr,fpr1_1yr,5,-0.0000286133,-0.0000286133,0.00000000000000,true
temporary CSI,test,raw,large_cap,fpr1,1,lockout_1yr,fpr1_1yr,10,-0.0000912924,-0.0000912924,0.00000000000000,true
temporary CSI,test,raw,large_cap,fpr1,1,lockout_1yr,fpr1_1yr,20,-0.0002166428,-0.0002166428,0.00000000000000,true
temporary CSI,test,raw,large_cap,fpr1,2,lockout_2yr,fpr1_2yr,0,0.0000340683,0.0000340683,0.00000000000000,true
temporary CSI,test,raw,large_cap,fpr1,2,lockout_2yr,fpr1_2yr,5,-0.0000286133,-0.0000286133,0.00000000000000,true
temporary CSI,test,raw,large_cap,fpr1,2,lockout_2yr,fpr1_2yr,10,-0.0000912924,-0.0000912924,0.00000000000000,true
temporary CSI,test,raw,large_cap,fpr1,2,lockout_2yr,fpr1_2yr,20,-0.0002166428,-0.0002166428,0.00000000000000,true
temporary CSI,test,raw,large_cap,fpr1,3,lockout_3yr,fpr1_3yr,0,0.0000340683,0.0000340683,0.00000000000000,true
temporary CSI,test,raw,large_cap,fpr1,3,lockout_3yr,fpr1_3yr,5,-0.0000286133,-0.0000286133,0.00000000000000,true
temporary CSI,test,raw,large_cap,fpr1,3,lockout_3yr,fpr1_3yr,10,-0.0000912924,-0.0000912924,0.00000000000000,true
temporary CSI,test,raw,large_cap,fpr1,3,lockout_3yr,fpr1_3yr,20,-0.0002166428,-0.0002166428,0.00000000000000,true
temporary CSI,test,raw,large_cap,fpr1,5,lockout_5yr,fpr1_5yr,0,0.0000340683,0.0000340683,0.00000000000000,true
temporary CSI,test,raw,large_cap,fpr1,5,lockout_5yr,fpr1_5yr,5,-0.0000286133,-0.0000286133,0.00000000000000,true
temporary CSI,test,raw,large_cap,fpr1,5,lockout_5yr,fpr1_5yr,10,-0.0000912924,-0.0000912924,0.00000000000000,true
temporary CSI,test,raw,large_cap,fpr1,5,lockout_5yr,fpr1_5yr,20,-0.0002166428,-0.0002166428,0.00000000000000,true
temporary CSI,test,raw,large_cap,fpr3,1,lockout_1yr,fpr3_1yr,0,0.0000340683,0.0000340683,0.00000000000000,true
temporary CSI,test,raw,large_cap,fpr3,1,lockout_1yr,fpr3_1yr,5,-0.0000286133,-0.0000286133,0.00000000000000,true
temporary CSI,test,raw,large_cap,fpr3,1,lockout_1yr,fpr3_1yr,10,-0.0000912924,-0.0000912924,0.00000000000000,true
temporary CSI,test,raw,large_cap,fpr3,1,lockout_1yr,fpr3_1yr,20,-0.0002166428,-0.0002166428,0.00000000000000,true
temporary CSI,test,raw,large_cap,fpr3,2,lockout_2yr,fpr3_2yr,0,0.0000247703,0.0000247703,0.00000000000000,true
temporary CSI,test,raw,large_cap,fpr3,2,lockout_2yr,fpr3_2yr,5,-0.0000379042,-0.0000379042,0.00000000000000,true
temporary CSI,test,raw,large_cap,fpr3,2,lockout_2yr,fpr3_2yr,10,-0.0001005762,-0.0001005762,0.00000000000000,true
temporary CSI,test,raw,large_cap,fpr3,2,lockout_2yr,fpr3_2yr,20,-0.0002259124,-0.0002259124,0.00000000000000,true
temporary CSI,test,raw,large_cap,fpr3,3,lockout_3yr,fpr3_3yr,0,0.0000509581,0.0000509581,0.00000000000000,true
temporary CSI,test,raw,large_cap,fpr3,3,lockout_3yr,fpr3_3yr,5,-0.0000116447,-0.0000116447,0.00000000000000,true
temporary CSI,test,raw,large_cap,fpr3,3,lockout_3yr,fpr3_3yr,10,-0.0000742449,-0.0000742449,0.00000000000000,true
temporary CSI,test,raw,large_cap,fpr3,3,lockout_3yr,fpr3_3yr,20,-0.0001994376,-0.0001994376,0.00000000000000,true
temporary CSI,test,raw,large_cap,fpr3,5,lockout_5yr,fpr3_5yr,0,0.0000509581,0.0000509581,0.00000000000000,true
temporary CSI,test,raw,large_cap,fpr3,5,lockout_5yr,fpr3_5yr,5,-0.0000116447,-0.0000116447,0.00000000000000,true
temporary CSI,test,raw,large_cap,fpr3,5,lockout_5yr,fpr3_5yr,10,-0.0000742449,-0.0000742449,0.00000000000000,true
temporary CSI,test,raw,large_cap,fpr3,5,lockout_5yr,fpr3_5yr,20,-0.0001994376,-0.0001994376,0.00000000000000,true
temporary CSI,test,raw,large_cap,fpr5,1,lockout_1yr,fpr5_1yr,0,0.0001157946,0.0001157946,0.00000000000000,true
temporary CSI,test,raw,large_cap,fpr5,1,lockout_1yr,fpr5_1yr,5,0.0000531406,0.0000531406,0.00000000000000,true
temporary CSI,test,raw,large_cap,fpr5,1,lockout_1yr,fpr5_1yr,10,-0.0000095108,-0.0000095108,0.00000000000000,true
temporary CSI,test,raw,large_cap,fpr5,1,lockout_1yr,fpr5_1yr,20,-0.0001348060,-0.0001348060,0.00000000000000,true
temporary CSI,test,raw,large_cap,fpr5,2,lockout_2yr,fpr5_2yr,0,0.0001171127,0.0001171127,0.00000000000000,true
temporary CSI,test,raw,large_cap,fpr5,2,lockout_2yr,fpr5_2yr,5,0.0000545138,0.0000545138,0.00000000000000,true
temporary CSI,test,raw,large_cap,fpr5,2,lockout_2yr,fpr5_2yr,10,-0.0000080827,-0.0000080827,0.00000000000000,true
temporary CSI,test,raw,large_cap,fpr5,2,lockout_2yr,fpr5_2yr,20,-0.0001332678,-0.0001332678,0.00000000000000,true
temporary CSI,test,raw,large_cap,fpr5,3,lockout_3yr,fpr5_3yr,0,0.0002005169,0.0002005169,0.00000000000000,true
temporary CSI,test,raw,large_cap,fpr5,3,lockout_3yr,fpr5_3yr,5,0.0001381867,0.0001381867,0.00000000000000,true
temporary CSI,test,raw,large_cap,fpr5,3,lockout_3yr,fpr5_3yr,10,0.0000758591,0.0000758591,0.00000000000000,true
temporary CSI,test,raw,large_cap,fpr5,3,lockout_3yr,fpr5_3yr,20,-0.0000487886,-0.0000487886,0.00000000000000,true
temporary CSI,test,raw,large_cap,fpr5,5,lockout_5yr,fpr5_5yr,0,0.0002294745,0.0002294745,0.00000000000000,true
temporary CSI,test,raw,large_cap,fpr5,5,lockout_5yr,fpr5_5yr,5,0.0001670221,0.0001670221,0.00000000000000,true
temporary CSI,test,raw,large_cap,fpr5,5,lockout_5yr,fpr5_5yr,10,0.0001045722,0.0001045722,0.00000000000000,true
temporary CSI,test,raw,large_cap,fpr5,5,lockout_5yr,fpr5_5yr,20,-0.0000203200,-0.0000203200,0.00000000000000,true
temporary CSI,test,raw,large_cap,youden,1,lockout_1yr,youden_1yr,0,0.0008928792,0.0008928792,0.00000000000000,true
temporary CSI,test,raw,large_cap,youden,1,lockout_1yr,youden_1yr,5,0.0008178463,0.0008178463,0.00000000000000,true
temporary CSI,test,raw,large_cap,youden,1,lockout_1yr,youden_1yr,10,0.0007428170,0.0007428170,0.00000000000000,true
temporary CSI,test,raw,large_cap,youden,1,lockout_1yr,youden_1yr,20,0.0005927686,0.0005927686,0.00000000000000,true
temporary CSI,test,raw,large_cap,youden,2,lockout_2yr,youden_2yr,0,0.0015055824,0.0015055824,0.00000000000000,true
temporary CSI,test,raw,large_cap,youden,2,lockout_2yr,youden_2yr,5,0.0014359138,0.0014359138,0.00000000000000,true
temporary CSI,test,raw,large_cap,youden,2,lockout_2yr,youden_2yr,10,0.0013662482,0.0013662482,0.00000000000000,true
temporary CSI,test,raw,large_cap,youden,2,lockout_2yr,youden_2yr,20,0.0012269263,0.0012269263,0.00000000000000,true
temporary CSI,test,raw,large_cap,youden,3,lockout_3yr,youden_3yr,0,0.0021097697,0.0021097697,0.00000000000000,true
temporary CSI,test,raw,large_cap,youden,3,lockout_3yr,youden_3yr,5,0.0020440391,0.0020440391,0.00000000000000,true
temporary CSI,test,raw,large_cap,youden,3,lockout_3yr,youden_3yr,10,0.0019783114,0.0019783114,0.00000000000000,true
temporary CSI,test,raw,large_cap,youden,3,lockout_3yr,youden_3yr,20,0.0018468640,0.0018468640,0.00000000000000,true
temporary CSI,test,raw,large_cap,youden,5,lockout_5yr,youden_5yr,0,0.0021902713,0.0021902713,0.00000000000000,true
temporary CSI,test,raw,large_cap,youden,5,lockout_5yr,youden_5yr,5,0.0021182894,0.0021182894,0.00000000000000,true
temporary CSI,test,raw,large_cap,youden,5,lockout_5yr,youden_5yr,10,0.0020463107,0.0020463107,0.00000000000000,true
temporary CSI,test,raw,large_cap,youden,5,lockout_5yr,youden_5yr,20,0.0019023624,0.0019023624,0.00000000000000,true
temporary CSI,test,raw,mid_cap,fpr1,1,lockout_1yr,fpr1_1yr,0,0.0002053057,0.0002053057,0.00000000000000,true
temporary CSI,test,raw,mid_cap,fpr1,1,lockout_1yr,fpr1_1yr,5,-0.0002594815,-0.0002594815,0.00000000000000,true
temporary CSI,test,raw,mid_cap,fpr1,1,lockout_1yr,fpr1_1yr,10,-0.0007241273,-0.0007241273,0.00000000000000,true
temporary CSI,test,raw,mid_cap,fpr1,1,lockout_1yr,fpr1_1yr,20,-0.0016529954,-0.0016529954,0.00000000000000,true
temporary CSI,test,raw,mid_cap,fpr1,2,lockout_2yr,fpr1_2yr,0,0.0002053057,0.0002053057,0.00000000000000,true
temporary CSI,test,raw,mid_cap,fpr1,2,lockout_2yr,fpr1_2yr,5,-0.0002594815,-0.0002594815,0.00000000000000,true
temporary CSI,test,raw,mid_cap,fpr1,2,lockout_2yr,fpr1_2yr,10,-0.0007241273,-0.0007241273,0.00000000000000,true
temporary CSI,test,raw,mid_cap,fpr1,2,lockout_2yr,fpr1_2yr,20,-0.0016529954,-0.0016529954,0.00000000000000,true
temporary CSI,test,raw,mid_cap,fpr1,3,lockout_3yr,fpr1_3yr,0,0.0002053057,0.0002053057,0.00000000000000,true
temporary CSI,test,raw,mid_cap,fpr1,3,lockout_3yr,fpr1_3yr,5,-0.0002594815,-0.0002594815,0.00000000000000,true
temporary CSI,test,raw,mid_cap,fpr1,3,lockout_3yr,fpr1_3yr,10,-0.0007241273,-0.0007241273,0.00000000000000,true
temporary CSI,test,raw,mid_cap,fpr1,3,lockout_3yr,fpr1_3yr,20,-0.0016529954,-0.0016529954,0.00000000000000,true
temporary CSI,test,raw,mid_cap,fpr1,5,lockout_5yr,fpr1_5yr,0,0.0002053057,0.0002053057,0.00000000000000,true
temporary CSI,test,raw,mid_cap,fpr1,5,lockout_5yr,fpr1_5yr,5,-0.0002594815,-0.0002594815,0.00000000000000,true
temporary CSI,test,raw,mid_cap,fpr1,5,lockout_5yr,fpr1_5yr,10,-0.0007241273,-0.0007241273,0.00000000000000,true
temporary CSI,test,raw,mid_cap,fpr1,5,lockout_5yr,fpr1_5yr,20,-0.0016529954,-0.0016529954,0.00000000000000,true
temporary CSI,test,raw,mid_cap,fpr3,1,lockout_1yr,fpr3_1yr,0,0.0002053057,0.0002053057,0.00000000000000,true
temporary CSI,test,raw,mid_cap,fpr3,1,lockout_1yr,fpr3_1yr,5,-0.0002594815,-0.0002594815,0.00000000000000,true
temporary CSI,test,raw,mid_cap,fpr3,1,lockout_1yr,fpr3_1yr,10,-0.0007241273,-0.0007241273,0.00000000000000,true
temporary CSI,test,raw,mid_cap,fpr3,1,lockout_1yr,fpr3_1yr,20,-0.0016529954,-0.0016529954,0.00000000000000,true
temporary CSI,test,raw,mid_cap,fpr3,2,lockout_2yr,fpr3_2yr,0,0.0001543087,0.0001543087,0.00000000000000,true
temporary CSI,test,raw,mid_cap,fpr3,2,lockout_2yr,fpr3_2yr,5,-0.0003102558,-0.0003102558,0.00000000000000,true
temporary CSI,test,raw,mid_cap,fpr3,2,lockout_2yr,fpr3_2yr,10,-0.0007746792,-0.0007746792,0.00000000000000,true
temporary CSI,test,raw,mid_cap,fpr3,2,lockout_2yr,fpr3_2yr,20,-0.0017031026,-0.0017031026,0.00000000000000,true
temporary CSI,test,raw,mid_cap,fpr3,3,lockout_3yr,fpr3_3yr,0,0.0003063426,0.0003063426,0.00000000000000,true
temporary CSI,test,raw,mid_cap,fpr3,3,lockout_3yr,fpr3_3yr,5,-0.0001579326,-0.0001579326,0.00000000000000,true
temporary CSI,test,raw,mid_cap,fpr3,3,lockout_3yr,fpr3_3yr,10,-0.0006220669,-0.0006220669,0.00000000000000,true
temporary CSI,test,raw,mid_cap,fpr3,3,lockout_3yr,fpr3_3yr,20,-0.0015499129,-0.0015499129,0.00000000000000,true
temporary CSI,test,raw,mid_cap,fpr3,5,lockout_5yr,fpr3_5yr,0,0.0003063426,0.0003063426,0.00000000000000,true
temporary CSI,test,raw,mid_cap,fpr3,5,lockout_5yr,fpr3_5yr,5,-0.0001579326,-0.0001579326,0.00000000000000,true
temporary CSI,test,raw,mid_cap,fpr3,5,lockout_5yr,fpr3_5yr,10,-0.0006220669,-0.0006220669,0.00000000000000,true
temporary CSI,test,raw,mid_cap,fpr3,5,lockout_5yr,fpr3_5yr,20,-0.0015499129,-0.0015499129,0.00000000000000,true
temporary CSI,test,raw,mid_cap,fpr5,1,lockout_1yr,fpr5_1yr,0,0.0006375177,0.0006375177,0.00000000000000,true
temporary CSI,test,raw,mid_cap,fpr5,1,lockout_1yr,fpr5_1yr,5,0.0001719568,0.0001719568,0.00000000000000,true
temporary CSI,test,raw,mid_cap,fpr5,1,lockout_1yr,fpr5_1yr,10,-0.0002934625,-0.0002934625,0.00000000000000,true
temporary CSI,test,raw,mid_cap,fpr5,1,lockout_1yr,fpr5_1yr,20,-0.0012238759,-0.0012238759,0.00000000000000,true
temporary CSI,test,raw,mid_cap,fpr5,2,lockout_2yr,fpr5_2yr,0,0.0006254361,0.0006254361,0.00000000000000,true
temporary CSI,test,raw,mid_cap,fpr5,2,lockout_2yr,fpr5_2yr,5,0.0001601113,0.0001601113,0.00000000000000,true
temporary CSI,test,raw,mid_cap,fpr5,2,lockout_2yr,fpr5_2yr,10,-0.0003050719,-0.0003050719,0.00000000000000,true
temporary CSI,test,raw,mid_cap,fpr5,2,lockout_2yr,fpr5_2yr,20,-0.0012350138,-0.0012350138,0.00000000000000,true
temporary CSI,test,raw,mid_cap,fpr5,3,lockout_3yr,fpr5_3yr,0,0.0011138943,0.0011138943,0.00000000000000,true
temporary CSI,test,raw,mid_cap,fpr5,3,lockout_3yr,fpr5_3yr,5,0.0006498083,0.0006498083,0.00000000000000,true
temporary CSI,test,raw,mid_cap,fpr5,3,lockout_3yr,fpr5_3yr,10,0.0001858629,0.0001858629,0.00000000000000,true
temporary CSI,test,raw,mid_cap,fpr5,3,lockout_3yr,fpr5_3yr,20,-0.0007416059,-0.0007416059,0.00000000000000,true
temporary CSI,test,raw,mid_cap,fpr5,5,lockout_5yr,fpr5_5yr,0,0.0009398392,0.0009398392,0.00000000000000,true
temporary CSI,test,raw,mid_cap,fpr5,5,lockout_5yr,fpr5_5yr,5,0.0004773155,0.0004773155,0.00000000000000,true
temporary CSI,test,raw,mid_cap,fpr5,5,lockout_5yr,fpr5_5yr,10,0.0000149316,0.0000149316,0.00000000000000,true
temporary CSI,test,raw,mid_cap,fpr5,5,lockout_5yr,fpr5_5yr,20,-0.0009094170,-0.0009094170,0.00000000000000,true
temporary CSI,test,raw,mid_cap,youden,1,lockout_1yr,youden_1yr,0,0.0020970548,0.0020970548,0.00000000000000,true
temporary CSI,test,raw,mid_cap,youden,1,lockout_1yr,youden_1yr,5,0.0016219818,0.0016219818,0.00000000000000,true
temporary CSI,test,raw,mid_cap,youden,1,lockout_1yr,youden_1yr,10,0.0011470547,0.0011470547,0.00000000000000,true
temporary CSI,test,raw,mid_cap,youden,1,lockout_1yr,youden_1yr,20,0.0001976380,0.0001976380,0.00000000000000,true
temporary CSI,test,raw,mid_cap,youden,2,lockout_2yr,youden_2yr,0,0.0028265463,0.0028265463,0.00000000000000,true
temporary CSI,test,raw,mid_cap,youden,2,lockout_2yr,youden_2yr,5,0.0023660303,0.0023660303,0.00000000000000,true
temporary CSI,test,raw,mid_cap,youden,2,lockout_2yr,youden_2yr,10,0.0019056521,0.0019056521,0.00000000000000,true
temporary CSI,test,raw,mid_cap,youden,2,lockout_2yr,youden_2yr,20,0.0009853085,0.0009853085,0.00000000000000,true
temporary CSI,test,raw,mid_cap,youden,3,lockout_3yr,youden_3yr,0,0.0020660885,0.0020660885,0.00000000000000,true
temporary CSI,test,raw,mid_cap,youden,3,lockout_3yr,youden_3yr,5,0.0016136231,0.0016136231,0.00000000000000,true
temporary CSI,test,raw,mid_cap,youden,3,lockout_3yr,youden_3yr,10,0.0011612905,0.0011612905,0.00000000000000,true
temporary CSI,test,raw,mid_cap,youden,3,lockout_3yr,youden_3yr,20,0.0002570240,0.0002570240,0.00000000000000,true
temporary CSI,test,raw,mid_cap,youden,5,lockout_5yr,youden_5yr,0,0.0033222231,0.0033222231,0.00000000000000,true
temporary CSI,test,raw,mid_cap,youden,5,lockout_5yr,youden_5yr,5,0.0028659940,0.0028659940,0.00000000000000,true
temporary CSI,test,raw,mid_cap,youden,5,lockout_5yr,youden_5yr,10,0.0024099003,0.0024099003,0.00000000000000,true
temporary CSI,test,raw,mid_cap,youden,5,lockout_5yr,youden_5yr,20,0.0014981187,0.0014981187,0.00000000000000,true
temporary CSI,test,raw,small_cap,fpr1,1,lockout_1yr,fpr1_1yr,0,0.0002997604,0.0002997604,0.00000000000000,true
temporary CSI,test,raw,small_cap,fpr1,1,lockout_1yr,fpr1_1yr,5,-0.0000338800,-0.0000338800,0.00000000000000,true
temporary CSI,test,raw,small_cap,fpr1,1,lockout_1yr,fpr1_1yr,10,-0.0003674460,-0.0003674460,0.00000000000000,true
temporary CSI,test,raw,small_cap,fpr1,1,lockout_1yr,fpr1_1yr,20,-0.0010343545,-0.0010343545,0.00000000000000,true
temporary CSI,test,raw,small_cap,fpr1,2,lockout_2yr,fpr1_2yr,0,0.0002038103,0.0002038103,-0.00000000000000,true
temporary CSI,test,raw,small_cap,fpr1,2,lockout_2yr,fpr1_2yr,5,-0.0001297521,-0.0001297521,0.00000000000000,true
temporary CSI,test,raw,small_cap,fpr1,2,lockout_2yr,fpr1_2yr,10,-0.0004632400,-0.0004632400,0.00000000000000,true
temporary CSI,test,raw,small_cap,fpr1,2,lockout_2yr,fpr1_2yr,20,-0.0011299926,-0.0011299926,0.00000000000000,true
temporary CSI,test,raw,small_cap,fpr1,3,lockout_3yr,fpr1_3yr,0,0.0001958986,0.0001958986,0.00000000000000,true
temporary CSI,test,raw,small_cap,fpr1,3,lockout_3yr,fpr1_3yr,5,-0.0001376262,-0.0001376262,0.00000000000000,true
temporary CSI,test,raw,small_cap,fpr1,3,lockout_3yr,fpr1_3yr,10,-0.0004710767,-0.0004710767,0.00000000000000,true
temporary CSI,test,raw,small_cap,fpr1,3,lockout_3yr,fpr1_3yr,20,-0.0011377544,-0.0011377544,0.00000000000000,true
temporary CSI,test,raw,small_cap,fpr1,5,lockout_5yr,fpr1_5yr,0,0.0003256626,0.0003256626,0.00000000000000,true
temporary CSI,test,raw,small_cap,fpr1,5,lockout_5yr,fpr1_5yr,5,-0.0000077018,-0.0000077018,0.00000000000000,true
temporary CSI,test,raw,small_cap,fpr1,5,lockout_5yr,fpr1_5yr,10,-0.0003409918,-0.0003409918,0.00000000000000,true
temporary CSI,test,raw,small_cap,fpr1,5,lockout_5yr,fpr1_5yr,20,-0.0010073490,-0.0010073490,0.00000000000000,true
temporary CSI,test,raw,small_cap,fpr3,1,lockout_1yr,fpr3_1yr,0,0.0010800483,0.0010800483,0.00000000000000,true
temporary CSI,test,raw,small_cap,fpr3,1,lockout_1yr,fpr3_1yr,5,0.0007463979,0.0007463979,0.00000000000000,true
temporary CSI,test,raw,small_cap,fpr3,1,lockout_1yr,fpr3_1yr,10,0.0004128218,0.0004128218,0.00000000000000,true
temporary CSI,test,raw,small_cap,fpr3,1,lockout_1yr,fpr3_1yr,20,-0.0002541072,-0.0002541072,0.00000000000000,true
temporary CSI,test,raw,small_cap,fpr3,2,lockout_2yr,fpr3_2yr,0,0.0007145551,0.0007145551,0.00000000000000,true
temporary CSI,test,raw,small_cap,fpr3,2,lockout_2yr,fpr3_2yr,5,0.0003812609,0.0003812609,0.00000000000000,true
temporary CSI,test,raw,small_cap,fpr3,2,lockout_2yr,fpr3_2yr,10,0.0000480409,0.0000480409,0.00000000000000,true
temporary CSI,test,raw,small_cap,fpr3,2,lockout_2yr,fpr3_2yr,20,-0.0006181764,-0.0006181764,0.00000000000000,true
temporary CSI,test,raw,small_cap,fpr3,3,lockout_3yr,fpr3_3yr,0,0.0009398784,0.0009398784,0.00000000000000,true
temporary CSI,test,raw,small_cap,fpr3,3,lockout_3yr,fpr3_3yr,5,0.0006064082,0.0006064082,0.00000000000000,true
temporary CSI,test,raw,small_cap,fpr3,3,lockout_3yr,fpr3_3yr,10,0.0002730123,0.0002730123,0.00000000000000,true
temporary CSI,test,raw,small_cap,fpr3,3,lockout_3yr,fpr3_3yr,20,-0.0003935565,-0.0003935565,0.00000000000000,true
temporary CSI,test,raw,small_cap,fpr3,5,lockout_5yr,fpr3_5yr,0,0.0015689751,0.0015689751,0.00000000000000,true
temporary CSI,test,raw,small_cap,fpr3,5,lockout_5yr,fpr3_5yr,5,0.0012353614,0.0012353614,0.00000000000000,true
temporary CSI,test,raw,small_cap,fpr3,5,lockout_5yr,fpr3_5yr,10,0.0009018220,0.0009018220,0.00000000000000,true
temporary CSI,test,raw,small_cap,fpr3,5,lockout_5yr,fpr3_5yr,20,0.0002349663,0.0002349663,0.00000000000000,true
temporary CSI,test,raw,small_cap,fpr5,1,lockout_1yr,fpr5_1yr,0,0.0011034366,0.0011034366,0.00000000000000,true
temporary CSI,test,raw,small_cap,fpr5,1,lockout_1yr,fpr5_1yr,5,0.0007697407,0.0007697407,0.00000000000000,true
temporary CSI,test,raw,small_cap,fpr5,1,lockout_1yr,fpr5_1yr,10,0.0004361191,0.0004361191,0.00000000000000,true
temporary CSI,test,raw,small_cap,fpr5,1,lockout_1yr,fpr5_1yr,20,-0.0002309007,-0.0002309007,0.00000000000000,true
temporary CSI,test,raw,small_cap,fpr5,2,lockout_2yr,fpr5_2yr,0,0.0009102491,0.0009102491,0.00000000000000,true
temporary CSI,test,raw,small_cap,fpr5,2,lockout_2yr,fpr5_2yr,5,0.0005775691,0.0005775691,0.00000000000000,true
temporary CSI,test,raw,small_cap,fpr5,2,lockout_2yr,fpr5_2yr,10,0.0002449630,0.0002449630,0.00000000000000,true
temporary CSI,test,raw,small_cap,fpr5,2,lockout_2yr,fpr5_2yr,20,-0.0004200273,-0.0004200273,0.00000000000000,true
temporary CSI,test,raw,small_cap,fpr5,3,lockout_3yr,fpr5_3yr,0,0.0002920174,0.0002920174,0.00000000000000,true
temporary CSI,test,raw,small_cap,fpr5,3,lockout_3yr,fpr5_3yr,5,-0.0000394377,-0.0000394377,0.00000000000000,true
temporary CSI,test,raw,small_cap,fpr5,3,lockout_3yr,fpr5_3yr,10,-0.0003708193,-0.0003708193,0.00000000000000,true
temporary CSI,test,raw,small_cap,fpr5,3,lockout_3yr,fpr5_3yr,20,-0.0010333624,-0.0010333624,0.00000000000000,true
temporary CSI,test,raw,small_cap,fpr5,5,lockout_5yr,fpr5_5yr,0,0.0010329548,0.0010329548,0.00000000000000,true
temporary CSI,test,raw,small_cap,fpr5,5,lockout_5yr,fpr5_5yr,5,0.0007014416,0.0007014416,0.00000000000000,true
temporary CSI,test,raw,small_cap,fpr5,5,lockout_5yr,fpr5_5yr,10,0.0003700018,0.0003700018,0.00000000000000,true
temporary CSI,test,raw,small_cap,fpr5,5,lockout_5yr,fpr5_5yr,20,-0.0002926576,-0.0002926576,0.00000000000000,true
temporary CSI,test,raw,small_cap,youden,1,lockout_1yr,youden_1yr,0,0.0065072231,0.0065072231,0.00000000000000,true
temporary CSI,test,raw,small_cap,youden,1,lockout_1yr,youden_1yr,5,0.0061511474,0.0061511474,0.00000000000000,true
temporary CSI,test,raw,small_cap,youden,1,lockout_1yr,youden_1yr,10,0.0057951542,0.0057951542,0.00000000000000,true
temporary CSI,test,raw,small_cap,youden,1,lockout_1yr,youden_1yr,20,0.0050834158,0.0050834158,0.00000000000000,true
temporary CSI,test,raw,small_cap,youden,2,lockout_2yr,youden_2yr,0,0.0076928853,0.0076928853,0.00000000000000,true
temporary CSI,test,raw,small_cap,youden,2,lockout_2yr,youden_2yr,5,0.0073503595,0.0073503595,0.00000000000000,true
temporary CSI,test,raw,small_cap,youden,2,lockout_2yr,youden_2yr,10,0.0070079107,0.0070079107,0.00000000000000,true
temporary CSI,test,raw,small_cap,youden,2,lockout_2yr,youden_2yr,20,0.0063232439,0.0063232439,0.00000000000000,true
temporary CSI,test,raw,small_cap,youden,3,lockout_3yr,youden_3yr,0,0.0072349355,0.0072349355,0.00000000000000,true
temporary CSI,test,raw,small_cap,youden,3,lockout_3yr,youden_3yr,5,0.0068956455,0.0068956455,0.00000000000000,true
temporary CSI,test,raw,small_cap,youden,3,lockout_3yr,youden_3yr,10,0.0065564309,0.0065564309,0.00000000000000,true
temporary CSI,test,raw,small_cap,youden,3,lockout_3yr,youden_3yr,20,0.0058782283,0.0058782283,0.00000000000000,true
temporary CSI,test,raw,small_cap,youden,5,lockout_5yr,youden_5yr,0,0.0053364391,0.0053364391,0.00000000000000,true
temporary CSI,test,raw,small_cap,youden,5,lockout_5yr,youden_5yr,5,0.0049995468,0.0049995468,0.00000000000000,true
temporary CSI,test,raw,small_cap,youden,5,lockout_5yr,youden_5yr,10,0.0046627296,0.0046627296,0.00000000000000,true
temporary CSI,test,raw,small_cap,youden,5,lockout_5yr,youden_5yr,20,0.0039893207,0.0039893207,0.00000000000000,true
temporary CSI,test,raw,total_market,fpr1,1,lockout_1yr,fpr1_1yr,0,0.0001437391,0.0001437391,0.00000000000000,true
temporary CSI,test,raw,total_market,fpr1,1,lockout_1yr,fpr1_1yr,5,0.0001046764,0.0001046764,0.00000000000000,true
temporary CSI,test,raw,total_market,fpr1,1,lockout_1yr,fpr1_1yr,10,0.0000656147,0.0000656147,0.00000000000000,true
temporary CSI,test,raw,total_market,fpr1,1,lockout_1yr,fpr1_1yr,20,-0.0000125057,-0.0000125057,0.00000000000000,true
temporary CSI,test,raw,total_market,fpr1,2,lockout_2yr,fpr1_2yr,0,0.0001593707,0.0001593707,0.00000000000000,true
temporary CSI,test,raw,total_market,fpr1,2,lockout_2yr,fpr1_2yr,5,0.0001203778,0.0001203778,0.00000000000000,true
temporary CSI,test,raw,total_market,fpr1,2,lockout_2yr,fpr1_2yr,10,0.0000813860,0.0000813860,0.00000000000000,true
temporary CSI,test,raw,total_market,fpr1,2,lockout_2yr,fpr1_2yr,20,0.0000034052,0.0000034052,0.00000000000000,true
temporary CSI,test,raw,total_market,fpr1,3,lockout_3yr,fpr1_3yr,0,0.0001572220,0.0001572220,0.00000000000000,true
temporary CSI,test,raw,total_market,fpr1,3,lockout_3yr,fpr1_3yr,5,0.0001182258,0.0001182258,0.00000000000000,true
temporary CSI,test,raw,total_market,fpr1,3,lockout_3yr,fpr1_3yr,10,0.0000792307,0.0000792307,0.00000000000000,true
temporary CSI,test,raw,total_market,fpr1,3,lockout_3yr,fpr1_3yr,20,0.0000012433,0.0000012433,0.00000000000000,true
temporary CSI,test,raw,total_market,fpr1,5,lockout_5yr,fpr1_5yr,0,0.0001898201,0.0001898201,0.00000000000000,true
temporary CSI,test,raw,total_market,fpr1,5,lockout_5yr,fpr1_5yr,5,0.0001508757,0.0001508757,0.00000000000000,true
temporary CSI,test,raw,total_market,fpr1,5,lockout_5yr,fpr1_5yr,10,0.0001119323,0.0001119323,0.00000000000000,true
temporary CSI,test,raw,total_market,fpr1,5,lockout_5yr,fpr1_5yr,20,0.0000340484,0.0000340484,0.00000000000000,true
temporary CSI,test,raw,total_market,fpr3,1,lockout_1yr,fpr3_1yr,0,0.0003289832,0.0003289832,0.00000000000000,true
temporary CSI,test,raw,total_market,fpr3,1,lockout_1yr,fpr3_1yr,5,0.0002897313,0.0002897313,0.00000000000000,true
temporary CSI,test,raw,total_market,fpr3,1,lockout_1yr,fpr3_1yr,10,0.0002504805,0.0002504805,0.00000000000000,true
temporary CSI,test,raw,total_market,fpr3,1,lockout_1yr,fpr3_1yr,20,0.0001719817,0.0001719817,0.00000000000000,true
temporary CSI,test,raw,total_market,fpr3,2,lockout_2yr,fpr3_2yr,0,0.0003361888,0.0003361888,0.00000000000000,true
temporary CSI,test,raw,total_market,fpr3,2,lockout_2yr,fpr3_2yr,5,0.0002970447,0.0002970447,0.00000000000000,true
temporary CSI,test,raw,total_market,fpr3,2,lockout_2yr,fpr3_2yr,10,0.0002579015,0.0002579015,0.00000000000000,true
temporary CSI,test,raw,total_market,fpr3,2,lockout_2yr,fpr3_2yr,20,0.0001796182,0.0001796182,0.00000000000000,true
temporary CSI,test,raw,total_market,fpr3,3,lockout_3yr,fpr3_3yr,0,0.0004108278,0.0004108278,0.00000000000000,true
temporary CSI,test,raw,total_market,fpr3,3,lockout_3yr,fpr3_3yr,5,0.0003717292,0.0003717292,0.00000000000000,true
temporary CSI,test,raw,total_market,fpr3,3,lockout_3yr,fpr3_3yr,10,0.0003326316,0.0003326316,0.00000000000000,true
temporary CSI,test,raw,total_market,fpr3,3,lockout_3yr,fpr3_3yr,20,0.0002544394,0.0002544394,0.00000000000000,true
temporary CSI,test,raw,total_market,fpr3,5,lockout_5yr,fpr3_5yr,0,0.0005291730,0.0005291730,0.00000000000000,true
temporary CSI,test,raw,total_market,fpr3,5,lockout_5yr,fpr3_5yr,5,0.0004901352,0.0004901352,0.00000000000000,true
temporary CSI,test,raw,total_market,fpr3,5,lockout_5yr,fpr3_5yr,10,0.0004510984,0.0004510984,0.00000000000000,true
temporary CSI,test,raw,total_market,fpr3,5,lockout_5yr,fpr3_5yr,20,0.0003730279,0.0003730279,0.00000000000000,true
temporary CSI,test,raw,total_market,fpr5,1,lockout_1yr,fpr5_1yr,0,0.0005242481,0.0005242481,0.00000000000000,true
temporary CSI,test,raw,total_market,fpr5,1,lockout_1yr,fpr5_1yr,5,0.0004847097,0.0004847097,0.00000000000000,true
temporary CSI,test,raw,total_market,fpr5,1,lockout_1yr,fpr5_1yr,10,0.0004451723,0.0004451723,0.00000000000000,true
temporary CSI,test,raw,total_market,fpr5,1,lockout_1yr,fpr5_1yr,20,0.0003661005,0.0003661005,0.00000000000000,true
temporary CSI,test,raw,total_market,fpr5,2,lockout_2yr,fpr5_2yr,0,0.0005579524,0.0005579524,0.00000000000000,true
temporary CSI,test,raw,total_market,fpr5,2,lockout_2yr,fpr5_2yr,5,0.0005185308,0.0005185308,0.00000000000000,true
temporary CSI,test,raw,total_market,fpr5,2,lockout_2yr,fpr5_2yr,10,0.0004791102,0.0004791102,0.00000000000000,true
temporary CSI,test,raw,total_market,fpr5,2,lockout_2yr,fpr5_2yr,20,0.0004002721,0.0004002721,0.00000000000000,true
temporary CSI,test,raw,total_market,fpr5,3,lockout_3yr,fpr5_3yr,0,0.0005747661,0.0005747661,0.00000000000000,true
temporary CSI,test,raw,total_market,fpr5,3,lockout_3yr,fpr5_3yr,5,0.0005354229,0.0005354229,0.00000000000000,true
temporary CSI,test,raw,total_market,fpr5,3,lockout_3yr,fpr5_3yr,10,0.0004960807,0.0004960807,0.00000000000000,true
temporary CSI,test,raw,total_market,fpr5,3,lockout_3yr,fpr5_3yr,20,0.0004173992,0.0004173992,0.00000000000000,true
temporary CSI,test,raw,total_market,fpr5,5,lockout_5yr,fpr5_5yr,0,0.0007339471,0.0007339471,0.00000000000000,true
temporary CSI,test,raw,total_market,fpr5,5,lockout_5yr,fpr5_5yr,5,0.0006945640,0.0006945640,0.00000000000000,true
temporary CSI,test,raw,total_market,fpr5,5,lockout_5yr,fpr5_5yr,10,0.0006551819,0.0006551819,0.00000000000000,true
temporary CSI,test,raw,total_market,fpr5,5,lockout_5yr,fpr5_5yr,20,0.0005764208,0.0005764208,0.00000000000000,true
temporary CSI,test,raw,total_market,youden,1,lockout_1yr,youden_1yr,0,0.0023064262,0.0023064262,0.00000000000000,true
temporary CSI,test,raw,total_market,youden,1,lockout_1yr,youden_1yr,5,0.0022462807,0.0022462807,0.00000000000000,true
temporary CSI,test,raw,total_market,youden,1,lockout_1yr,youden_1yr,10,0.0021861373,0.0021861373,0.00000000000000,true
temporary CSI,test,raw,total_market,youden,1,lockout_1yr,youden_1yr,20,0.0020658564,0.0020658564,0.00000000000000,true
temporary CSI,test,raw,total_market,youden,2,lockout_2yr,youden_2yr,0,0.0031061531,0.0031061531,0.00000000000000,true
temporary CSI,test,raw,total_market,youden,2,lockout_2yr,youden_2yr,5,0.0030527487,0.0030527487,0.00000000000000,true
temporary CSI,test,raw,total_market,youden,2,lockout_2yr,youden_2yr,10,0.0029993458,0.0029993458,0.00000000000000,true
temporary CSI,test,raw,total_market,youden,2,lockout_2yr,youden_2yr,20,0.0028925452,0.0028925452,0.00000000000000,true
temporary CSI,test,raw,total_market,youden,3,lockout_3yr,youden_3yr,0,0.0036373692,0.0036373692,0.00000000000000,true
temporary CSI,test,raw,total_market,youden,3,lockout_3yr,youden_3yr,5,0.0035886951,0.0035886951,0.00000000000000,true
temporary CSI,test,raw,total_market,youden,3,lockout_3yr,youden_3yr,10,0.0035400223,0.0035400223,0.00000000000000,true
temporary CSI,test,raw,total_market,youden,3,lockout_3yr,youden_3yr,20,0.0034426810,0.0034426810,0.00000000000000,true
temporary CSI,test,raw,total_market,youden,5,lockout_5yr,youden_5yr,0,0.0035735507,0.0035735507,0.00000000000000,true
temporary CSI,test,raw,total_market,youden,5,lockout_5yr,youden_5yr,5,0.0035195060,0.0035195060,0.00000000000000,true
temporary CSI,test,raw,total_market,youden,5,lockout_5yr,youden_5yr,10,0.0034654629,0.0034654629,0.00000000000000,true
temporary CSI,test,raw,total_market,youden,5,lockout_5yr,youden_5yr,20,0.0033573816,0.0033573816,0.00000000000000,true
permanent CSI,full,raw,large_cap,fpr1,0,permanent_removal,fpr1_permanent,0,0.0001934979,0.0001934979,0.00000000000000,true
permanent CSI,full,raw,large_cap,fpr1,0,permanent_removal,fpr1_permanent,5,0.0000961751,0.0000961751,0.00000000000000,true
permanent CSI,full,raw,large_cap,fpr1,0,permanent_removal,fpr1_permanent,10,-0.0000011538,-0.0000011538,0.00000000000000,true
permanent CSI,full,raw,large_cap,fpr1,0,permanent_removal,fpr1_permanent,20,-0.0001958296,-0.0001958296,0.00000000000000,true
permanent CSI,full,raw,large_cap,fpr3,0,permanent_removal,fpr3_permanent,0,0.0007604421,0.0007604421,0.00000000000000,true
permanent CSI,full,raw,large_cap,fpr3,0,permanent_removal,fpr3_permanent,5,0.0006639514,0.0006639514,0.00000000000000,true
permanent CSI,full,raw,large_cap,fpr3,0,permanent_removal,fpr3_permanent,10,0.0005674546,0.0005674546,0.00000000000000,true
permanent CSI,full,raw,large_cap,fpr3,0,permanent_removal,fpr3_permanent,20,0.0003744425,0.0003744425,0.00000000000000,true
permanent CSI,full,raw,large_cap,fpr5,0,permanent_removal,fpr5_permanent,0,0.0008522531,0.0008522531,0.00000000000000,true
permanent CSI,full,raw,large_cap,fpr5,0,permanent_removal,fpr5_permanent,5,0.0007565974,0.0007565974,0.00000000000000,true
permanent CSI,full,raw,large_cap,fpr5,0,permanent_removal,fpr5_permanent,10,0.0006609355,0.0006609355,0.00000000000000,true
permanent CSI,full,raw,large_cap,fpr5,0,permanent_removal,fpr5_permanent,20,0.0004695927,0.0004695927,0.00000000000000,true
permanent CSI,full,raw,large_cap,youden,0,permanent_removal,youden_permanent,0,-0.0026012283,-0.0026012283,0.00000000000000,true
permanent CSI,full,raw,large_cap,youden,0,permanent_removal,youden_permanent,5,-0.0026922096,-0.0026922096,0.00000000000000,true
permanent CSI,full,raw,large_cap,youden,0,permanent_removal,youden_permanent,10,-0.0027831979,-0.0027831979,0.00000000000000,true
permanent CSI,full,raw,large_cap,youden,0,permanent_removal,youden_permanent,20,-0.0029651954,-0.0029651954,0.00000000000000,true
permanent CSI,full,raw,mid_cap,fpr1,0,permanent_removal,fpr1_permanent,0,0.0007282203,0.0007282203,0.00000000000000,true
permanent CSI,full,raw,mid_cap,fpr1,0,permanent_removal,fpr1_permanent,5,0.0001883066,0.0001883066,0.00000000000000,true
permanent CSI,full,raw,mid_cap,fpr1,0,permanent_removal,fpr1_permanent,10,-0.0003514231,-0.0003514231,0.00000000000000,true
permanent CSI,full,raw,mid_cap,fpr1,0,permanent_removal,fpr1_permanent,20,-0.0014303310,-0.0014303310,0.00000000000000,true
permanent CSI,full,raw,mid_cap,fpr3,0,permanent_removal,fpr3_permanent,0,0.0015485761,0.0015485761,0.00000000000000,true
permanent CSI,full,raw,mid_cap,fpr3,0,permanent_removal,fpr3_permanent,5,0.0010095068,0.0010095068,0.00000000000000,true
permanent CSI,full,raw,mid_cap,fpr3,0,permanent_removal,fpr3_permanent,10,0.0004706208,0.0004706208,0.00000000000000,true
permanent CSI,full,raw,mid_cap,fpr3,0,permanent_removal,fpr3_permanent,20,-0.0006066021,-0.0006066021,0.00000000000000,true
permanent CSI,full,raw,mid_cap,fpr5,0,permanent_removal,fpr5_permanent,0,0.0013248685,0.0013248685,0.00000000000000,true
permanent CSI,full,raw,mid_cap,fpr5,0,permanent_removal,fpr5_permanent,5,0.0007859541,0.0007859541,0.00000000000000,true
permanent CSI,full,raw,mid_cap,fpr5,0,permanent_removal,fpr5_permanent,10,0.0002472227,0.0002472227,0.00000000000000,true
permanent CSI,full,raw,mid_cap,fpr5,0,permanent_removal,fpr5_permanent,20,-0.0008296913,-0.0008296913,0.00000000000000,true
permanent CSI,full,raw,mid_cap,youden,0,permanent_removal,youden_permanent,0,-0.0013560004,-0.0013560004,0.00000000000000,true
permanent CSI,full,raw,mid_cap,youden,0,permanent_removal,youden_permanent,5,-0.0018750478,-0.0018750478,0.00000000000000,true
permanent CSI,full,raw,mid_cap,youden,0,permanent_removal,youden_permanent,10,-0.0023939262,-0.0023939262,0.00000000000000,true
permanent CSI,full,raw,mid_cap,youden,0,permanent_removal,youden_permanent,20,-0.0034311761,-0.0034311761,0.00000000000000,true
permanent CSI,full,raw,small_cap,fpr1,0,permanent_removal,fpr1_permanent,0,0.0006329912,0.0006329912,0.00000000000000,true
permanent CSI,full,raw,small_cap,fpr1,0,permanent_removal,fpr1_permanent,5,0.0002364349,0.0002364349,0.00000000000000,true
permanent CSI,full,raw,small_cap,fpr1,0,permanent_removal,fpr1_permanent,10,-0.0001600260,-0.0001600260,0.00000000000000,true
permanent CSI,full,raw,small_cap,fpr1,0,permanent_removal,fpr1_permanent,20,-0.0009526619,-0.0009526619,0.00000000000000,true
permanent CSI,full,raw,small_cap,fpr3,0,permanent_removal,fpr3_permanent,0,0.0003529862,0.0003529862,0.00000000000000,true
permanent CSI,full,raw,small_cap,fpr3,0,permanent_removal,fpr3_permanent,5,-0.0000423221,-0.0000423221,0.00000000000000,true
permanent CSI,full,raw,small_cap,fpr3,0,permanent_removal,fpr3_permanent,10,-0.0004375357,-0.0004375357,0.00000000000000,true
permanent CSI,full,raw,small_cap,fpr3,0,permanent_removal,fpr3_permanent,20,-0.0012276786,-0.0012276786,0.00000000000000,true
permanent CSI,full,raw,small_cap,fpr5,0,permanent_removal,fpr5_permanent,0,0.0005768112,0.0005768112,0.00000000000000,true
permanent CSI,full,raw,small_cap,fpr5,0,permanent_removal,fpr5_permanent,5,0.0001803001,0.0001803001,0.00000000000000,true
permanent CSI,full,raw,small_cap,fpr5,0,permanent_removal,fpr5_permanent,10,-0.0002161157,-0.0002161157,0.00000000000000,true
permanent CSI,full,raw,small_cap,fpr5,0,permanent_removal,fpr5_permanent,20,-0.0010086614,-0.0010086614,0.00000000000000,true
permanent CSI,full,raw,small_cap,youden,0,permanent_removal,youden_permanent,0,0.0000540772,0.0000540772,0.00000000000000,true
permanent CSI,full,raw,small_cap,youden,0,permanent_removal,youden_permanent,5,-0.0003561117,-0.0003561117,0.00000000000000,true
permanent CSI,full,raw,small_cap,youden,0,permanent_removal,youden_permanent,10,-0.0007661991,-0.0007661991,0.00000000000000,true
permanent CSI,full,raw,small_cap,youden,0,permanent_removal,youden_permanent,20,-0.0015860690,-0.0015860690,0.00000000000000,true
permanent CSI,full,raw,total_market,fpr1,0,permanent_removal,fpr1_permanent,0,0.0003996347,0.0003996347,0.00000000000000,true
permanent CSI,full,raw,total_market,fpr1,0,permanent_removal,fpr1_permanent,5,0.0003316441,0.0003316441,0.00000000000000,true
permanent CSI,full,raw,total_market,fpr1,0,permanent_removal,fpr1_permanent,10,0.0002636440,0.0002636440,0.00000000000000,true
permanent CSI,full,raw,total_market,fpr1,0,permanent_removal,fpr1_permanent,20,0.0001276150,0.0001276150,0.00000000000000,true
permanent CSI,full,raw,total_market,fpr3,0,permanent_removal,fpr3_permanent,0,0.0009726733,0.0009726733,0.00000000000000,true
permanent CSI,full,raw,total_market,fpr3,0,permanent_removal,fpr3_permanent,5,0.0009046389,0.0009046389,0.00000000000000,true
permanent CSI,full,raw,total_market,fpr3,0,permanent_removal,fpr3_permanent,10,0.0008365950,0.0008365950,0.00000000000000,true
permanent CSI,full,raw,total_market,fpr3,0,permanent_removal,fpr3_permanent,20,0.0007004784,0.0007004784,0.00000000000000,true
permanent CSI,full,raw,total_market,fpr5,0,permanent_removal,fpr5_permanent,0,0.0011178774,0.0011178774,0.00000000000000,true
permanent CSI,full,raw,total_market,fpr5,0,permanent_removal,fpr5_permanent,5,0.0010497878,0.0010497878,0.00000000000000,true
permanent CSI,full,raw,total_market,fpr5,0,permanent_removal,fpr5_permanent,10,0.0009816886,0.0009816886,0.00000000000000,true
permanent CSI,full,raw,total_market,fpr5,0,permanent_removal,fpr5_permanent,20,0.0008454616,0.0008454616,0.00000000000000,true
permanent CSI,full,raw,total_market,youden,0,permanent_removal,youden_permanent,0,-0.0021192841,-0.0021192841,0.00000000000000,true
permanent CSI,full,raw,total_market,youden,0,permanent_removal,youden_permanent,5,-0.0021921182,-0.0021921182,0.00000000000000,true
permanent CSI,full,raw,total_market,youden,0,permanent_removal,youden_permanent,10,-0.0022649614,-0.0022649614,0.00000000000000,true
permanent CSI,full,raw,total_market,youden,0,permanent_removal,youden_permanent,20,-0.0024106753,-0.0024106753,0.00000000000000,true
permanent CSI,insample,raw,large_cap,fpr1,0,permanent_removal,fpr1_permanent,0,0.0000727315,0.0000727315,0.00000000000000,true
permanent CSI,insample,raw,large_cap,fpr1,0,permanent_removal,fpr1_permanent,5,-0.0000457484,-0.0000457484,0.00000000000000,true
permanent CSI,insample,raw,large_cap,fpr1,0,permanent_removal,fpr1_permanent,10,-0.0001642387,-0.0001642387,0.00000000000000,true
permanent CSI,insample,raw,large_cap,fpr1,0,permanent_removal,fpr1_permanent,20,-0.0004012512,-0.0004012512,0.00000000000000,true
permanent CSI,insample,raw,large_cap,fpr3,0,permanent_removal,fpr3_permanent,0,0.0004251893,0.0004251893,0.00000000000000,true
permanent CSI,insample,raw,large_cap,fpr3,0,permanent_removal,fpr3_permanent,5,0.0003071112,0.0003071112,0.00000000000000,true
permanent CSI,insample,raw,large_cap,fpr3,0,permanent_removal,fpr3_permanent,10,0.0001890224,0.0001890224,0.00000000000000,true
permanent CSI,insample,raw,large_cap,fpr3,0,permanent_removal,fpr3_permanent,20,-0.0000471872,-0.0000471872,0.00000000000000,true
permanent CSI,insample,raw,large_cap,fpr5,0,permanent_removal,fpr5_permanent,0,0.0006249604,0.0006249604,0.00000000000000,true
permanent CSI,insample,raw,large_cap,fpr5,0,permanent_removal,fpr5_permanent,5,0.0005079746,0.0005079746,0.00000000000000,true
permanent CSI,insample,raw,large_cap,fpr5,0,permanent_removal,fpr5_permanent,10,0.0003909779,0.0003909779,0.00000000000000,true
permanent CSI,insample,raw,large_cap,fpr5,0,permanent_removal,fpr5_permanent,20,0.0001569518,0.0001569518,0.00000000000000,true
permanent CSI,insample,raw,large_cap,youden,0,permanent_removal,youden_permanent,0,0.0016443017,0.0016443017,0.00000000000000,true
permanent CSI,insample,raw,large_cap,youden,0,permanent_removal,youden_permanent,5,0.0015321774,0.0015321774,0.00000000000000,true
permanent CSI,insample,raw,large_cap,youden,0,permanent_removal,youden_permanent,10,0.0014200412,0.0014200412,0.00000000000000,true
permanent CSI,insample,raw,large_cap,youden,0,permanent_removal,youden_permanent,20,0.0011957330,0.0011957330,0.00000000000000,true
permanent CSI,insample,raw,mid_cap,fpr1,0,permanent_removal,fpr1_permanent,0,0.0003158083,0.0003158083,0.00000000000000,true
permanent CSI,insample,raw,mid_cap,fpr1,0,permanent_removal,fpr1_permanent,5,-0.0002334963,-0.0002334963,0.00000000000000,true
permanent CSI,insample,raw,mid_cap,fpr1,0,permanent_removal,fpr1_permanent,10,-0.0007826150,-0.0007826150,0.00000000000000,true
permanent CSI,insample,raw,mid_cap,fpr1,0,permanent_removal,fpr1_permanent,20,-0.0018802951,-0.0018802951,0.00000000000000,true
permanent CSI,insample,raw,mid_cap,fpr3,0,permanent_removal,fpr3_permanent,0,0.0008688373,0.0008688373,0.00000000000000,true
permanent CSI,insample,raw,mid_cap,fpr3,0,permanent_removal,fpr3_permanent,5,0.0003211732,0.0003211732,0.00000000000000,true
permanent CSI,insample,raw,mid_cap,fpr3,0,permanent_removal,fpr3_permanent,10,-0.0002263064,-0.0002263064,0.00000000000000,true
permanent CSI,insample,raw,mid_cap,fpr3,0,permanent_removal,fpr3_permanent,20,-0.0013207125,-0.0013207125,0.00000000000000,true
permanent CSI,insample,raw,mid_cap,fpr5,0,permanent_removal,fpr5_permanent,0,0.0016470200,0.0016470200,0.00000000000000,true
permanent CSI,insample,raw,mid_cap,fpr5,0,permanent_removal,fpr5_permanent,5,0.0010999372,0.0010999372,0.00000000000000,true
permanent CSI,insample,raw,mid_cap,fpr5,0,permanent_removal,fpr5_permanent,10,0.0005530382,0.0005530382,0.00000000000000,true
permanent CSI,insample,raw,mid_cap,fpr5,0,permanent_removal,fpr5_permanent,20,-0.0005402084,-0.0005402084,0.00000000000000,true
permanent CSI,insample,raw,mid_cap,youden,0,permanent_removal,youden_permanent,0,-0.0005945357,-0.0005945357,0.00000000000000,true
permanent CSI,insample,raw,mid_cap,youden,0,permanent_removal,youden_permanent,5,-0.0011245488,-0.0011245488,0.00000000000000,true
permanent CSI,insample,raw,mid_cap,youden,0,permanent_removal,youden_permanent,10,-0.0016543910,-0.0016543910,0.00000000000000,true
permanent CSI,insample,raw,mid_cap,youden,0,permanent_removal,youden_permanent,20,-0.0027135632,-0.0027135632,0.00000000000000,true
permanent CSI,insample,raw,small_cap,fpr1,0,permanent_removal,fpr1_permanent,0,0.0003915500,0.0003915500,0.00000000000000,true
permanent CSI,insample,raw,small_cap,fpr1,0,permanent_removal,fpr1_permanent,5,-0.0000230488,-0.0000230488,0.00000000000000,true
permanent CSI,insample,raw,small_cap,fpr1,0,permanent_removal,fpr1_permanent,10,-0.0004375492,-0.0004375492,0.00000000000000,true
permanent CSI,insample,raw,small_cap,fpr1,0,permanent_removal,fpr1_permanent,20,-0.0012662552,-0.0012662552,0.00000000000000,true
permanent CSI,insample,raw,small_cap,fpr3,0,permanent_removal,fpr3_permanent,0,0.0013659773,0.0013659773,0.00000000000000,true
permanent CSI,insample,raw,small_cap,fpr3,0,permanent_removal,fpr3_permanent,5,0.0009497580,0.0009497580,0.00000000000000,true
permanent CSI,insample,raw,small_cap,fpr3,0,permanent_removal,fpr3_permanent,10,0.0005336378,0.0005336378,0.00000000000000,true
permanent CSI,insample,raw,small_cap,fpr3,0,permanent_removal,fpr3_permanent,20,-0.0002983055,-0.0002983055,0.00000000000000,true
permanent CSI,insample,raw,small_cap,fpr5,0,permanent_removal,fpr5_permanent,0,0.0012874491,0.0012874491,0.00000000000000,true
permanent CSI,insample,raw,small_cap,fpr5,0,permanent_removal,fpr5_permanent,5,0.0008726523,0.0008726523,0.00000000000000,true
permanent CSI,insample,raw,small_cap,fpr5,0,permanent_removal,fpr5_permanent,10,0.0004579537,0.0004579537,0.00000000000000,true
permanent CSI,insample,raw,small_cap,fpr5,0,permanent_removal,fpr5_permanent,20,-0.0003711489,-0.0003711489,0.00000000000000,true
permanent CSI,insample,raw,small_cap,youden,0,permanent_removal,youden_permanent,0,-0.0012501896,-0.0012501896,0.00000000000000,true
permanent CSI,insample,raw,small_cap,youden,0,permanent_removal,youden_permanent,5,-0.0016657078,-0.0016657078,0.00000000000000,true
permanent CSI,insample,raw,small_cap,youden,0,permanent_removal,youden_permanent,10,-0.0020811283,-0.0020811283,0.00000000000000,true
permanent CSI,insample,raw,small_cap,youden,0,permanent_removal,youden_permanent,20,-0.0029116761,-0.0029116761,0.00000000000000,true
permanent CSI,insample,raw,total_market,fpr1,0,permanent_removal,fpr1_permanent,0,0.0001704739,0.0001704739,0.00000000000000,true
permanent CSI,insample,raw,total_market,fpr1,0,permanent_removal,fpr1_permanent,5,0.0000825805,0.0000825805,-0.00000000000000,true
permanent CSI,insample,raw,total_market,fpr1,0,permanent_removal,fpr1_permanent,10,-0.0000053284,-0.0000053284,0.00000000000000,true
permanent CSI,insample,raw,total_market,fpr1,0,permanent_removal,fpr1_permanent,20,-0.0001811929,-0.0001811929,0.00000000000000,true
permanent CSI,insample,raw,total_market,fpr3,0,permanent_removal,fpr3_permanent,0,0.0006142455,0.0006142455,0.00000000000000,true
permanent CSI,insample,raw,total_market,fpr3,0,permanent_removal,fpr3_permanent,5,0.0005264561,0.0005264561,0.00000000000000,true
permanent CSI,insample,raw,total_market,fpr3,0,permanent_removal,fpr3_permanent,10,0.0004386511,0.0004386511,0.00000000000000,true
permanent CSI,insample,raw,total_market,fpr3,0,permanent_removal,fpr3_permanent,20,0.0002629943,0.0002629943,0.00000000000000,true
permanent CSI,insample,raw,total_market,fpr5,0,permanent_removal,fpr5_permanent,0,0.0007172942,0.0007172942,0.00000000000000,true
permanent CSI,insample,raw,total_market,fpr5,0,permanent_removal,fpr5_permanent,5,0.0006295273,0.0006295273,0.00000000000000,true
permanent CSI,insample,raw,total_market,fpr5,0,permanent_removal,fpr5_permanent,10,0.0005417448,0.0005417448,0.00000000000000,true
permanent CSI,insample,raw,total_market,fpr5,0,permanent_removal,fpr5_permanent,20,0.0003661330,0.0003661330,0.00000000000000,true
permanent CSI,insample,raw,total_market,youden,0,permanent_removal,youden_permanent,0,0.0003194654,0.0003194654,0.00000000000000,true
permanent CSI,insample,raw,total_market,youden,0,permanent_removal,youden_permanent,5,0.0002279969,0.0002279969,0.00000000000000,true
permanent CSI,insample,raw,total_market,youden,0,permanent_removal,youden_permanent,10,0.0001365132,0.0001365132,0.00000000000000,true
permanent CSI,insample,raw,total_market,youden,0,permanent_removal,youden_permanent,20,-0.0000465002,-0.0000465002,0.00000000000000,true
permanent CSI,oos,raw,large_cap,fpr1,0,permanent_removal,fpr1_permanent,0,0.0005682553,0.0005682553,0.00000000000000,true
permanent CSI,oos,raw,large_cap,fpr1,0,permanent_removal,fpr1_permanent,5,0.0005009295,0.0005009295,0.00000000000000,true
permanent CSI,oos,raw,large_cap,fpr1,0,permanent_removal,fpr1_permanent,10,0.0004336066,0.0004336066,0.00000000000000,true
permanent CSI,oos,raw,large_cap,fpr1,0,permanent_removal,fpr1_permanent,20,0.0002989692,0.0002989692,0.00000000000000,true
permanent CSI,oos,raw,large_cap,fpr3,0,permanent_removal,fpr3_permanent,0,0.0015570099,0.0015570099,0.00000000000000,true
permanent CSI,oos,raw,large_cap,fpr3,0,permanent_removal,fpr3_permanent,5,0.0014918445,0.0014918445,0.00000000000000,true
permanent CSI,oos,raw,large_cap,fpr3,0,permanent_removal,fpr3_permanent,10,0.0014266818,0.0014266818,0.00000000000000,true
permanent CSI,oos,raw,large_cap,fpr3,0,permanent_removal,fpr3_permanent,20,0.0012963644,0.0012963644,0.00000000000000,true
permanent CSI,oos,raw,large_cap,fpr5,0,permanent_removal,fpr5_permanent,0,0.0015924643,0.0015924643,0.00000000000000,true
permanent CSI,oos,raw,large_cap,fpr5,0,permanent_removal,fpr5_permanent,5,0.0015277127,0.0015277127,0.00000000000000,true
permanent CSI,oos,raw,large_cap,fpr5,0,permanent_removal,fpr5_permanent,10,0.0014629637,0.0014629637,0.00000000000000,true
permanent CSI,oos,raw,large_cap,fpr5,0,permanent_removal,fpr5_permanent,20,0.0013334735,0.0013334735,0.00000000000000,true
permanent CSI,oos,raw,large_cap,youden,0,permanent_removal,youden_permanent,0,-0.0168643115,-0.0168643115,0.00000000000000,true
permanent CSI,oos,raw,large_cap,youden,0,permanent_removal,youden_permanent,5,-0.0169230713,-0.0169230713,0.00000000000000,true
permanent CSI,oos,raw,large_cap,youden,0,permanent_removal,youden_permanent,10,-0.0169818288,-0.0169818288,0.00000000000000,true
permanent CSI,oos,raw,large_cap,youden,0,permanent_removal,youden_permanent,20,-0.0170993372,-0.0170993372,0.00000000000000,true
permanent CSI,oos,raw,mid_cap,fpr1,0,permanent_removal,fpr1_permanent,0,0.0021329562,0.0021329562,0.00000000000000,true
permanent CSI,oos,raw,mid_cap,fpr1,0,permanent_removal,fpr1_permanent,5,0.0015568954,0.0015568954,0.00000000000000,true
permanent CSI,oos,raw,mid_cap,fpr1,0,permanent_removal,fpr1_permanent,10,0.0009810555,0.0009810555,0.00000000000000,true
permanent CSI,oos,raw,mid_cap,fpr1,0,permanent_removal,fpr1_permanent,20,-0.0001699615,-0.0001699615,0.00000000000000,true
permanent CSI,oos,raw,mid_cap,fpr3,0,permanent_removal,fpr3_permanent,0,0.0045690932,0.0045690932,0.00000000000000,true
permanent CSI,oos,raw,mid_cap,fpr3,0,permanent_removal,fpr3_permanent,5,0.0039927492,0.0039927492,0.00000000000000,true
permanent CSI,oos,raw,mid_cap,fpr3,0,permanent_removal,fpr3_permanent,10,0.0034166259,0.0034166259,0.00000000000000,true
permanent CSI,oos,raw,mid_cap,fpr3,0,permanent_removal,fpr3_permanent,20,0.0022650412,0.0022650412,0.00000000000000,true
permanent CSI,oos,raw,mid_cap,fpr5,0,permanent_removal,fpr5_permanent,0,0.0023998228,0.0023998228,0.00000000000000,true
permanent CSI,oos,raw,mid_cap,fpr5,0,permanent_removal,fpr5_permanent,5,0.0018197510,0.0018197510,0.00000000000000,true
permanent CSI,oos,raw,mid_cap,fpr5,0,permanent_removal,fpr5_permanent,10,0.0012399031,0.0012399031,0.00000000000000,true
permanent CSI,oos,raw,mid_cap,fpr5,0,permanent_removal,fpr5_permanent,20,0.0000808791,0.0000808791,0.00000000000000,true
permanent CSI,oos,raw,mid_cap,youden,0,permanent_removal,youden_permanent,0,-0.0047144090,-0.0047144090,0.00000000000000,true
permanent CSI,oos,raw,mid_cap,youden,0,permanent_removal,youden_permanent,5,-0.0052598232,-0.0052598232,0.00000000000000,true
permanent CSI,oos,raw,mid_cap,youden,0,permanent_removal,youden_permanent,10,-0.0058050376,-0.0058050376,0.00000000000000,true
permanent CSI,oos,raw,mid_cap,youden,0,permanent_removal,youden_permanent,20,-0.0068948669,-0.0068948669,0.00000000000000,true
permanent CSI,oos,raw,small_cap,fpr1,0,permanent_removal,fpr1_permanent,0,0.0009891956,0.0009891956,0.00000000000000,true
permanent CSI,oos,raw,small_cap,fpr1,0,permanent_removal,fpr1_permanent,5,0.0005901990,0.0005901990,0.00000000000000,true
permanent CSI,oos,raw,small_cap,fpr1,0,permanent_removal,fpr1_permanent,10,0.0001913099,0.0001913099,0.00000000000000,true
permanent CSI,oos,raw,small_cap,fpr1,0,permanent_removal,fpr1_permanent,20,-0.0006061461,-0.0006061461,0.00000000000000,true
permanent CSI,oos,raw,small_cap,fpr3,0,permanent_removal,fpr3_permanent,0,-0.0022800409,-0.0022800409,0.00000000000000,true
permanent CSI,oos,raw,small_cap,fpr3,0,permanent_removal,fpr3_permanent,5,-0.0026705735,-0.0026705735,0.00000000000000,true
permanent CSI,oos,raw,small_cap,fpr3,0,permanent_removal,fpr3_permanent,10,-0.0030610027,-0.0030610027,0.00000000000000,true
permanent CSI,oos,raw,small_cap,fpr3,0,permanent_removal,fpr3_permanent,20,-0.0038415515,-0.0038415515,0.00000000000000,true
permanent CSI,oos,raw,small_cap,fpr5,0,permanent_removal,fpr5_permanent,0,-0.0014097520,-0.0014097520,0.00000000000000,true
permanent CSI,oos,raw,small_cap,fpr5,0,permanent_removal,fpr5_permanent,5,-0.0018078115,-0.0018078115,0.00000000000000,true
permanent CSI,oos,raw,small_cap,fpr5,0,permanent_removal,fpr5_permanent,10,-0.0022057637,-0.0022057637,0.00000000000000,true
permanent CSI,oos,raw,small_cap,fpr5,0,permanent_removal,fpr5_permanent,20,-0.0030013461,-0.0030013461,0.00000000000000,true
permanent CSI,oos,raw,small_cap,youden,0,permanent_removal,youden_permanent,0,-0.0019443584,-0.0019443584,0.00000000000000,true
permanent CSI,oos,raw,small_cap,youden,0,permanent_removal,youden_permanent,5,-0.0023917693,-0.0023917693,0.00000000000000,true
permanent CSI,oos,raw,small_cap,youden,0,permanent_removal,youden_permanent,10,-0.0028390453,-0.0028390453,0.00000000000000,true
permanent CSI,oos,raw,small_cap,youden,0,permanent_removal,youden_permanent,20,-0.0037331925,-0.0037331925,0.00000000000000,true
permanent CSI,oos,raw,total_market,fpr1,0,permanent_removal,fpr1_permanent,0,0.0009676720,0.0009676720,0.00000000000000,true
permanent CSI,oos,raw,total_market,fpr1,0,permanent_removal,fpr1_permanent,5,0.0009302675,0.0009302675,0.00000000000000,true
permanent CSI,oos,raw,total_market,fpr1,0,permanent_removal,fpr1_permanent,10,0.0008928638,0.0008928638,0.00000000000000,true
permanent CSI,oos,raw,total_market,fpr1,0,permanent_removal,fpr1_permanent,20,0.0008180591,0.0008180591,0.00000000000000,true
permanent CSI,oos,raw,total_market,fpr3,0,permanent_removal,fpr3_permanent,0,0.0017365402,0.0017365402,0.00000000000000,true
permanent CSI,oos,raw,total_market,fpr3,0,permanent_removal,fpr3_permanent,5,0.0016985991,0.0016985991,0.00000000000000,true
permanent CSI,oos,raw,total_market,fpr3,0,permanent_removal,fpr3_permanent,10,0.0016606590,0.0016606590,0.00000000000000,true
permanent CSI,oos,raw,total_market,fpr3,0,permanent_removal,fpr3_permanent,20,0.0015847815,0.0015847815,0.00000000000000,true
permanent CSI,oos,raw,total_market,fpr5,0,permanent_removal,fpr5_permanent,0,0.0021032410,0.0021032410,0.00000000000000,true
permanent CSI,oos,raw,total_market,fpr5,0,permanent_removal,fpr5_permanent,5,0.0020649855,0.0020649855,0.00000000000000,true
permanent CSI,oos,raw,total_market,fpr5,0,permanent_removal,fpr5_permanent,10,0.0020267310,0.0020267310,0.00000000000000,true
permanent CSI,oos,raw,total_market,fpr5,0,permanent_removal,fpr5_permanent,20,0.0019502248,0.0019502248,0.00000000000000,true
permanent CSI,oos,raw,total_market,youden,0,permanent_removal,youden_permanent,0,-0.0125381259,-0.0125381259,0.00000000000000,true
permanent CSI,oos,raw,total_market,youden,0,permanent_removal,youden_permanent,5,-0.0125831967,-0.0125831967,0.00000000000000,true
permanent CSI,oos,raw,total_market,youden,0,permanent_removal,youden_permanent,10,-0.0126282662,-0.0126282662,0.00000000000000,true
permanent CSI,oos,raw,total_market,youden,0,permanent_removal,youden_permanent,20,-0.0127184016,-0.0127184016,0.00000000000000,true
permanent CSI,test,raw,large_cap,fpr1,0,permanent_removal,fpr1_permanent,0,0.0001369438,0.0001369438,0.00000000000000,true
permanent CSI,test,raw,large_cap,fpr1,0,permanent_removal,fpr1_permanent,5,0.0000744600,0.0000744600,0.00000000000000,true
permanent CSI,test,raw,large_cap,fpr1,0,permanent_removal,fpr1_permanent,10,0.0000119788,0.0000119788,0.00000000000000,true
permanent CSI,test,raw,large_cap,fpr1,0,permanent_removal,fpr1_permanent,20,-0.0001129761,-0.0001129761,0.00000000000000,true
permanent CSI,test,raw,large_cap,fpr3,0,permanent_removal,fpr3_permanent,0,0.0009077813,0.0009077813,0.00000000000000,true
permanent CSI,test,raw,large_cap,fpr3,0,permanent_removal,fpr3_permanent,5,0.0008459739,0.0008459739,0.00000000000000,true
permanent CSI,test,raw,large_cap,fpr3,0,permanent_removal,fpr3_permanent,10,0.0007841689,0.0007841689,0.00000000000000,true
permanent CSI,test,raw,large_cap,fpr3,0,permanent_removal,fpr3_permanent,20,0.0006605666,0.0006605666,0.00000000000000,true
permanent CSI,test,raw,large_cap,fpr5,0,permanent_removal,fpr5_permanent,0,0.0007016446,0.0007016446,0.00000000000000,true
permanent CSI,test,raw,large_cap,fpr5,0,permanent_removal,fpr5_permanent,5,0.0006402994,0.0006402994,0.00000000000000,true
permanent CSI,test,raw,large_cap,fpr5,0,permanent_removal,fpr5_permanent,10,0.0005789566,0.0005789566,0.00000000000000,true
permanent CSI,test,raw,large_cap,fpr5,0,permanent_removal,fpr5_permanent,20,0.0004562784,0.0004562784,0.00000000000000,true
permanent CSI,test,raw,large_cap,youden,0,permanent_removal,youden_permanent,0,0.0008874898,0.0008874898,0.00000000000000,true
permanent CSI,test,raw,large_cap,youden,0,permanent_removal,youden_permanent,5,0.0008277592,0.0008277592,0.00000000000000,true
permanent CSI,test,raw,large_cap,youden,0,permanent_removal,youden_permanent,10,0.0007680308,0.0007680308,0.00000000000000,true
permanent CSI,test,raw,large_cap,youden,0,permanent_removal,youden_permanent,20,0.0006485809,0.0006485809,0.00000000000000,true
permanent CSI,test,raw,mid_cap,fpr1,0,permanent_removal,fpr1_permanent,0,0.0002791288,0.0002791288,0.00000000000000,true
permanent CSI,test,raw,mid_cap,fpr1,0,permanent_removal,fpr1_permanent,5,-0.0001825111,-0.0001825111,0.00000000000000,true
permanent CSI,test,raw,mid_cap,fpr1,0,permanent_removal,fpr1_permanent,10,-0.0006440117,-0.0006440117,0.00000000000000,true
permanent CSI,test,raw,mid_cap,fpr1,0,permanent_removal,fpr1_permanent,20,-0.0015665950,-0.0015665950,0.00000000000000,true
permanent CSI,test,raw,mid_cap,fpr3,0,permanent_removal,fpr3_permanent,0,-0.0001019331,-0.0001019331,0.00000000000000,true
permanent CSI,test,raw,mid_cap,fpr3,0,permanent_removal,fpr3_permanent,5,-0.0005640889,-0.0005640889,0.00000000000000,true
permanent CSI,test,raw,mid_cap,fpr3,0,permanent_removal,fpr3_permanent,10,-0.0010261051,-0.0010261051,0.00000000000000,true
permanent CSI,test,raw,mid_cap,fpr3,0,permanent_removal,fpr3_permanent,20,-0.0019497188,-0.0019497188,0.00000000000000,true
permanent CSI,test,raw,mid_cap,fpr5,0,permanent_removal,fpr5_permanent,0,-0.0011388333,-0.0011388333,0.00000000000000,true
permanent CSI,test,raw,mid_cap,fpr5,0,permanent_removal,fpr5_permanent,5,-0.0015972168,-0.0015972168,0.00000000000000,true
permanent CSI,test,raw,mid_cap,fpr5,0,permanent_removal,fpr5_permanent,10,-0.0020554628,-0.0020554628,0.00000000000000,true
permanent CSI,test,raw,mid_cap,fpr5,0,permanent_removal,fpr5_permanent,20,-0.0029715419,-0.0029715419,0.00000000000000,true
permanent CSI,test,raw,mid_cap,youden,0,permanent_removal,youden_permanent,0,0.0004774658,0.0004774658,0.00000000000000,true
permanent CSI,test,raw,mid_cap,youden,0,permanent_removal,youden_permanent,5,0.0000295814,0.0000295814,0.00000000000000,true
permanent CSI,test,raw,mid_cap,youden,0,permanent_removal,youden_permanent,10,-0.0004181724,-0.0004181724,0.00000000000000,true
permanent CSI,test,raw,mid_cap,youden,0,permanent_removal,youden_permanent,20,-0.0013132883,-0.0013132883,0.00000000000000,true
permanent CSI,test,raw,small_cap,fpr1,0,permanent_removal,fpr1_permanent,0,0.0009572832,0.0009572832,0.00000000000000,true
permanent CSI,test,raw,small_cap,fpr1,0,permanent_removal,fpr1_permanent,5,0.0006228195,0.0006228195,0.00000000000000,true
permanent CSI,test,raw,small_cap,fpr1,0,permanent_removal,fpr1_permanent,10,0.0002884307,0.0002884307,0.00000000000000,true
permanent CSI,test,raw,small_cap,fpr1,0,permanent_removal,fpr1_permanent,20,-0.0003801229,-0.0003801229,0.00000000000000,true
permanent CSI,test,raw,small_cap,fpr3,0,permanent_removal,fpr3_permanent,0,0.0004703876,0.0004703876,0.00000000000000,true
permanent CSI,test,raw,small_cap,fpr3,0,permanent_removal,fpr3_permanent,5,0.0001371141,0.0001371141,0.00000000000000,true
permanent CSI,test,raw,small_cap,fpr3,0,permanent_removal,fpr3_permanent,10,-0.0001960852,-0.0001960852,0.00000000000000,true
permanent CSI,test,raw,small_cap,fpr3,0,permanent_removal,fpr3_permanent,20,-0.0008622609,-0.0008622609,0.00000000000000,true
permanent CSI,test,raw,small_cap,fpr5,0,permanent_removal,fpr5_permanent,0,0.0008385344,0.0008385344,0.00000000000000,true
permanent CSI,test,raw,small_cap,fpr5,0,permanent_removal,fpr5_permanent,5,0.0005037417,0.0005037417,0.00000000000000,true
permanent CSI,test,raw,small_cap,fpr5,0,permanent_removal,fpr5_permanent,10,0.0001690239,0.0001690239,0.00000000000000,true
permanent CSI,test,raw,small_cap,fpr5,0,permanent_removal,fpr5_permanent,20,-0.0005001869,-0.0005001869,0.00000000000000,true
permanent CSI,test,raw,small_cap,youden,0,permanent_removal,youden_permanent,0,0.0069080010,0.0069080010,0.00000000000000,true
permanent CSI,test,raw,small_cap,youden,0,permanent_removal,youden_permanent,5,0.0065641014,0.0065641014,0.00000000000000,true
permanent CSI,test,raw,small_cap,youden,0,permanent_removal,youden_permanent,10,0.0062202801,0.0062202801,0.00000000000000,true
permanent CSI,test,raw,small_cap,youden,0,permanent_removal,youden_permanent,20,0.0055328723,0.0055328723,0.00000000000000,true
permanent CSI,test,raw,total_market,fpr1,0,permanent_removal,fpr1_permanent,0,0.0004620930,0.0004620930,0.00000000000000,true
permanent CSI,test,raw,total_market,fpr1,0,permanent_removal,fpr1_permanent,5,0.0004231765,0.0004231765,0.00000000000000,true
permanent CSI,test,raw,total_market,fpr1,0,permanent_removal,fpr1_permanent,10,0.0003842610,0.0003842610,0.00000000000000,true
permanent CSI,test,raw,total_market,fpr1,0,permanent_removal,fpr1_permanent,20,0.0003064331,0.0003064331,0.00000000000000,true
permanent CSI,test,raw,total_market,fpr3,0,permanent_removal,fpr3_permanent,0,0.0012265136,0.0012265136,0.00000000000000,true
permanent CSI,test,raw,total_market,fpr3,0,permanent_removal,fpr3_permanent,5,0.0011876903,0.0011876903,0.00000000000000,true
permanent CSI,test,raw,total_market,fpr3,0,permanent_removal,fpr3_permanent,10,0.0011488681,0.0011488681,0.00000000000000,true
permanent CSI,test,raw,total_market,fpr3,0,permanent_removal,fpr3_permanent,20,0.0010712265,0.0010712265,0.00000000000000,true
permanent CSI,test,raw,total_market,fpr5,0,permanent_removal,fpr5_permanent,0,0.0012364690,0.0012364690,0.00000000000000,true
permanent CSI,test,raw,total_market,fpr5,0,permanent_removal,fpr5_permanent,5,0.0011976587,0.0011976587,0.00000000000000,true
permanent CSI,test,raw,total_market,fpr5,0,permanent_removal,fpr5_permanent,10,0.0011588494,0.0011588494,0.00000000000000,true
permanent CSI,test,raw,total_market,fpr5,0,permanent_removal,fpr5_permanent,20,0.0010812337,0.0010812337,0.00000000000000,true
permanent CSI,test,raw,total_market,youden,0,permanent_removal,youden_permanent,0,0.0027859618,0.0027859618,0.00000000000000,true
permanent CSI,test,raw,total_market,youden,0,permanent_removal,youden_permanent,5,0.0027410681,0.0027410681,0.00000000000000,true
permanent CSI,test,raw,total_market,youden,0,permanent_removal,youden_permanent,10,0.0026961756,0.0026961756,0.00000000000000,true
permanent CSI,test,raw,total_market,youden,0,permanent_removal,youden_permanent,20,0.0026063943,0.0026063943,0.00000000000000,true
temporary CSI,full,fund,large_cap,fpr1,1,lockout_1yr,fpr1_1yr,0,0.0000168515,0.0000168515,0.00000000000000,true
temporary CSI,full,fund,large_cap,fpr1,1,lockout_1yr,fpr1_1yr,5,-0.0000810057,-0.0000810057,0.00000000000000,true
temporary CSI,full,fund,large_cap,fpr1,1,lockout_1yr,fpr1_1yr,10,-0.0001788687,-0.0001788687,0.00000000000000,true
temporary CSI,full,fund,large_cap,fpr1,1,lockout_1yr,fpr1_1yr,20,-0.0003746127,-0.0003746127,0.00000000000000,true
temporary CSI,full,fund,large_cap,fpr1,2,lockout_2yr,fpr1_2yr,0,0.0000015062,0.0000015062,0.00000000000000,true
temporary CSI,full,fund,large_cap,fpr1,2,lockout_2yr,fpr1_2yr,5,-0.0000962760,-0.0000962760,0.00000000000000,true
temporary CSI,full,fund,large_cap,fpr1,2,lockout_2yr,fpr1_2yr,10,-0.0001940642,-0.0001940642,0.00000000000000,true
temporary CSI,full,fund,large_cap,fpr1,2,lockout_2yr,fpr1_2yr,20,-0.0003896583,-0.0003896583,0.00000000000000,true
temporary CSI,full,fund,large_cap,fpr1,3,lockout_3yr,fpr1_3yr,0,0.0000524231,0.0000524231,0.00000000000000,true
temporary CSI,full,fund,large_cap,fpr1,3,lockout_3yr,fpr1_3yr,5,-0.0000453101,-0.0000453101,0.00000000000000,true
temporary CSI,full,fund,large_cap,fpr1,3,lockout_3yr,fpr1_3yr,10,-0.0001430493,-0.0001430493,0.00000000000000,true
temporary CSI,full,fund,large_cap,fpr1,3,lockout_3yr,fpr1_3yr,20,-0.0003385456,-0.0003385456,0.00000000000000,true
temporary CSI,full,fund,large_cap,fpr1,5,lockout_5yr,fpr1_5yr,0,0.0000359346,0.0000359346,0.00000000000000,true
temporary CSI,full,fund,large_cap,fpr1,5,lockout_5yr,fpr1_5yr,5,-0.0000617241,-0.0000617241,0.00000000000000,true
temporary CSI,full,fund,large_cap,fpr1,5,lockout_5yr,fpr1_5yr,10,-0.0001593887,-0.0001593887,0.00000000000000,true
temporary CSI,full,fund,large_cap,fpr1,5,lockout_5yr,fpr1_5yr,20,-0.0003547360,-0.0003547360,0.00000000000000,true
temporary CSI,full,fund,large_cap,fpr3,1,lockout_1yr,fpr3_1yr,0,0.0000086406,0.0000086406,0.00000000000000,true
temporary CSI,full,fund,large_cap,fpr3,1,lockout_1yr,fpr3_1yr,5,-0.0000896483,-0.0000896483,0.00000000000000,true
temporary CSI,full,fund,large_cap,fpr3,1,lockout_1yr,fpr3_1yr,10,-0.0001879430,-0.0001879430,0.00000000000000,true
temporary CSI,full,fund,large_cap,fpr3,1,lockout_1yr,fpr3_1yr,20,-0.0003845502,-0.0003845502,0.00000000000000,true
temporary CSI,full,fund,large_cap,fpr3,2,lockout_2yr,fpr3_2yr,0,0.0001590764,0.0001590764,0.00000000000000,true
temporary CSI,full,fund,large_cap,fpr3,2,lockout_2yr,fpr3_2yr,5,0.0000612149,0.0000612149,0.00000000000000,true
temporary CSI,full,fund,large_cap,fpr3,2,lockout_2yr,fpr3_2yr,10,-0.0000366524,-0.0000366524,0.00000000000000,true
temporary CSI,full,fund,large_cap,fpr3,2,lockout_2yr,fpr3_2yr,20,-0.0002324051,-0.0002324051,0.00000000000000,true
temporary CSI,full,fund,large_cap,fpr3,3,lockout_3yr,fpr3_3yr,0,0.0003265150,0.0003265150,0.00000000000000,true
temporary CSI,full,fund,large_cap,fpr3,3,lockout_3yr,fpr3_3yr,5,0.0002290495,0.0002290495,0.00000000000000,true
temporary CSI,full,fund,large_cap,fpr3,3,lockout_3yr,fpr3_3yr,10,0.0001315780,0.0001315780,0.00000000000000,true
temporary CSI,full,fund,large_cap,fpr3,3,lockout_3yr,fpr3_3yr,20,-0.0000633831,-0.0000633831,0.00000000000000,true
temporary CSI,full,fund,large_cap,fpr3,5,lockout_5yr,fpr3_5yr,0,0.0003772185,0.0003772185,0.00000000000000,true
temporary CSI,full,fund,large_cap,fpr3,5,lockout_5yr,fpr3_5yr,5,0.0002800583,0.0002800583,0.00000000000000,true
temporary CSI,full,fund,large_cap,fpr3,5,lockout_5yr,fpr3_5yr,10,0.0001828922,0.0001828922,0.00000000000000,true
temporary CSI,full,fund,large_cap,fpr3,5,lockout_5yr,fpr3_5yr,20,-0.0000114584,-0.0000114584,0.00000000000000,true
temporary CSI,full,fund,large_cap,fpr5,1,lockout_1yr,fpr5_1yr,0,-0.0000695913,-0.0000695913,0.00000000000000,true
temporary CSI,full,fund,large_cap,fpr5,1,lockout_1yr,fpr5_1yr,5,-0.0001682903,-0.0001682903,0.00000000000000,true
temporary CSI,full,fund,large_cap,fpr5,1,lockout_1yr,fpr5_1yr,10,-0.0002669950,-0.0002669950,0.00000000000000,true
temporary CSI,full,fund,large_cap,fpr5,1,lockout_1yr,fpr5_1yr,20,-0.0004644221,-0.0004644221,0.00000000000000,true
temporary CSI,full,fund,large_cap,fpr5,2,lockout_2yr,fpr5_2yr,0,0.0001952052,0.0001952052,0.00000000000000,true
temporary CSI,full,fund,large_cap,fpr5,2,lockout_2yr,fpr5_2yr,5,0.0000969704,0.0000969704,0.00000000000000,true
temporary CSI,full,fund,large_cap,fpr5,2,lockout_2yr,fpr5_2yr,10,-0.0000012704,-0.0000012704,0.00000000000000,true
temporary CSI,full,fund,large_cap,fpr5,2,lockout_2yr,fpr5_2yr,20,-0.0001977698,-0.0001977698,0.00000000000000,true
temporary CSI,full,fund,large_cap,fpr5,3,lockout_3yr,fpr5_3yr,0,-0.0004179571,-0.0004179571,0.00000000000000,true
temporary CSI,full,fund,large_cap,fpr5,3,lockout_3yr,fpr5_3yr,5,-0.0005165636,-0.0005165636,0.00000000000000,true
temporary CSI,full,fund,large_cap,fpr5,3,lockout_3yr,fpr5_3yr,10,-0.0006151761,-0.0006151761,0.00000000000000,true
temporary CSI,full,fund,large_cap,fpr5,3,lockout_3yr,fpr5_3yr,20,-0.0008124186,-0.0008124186,0.00000000000000,true
temporary CSI,full,fund,large_cap,fpr5,5,lockout_5yr,fpr5_5yr,0,0.0003249279,0.0003249279,0.00000000000000,true
temporary CSI,full,fund,large_cap,fpr5,5,lockout_5yr,fpr5_5yr,5,0.0002275169,0.0002275169,0.00000000000000,true
temporary CSI,full,fund,large_cap,fpr5,5,lockout_5yr,fpr5_5yr,10,0.0001300999,0.0001300999,0.00000000000000,true
temporary CSI,full,fund,large_cap,fpr5,5,lockout_5yr,fpr5_5yr,20,-0.0000647521,-0.0000647521,0.00000000000000,true
temporary CSI,full,fund,large_cap,youden,1,lockout_1yr,youden_1yr,0,-0.0005250186,-0.0005250186,0.00000000000000,true
temporary CSI,full,fund,large_cap,youden,1,lockout_1yr,youden_1yr,5,-0.0006352772,-0.0006352772,0.00000000000000,true
temporary CSI,full,fund,large_cap,youden,1,lockout_1yr,youden_1yr,10,-0.0007455404,-0.0007455404,0.00000000000000,true
temporary CSI,full,fund,large_cap,youden,1,lockout_1yr,youden_1yr,20,-0.0009660810,-0.0009660810,0.00000000000000,true
temporary CSI,full,fund,large_cap,youden,2,lockout_2yr,youden_2yr,0,-0.0010243999,-0.0010243999,0.00000000000000,true
temporary CSI,full,fund,large_cap,youden,2,lockout_2yr,youden_2yr,5,-0.0011323208,-0.0011323208,0.00000000000000,true
temporary CSI,full,fund,large_cap,youden,2,lockout_2yr,youden_2yr,10,-0.0012402468,-0.0012402468,0.00000000000000,true
temporary CSI,full,fund,large_cap,youden,2,lockout_2yr,youden_2yr,20,-0.0014561138,-0.0014561138,0.00000000000000,true
temporary CSI,full,fund,large_cap,youden,3,lockout_3yr,youden_3yr,0,0.0011408247,0.0011408247,0.00000000000000,true
temporary CSI,full,fund,large_cap,youden,3,lockout_3yr,youden_3yr,5,0.0010365878,0.0010365878,0.00000000000000,true
temporary CSI,full,fund,large_cap,youden,3,lockout_3yr,youden_3yr,10,0.0009323456,0.0009323456,0.00000000000000,true
temporary CSI,full,fund,large_cap,youden,3,lockout_3yr,youden_3yr,20,0.0007238447,0.0007238447,0.00000000000000,true
temporary CSI,full,fund,large_cap,youden,5,lockout_5yr,youden_5yr,0,0.0006871257,0.0006871257,0.00000000000000,true
temporary CSI,full,fund,large_cap,youden,5,lockout_5yr,youden_5yr,5,0.0005861132,0.0005861132,0.00000000000000,true
temporary CSI,full,fund,large_cap,youden,5,lockout_5yr,youden_5yr,10,0.0004850949,0.0004850949,0.00000000000000,true
temporary CSI,full,fund,large_cap,youden,5,lockout_5yr,youden_5yr,20,0.0002830407,0.0002830407,0.00000000000000,true
temporary CSI,full,fund,mid_cap,fpr1,1,lockout_1yr,fpr1_1yr,0,0.0001123089,0.0001123089,0.00000000000000,true
temporary CSI,full,fund,mid_cap,fpr1,1,lockout_1yr,fpr1_1yr,5,-0.0004287436,-0.0004287436,0.00000000000000,true
temporary CSI,full,fund,mid_cap,fpr1,1,lockout_1yr,fpr1_1yr,10,-0.0009696112,-0.0009696112,0.00000000000000,true
temporary CSI,full,fund,mid_cap,fpr1,1,lockout_1yr,fpr1_1yr,20,-0.0020507918,-0.0020507918,0.00000000000000,true
temporary CSI,full,fund,mid_cap,fpr1,2,lockout_2yr,fpr1_2yr,0,0.0000295372,0.0000295372,0.00000000000000,true
temporary CSI,full,fund,mid_cap,fpr1,2,lockout_2yr,fpr1_2yr,5,-0.0005117158,-0.0005117158,0.00000000000000,true
temporary CSI,full,fund,mid_cap,fpr1,2,lockout_2yr,fpr1_2yr,10,-0.0010527837,-0.0010527837,0.00000000000000,true
temporary CSI,full,fund,mid_cap,fpr1,2,lockout_2yr,fpr1_2yr,20,-0.0021343644,-0.0021343644,0.00000000000000,true
temporary CSI,full,fund,mid_cap,fpr1,3,lockout_3yr,fpr1_3yr,0,0.0003560904,0.0003560904,0.00000000000000,true
temporary CSI,full,fund,mid_cap,fpr1,3,lockout_3yr,fpr1_3yr,5,-0.0001853285,-0.0001853285,0.00000000000000,true
temporary CSI,full,fund,mid_cap,fpr1,3,lockout_3yr,fpr1_3yr,10,-0.0007265623,-0.0007265623,0.00000000000000,true
temporary CSI,full,fund,mid_cap,fpr1,3,lockout_3yr,fpr1_3yr,20,-0.0018084746,-0.0018084746,0.00000000000000,true
temporary CSI,full,fund,mid_cap,fpr1,5,lockout_5yr,fpr1_5yr,0,0.0002289560,0.0002289560,0.00000000000000,true
temporary CSI,full,fund,mid_cap,fpr1,5,lockout_5yr,fpr1_5yr,5,-0.0003128296,-0.0003128296,0.00000000000000,true
temporary CSI,full,fund,mid_cap,fpr1,5,lockout_5yr,fpr1_5yr,10,-0.0008544299,-0.0008544299,0.00000000000000,true
temporary CSI,full,fund,mid_cap,fpr1,5,lockout_5yr,fpr1_5yr,20,-0.0019370743,-0.0019370743,0.00000000000000,true
temporary CSI,full,fund,mid_cap,fpr3,1,lockout_1yr,fpr3_1yr,0,0.0005271530,0.0005271530,0.00000000000000,true
temporary CSI,full,fund,mid_cap,fpr3,1,lockout_1yr,fpr3_1yr,5,-0.0000142837,-0.0000142837,0.00000000000000,true
temporary CSI,full,fund,mid_cap,fpr3,1,lockout_1yr,fpr3_1yr,10,-0.0005555353,-0.0005555353,0.00000000000000,true
temporary CSI,full,fund,mid_cap,fpr3,1,lockout_1yr,fpr3_1yr,20,-0.0016374834,-0.0016374834,0.00000000000000,true
temporary CSI,full,fund,mid_cap,fpr3,2,lockout_2yr,fpr3_2yr,0,0.0008939967,0.0008939967,0.00000000000000,true
temporary CSI,full,fund,mid_cap,fpr3,2,lockout_2yr,fpr3_2yr,5,0.0003532002,0.0003532002,0.00000000000000,true
temporary CSI,full,fund,mid_cap,fpr3,2,lockout_2yr,fpr3_2yr,10,-0.0001874117,-0.0001874117,0.00000000000000,true
temporary CSI,full,fund,mid_cap,fpr3,2,lockout_2yr,fpr3_2yr,20,-0.0012680821,-0.0012680821,0.00000000000000,true
temporary CSI,full,fund,mid_cap,fpr3,3,lockout_3yr,fpr3_3yr,0,0.0015447142,0.0015447142,0.00000000000000,true
temporary CSI,full,fund,mid_cap,fpr3,3,lockout_3yr,fpr3_3yr,5,0.0010040800,0.0010040800,0.00000000000000,true
temporary CSI,full,fund,mid_cap,fpr3,3,lockout_3yr,fpr3_3yr,10,0.0004636302,0.0004636302,0.00000000000000,true
temporary CSI,full,fund,mid_cap,fpr3,3,lockout_3yr,fpr3_3yr,20,-0.0006167168,-0.0006167168,0.00000000000000,true
temporary CSI,full,fund,mid_cap,fpr3,5,lockout_5yr,fpr3_5yr,0,0.0014110500,0.0014110500,0.00000000000000,true
temporary CSI,full,fund,mid_cap,fpr3,5,lockout_5yr,fpr3_5yr,5,0.0008702676,0.0008702676,0.00000000000000,true
temporary CSI,full,fund,mid_cap,fpr3,5,lockout_5yr,fpr3_5yr,10,0.0003296695,0.0003296695,0.00000000000000,true
temporary CSI,full,fund,mid_cap,fpr3,5,lockout_5yr,fpr3_5yr,20,-0.0007509737,-0.0007509737,0.00000000000000,true
temporary CSI,full,fund,mid_cap,fpr5,1,lockout_1yr,fpr5_1yr,0,0.0004555079,0.0004555079,0.00000000000000,true
temporary CSI,full,fund,mid_cap,fpr5,1,lockout_1yr,fpr5_1yr,5,-0.0000855693,-0.0000855693,0.00000000000000,true
temporary CSI,full,fund,mid_cap,fpr5,1,lockout_1yr,fpr5_1yr,10,-0.0006264617,-0.0006264617,0.00000000000000,true
temporary CSI,full,fund,mid_cap,fpr5,1,lockout_1yr,fpr5_1yr,20,-0.0017076922,-0.0017076922,0.00000000000000,true
temporary CSI,full,fund,mid_cap,fpr5,2,lockout_2yr,fpr5_2yr,0,0.0009595847,0.0009595847,0.00000000000000,true
temporary CSI,full,fund,mid_cap,fpr5,2,lockout_2yr,fpr5_2yr,5,0.0004179750,0.0004179750,0.00000000000000,true
temporary CSI,full,fund,mid_cap,fpr5,2,lockout_2yr,fpr5_2yr,10,-0.0001234497,-0.0001234497,0.00000000000000,true
temporary CSI,full,fund,mid_cap,fpr5,2,lockout_2yr,fpr5_2yr,20,-0.0012057440,-0.0012057440,0.00000000000000,true
temporary CSI,full,fund,mid_cap,fpr5,3,lockout_3yr,fpr5_3yr,0,0.0017358567,0.0017358567,0.00000000000000,true
temporary CSI,full,fund,mid_cap,fpr5,3,lockout_3yr,fpr5_3yr,5,0.0011950439,0.0011950439,0.00000000000000,true
temporary CSI,full,fund,mid_cap,fpr5,3,lockout_3yr,fpr5_3yr,10,0.0006544155,0.0006544155,0.00000000000000,true
temporary CSI,full,fund,mid_cap,fpr5,3,lockout_3yr,fpr5_3yr,20,-0.0004262885,-0.0004262885,0.00000000000000,true
temporary CSI,full,fund,mid_cap,fpr5,5,lockout_5yr,fpr5_5yr,0,0.0022413886,0.0022413886,0.00000000000000,true
temporary CSI,full,fund,mid_cap,fpr5,5,lockout_5yr,fpr5_5yr,5,0.0017014307,0.0017014307,0.00000000000000,true
temporary CSI,full,fund,mid_cap,fpr5,5,lockout_5yr,fpr5_5yr,10,0.0011616563,0.0011616563,0.00000000000000,true
temporary CSI,full,fund,mid_cap,fpr5,5,lockout_5yr,fpr5_5yr,20,0.0000826581,0.0000826581,0.00000000000000,true
temporary CSI,full,fund,mid_cap,youden,1,lockout_1yr,youden_1yr,0,0.0009167375,0.0009167375,0.00000000000000,true
temporary CSI,full,fund,mid_cap,youden,1,lockout_1yr,youden_1yr,5,0.0003616806,0.0003616806,0.00000000000000,true
temporary CSI,full,fund,mid_cap,youden,1,lockout_1yr,youden_1yr,10,-0.0001931821,-0.0001931821,0.00000000000000,true
temporary CSI,full,fund,mid_cap,youden,1,lockout_1yr,youden_1yr,20,-0.0013023248,-0.0013023248,0.00000000000000,true
temporary CSI,full,fund,mid_cap,youden,2,lockout_2yr,youden_2yr,0,0.0017093649,0.0017093649,0.00000000000000,true
temporary CSI,full,fund,mid_cap,youden,2,lockout_2yr,youden_2yr,5,0.0011600434,0.0011600434,0.00000000000000,true
temporary CSI,full,fund,mid_cap,youden,2,lockout_2yr,youden_2yr,10,0.0006109116,0.0006109116,0.00000000000000,true
temporary CSI,full,fund,mid_cap,youden,2,lockout_2yr,youden_2yr,20,-0.0004867834,-0.0004867834,0.00000000000000,true
temporary CSI,full,fund,mid_cap,youden,3,lockout_3yr,youden_3yr,0,0.0012600435,0.0012600435,0.00000000000000,true
temporary CSI,full,fund,mid_cap,youden,3,lockout_3yr,youden_3yr,5,0.0007168259,0.0007168259,0.00000000000000,true
temporary CSI,full,fund,mid_cap,youden,3,lockout_3yr,youden_3yr,10,0.0001737939,0.0001737939,0.00000000000000,true
temporary CSI,full,fund,mid_cap,youden,3,lockout_3yr,youden_3yr,20,-0.0009117133,-0.0009117133,0.00000000000000,true
temporary CSI,full,fund,mid_cap,youden,5,lockout_5yr,youden_5yr,0,0.0007119341,0.0007119341,0.00000000000000,true
temporary CSI,full,fund,mid_cap,youden,5,lockout_5yr,youden_5yr,5,0.0001719760,0.0001719760,0.00000000000000,true
temporary CSI,full,fund,mid_cap,youden,5,lockout_5yr,youden_5yr,10,-0.0003677994,-0.0003677994,0.00000000000000,true
temporary CSI,full,fund,mid_cap,youden,5,lockout_5yr,youden_5yr,20,-0.0014468024,-0.0014468024,0.00000000000000,true
temporary CSI,full,fund,small_cap,fpr1,1,lockout_1yr,fpr1_1yr,0,0.0000373148,0.0000373148,0.00000000000000,true
temporary CSI,full,fund,small_cap,fpr1,1,lockout_1yr,fpr1_1yr,5,-0.0003613073,-0.0003613073,0.00000000000000,true
temporary CSI,full,fund,small_cap,fpr1,1,lockout_1yr,fpr1_1yr,10,-0.0007598329,-0.0007598329,0.00000000000000,true
temporary CSI,full,fund,small_cap,fpr1,1,lockout_1yr,fpr1_1yr,20,-0.0015565945,-0.0015565945,0.00000000000000,true
temporary CSI,full,fund,small_cap,fpr1,2,lockout_2yr,fpr1_2yr,0,0.0004240186,0.0004240186,0.00000000000000,true
temporary CSI,full,fund,small_cap,fpr1,2,lockout_2yr,fpr1_2yr,5,0.0000249274,0.0000249274,0.00000000000000,true
temporary CSI,full,fund,small_cap,fpr1,2,lockout_2yr,fpr1_2yr,10,-0.0003740672,-0.0003740672,0.00000000000000,true
temporary CSI,full,fund,small_cap,fpr1,2,lockout_2yr,fpr1_2yr,20,-0.0011717662,-0.0011717662,0.00000000000000,true
temporary CSI,full,fund,small_cap,fpr1,3,lockout_3yr,fpr1_3yr,0,0.0006898035,0.0006898035,0.00000000000000,true
temporary CSI,full,fund,small_cap,fpr1,3,lockout_3yr,fpr1_3yr,5,0.0002906908,0.0002906908,0.00000000000000,true
temporary CSI,full,fund,small_cap,fpr1,3,lockout_3yr,fpr1_3yr,10,-0.0001083251,-0.0001083251,0.00000000000000,true
temporary CSI,full,fund,small_cap,fpr1,3,lockout_3yr,fpr1_3yr,20,-0.0009060668,-0.0009060668,0.00000000000000,true
temporary CSI,full,fund,small_cap,fpr1,5,lockout_5yr,fpr1_5yr,0,0.0008285070,0.0008285070,0.00000000000000,true
temporary CSI,full,fund,small_cap,fpr1,5,lockout_5yr,fpr1_5yr,5,0.0004299012,0.0004299012,0.00000000000000,true
temporary CSI,full,fund,small_cap,fpr1,5,lockout_5yr,fpr1_5yr,10,0.0000313919,0.0000313919,0.00000000000000,true
temporary CSI,full,fund,small_cap,fpr1,5,lockout_5yr,fpr1_5yr,20,-0.0007653376,-0.0007653376,0.00000000000000,true
temporary CSI,full,fund,small_cap,fpr3,1,lockout_1yr,fpr3_1yr,0,-0.0006369574,-0.0006369574,0.00000000000000,true
temporary CSI,full,fund,small_cap,fpr3,1,lockout_1yr,fpr3_1yr,5,-0.0010365063,-0.0010365063,0.00000000000000,true
temporary CSI,full,fund,small_cap,fpr3,1,lockout_1yr,fpr3_1yr,10,-0.0014359581,-0.0014359581,0.00000000000000,true
temporary CSI,full,fund,small_cap,fpr3,1,lockout_1yr,fpr3_1yr,20,-0.0022345702,-0.0022345702,0.00000000000000,true
temporary CSI,full,fund,small_cap,fpr3,2,lockout_2yr,fpr3_2yr,0,0.0001194818,0.0001194818,0.00000000000000,true
temporary CSI,full,fund,small_cap,fpr3,2,lockout_2yr,fpr3_2yr,5,-0.0002813670,-0.0002813670,0.00000000000000,true
temporary CSI,full,fund,small_cap,fpr3,2,lockout_2yr,fpr3_2yr,10,-0.0006821181,-0.0006821181,0.00000000000000,true
temporary CSI,full,fund,small_cap,fpr3,2,lockout_2yr,fpr3_2yr,20,-0.0014833274,-0.0014833274,0.00000000000000,true
temporary CSI,full,fund,small_cap,fpr3,3,lockout_3yr,fpr3_3yr,0,0.0004558471,0.0004558471,0.00000000000000,true
temporary CSI,full,fund,small_cap,fpr3,3,lockout_3yr,fpr3_3yr,5,0.0000558057,0.0000558057,0.00000000000000,true
temporary CSI,full,fund,small_cap,fpr3,3,lockout_3yr,fpr3_3yr,10,-0.0003441385,-0.0003441385,0.00000000000000,true
temporary CSI,full,fund,small_cap,fpr3,3,lockout_3yr,fpr3_3yr,20,-0.0011437354,-0.0011437354,0.00000000000000,true
temporary CSI,full,fund,small_cap,fpr3,5,lockout_5yr,fpr3_5yr,0,0.0009194107,0.0009194107,0.00000000000000,true
temporary CSI,full,fund,small_cap,fpr3,5,lockout_5yr,fpr3_5yr,5,0.0005209365,0.0005209365,0.00000000000000,true
temporary CSI,full,fund,small_cap,fpr3,5,lockout_5yr,fpr3_5yr,10,0.0001225586,0.0001225586,0.00000000000000,true
temporary CSI,full,fund,small_cap,fpr3,5,lockout_5yr,fpr3_5yr,20,-0.0006739083,-0.0006739083,0.00000000000000,true
temporary CSI,full,fund,small_cap,fpr5,1,lockout_1yr,fpr5_1yr,0,-0.0011415167,-0.0011415167,0.00000000000000,true
temporary CSI,full,fund,small_cap,fpr5,1,lockout_1yr,fpr5_1yr,5,-0.0015432592,-0.0015432592,0.00000000000000,true
temporary CSI,full,fund,small_cap,fpr5,1,lockout_1yr,fpr5_1yr,10,-0.0019449034,-0.0019449034,0.00000000000000,true
temporary CSI,full,fund,small_cap,fpr5,1,lockout_1yr,fpr5_1yr,20,-0.0027478966,-0.0027478966,0.00000000000000,true
temporary CSI,full,fund,small_cap,fpr5,2,lockout_2yr,fpr5_2yr,0,-0.0001328011,-0.0001328011,0.00000000000000,true
temporary CSI,full,fund,small_cap,fpr5,2,lockout_2yr,fpr5_2yr,5,-0.0005357093,-0.0005357093,0.00000000000000,true
temporary CSI,full,fund,small_cap,fpr5,2,lockout_2yr,fpr5_2yr,10,-0.0009385187,-0.0009385187,0.00000000000000,true
temporary CSI,full,fund,small_cap,fpr5,2,lockout_2yr,fpr5_2yr,20,-0.0017438417,-0.0017438417,0.00000000000000,true
temporary CSI,full,fund,small_cap,fpr5,3,lockout_3yr,fpr5_3yr,0,-0.0000171282,-0.0000171282,0.00000000000000,true
temporary CSI,full,fund,small_cap,fpr5,3,lockout_3yr,fpr5_3yr,5,-0.0004185208,-0.0004185208,0.00000000000000,true
temporary CSI,full,fund,small_cap,fpr5,3,lockout_3yr,fpr5_3yr,10,-0.0008198154,-0.0008198154,0.00000000000000,true
temporary CSI,full,fund,small_cap,fpr5,3,lockout_3yr,fpr5_3yr,20,-0.0016221107,-0.0016221107,0.00000000000000,true
temporary CSI,full,fund,small_cap,fpr5,5,lockout_5yr,fpr5_5yr,0,0.0002539144,0.0002539144,0.00000000000000,true
temporary CSI,full,fund,small_cap,fpr5,5,lockout_5yr,fpr5_5yr,5,-0.0001454833,-0.0001454833,0.00000000000000,true
temporary CSI,full,fund,small_cap,fpr5,5,lockout_5yr,fpr5_5yr,10,-0.0005447843,-0.0005447843,0.00000000000000,true
temporary CSI,full,fund,small_cap,fpr5,5,lockout_5yr,fpr5_5yr,20,-0.0013430962,-0.0013430962,0.00000000000000,true
temporary CSI,full,fund,small_cap,youden,1,lockout_1yr,youden_1yr,0,0.0023660578,0.0023660578,0.00000000000000,true
temporary CSI,full,fund,small_cap,youden,1,lockout_1yr,youden_1yr,5,0.0019256522,0.0019256522,0.00000000000000,true
temporary CSI,full,fund,small_cap,youden,1,lockout_1yr,youden_1yr,10,0.0014853639,0.0014853639,0.00000000000000,true
temporary CSI,full,fund,small_cap,youden,1,lockout_1yr,youden_1yr,20,0.0006051390,0.0006051390,0.00000000000000,true
temporary CSI,full,fund,small_cap,youden,2,lockout_2yr,youden_2yr,0,0.0028911786,0.0028911786,0.00000000000000,true
temporary CSI,full,fund,small_cap,youden,2,lockout_2yr,youden_2yr,5,0.0024587660,0.0024587660,0.00000000000000,true
temporary CSI,full,fund,small_cap,youden,2,lockout_2yr,youden_2yr,10,0.0020264663,0.0020264663,0.00000000000000,true
temporary CSI,full,fund,small_cap,youden,2,lockout_2yr,youden_2yr,20,0.0011622057,0.0011622057,0.00000000000000,true
temporary CSI,full,fund,small_cap,youden,3,lockout_3yr,youden_3yr,0,0.0032642024,0.0032642024,0.00000000000000,true
temporary CSI,full,fund,small_cap,youden,3,lockout_3yr,youden_3yr,5,0.0028376502,0.0028376502,0.00000000000000,true
temporary CSI,full,fund,small_cap,youden,3,lockout_3yr,youden_3yr,10,0.0024112081,0.0024112081,0.00000000000000,true
temporary CSI,full,fund,small_cap,youden,3,lockout_3yr,youden_3yr,20,0.0015586534,0.0015586534,0.00000000000000,true
temporary CSI,full,fund,small_cap,youden,5,lockout_5yr,youden_5yr,0,0.0031250555,0.0031250555,0.00000000000000,true
temporary CSI,full,fund,small_cap,youden,5,lockout_5yr,youden_5yr,5,0.0026987548,0.0026987548,0.00000000000000,true
temporary CSI,full,fund,small_cap,youden,5,lockout_5yr,youden_5yr,10,0.0022725640,0.0022725640,0.00000000000000,true
temporary CSI,full,fund,small_cap,youden,5,lockout_5yr,youden_5yr,20,0.0014205119,0.0014205119,0.00000000000000,true
temporary CSI,full,fund,total_market,fpr1,1,lockout_1yr,fpr1_1yr,0,0.0000446179,0.0000446179,0.00000000000000,true
temporary CSI,full,fund,total_market,fpr1,1,lockout_1yr,fpr1_1yr,5,-0.0000238267,-0.0000238267,0.00000000000000,true
temporary CSI,full,fund,total_market,fpr1,1,lockout_1yr,fpr1_1yr,10,-0.0000922808,-0.0000922808,0.00000000000000,true
temporary CSI,full,fund,total_market,fpr1,1,lockout_1yr,fpr1_1yr,20,-0.0002292176,-0.0002292176,0.00000000000000,true
temporary CSI,full,fund,total_market,fpr1,2,lockout_2yr,fpr1_2yr,0,0.0000941822,0.0000941822,0.00000000000000,true
temporary CSI,full,fund,total_market,fpr1,2,lockout_2yr,fpr1_2yr,5,0.0000257919,0.0000257919,0.00000000000000,true
temporary CSI,full,fund,total_market,fpr1,2,lockout_2yr,fpr1_2yr,10,-0.0000426079,-0.0000426079,0.00000000000000,true
temporary CSI,full,fund,total_market,fpr1,2,lockout_2yr,fpr1_2yr,20,-0.0001794360,-0.0001794360,0.00000000000000,true
temporary CSI,full,fund,total_market,fpr1,3,lockout_3yr,fpr1_3yr,0,0.0001922121,0.0001922121,0.00000000000000,true
temporary CSI,full,fund,total_market,fpr1,3,lockout_3yr,fpr1_3yr,5,0.0001239373,0.0001239373,0.00000000000000,true
temporary CSI,full,fund,total_market,fpr1,3,lockout_3yr,fpr1_3yr,10,0.0000556530,0.0000556530,0.00000000000000,true
temporary CSI,full,fund,total_market,fpr1,3,lockout_3yr,fpr1_3yr,20,-0.0000809442,-0.0000809442,0.00000000000000,true
temporary CSI,full,fund,total_market,fpr1,5,lockout_5yr,fpr1_5yr,0,0.0002134230,0.0002134230,0.00000000000000,true
temporary CSI,full,fund,total_market,fpr1,5,lockout_5yr,fpr1_5yr,5,0.0001452518,0.0001452518,0.00000000000000,true
temporary CSI,full,fund,total_market,fpr1,5,lockout_5yr,fpr1_5yr,10,0.0000770711,0.0000770711,0.00000000000000,true
temporary CSI,full,fund,total_market,fpr1,5,lockout_5yr,fpr1_5yr,20,-0.0000593189,-0.0000593189,0.00000000000000,true
temporary CSI,full,fund,total_market,fpr3,1,lockout_1yr,fpr3_1yr,0,-0.0000248118,-0.0000248118,0.00000000000000,true
temporary CSI,full,fund,total_market,fpr3,1,lockout_1yr,fpr3_1yr,5,-0.0000944984,-0.0000944984,0.00000000000000,true
temporary CSI,full,fund,total_market,fpr3,1,lockout_1yr,fpr3_1yr,10,-0.0001641945,-0.0001641945,0.00000000000000,true
temporary CSI,full,fund,total_market,fpr3,1,lockout_1yr,fpr3_1yr,20,-0.0003036149,-0.0003036149,0.00000000000000,true
temporary CSI,full,fund,total_market,fpr3,2,lockout_2yr,fpr3_2yr,0,0.0002280498,0.0002280498,0.00000000000000,true
temporary CSI,full,fund,total_market,fpr3,2,lockout_2yr,fpr3_2yr,5,0.0001587057,0.0001587057,0.00000000000000,true
temporary CSI,full,fund,total_market,fpr3,2,lockout_2yr,fpr3_2yr,10,0.0000893523,0.0000893523,0.00000000000000,true
temporary CSI,full,fund,total_market,fpr3,2,lockout_2yr,fpr3_2yr,20,-0.0000493831,-0.0000493831,0.00000000000000,true
temporary CSI,full,fund,total_market,fpr3,3,lockout_3yr,fpr3_3yr,0,0.0004294347,0.0004294347,0.00000000000000,true
temporary CSI,full,fund,total_market,fpr3,3,lockout_3yr,fpr3_3yr,5,0.0003605381,0.0003605381,0.00000000000000,true
temporary CSI,full,fund,total_market,fpr3,3,lockout_3yr,fpr3_3yr,10,0.0002916319,0.0002916319,0.00000000000000,true
temporary CSI,full,fund,total_market,fpr3,3,lockout_3yr,fpr3_3yr,20,0.0001537911,0.0001537911,0.00000000000000,true
temporary CSI,full,fund,total_market,fpr3,5,lockout_5yr,fpr3_5yr,0,0.0005611909,0.0005611909,0.00000000000000,true
temporary CSI,full,fund,total_market,fpr3,5,lockout_5yr,fpr3_5yr,5,0.0004926805,0.0004926805,0.00000000000000,true
temporary CSI,full,fund,total_market,fpr3,5,lockout_5yr,fpr3_5yr,10,0.0004241606,0.0004241606,0.00000000000000,true
temporary CSI,full,fund,total_market,fpr3,5,lockout_5yr,fpr3_5yr,20,0.0002870923,0.0002870923,0.00000000000000,true
temporary CSI,full,fund,total_market,fpr5,1,lockout_1yr,fpr5_1yr,0,-0.0001404986,-0.0001404986,0.00000000000000,true
temporary CSI,full,fund,total_market,fpr5,1,lockout_1yr,fpr5_1yr,5,-0.0002114241,-0.0002114241,0.00000000000000,true
temporary CSI,full,fund,total_market,fpr5,1,lockout_1yr,fpr5_1yr,10,-0.0002823589,-0.0002823589,0.00000000000000,true
temporary CSI,full,fund,total_market,fpr5,1,lockout_1yr,fpr5_1yr,20,-0.0004242563,-0.0004242563,0.00000000000000,true
temporary CSI,full,fund,total_market,fpr5,2,lockout_2yr,fpr5_2yr,0,0.0002598509,0.0002598509,0.00000000000000,true
temporary CSI,full,fund,total_market,fpr5,2,lockout_2yr,fpr5_2yr,5,0.0001894829,0.0001894829,0.00000000000000,true
temporary CSI,full,fund,total_market,fpr5,2,lockout_2yr,fpr5_2yr,10,0.0001191055,0.0001191055,0.00000000000000,true
temporary CSI,full,fund,total_market,fpr5,2,lockout_2yr,fpr5_2yr,20,-0.0000216773,-0.0000216773,0.00000000000000,true
temporary CSI,full,fund,total_market,fpr5,3,lockout_3yr,fpr5_3yr,0,-0.0002170933,-0.0002170933,0.00000000000000,true
temporary CSI,full,fund,total_market,fpr5,3,lockout_3yr,fpr5_3yr,5,-0.0002875266,-0.0002875266,0.00000000000000,true
temporary CSI,full,fund,total_market,fpr5,3,lockout_3yr,fpr5_3yr,10,-0.0003579692,-0.0003579692,0.00000000000000,true
temporary CSI,full,fund,total_market,fpr5,3,lockout_3yr,fpr5_3yr,20,-0.0004988825,-0.0004988825,0.00000000000000,true
temporary CSI,full,fund,total_market,fpr5,5,lockout_5yr,fpr5_5yr,0,0.0004715664,0.0004715664,0.00000000000000,true
temporary CSI,full,fund,total_market,fpr5,5,lockout_5yr,fpr5_5yr,5,0.0004021572,0.0004021572,0.00000000000000,true
temporary CSI,full,fund,total_market,fpr5,5,lockout_5yr,fpr5_5yr,10,0.0003327386,0.0003327386,0.00000000000000,true
temporary CSI,full,fund,total_market,fpr5,5,lockout_5yr,fpr5_5yr,20,0.0001938730,0.0001938730,0.00000000000000,true
temporary CSI,full,fund,total_market,youden,1,lockout_1yr,youden_1yr,0,0.0000362118,0.0000362118,0.00000000000000,true
temporary CSI,full,fund,total_market,youden,1,lockout_1yr,youden_1yr,5,-0.0000552167,-0.0000552167,0.00000000000000,true
temporary CSI,full,fund,total_market,youden,1,lockout_1yr,youden_1yr,10,-0.0001466528,-0.0001466528,0.00000000000000,true
temporary CSI,full,fund,total_market,youden,1,lockout_1yr,youden_1yr,20,-0.0003295479,-0.0003295479,0.00000000000000,true
temporary CSI,full,fund,total_market,youden,2,lockout_2yr,youden_2yr,0,-0.0003165888,-0.0003165888,0.00000000000000,true
temporary CSI,full,fund,total_market,youden,2,lockout_2yr,youden_2yr,5,-0.0004056467,-0.0004056467,0.00000000000000,true
temporary CSI,full,fund,total_market,youden,2,lockout_2yr,youden_2yr,10,-0.0004947125,-0.0004947125,0.00000000000000,true
temporary CSI,full,fund,total_market,youden,2,lockout_2yr,youden_2yr,20,-0.0006728678,-0.0006728678,0.00000000000000,true
temporary CSI,full,fund,total_market,youden,3,lockout_3yr,youden_3yr,0,0.0017024787,0.0017024787,0.00000000000000,true
temporary CSI,full,fund,total_market,youden,3,lockout_3yr,youden_3yr,5,0.0016172365,0.0016172365,0.00000000000000,true
temporary CSI,full,fund,total_market,youden,3,lockout_3yr,youden_3yr,10,0.0015319861,0.0015319861,0.00000000000000,true
temporary CSI,full,fund,total_market,youden,3,lockout_3yr,youden_3yr,20,0.0013614609,0.0013614609,0.00000000000000,true
temporary CSI,full,fund,total_market,youden,5,lockout_5yr,youden_5yr,0,0.0012631160,0.0012631160,0.00000000000000,true
temporary CSI,full,fund,total_market,youden,5,lockout_5yr,youden_5yr,5,0.0011804531,0.0011804531,0.00000000000000,true
temporary CSI,full,fund,total_market,youden,5,lockout_5yr,youden_5yr,10,0.0010977818,0.0010977818,0.00000000000000,true
temporary CSI,full,fund,total_market,youden,5,lockout_5yr,youden_5yr,20,0.0009324140,0.0009324140,0.00000000000000,true
temporary CSI,insample,fund,large_cap,fpr1,1,lockout_1yr,fpr1_1yr,0,0.0000138950,0.0000138950,0.00000000000000,true
temporary CSI,insample,fund,large_cap,fpr1,1,lockout_1yr,fpr1_1yr,5,-0.0001049118,-0.0001049118,0.00000000000000,true
temporary CSI,insample,fund,large_cap,fpr1,1,lockout_1yr,fpr1_1yr,10,-0.0002237292,-0.0002237292,0.00000000000000,true
temporary CSI,insample,fund,large_cap,fpr1,1,lockout_1yr,fpr1_1yr,20,-0.0004613955,-0.0004613955,0.00000000000000,true
temporary CSI,insample,fund,large_cap,fpr1,2,lockout_2yr,fpr1_2yr,0,-0.0000096568,-0.0000096568,0.00000000000000,true
temporary CSI,insample,fund,large_cap,fpr1,2,lockout_2yr,fpr1_2yr,5,-0.0001284829,-0.0001284829,0.00000000000000,true
temporary CSI,insample,fund,large_cap,fpr1,2,lockout_2yr,fpr1_2yr,10,-0.0002473194,-0.0002473194,0.00000000000000,true
temporary CSI,insample,fund,large_cap,fpr1,2,lockout_2yr,fpr1_2yr,20,-0.0004850241,-0.0004850241,0.00000000000000,true
temporary CSI,insample,fund,large_cap,fpr1,3,lockout_3yr,fpr1_3yr,0,0.0000205345,0.0000205345,0.00000000000000,true
temporary CSI,insample,fund,large_cap,fpr1,3,lockout_3yr,fpr1_3yr,5,-0.0000982637,-0.0000982637,0.00000000000000,true
temporary CSI,insample,fund,large_cap,fpr1,3,lockout_3yr,fpr1_3yr,10,-0.0002170725,-0.0002170725,0.00000000000000,true
temporary CSI,insample,fund,large_cap,fpr1,3,lockout_3yr,fpr1_3yr,20,-0.0004547215,-0.0004547215,0.00000000000000,true
temporary CSI,insample,fund,large_cap,fpr1,5,lockout_5yr,fpr1_5yr,0,-0.0000000886,-0.0000000886,0.00000000000000,true
temporary CSI,insample,fund,large_cap,fpr1,5,lockout_5yr,fpr1_5yr,5,-0.0001188323,-0.0001188323,0.00000000000000,true
temporary CSI,insample,fund,large_cap,fpr1,5,lockout_5yr,fpr1_5yr,10,-0.0002375865,-0.0002375865,0.00000000000000,true
temporary CSI,insample,fund,large_cap,fpr1,5,lockout_5yr,fpr1_5yr,20,-0.0004751265,-0.0004751265,0.00000000000000,true
temporary CSI,insample,fund,large_cap,fpr3,1,lockout_1yr,fpr3_1yr,0,0.0000639739,0.0000639739,0.00000000000000,true
temporary CSI,insample,fund,large_cap,fpr3,1,lockout_1yr,fpr3_1yr,5,-0.0000553618,-0.0000553618,0.00000000000000,true
temporary CSI,insample,fund,large_cap,fpr3,1,lockout_1yr,fpr3_1yr,10,-0.0001747079,-0.0001747079,0.00000000000000,true
temporary CSI,insample,fund,large_cap,fpr3,1,lockout_1yr,fpr3_1yr,20,-0.0004134315,-0.0004134315,0.00000000000000,true
temporary CSI,insample,fund,large_cap,fpr3,2,lockout_2yr,fpr3_2yr,0,0.0002044493,0.0002044493,0.00000000000000,true
temporary CSI,insample,fund,large_cap,fpr3,2,lockout_2yr,fpr3_2yr,5,0.0000854811,0.0000854811,0.00000000000000,true
temporary CSI,insample,fund,large_cap,fpr3,2,lockout_2yr,fpr3_2yr,10,-0.0000334977,-0.0000334977,0.00000000000000,true
temporary CSI,insample,fund,large_cap,fpr3,2,lockout_2yr,fpr3_2yr,20,-0.0002714868,-0.0002714868,0.00000000000000,true
temporary CSI,insample,fund,large_cap,fpr3,3,lockout_3yr,fpr3_3yr,0,0.0002496420,0.0002496420,0.00000000000000,true
temporary CSI,insample,fund,large_cap,fpr3,3,lockout_3yr,fpr3_3yr,5,0.0001309609,0.0001309609,0.00000000000000,true
temporary CSI,insample,fund,large_cap,fpr3,3,lockout_3yr,fpr3_3yr,10,0.0000122693,0.0000122693,0.00000000000000,true
temporary CSI,insample,fund,large_cap,fpr3,3,lockout_3yr,fpr3_3yr,20,-0.0002251457,-0.0002251457,0.00000000000000,true
temporary CSI,insample,fund,large_cap,fpr3,5,lockout_5yr,fpr3_5yr,0,0.0003111145,0.0003111145,0.00000000000000,true
temporary CSI,insample,fund,large_cap,fpr3,5,lockout_5yr,fpr3_5yr,5,0.0001927212,0.0001927212,0.00000000000000,true
temporary CSI,insample,fund,large_cap,fpr3,5,lockout_5yr,fpr3_5yr,10,0.0000743172,0.0000743172,0.00000000000000,true
temporary CSI,insample,fund,large_cap,fpr3,5,lockout_5yr,fpr3_5yr,20,-0.0001625226,-0.0001625226,0.00000000000000,true
temporary CSI,insample,fund,large_cap,fpr5,1,lockout_1yr,fpr5_1yr,0,-0.0000013298,-0.0000013298,0.00000000000000,true
temporary CSI,insample,fund,large_cap,fpr5,1,lockout_1yr,fpr5_1yr,5,-0.0001211353,-0.0001211353,0.00000000000000,true
temporary CSI,insample,fund,large_cap,fpr5,1,lockout_1yr,fpr5_1yr,10,-0.0002409512,-0.0002409512,0.00000000000000,true
temporary CSI,insample,fund,large_cap,fpr5,1,lockout_1yr,fpr5_1yr,20,-0.0004806141,-0.0004806141,0.00000000000000,true
temporary CSI,insample,fund,large_cap,fpr5,2,lockout_2yr,fpr5_2yr,0,0.0001896428,0.0001896428,0.00000000000000,true
temporary CSI,insample,fund,large_cap,fpr5,2,lockout_2yr,fpr5_2yr,5,0.0000701313,0.0000701313,0.00000000000000,true
temporary CSI,insample,fund,large_cap,fpr5,2,lockout_2yr,fpr5_2yr,10,-0.0000493906,-0.0000493906,0.00000000000000,true
temporary CSI,insample,fund,large_cap,fpr5,2,lockout_2yr,fpr5_2yr,20,-0.0002884657,-0.0002884657,0.00000000000000,true
temporary CSI,insample,fund,large_cap,fpr5,3,lockout_3yr,fpr5_3yr,0,0.0002048209,0.0002048209,0.00000000000000,true
temporary CSI,insample,fund,large_cap,fpr5,3,lockout_3yr,fpr5_3yr,5,0.0000855875,0.0000855875,0.00000000000000,true
temporary CSI,insample,fund,large_cap,fpr5,3,lockout_3yr,fpr5_3yr,10,-0.0000336563,-0.0000336563,0.00000000000000,true
temporary CSI,insample,fund,large_cap,fpr5,3,lockout_3yr,fpr5_3yr,20,-0.0002721753,-0.0002721753,0.00000000000000,true
temporary CSI,insample,fund,large_cap,fpr5,5,lockout_5yr,fpr5_5yr,0,0.0005401289,0.0005401289,0.00000000000000,true
temporary CSI,insample,fund,large_cap,fpr5,5,lockout_5yr,fpr5_5yr,5,0.0004217615,0.0004217615,0.00000000000000,true
temporary CSI,insample,fund,large_cap,fpr5,5,lockout_5yr,fpr5_5yr,10,0.0003033835,0.0003033835,0.00000000000000,true
temporary CSI,insample,fund,large_cap,fpr5,5,lockout_5yr,fpr5_5yr,20,0.0000665957,0.0000665957,0.00000000000000,true
temporary CSI,insample,fund,large_cap,youden,1,lockout_1yr,youden_1yr,0,-0.0000724320,-0.0000724320,0.00000000000000,true
temporary CSI,insample,fund,large_cap,youden,1,lockout_1yr,youden_1yr,5,-0.0002028310,-0.0002028310,0.00000000000000,true
temporary CSI,insample,fund,large_cap,youden,1,lockout_1yr,youden_1yr,10,-0.0003332390,-0.0003332390,0.00000000000000,true
temporary CSI,insample,fund,large_cap,youden,1,lockout_1yr,youden_1yr,20,-0.0005940822,-0.0005940822,0.00000000000000,true
temporary CSI,insample,fund,large_cap,youden,2,lockout_2yr,youden_2yr,0,0.0000642105,0.0000642105,0.00000000000000,true
temporary CSI,insample,fund,large_cap,youden,2,lockout_2yr,youden_2yr,5,-0.0000643614,-0.0000643614,0.00000000000000,true
temporary CSI,insample,fund,large_cap,youden,2,lockout_2yr,youden_2yr,10,-0.0001929427,-0.0001929427,0.00000000000000,true
temporary CSI,insample,fund,large_cap,youden,2,lockout_2yr,youden_2yr,20,-0.0004501338,-0.0004501338,0.00000000000000,true
temporary CSI,insample,fund,large_cap,youden,3,lockout_3yr,youden_3yr,0,0.0004717748,0.0004717748,0.00000000000000,true
temporary CSI,insample,fund,large_cap,youden,3,lockout_3yr,youden_3yr,5,0.0003457882,0.0003457882,0.00000000000000,true
temporary CSI,insample,fund,large_cap,youden,3,lockout_3yr,youden_3yr,10,0.0002197919,0.0002197919,0.00000000000000,true
temporary CSI,insample,fund,large_cap,youden,3,lockout_3yr,youden_3yr,20,-0.0000322302,-0.0000322302,0.00000000000000,true
temporary CSI,insample,fund,large_cap,youden,5,lockout_5yr,youden_5yr,0,0.0004697061,0.0004697061,0.00000000000000,true
temporary CSI,insample,fund,large_cap,youden,5,lockout_5yr,youden_5yr,5,0.0003451823,0.0003451823,0.00000000000000,true
temporary CSI,insample,fund,large_cap,youden,5,lockout_5yr,youden_5yr,10,0.0002206486,0.0002206486,0.00000000000000,true
temporary CSI,insample,fund,large_cap,youden,5,lockout_5yr,youden_5yr,20,-0.0000284489,-0.0000284489,0.00000000000000,true
temporary CSI,insample,fund,mid_cap,fpr1,1,lockout_1yr,fpr1_1yr,0,0.0001009341,0.0001009341,0.00000000000000,true
temporary CSI,insample,fund,mid_cap,fpr1,1,lockout_1yr,fpr1_1yr,5,-0.0004494058,-0.0004494058,0.00000000000000,true
temporary CSI,insample,fund,mid_cap,fpr1,1,lockout_1yr,fpr1_1yr,10,-0.0009995590,-0.0009995590,0.00000000000000,true
temporary CSI,insample,fund,mid_cap,fpr1,1,lockout_1yr,fpr1_1yr,20,-0.0020993056,-0.0020993056,0.00000000000000,true
temporary CSI,insample,fund,mid_cap,fpr1,2,lockout_2yr,fpr1_2yr,0,-0.0000017773,-0.0000017773,0.00000000000000,true
temporary CSI,insample,fund,mid_cap,fpr1,2,lockout_2yr,fpr1_2yr,5,-0.0005519369,-0.0005519369,0.00000000000000,true
temporary CSI,insample,fund,mid_cap,fpr1,2,lockout_2yr,fpr1_2yr,10,-0.0011019100,-0.0011019100,0.00000000000000,true
temporary CSI,insample,fund,mid_cap,fpr1,2,lockout_2yr,fpr1_2yr,20,-0.0022012967,-0.0022012967,0.00000000000000,true
temporary CSI,insample,fund,mid_cap,fpr1,3,lockout_3yr,fpr1_3yr,0,0.0002243560,0.0002243560,0.00000000000000,true
temporary CSI,insample,fund,mid_cap,fpr1,3,lockout_3yr,fpr1_3yr,5,-0.0003264744,-0.0003264744,0.00000000000000,true
temporary CSI,insample,fund,mid_cap,fpr1,3,lockout_3yr,fpr1_3yr,10,-0.0008771176,-0.0008771176,0.00000000000000,true
temporary CSI,insample,fund,mid_cap,fpr1,3,lockout_3yr,fpr1_3yr,20,-0.0019778433,-0.0019778433,0.00000000000000,true
temporary CSI,insample,fund,mid_cap,fpr1,5,lockout_5yr,fpr1_5yr,0,0.0001015427,0.0001015427,0.00000000000000,true
temporary CSI,insample,fund,mid_cap,fpr1,5,lockout_5yr,fpr1_5yr,5,-0.0004500006,-0.0004500006,0.00000000000000,true
temporary CSI,insample,fund,mid_cap,fpr1,5,lockout_5yr,fpr1_5yr,10,-0.0010013564,-0.0010013564,0.00000000000000,true
temporary CSI,insample,fund,mid_cap,fpr1,5,lockout_5yr,fpr1_5yr,20,-0.0021035057,-0.0021035057,0.00000000000000,true
temporary CSI,insample,fund,mid_cap,fpr3,1,lockout_1yr,fpr3_1yr,0,0.0008373435,0.0008373435,0.00000000000000,true
temporary CSI,insample,fund,mid_cap,fpr3,1,lockout_1yr,fpr3_1yr,5,0.0002858612,0.0002858612,0.00000000000000,true
temporary CSI,insample,fund,mid_cap,fpr3,1,lockout_1yr,fpr3_1yr,10,-0.0002654339,-0.0002654339,0.00000000000000,true
temporary CSI,insample,fund,mid_cap,fpr3,1,lockout_1yr,fpr3_1yr,20,-0.0013674622,-0.0013674622,0.00000000000000,true
temporary CSI,insample,fund,mid_cap,fpr3,2,lockout_2yr,fpr3_2yr,0,0.0011014233,0.0011014233,0.00000000000000,true
temporary CSI,insample,fund,mid_cap,fpr3,2,lockout_2yr,fpr3_2yr,5,0.0005512165,0.0005512165,0.00000000000000,true
temporary CSI,insample,fund,mid_cap,fpr3,2,lockout_2yr,fpr3_2yr,10,0.0000011959,0.0000011959,0.00000000000000,true
temporary CSI,insample,fund,mid_cap,fpr3,2,lockout_2yr,fpr3_2yr,20,-0.0010982866,-0.0010982866,0.00000000000000,true
temporary CSI,insample,fund,mid_cap,fpr3,3,lockout_3yr,fpr3_3yr,0,0.0012993659,0.0012993659,0.00000000000000,true
temporary CSI,insample,fund,mid_cap,fpr3,3,lockout_3yr,fpr3_3yr,5,0.0007488286,0.0007488286,0.00000000000000,true
temporary CSI,insample,fund,mid_cap,fpr3,3,lockout_3yr,fpr3_3yr,10,0.0001984778,0.0001984778,0.00000000000000,true
temporary CSI,insample,fund,mid_cap,fpr3,3,lockout_3yr,fpr3_3yr,20,-0.0009016645,-0.0009016645,0.00000000000000,true
temporary CSI,insample,fund,mid_cap,fpr3,5,lockout_5yr,fpr3_5yr,0,0.0012016057,0.0012016057,0.00000000000000,true
temporary CSI,insample,fund,mid_cap,fpr3,5,lockout_5yr,fpr3_5yr,5,0.0006502679,0.0006502679,0.00000000000000,true
temporary CSI,insample,fund,mid_cap,fpr3,5,lockout_5yr,fpr3_5yr,10,0.0000991170,0.0000991170,0.00000000000000,true
temporary CSI,insample,fund,mid_cap,fpr3,5,lockout_5yr,fpr3_5yr,20,-0.0010026242,-0.0010026242,0.00000000000000,true
temporary CSI,insample,fund,mid_cap,fpr5,1,lockout_1yr,fpr5_1yr,0,0.0006286623,0.0006286623,0.00000000000000,true
temporary CSI,insample,fund,mid_cap,fpr5,1,lockout_1yr,fpr5_1yr,5,0.0000773938,0.0000773938,0.00000000000000,true
temporary CSI,insample,fund,mid_cap,fpr5,1,lockout_1yr,fpr5_1yr,10,-0.0004736875,-0.0004736875,0.00000000000000,true
temporary CSI,insample,fund,mid_cap,fpr5,1,lockout_1yr,fpr5_1yr,20,-0.0015752889,-0.0015752889,0.00000000000000,true
temporary CSI,insample,fund,mid_cap,fpr5,2,lockout_2yr,fpr5_2yr,0,0.0009088144,0.0009088144,0.00000000000000,true
temporary CSI,insample,fund,mid_cap,fpr5,2,lockout_2yr,fpr5_2yr,5,0.0003572651,0.0003572651,0.00000000000000,true
temporary CSI,insample,fund,mid_cap,fpr5,2,lockout_2yr,fpr5_2yr,10,-0.0001940970,-0.0001940970,0.00000000000000,true
temporary CSI,insample,fund,mid_cap,fpr5,2,lockout_2yr,fpr5_2yr,20,-0.0012962595,-0.0012962595,0.00000000000000,true
temporary CSI,insample,fund,mid_cap,fpr5,3,lockout_3yr,fpr5_3yr,0,0.0010261821,0.0010261821,0.00000000000000,true
temporary CSI,insample,fund,mid_cap,fpr5,3,lockout_3yr,fpr5_3yr,5,0.0004756783,0.0004756783,0.00000000000000,true
temporary CSI,insample,fund,mid_cap,fpr5,3,lockout_3yr,fpr5_3yr,10,-0.0000746390,-0.0000746390,0.00000000000000,true
temporary CSI,insample,fund,mid_cap,fpr5,3,lockout_3yr,fpr5_3yr,20,-0.0011747142,-0.0011747142,0.00000000000000,true
temporary CSI,insample,fund,mid_cap,fpr5,5,lockout_5yr,fpr5_5yr,0,0.0016768772,0.0016768772,0.00000000000000,true
temporary CSI,insample,fund,mid_cap,fpr5,5,lockout_5yr,fpr5_5yr,5,0.0011269441,0.0011269441,0.00000000000000,true
temporary CSI,insample,fund,mid_cap,fpr5,5,lockout_5yr,fpr5_5yr,10,0.0005771968,0.0005771968,0.00000000000000,true
temporary CSI,insample,fund,mid_cap,fpr5,5,lockout_5yr,fpr5_5yr,20,-0.0005217404,-0.0005217404,0.00000000000000,true
temporary CSI,insample,fund,mid_cap,youden,1,lockout_1yr,youden_1yr,0,0.0015436268,0.0015436268,0.00000000000000,true
temporary CSI,insample,fund,mid_cap,youden,1,lockout_1yr,youden_1yr,5,0.0009821915,0.0009821915,0.00000000000000,true
temporary CSI,insample,fund,mid_cap,youden,1,lockout_1yr,youden_1yr,10,0.0004209502,0.0004209502,0.00000000000000,true
temporary CSI,insample,fund,mid_cap,youden,1,lockout_1yr,youden_1yr,20,-0.0007009506,-0.0007009506,0.00000000000000,true
temporary CSI,insample,fund,mid_cap,youden,2,lockout_2yr,youden_2yr,0,0.0023386704,0.0023386704,0.00000000000000,true
temporary CSI,insample,fund,mid_cap,youden,2,lockout_2yr,youden_2yr,5,0.0017782443,0.0017782443,0.00000000000000,true
temporary CSI,insample,fund,mid_cap,youden,2,lockout_2yr,youden_2yr,10,0.0012180105,0.0012180105,0.00000000000000,true
temporary CSI,insample,fund,mid_cap,youden,2,lockout_2yr,youden_2yr,20,0.0000981193,0.0000981193,0.00000000000000,true
temporary CSI,insample,fund,mid_cap,youden,3,lockout_3yr,youden_3yr,0,0.0014314213,0.0014314213,0.00000000000000,true
temporary CSI,insample,fund,mid_cap,youden,3,lockout_3yr,youden_3yr,5,0.0008759358,0.0008759358,0.00000000000000,true
temporary CSI,insample,fund,mid_cap,youden,3,lockout_3yr,youden_3yr,10,0.0003206397,0.0003206397,0.00000000000000,true
temporary CSI,insample,fund,mid_cap,youden,3,lockout_3yr,youden_3yr,20,-0.0007893844,-0.0007893844,0.00000000000000,true
temporary CSI,insample,fund,mid_cap,youden,5,lockout_5yr,youden_5yr,0,-0.0009131574,-0.0009131574,0.00000000000000,true
temporary CSI,insample,fund,mid_cap,youden,5,lockout_5yr,youden_5yr,5,-0.0014650241,-0.0014650241,0.00000000000000,true
temporary CSI,insample,fund,mid_cap,youden,5,lockout_5yr,youden_5yr,10,-0.0020167047,-0.0020167047,0.00000000000000,true
temporary CSI,insample,fund,mid_cap,youden,5,lockout_5yr,youden_5yr,20,-0.0031195079,-0.0031195079,0.00000000000000,true
temporary CSI,insample,fund,small_cap,fpr1,1,lockout_1yr,fpr1_1yr,0,0.0004964376,0.0004964376,0.00000000000000,true
temporary CSI,insample,fund,small_cap,fpr1,1,lockout_1yr,fpr1_1yr,5,0.0000795602,0.0000795602,0.00000000000000,true
temporary CSI,insample,fund,small_cap,fpr1,1,lockout_1yr,fpr1_1yr,10,-0.0003372176,-0.0003372176,0.00000000000000,true
temporary CSI,insample,fund,small_cap,fpr1,1,lockout_1yr,fpr1_1yr,20,-0.0011704745,-0.0011704745,0.00000000000000,true
temporary CSI,insample,fund,small_cap,fpr1,2,lockout_2yr,fpr1_2yr,0,0.0008476815,0.0008476815,0.00000000000000,true
temporary CSI,insample,fund,small_cap,fpr1,2,lockout_2yr,fpr1_2yr,5,0.0004304598,0.0004304598,0.00000000000000,true
temporary CSI,insample,fund,small_cap,fpr1,2,lockout_2yr,fpr1_2yr,10,0.0000133378,0.0000133378,0.00000000000000,true
temporary CSI,insample,fund,small_cap,fpr1,2,lockout_2yr,fpr1_2yr,20,-0.0008206067,-0.0008206067,0.00000000000000,true
temporary CSI,insample,fund,small_cap,fpr1,3,lockout_3yr,fpr1_3yr,0,0.0010051274,0.0010051274,0.00000000000000,true
temporary CSI,insample,fund,small_cap,fpr1,3,lockout_3yr,fpr1_3yr,5,0.0005877222,0.0005877222,0.00000000000000,true
temporary CSI,insample,fund,small_cap,fpr1,3,lockout_3yr,fpr1_3yr,10,0.0001704169,0.0001704169,0.00000000000000,true
temporary CSI,insample,fund,small_cap,fpr1,3,lockout_3yr,fpr1_3yr,20,-0.0006638942,-0.0006638942,0.00000000000000,true
temporary CSI,insample,fund,small_cap,fpr1,5,lockout_5yr,fpr1_5yr,0,0.0012247177,0.0012247177,0.00000000000000,true
temporary CSI,insample,fund,small_cap,fpr1,5,lockout_5yr,fpr1_5yr,5,0.0008074315,0.0008074315,0.00000000000000,true
temporary CSI,insample,fund,small_cap,fpr1,5,lockout_5yr,fpr1_5yr,10,0.0003902451,0.0003902451,0.00000000000000,true
temporary CSI,insample,fund,small_cap,fpr1,5,lockout_5yr,fpr1_5yr,20,-0.0004438285,-0.0004438285,0.00000000000000,true
temporary CSI,insample,fund,small_cap,fpr3,1,lockout_1yr,fpr3_1yr,0,0.0006796678,0.0006796678,0.00000000000000,true
temporary CSI,insample,fund,small_cap,fpr3,1,lockout_1yr,fpr3_1yr,5,0.0002611825,0.0002611825,0.00000000000000,true
temporary CSI,insample,fund,small_cap,fpr3,1,lockout_1yr,fpr3_1yr,10,-0.0001572023,-0.0001572023,0.00000000000000,true
temporary CSI,insample,fund,small_cap,fpr3,1,lockout_1yr,fpr3_1yr,20,-0.0009936703,-0.0009936703,0.00000000000000,true
temporary CSI,insample,fund,small_cap,fpr3,2,lockout_2yr,fpr3_2yr,0,0.0011913185,0.0011913185,0.00000000000000,true
temporary CSI,insample,fund,small_cap,fpr3,2,lockout_2yr,fpr3_2yr,5,0.0007720913,0.0007720913,0.00000000000000,true
temporary CSI,insample,fund,small_cap,fpr3,2,lockout_2yr,fpr3_2yr,10,0.0003529650,0.0003529650,0.00000000000000,true
temporary CSI,insample,fund,small_cap,fpr3,2,lockout_2yr,fpr3_2yr,20,-0.0004849850,-0.0004849850,0.00000000000000,true
temporary CSI,insample,fund,small_cap,fpr3,3,lockout_3yr,fpr3_3yr,0,0.0018682598,0.0018682598,0.00000000000000,true
temporary CSI,insample,fund,small_cap,fpr3,3,lockout_3yr,fpr3_3yr,5,0.0014492805,0.0014492805,0.00000000000000,true
temporary CSI,insample,fund,small_cap,fpr3,3,lockout_3yr,fpr3_3yr,10,0.0010304018,0.0010304018,0.00000000000000,true
temporary CSI,insample,fund,small_cap,fpr3,3,lockout_3yr,fpr3_3yr,20,0.0001929459,0.0001929459,0.00000000000000,true
temporary CSI,insample,fund,small_cap,fpr3,5,lockout_5yr,fpr3_5yr,0,0.0018437986,0.0018437986,0.00000000000000,true
temporary CSI,insample,fund,small_cap,fpr3,5,lockout_5yr,fpr3_5yr,5,0.0014255981,0.0014255981,0.00000000000000,true
temporary CSI,insample,fund,small_cap,fpr3,5,lockout_5yr,fpr3_5yr,10,0.0010074977,0.0010074977,0.00000000000000,true
temporary CSI,insample,fund,small_cap,fpr3,5,lockout_5yr,fpr3_5yr,20,0.0001715972,0.0001715972,0.00000000000000,true
temporary CSI,insample,fund,small_cap,fpr5,1,lockout_1yr,fpr5_1yr,0,0.0011170372,0.0011170372,0.00000000000000,true
temporary CSI,insample,fund,small_cap,fpr5,1,lockout_1yr,fpr5_1yr,5,0.0006959130,0.0006959130,0.00000000000000,true
temporary CSI,insample,fund,small_cap,fpr5,1,lockout_1yr,fpr5_1yr,10,0.0002748906,0.0002748906,0.00000000000000,true
temporary CSI,insample,fund,small_cap,fpr5,1,lockout_1yr,fpr5_1yr,20,-0.0005668485,-0.0005668485,0.00000000000000,true
temporary CSI,insample,fund,small_cap,fpr5,2,lockout_2yr,fpr5_2yr,0,0.0018963952,0.0018963952,0.00000000000000,true
temporary CSI,insample,fund,small_cap,fpr5,2,lockout_2yr,fpr5_2yr,5,0.0014753660,0.0014753660,0.00000000000000,true
temporary CSI,insample,fund,small_cap,fpr5,2,lockout_2yr,fpr5_2yr,10,0.0010544386,0.0010544386,0.00000000000000,true
temporary CSI,insample,fund,small_cap,fpr5,2,lockout_2yr,fpr5_2yr,20,0.0002128886,0.0002128886,0.00000000000000,true
temporary CSI,insample,fund,small_cap,fpr5,3,lockout_3yr,fpr5_3yr,0,0.0023600527,0.0023600527,0.00000000000000,true
temporary CSI,insample,fund,small_cap,fpr5,3,lockout_3yr,fpr5_3yr,5,0.0019391621,0.0019391621,0.00000000000000,true
temporary CSI,insample,fund,small_cap,fpr5,3,lockout_3yr,fpr5_3yr,10,0.0015183731,0.0015183731,0.00000000000000,true
temporary CSI,insample,fund,small_cap,fpr5,3,lockout_3yr,fpr5_3yr,20,0.0006770996,0.0006770996,0.00000000000000,true
temporary CSI,insample,fund,small_cap,fpr5,5,lockout_5yr,fpr5_5yr,0,0.0020519902,0.0020519902,0.00000000000000,true
temporary CSI,insample,fund,small_cap,fpr5,5,lockout_5yr,fpr5_5yr,5,0.0016321443,0.0016321443,0.00000000000000,true
temporary CSI,insample,fund,small_cap,fpr5,5,lockout_5yr,fpr5_5yr,10,0.0012123991,0.0012123991,0.00000000000000,true
temporary CSI,insample,fund,small_cap,fpr5,5,lockout_5yr,fpr5_5yr,20,0.0003732111,0.0003732111,0.00000000000000,true
temporary CSI,insample,fund,small_cap,youden,1,lockout_1yr,youden_1yr,0,0.0023390279,0.0023390279,0.00000000000000,true
temporary CSI,insample,fund,small_cap,youden,1,lockout_1yr,youden_1yr,5,0.0018866257,0.0018866257,0.00000000000000,true
temporary CSI,insample,fund,small_cap,youden,1,lockout_1yr,youden_1yr,10,0.0014343415,0.0014343415,0.00000000000000,true
temporary CSI,insample,fund,small_cap,youden,1,lockout_1yr,youden_1yr,20,0.0005301267,0.0005301267,0.00000000000000,true
temporary CSI,insample,fund,small_cap,youden,2,lockout_2yr,youden_2yr,0,0.0022931734,0.0022931734,0.00000000000000,true
temporary CSI,insample,fund,small_cap,youden,2,lockout_2yr,youden_2yr,5,0.0018484704,0.0018484704,0.00000000000000,true
temporary CSI,insample,fund,small_cap,youden,2,lockout_2yr,youden_2yr,10,0.0014038810,0.0014038810,0.00000000000000,true
temporary CSI,insample,fund,small_cap,youden,2,lockout_2yr,youden_2yr,20,0.0005150430,0.0005150430,0.00000000000000,true
temporary CSI,insample,fund,small_cap,youden,3,lockout_3yr,youden_3yr,0,0.0020392224,0.0020392224,0.00000000000000,true
temporary CSI,insample,fund,small_cap,youden,3,lockout_3yr,youden_3yr,5,0.0016015105,0.0016015105,0.00000000000000,true
temporary CSI,insample,fund,small_cap,youden,3,lockout_3yr,youden_3yr,10,0.0011639086,0.0011639086,0.00000000000000,true
temporary CSI,insample,fund,small_cap,youden,3,lockout_3yr,youden_3yr,20,0.0002890343,0.0002890343,0.00000000000000,true
temporary CSI,insample,fund,small_cap,youden,5,lockout_5yr,youden_5yr,0,0.0011993128,0.0011993128,0.00000000000000,true
temporary CSI,insample,fund,small_cap,youden,5,lockout_5yr,youden_5yr,5,0.0007623038,0.0007623038,0.00000000000000,true
temporary CSI,insample,fund,small_cap,youden,5,lockout_5yr,youden_5yr,10,0.0003254043,0.0003254043,0.00000000000000,true
temporary CSI,insample,fund,small_cap,youden,5,lockout_5yr,youden_5yr,20,-0.0005480666,-0.0005480666,0.00000000000000,true
temporary CSI,insample,fund,total_market,fpr1,1,lockout_1yr,fpr1_1yr,0,0.0001196036,0.0001196036,0.00000000000000,true
temporary CSI,insample,fund,total_market,fpr1,1,lockout_1yr,fpr1_1yr,5,0.0000312767,0.0000312767,0.00000000000000,true
temporary CSI,insample,fund,total_market,fpr1,1,lockout_1yr,fpr1_1yr,10,-0.0000570658,-0.0000570658,0.00000000000000,true
temporary CSI,insample,fund,total_market,fpr1,1,lockout_1yr,fpr1_1yr,20,-0.0002337972,-0.0002337972,0.00000000000000,true
temporary CSI,insample,fund,total_market,fpr1,2,lockout_2yr,fpr1_2yr,0,0.0001429121,0.0001429121,0.00000000000000,true
temporary CSI,insample,fund,total_market,fpr1,2,lockout_2yr,fpr1_2yr,5,0.0000545956,0.0000545956,0.00000000000000,true
temporary CSI,insample,fund,total_market,fpr1,2,lockout_2yr,fpr1_2yr,10,-0.0000337364,-0.0000337364,0.00000000000000,true
temporary CSI,insample,fund,total_market,fpr1,2,lockout_2yr,fpr1_2yr,20,-0.0002104469,-0.0002104469,0.00000000000000,true
temporary CSI,insample,fund,total_market,fpr1,3,lockout_3yr,fpr1_3yr,0,0.0001973042,0.0001973042,0.00000000000000,true
temporary CSI,insample,fund,total_market,fpr1,3,lockout_3yr,fpr1_3yr,5,0.0001090421,0.0001090421,0.00000000000000,true
temporary CSI,insample,fund,total_market,fpr1,3,lockout_3yr,fpr1_3yr,10,0.0000207646,0.0000207646,0.00000000000000,true
temporary CSI,insample,fund,total_market,fpr1,3,lockout_3yr,fpr1_3yr,20,-0.0001558371,-0.0001558371,0.00000000000000,true
temporary CSI,insample,fund,total_market,fpr1,5,lockout_5yr,fpr1_5yr,0,0.0002119661,0.0002119661,0.00000000000000,true
temporary CSI,insample,fund,total_market,fpr1,5,lockout_5yr,fpr1_5yr,5,0.0001237831,0.0001237831,0.00000000000000,true
temporary CSI,insample,fund,total_market,fpr1,5,lockout_5yr,fpr1_5yr,10,0.0000355846,0.0000355846,0.00000000000000,true
temporary CSI,insample,fund,total_market,fpr1,5,lockout_5yr,fpr1_5yr,20,-0.0001408590,-0.0001408590,0.00000000000000,true
temporary CSI,insample,fund,total_market,fpr3,1,lockout_1yr,fpr3_1yr,0,0.0002022165,0.0002022165,0.00000000000000,true
temporary CSI,insample,fund,total_market,fpr3,1,lockout_1yr,fpr3_1yr,5,0.0001127583,0.0001127583,0.00000000000000,true
temporary CSI,insample,fund,total_market,fpr3,1,lockout_1yr,fpr3_1yr,10,0.0000232848,0.0000232848,0.00000000000000,true
temporary CSI,insample,fund,total_market,fpr3,1,lockout_1yr,fpr3_1yr,20,-0.0001557084,-0.0001557084,0.00000000000000,true
temporary CSI,insample,fund,total_market,fpr3,2,lockout_2yr,fpr3_2yr,0,0.0003717479,0.0003717479,0.00000000000000,true
temporary CSI,insample,fund,total_market,fpr3,2,lockout_2yr,fpr3_2yr,5,0.0002826235,0.0002826235,0.00000000000000,true
temporary CSI,insample,fund,total_market,fpr3,2,lockout_2yr,fpr3_2yr,10,0.0001934837,0.0001934837,0.00000000000000,true
temporary CSI,insample,fund,total_market,fpr3,2,lockout_2yr,fpr3_2yr,20,0.0000151577,0.0000151577,0.00000000000000,true
temporary CSI,insample,fund,total_market,fpr3,3,lockout_3yr,fpr3_3yr,0,0.0004809589,0.0004809589,0.00000000000000,true
temporary CSI,insample,fund,total_market,fpr3,3,lockout_3yr,fpr3_3yr,5,0.0003921591,0.0003921591,0.00000000000000,true
temporary CSI,insample,fund,total_market,fpr3,3,lockout_3yr,fpr3_3yr,10,0.0003033437,0.0003033437,0.00000000000000,true
temporary CSI,insample,fund,total_market,fpr3,3,lockout_3yr,fpr3_3yr,20,0.0001256667,0.0001256667,0.00000000000000,true
temporary CSI,insample,fund,total_market,fpr3,5,lockout_5yr,fpr3_5yr,0,0.0005101802,0.0005101802,0.00000000000000,true
temporary CSI,insample,fund,total_market,fpr3,5,lockout_5yr,fpr3_5yr,5,0.0004215553,0.0004215553,0.00000000000000,true
temporary CSI,insample,fund,total_market,fpr3,5,lockout_5yr,fpr3_5yr,10,0.0003329149,0.0003329149,0.00000000000000,true
temporary CSI,insample,fund,total_market,fpr3,5,lockout_5yr,fpr3_5yr,20,0.0001555877,0.0001555877,0.00000000000000,true
temporary CSI,insample,fund,total_market,fpr5,1,lockout_1yr,fpr5_1yr,0,0.0001602619,0.0001602619,0.00000000000000,true
temporary CSI,insample,fund,total_market,fpr5,1,lockout_1yr,fpr5_1yr,5,0.0000696605,0.0000696605,0.00000000000000,true
temporary CSI,insample,fund,total_market,fpr5,1,lockout_1yr,fpr5_1yr,10,-0.0000209560,-0.0000209560,0.00000000000000,true
temporary CSI,insample,fund,total_market,fpr5,1,lockout_1yr,fpr5_1yr,20,-0.0002022347,-0.0002022347,0.00000000000000,true
temporary CSI,insample,fund,total_market,fpr5,2,lockout_2yr,fpr5_2yr,0,0.0004012210,0.0004012210,0.00000000000000,true
temporary CSI,insample,fund,total_market,fpr5,2,lockout_2yr,fpr5_2yr,5,0.0003110059,0.0003110059,0.00000000000000,true
temporary CSI,insample,fund,total_market,fpr5,2,lockout_2yr,fpr5_2yr,10,0.0002207756,0.0002207756,0.00000000000000,true
temporary CSI,insample,fund,total_market,fpr5,2,lockout_2yr,fpr5_2yr,20,0.0000402692,0.0000402692,0.00000000000000,true
temporary CSI,insample,fund,total_market,fpr5,3,lockout_3yr,fpr5_3yr,0,0.0004580928,0.0004580928,0.00000000000000,true
temporary CSI,insample,fund,total_market,fpr5,3,lockout_3yr,fpr5_3yr,5,0.0003682023,0.0003682023,0.00000000000000,true
temporary CSI,insample,fund,total_market,fpr5,3,lockout_3yr,fpr5_3yr,10,0.0002782966,0.0002782966,0.00000000000000,true
temporary CSI,insample,fund,total_market,fpr5,3,lockout_3yr,fpr5_3yr,20,0.0000984392,0.0000984392,0.00000000000000,true
temporary CSI,insample,fund,total_market,fpr5,5,lockout_5yr,fpr5_5yr,0,0.0006710412,0.0006710412,0.00000000000000,true
temporary CSI,insample,fund,total_market,fpr5,5,lockout_5yr,fpr5_5yr,5,0.0005815470,0.0005815470,0.00000000000000,true
temporary CSI,insample,fund,total_market,fpr5,5,lockout_5yr,fpr5_5yr,10,0.0004920375,0.0004920375,0.00000000000000,true
temporary CSI,insample,fund,total_market,fpr5,5,lockout_5yr,fpr5_5yr,20,0.0003129723,0.0003129723,0.00000000000000,true
temporary CSI,insample,fund,total_market,youden,1,lockout_1yr,youden_1yr,0,-0.0003286023,-0.0003286023,0.00000000000000,true
temporary CSI,insample,fund,total_market,youden,1,lockout_1yr,youden_1yr,5,-0.0004379610,-0.0004379610,0.00000000000000,true
temporary CSI,insample,fund,total_market,youden,1,lockout_1yr,youden_1yr,10,-0.0005473328,-0.0005473328,0.00000000000000,true
temporary CSI,insample,fund,total_market,youden,1,lockout_1yr,youden_1yr,20,-0.0007661160,-0.0007661160,0.00000000000000,true
temporary CSI,insample,fund,total_market,youden,2,lockout_2yr,youden_2yr,0,-0.0003759983,-0.0003759983,0.00000000000000,true
temporary CSI,insample,fund,total_market,youden,2,lockout_2yr,youden_2yr,5,-0.0004833289,-0.0004833289,0.00000000000000,true
temporary CSI,insample,fund,total_market,youden,2,lockout_2yr,youden_2yr,10,-0.0005906730,-0.0005906730,0.00000000000000,true
temporary CSI,insample,fund,total_market,youden,2,lockout_2yr,youden_2yr,20,-0.0008054015,-0.0008054015,0.00000000000000,true
temporary CSI,insample,fund,total_market,youden,3,lockout_3yr,youden_3yr,0,-0.0001011785,-0.0001011785,0.00000000000000,true
temporary CSI,insample,fund,total_market,youden,3,lockout_3yr,youden_3yr,5,-0.0002057901,-0.0002057901,0.00000000000000,true
temporary CSI,insample,fund,total_market,youden,3,lockout_3yr,youden_3yr,10,-0.0003104154,-0.0003104154,0.00000000000000,true
temporary CSI,insample,fund,total_market,youden,3,lockout_3yr,youden_3yr,20,-0.0005197073,-0.0005197073,0.00000000000000,true
temporary CSI,insample,fund,total_market,youden,5,lockout_5yr,youden_5yr,0,-0.0003353098,-0.0003353098,0.00000000000000,true
temporary CSI,insample,fund,total_market,youden,5,lockout_5yr,youden_5yr,5,-0.0004389600,-0.0004389600,0.00000000000000,true
temporary CSI,insample,fund,total_market,youden,5,lockout_5yr,youden_5yr,10,-0.0005426239,-0.0005426239,0.00000000000000,true
temporary CSI,insample,fund,total_market,youden,5,lockout_5yr,youden_5yr,20,-0.0007499932,-0.0007499932,0.00000000000000,true
temporary CSI,oos,fund,large_cap,fpr1,1,lockout_1yr,fpr1_1yr,0,0.0000111152,0.0000111152,0.00000000000000,true
temporary CSI,oos,fund,large_cap,fpr1,1,lockout_1yr,fpr1_1yr,5,-0.0000575946,-0.0000575946,0.00000000000000,true
temporary CSI,oos,fund,large_cap,fpr1,1,lockout_1yr,fpr1_1yr,10,-0.0001263014,-0.0001263014,0.00000000000000,true
temporary CSI,oos,fund,large_cap,fpr1,1,lockout_1yr,fpr1_1yr,20,-0.0002637063,-0.0002637063,0.00000000000000,true
temporary CSI,oos,fund,large_cap,fpr1,2,lockout_2yr,fpr1_2yr,0,0.0000059041,0.0000059041,0.00000000000000,true
temporary CSI,oos,fund,large_cap,fpr1,2,lockout_2yr,fpr1_2yr,5,-0.0000624127,-0.0000624127,0.00000000000000,true
temporary CSI,oos,fund,large_cap,fpr1,2,lockout_2yr,fpr1_2yr,10,-0.0001307266,-0.0001307266,0.00000000000000,true
temporary CSI,oos,fund,large_cap,fpr1,2,lockout_2yr,fpr1_2yr,20,-0.0002673456,-0.0002673456,0.00000000000000,true
temporary CSI,oos,fund,large_cap,fpr1,3,lockout_3yr,fpr1_3yr,0,0.0001541017,0.0001541017,0.00000000000000,true
temporary CSI,oos,fund,large_cap,fpr1,3,lockout_3yr,fpr1_3yr,5,0.0000859331,0.0000859331,0.00000000000000,true
temporary CSI,oos,fund,large_cap,fpr1,3,lockout_3yr,fpr1_3yr,10,0.0000177674,0.0000177674,0.00000000000000,true
temporary CSI,oos,fund,large_cap,fpr1,3,lockout_3yr,fpr1_3yr,20,-0.0001185553,-0.0001185553,0.00000000000000,true
temporary CSI,oos,fund,large_cap,fpr1,5,lockout_5yr,fpr1_5yr,0,0.0001357182,0.0001357182,0.00000000000000,true
temporary CSI,oos,fund,large_cap,fpr1,5,lockout_5yr,fpr1_5yr,5,0.0000677391,0.0000677391,0.00000000000000,true
temporary CSI,oos,fund,large_cap,fpr1,5,lockout_5yr,fpr1_5yr,10,-0.0000002372,-0.0000002372,0.00000000000000,true
temporary CSI,oos,fund,large_cap,fpr1,5,lockout_5yr,fpr1_5yr,20,-0.0001361811,-0.0001361811,0.00000000000000,true
temporary CSI,oos,fund,large_cap,fpr3,1,lockout_1yr,fpr3_1yr,0,-0.0001345260,-0.0001345260,0.00000000000000,true
temporary CSI,oos,fund,large_cap,fpr3,1,lockout_1yr,fpr3_1yr,5,-0.0002038279,-0.0002038279,0.00000000000000,true
temporary CSI,oos,fund,large_cap,fpr3,1,lockout_1yr,fpr3_1yr,10,-0.0002731269,-0.0002731269,0.00000000000000,true
temporary CSI,oos,fund,large_cap,fpr3,1,lockout_1yr,fpr3_1yr,20,-0.0004117161,-0.0004117161,0.00000000000000,true
temporary CSI,oos,fund,large_cap,fpr3,2,lockout_2yr,fpr3_2yr,0,0.0001633540,0.0001633540,0.00000000000000,true
temporary CSI,oos,fund,large_cap,fpr3,2,lockout_2yr,fpr3_2yr,5,0.0000949852,0.0000949852,0.00000000000000,true
temporary CSI,oos,fund,large_cap,fpr3,2,lockout_2yr,fpr3_2yr,10,0.0000266193,0.0000266193,0.00000000000000,true
temporary CSI,oos,fund,large_cap,fpr3,2,lockout_2yr,fpr3_2yr,20,-0.0001101038,-0.0001101038,0.00000000000000,true
temporary CSI,oos,fund,large_cap,fpr3,3,lockout_3yr,fpr3_3yr,0,0.0008059012,0.0008059012,0.00000000000000,true
temporary CSI,oos,fund,large_cap,fpr3,3,lockout_3yr,fpr3_3yr,5,0.0007385517,0.0007385517,0.00000000000000,true
temporary CSI,oos,fund,large_cap,fpr3,3,lockout_3yr,fpr3_3yr,10,0.0006712050,0.0006712050,0.00000000000000,true
temporary CSI,oos,fund,large_cap,fpr3,3,lockout_3yr,fpr3_3yr,20,0.0005365201,0.0005365201,0.00000000000000,true
temporary CSI,oos,fund,large_cap,fpr3,5,lockout_5yr,fpr3_5yr,0,0.0008467745,0.0008467745,0.00000000000000,true
temporary CSI,oos,fund,large_cap,fpr3,5,lockout_5yr,fpr3_5yr,5,0.0007799636,0.0007799636,0.00000000000000,true
temporary CSI,oos,fund,large_cap,fpr3,5,lockout_5yr,fpr3_5yr,10,0.0007131554,0.0007131554,0.00000000000000,true
temporary CSI,oos,fund,large_cap,fpr3,5,lockout_5yr,fpr3_5yr,20,0.0005795475,0.0005795475,0.00000000000000,true
temporary CSI,oos,fund,large_cap,fpr5,1,lockout_1yr,fpr5_1yr,0,-0.0002571923,-0.0002571923,0.00000000000000,true
temporary CSI,oos,fund,large_cap,fpr5,1,lockout_1yr,fpr5_1yr,5,-0.0003265278,-0.0003265278,0.00000000000000,true
temporary CSI,oos,fund,large_cap,fpr5,1,lockout_1yr,fpr5_1yr,10,-0.0003958603,-0.0003958603,0.00000000000000,true
temporary CSI,oos,fund,large_cap,fpr5,1,lockout_1yr,fpr5_1yr,20,-0.0005345166,-0.0005345166,0.00000000000000,true
temporary CSI,oos,fund,large_cap,fpr5,2,lockout_2yr,fpr5_2yr,0,0.0004109560,0.0004109560,0.00000000000000,true
temporary CSI,oos,fund,large_cap,fpr5,2,lockout_2yr,fpr5_2yr,5,0.0003426736,0.0003426736,0.00000000000000,true
temporary CSI,oos,fund,large_cap,fpr5,2,lockout_2yr,fpr5_2yr,10,0.0002743941,0.0002743941,0.00000000000000,true
temporary CSI,oos,fund,large_cap,fpr5,2,lockout_2yr,fpr5_2yr,20,0.0001378438,0.0001378438,0.00000000000000,true
temporary CSI,oos,fund,large_cap,fpr5,3,lockout_3yr,fpr5_3yr,0,-0.0024605252,-0.0024605252,0.00000000000000,true
temporary CSI,oos,fund,large_cap,fpr5,3,lockout_3yr,fpr5_3yr,5,-0.0025314689,-0.0025314689,0.00000000000000,true
temporary CSI,oos,fund,large_cap,fpr5,3,lockout_3yr,fpr5_3yr,10,-0.0026024097,-0.0026024097,0.00000000000000,true
temporary CSI,oos,fund,large_cap,fpr5,3,lockout_3yr,fpr5_3yr,20,-0.0027442825,-0.0027442825,0.00000000000000,true
temporary CSI,oos,fund,large_cap,fpr5,5,lockout_5yr,fpr5_5yr,0,-0.0000134595,-0.0000134595,0.00000000000000,true
temporary CSI,oos,fund,large_cap,fpr5,5,lockout_5yr,fpr5_5yr,5,-0.0000813064,-0.0000813064,0.00000000000000,true
temporary CSI,oos,fund,large_cap,fpr5,5,lockout_5yr,fpr5_5yr,10,-0.0001491504,-0.0001491504,0.00000000000000,true
temporary CSI,oos,fund,large_cap,fpr5,5,lockout_5yr,fpr5_5yr,20,-0.0002848296,-0.0002848296,0.00000000000000,true
temporary CSI,oos,fund,large_cap,youden,1,lockout_1yr,youden_1yr,0,-0.0034110654,-0.0034110654,0.00000000000000,true
temporary CSI,oos,fund,large_cap,youden,1,lockout_1yr,youden_1yr,5,-0.0034972439,-0.0034972439,0.00000000000000,true
temporary CSI,oos,fund,large_cap,youden,1,lockout_1yr,youden_1yr,10,-0.0035834185,-0.0035834185,0.00000000000000,true
temporary CSI,oos,fund,large_cap,youden,1,lockout_1yr,youden_1yr,20,-0.0037557558,-0.0037557558,0.00000000000000,true
temporary CSI,oos,fund,large_cap,youden,2,lockout_2yr,youden_2yr,0,-0.0067728503,-0.0067728503,0.00000000000000,true
temporary CSI,oos,fund,large_cap,youden,2,lockout_2yr,youden_2yr,5,-0.0068554099,-0.0068554099,0.00000000000000,true
temporary CSI,oos,fund,large_cap,youden,2,lockout_2yr,youden_2yr,10,-0.0069379658,-0.0069379658,0.00000000000000,true
temporary CSI,oos,fund,large_cap,youden,2,lockout_2yr,youden_2yr,20,-0.0071030664,-0.0071030664,0.00000000000000,true
temporary CSI,oos,fund,large_cap,youden,3,lockout_3yr,youden_3yr,0,0.0015309561,0.0015309561,0.00000000000000,true
temporary CSI,oos,fund,large_cap,youden,3,lockout_3yr,youden_3yr,5,0.0014579019,0.0014579019,0.00000000000000,true
temporary CSI,oos,fund,large_cap,youden,3,lockout_3yr,youden_3yr,10,0.0013848509,0.0013848509,0.00000000000000,true
temporary CSI,oos,fund,large_cap,youden,3,lockout_3yr,youden_3yr,20,0.0012387585,0.0012387585,0.00000000000000,true
temporary CSI,oos,fund,large_cap,youden,5,lockout_5yr,youden_5yr,0,-0.0004929745,-0.0004929745,0.00000000000000,true
temporary CSI,oos,fund,large_cap,youden,5,lockout_5yr,youden_5yr,5,-0.0005561361,-0.0005561361,0.00000000000000,true
temporary CSI,oos,fund,large_cap,youden,5,lockout_5yr,youden_5yr,10,-0.0006192951,-0.0006192951,0.00000000000000,true
temporary CSI,oos,fund,large_cap,youden,5,lockout_5yr,youden_5yr,20,-0.0007456057,-0.0007456057,0.00000000000000,true
temporary CSI,oos,fund,mid_cap,fpr1,1,lockout_1yr,fpr1_1yr,0,0.0000697771,0.0000697771,0.00000000000000,true
temporary CSI,oos,fund,mid_cap,fpr1,1,lockout_1yr,fpr1_1yr,5,-0.0005060572,-0.0005060572,0.00000000000000,true
temporary CSI,oos,fund,mid_cap,fpr1,1,lockout_1yr,fpr1_1yr,10,-0.0010816704,-0.0010816704,0.00000000000000,true
temporary CSI,oos,fund,mid_cap,fpr1,1,lockout_1yr,fpr1_1yr,20,-0.0022322333,-0.0022322333,0.00000000000000,true
temporary CSI,oos,fund,mid_cap,fpr1,2,lockout_2yr,fpr1_2yr,0,-0.0000256154,-0.0000256154,0.00000000000000,true
temporary CSI,oos,fund,mid_cap,fpr1,2,lockout_2yr,fpr1_2yr,5,-0.0006027747,-0.0006027747,0.00000000000000,true
temporary CSI,oos,fund,mid_cap,fpr1,2,lockout_2yr,fpr1_2yr,10,-0.0011797118,-0.0011797118,0.00000000000000,true
temporary CSI,oos,fund,mid_cap,fpr1,2,lockout_2yr,fpr1_2yr,20,-0.0023329193,-0.0023329193,0.00000000000000,true
temporary CSI,oos,fund,mid_cap,fpr1,3,lockout_3yr,fpr1_3yr,0,0.0008101590,0.0008101590,0.00000000000000,true
temporary CSI,oos,fund,mid_cap,fpr1,3,lockout_3yr,fpr1_3yr,5,0.0002339623,0.0002339623,0.00000000000000,true
temporary CSI,oos,fund,mid_cap,fpr1,3,lockout_3yr,fpr1_3yr,10,-0.0003420131,-0.0003420131,0.00000000000000,true
temporary CSI,oos,fund,mid_cap,fpr1,3,lockout_3yr,fpr1_3yr,20,-0.0014933002,-0.0014933002,0.00000000000000,true
temporary CSI,oos,fund,mid_cap,fpr1,5,lockout_5yr,fpr1_5yr,0,0.0005739491,0.0005739491,0.00000000000000,true
temporary CSI,oos,fund,mid_cap,fpr1,5,lockout_5yr,fpr1_5yr,5,-0.0000019964,-0.0000019964,0.00000000000000,true
temporary CSI,oos,fund,mid_cap,fpr1,5,lockout_5yr,fpr1_5yr,10,-0.0005777207,-0.0005777207,0.00000000000000,true
temporary CSI,oos,fund,mid_cap,fpr1,5,lockout_5yr,fpr1_5yr,20,-0.0017285060,-0.0017285060,0.00000000000000,true
temporary CSI,oos,fund,mid_cap,fpr3,1,lockout_1yr,fpr3_1yr,0,0.0001537397,0.0001537397,0.00000000000000,true
temporary CSI,oos,fund,mid_cap,fpr3,1,lockout_1yr,fpr3_1yr,5,-0.0004208504,-0.0004208504,0.00000000000000,true
temporary CSI,oos,fund,mid_cap,fpr3,1,lockout_1yr,fpr3_1yr,10,-0.0009952203,-0.0009952203,0.00000000000000,true
temporary CSI,oos,fund,mid_cap,fpr3,1,lockout_1yr,fpr3_1yr,20,-0.0021432992,-0.0021432992,0.00000000000000,true
temporary CSI,oos,fund,mid_cap,fpr3,2,lockout_2yr,fpr3_2yr,0,0.0010668263,0.0010668263,0.00000000000000,true
temporary CSI,oos,fund,mid_cap,fpr3,2,lockout_2yr,fpr3_2yr,5,0.0004917003,0.0004917003,0.00000000000000,true
temporary CSI,oos,fund,mid_cap,fpr3,2,lockout_2yr,fpr3_2yr,10,-0.0000832052,-0.0000832052,0.00000000000000,true
temporary CSI,oos,fund,mid_cap,fpr3,2,lockout_2yr,fpr3_2yr,20,-0.0012323549,-0.0012323549,0.00000000000000,true
temporary CSI,oos,fund,mid_cap,fpr3,3,lockout_3yr,fpr3_3yr,0,0.0034215964,0.0034215964,0.00000000000000,true
temporary CSI,oos,fund,mid_cap,fpr3,3,lockout_3yr,fpr3_3yr,5,0.0028477547,0.0028477547,0.00000000000000,true
temporary CSI,oos,fund,mid_cap,fpr3,3,lockout_3yr,fpr3_3yr,10,0.0022741320,0.0022741320,0.00000000000000,true
temporary CSI,oos,fund,mid_cap,fpr3,3,lockout_3yr,fpr3_3yr,20,0.0011275433,0.0011275433,0.00000000000000,true
temporary CSI,oos,fund,mid_cap,fpr3,5,lockout_5yr,fpr3_5yr,0,0.0029749182,0.0029749182,0.00000000000000,true
temporary CSI,oos,fund,mid_cap,fpr3,5,lockout_5yr,fpr3_5yr,5,0.0024022939,0.0024022939,0.00000000000000,true
temporary CSI,oos,fund,mid_cap,fpr3,5,lockout_5yr,fpr3_5yr,10,0.0018298876,0.0018298876,0.00000000000000,true
temporary CSI,oos,fund,mid_cap,fpr3,5,lockout_5yr,fpr3_5yr,20,0.0006857292,0.0006857292,0.00000000000000,true
temporary CSI,oos,fund,mid_cap,fpr5,1,lockout_1yr,fpr5_1yr,0,0.0003085785,0.0003085785,0.00000000000000,true
temporary CSI,oos,fund,mid_cap,fpr5,1,lockout_1yr,fpr5_1yr,5,-0.0002646024,-0.0002646024,0.00000000000000,true
temporary CSI,oos,fund,mid_cap,fpr5,1,lockout_1yr,fpr5_1yr,10,-0.0008375643,-0.0008375643,0.00000000000000,true
temporary CSI,oos,fund,mid_cap,fpr5,1,lockout_1yr,fpr5_1yr,20,-0.0019828309,-0.0019828309,0.00000000000000,true
temporary CSI,oos,fund,mid_cap,fpr5,2,lockout_2yr,fpr5_2yr,0,0.0017857077,0.0017857077,0.00000000000000,true
temporary CSI,oos,fund,mid_cap,fpr5,2,lockout_2yr,fpr5_2yr,5,0.0012106658,0.0012106658,0.00000000000000,true
temporary CSI,oos,fund,mid_cap,fpr5,2,lockout_2yr,fpr5_2yr,10,0.0006358440,0.0006358440,0.00000000000000,true
temporary CSI,oos,fund,mid_cap,fpr5,2,lockout_2yr,fpr5_2yr,20,-0.0005131394,-0.0005131394,0.00000000000000,true
temporary CSI,oos,fund,mid_cap,fpr5,3,lockout_3yr,fpr5_3yr,0,0.0045451203,0.0045451203,0.00000000000000,true
temporary CSI,oos,fund,mid_cap,fpr5,3,lockout_3yr,fpr5_3yr,5,0.0039702281,0.0039702281,0.00000000000000,true
temporary CSI,oos,fund,mid_cap,fpr5,3,lockout_3yr,fpr5_3yr,10,0.0033955553,0.0033955553,0.00000000000000,true
temporary CSI,oos,fund,mid_cap,fpr5,3,lockout_3yr,fpr5_3yr,20,0.0022468677,0.0022468677,0.00000000000000,true
temporary CSI,oos,fund,mid_cap,fpr5,5,lockout_5yr,fpr5_5yr,0,0.0050682276,0.0050682276,0.00000000000000,true
temporary CSI,oos,fund,mid_cap,fpr5,5,lockout_5yr,fpr5_5yr,5,0.0044955471,0.0044955471,0.00000000000000,true
temporary CSI,oos,fund,mid_cap,fpr5,5,lockout_5yr,fpr5_5yr,10,0.0039230843,0.0039230843,0.00000000000000,true
temporary CSI,oos,fund,mid_cap,fpr5,5,lockout_5yr,fpr5_5yr,20,0.0027788111,0.0027788111,0.00000000000000,true
temporary CSI,oos,fund,mid_cap,youden,1,lockout_1yr,youden_1yr,0,-0.0004657063,-0.0004657063,0.00000000000000,true
temporary CSI,oos,fund,mid_cap,youden,1,lockout_1yr,youden_1yr,5,-0.0010685167,-0.0010685167,0.00000000000000,true
temporary CSI,oos,fund,mid_cap,youden,1,lockout_1yr,youden_1yr,10,-0.0016710844,-0.0016710844,0.00000000000000,true
temporary CSI,oos,fund,mid_cap,youden,1,lockout_1yr,youden_1yr,20,-0.0028754922,-0.0028754922,0.00000000000000,true
temporary CSI,oos,fund,mid_cap,youden,2,lockout_2yr,youden_2yr,0,-0.0014277152,-0.0014277152,0.00000000000000,true
temporary CSI,oos,fund,mid_cap,youden,2,lockout_2yr,youden_2yr,5,-0.0020127414,-0.0020127414,0.00000000000000,true
temporary CSI,oos,fund,mid_cap,youden,2,lockout_2yr,youden_2yr,10,-0.0025975383,-0.0025975383,0.00000000000000,true
temporary CSI,oos,fund,mid_cap,youden,2,lockout_2yr,youden_2yr,20,-0.0037664445,-0.0037664445,0.00000000000000,true
temporary CSI,oos,fund,mid_cap,youden,3,lockout_3yr,youden_3yr,0,-0.0005674230,-0.0005674230,0.00000000000000,true
temporary CSI,oos,fund,mid_cap,youden,3,lockout_3yr,youden_3yr,5,-0.0011422715,-0.0011422715,0.00000000000000,true
temporary CSI,oos,fund,mid_cap,youden,3,lockout_3yr,youden_3yr,10,-0.0017168991,-0.0017168991,0.00000000000000,true
temporary CSI,oos,fund,mid_cap,youden,3,lockout_3yr,youden_3yr,20,-0.0028654918,-0.0028654918,0.00000000000000,true
temporary CSI,oos,fund,mid_cap,youden,5,lockout_5yr,youden_5yr,0,0.0019859019,0.0019859019,0.00000000000000,true
temporary CSI,oos,fund,mid_cap,youden,5,lockout_5yr,youden_5yr,5,0.0014142244,0.0014142244,0.00000000000000,true
temporary CSI,oos,fund,mid_cap,youden,5,lockout_5yr,youden_5yr,10,0.0008427643,0.0008427643,0.00000000000000,true
temporary CSI,oos,fund,mid_cap,youden,5,lockout_5yr,youden_5yr,20,-0.0002995035,-0.0002995035,0.00000000000000,true
temporary CSI,oos,fund,small_cap,fpr1,1,lockout_1yr,fpr1_1yr,0,-0.0010129323,-0.0010129323,0.00000000000000,true
temporary CSI,oos,fund,small_cap,fpr1,1,lockout_1yr,fpr1_1yr,5,-0.0014155131,-0.0014155131,0.00000000000000,true
temporary CSI,oos,fund,small_cap,fpr1,1,lockout_1yr,fpr1_1yr,10,-0.0018179842,-0.0018179842,0.00000000000000,true
temporary CSI,oos,fund,small_cap,fpr1,1,lockout_1yr,fpr1_1yr,20,-0.0026225979,-0.0026225979,0.00000000000000,true
temporary CSI,oos,fund,small_cap,fpr1,2,lockout_2yr,fpr1_2yr,0,-0.0002227545,-0.0002227545,0.00000000000000,true
temporary CSI,oos,fund,small_cap,fpr1,2,lockout_2yr,fpr1_2yr,5,-0.0006265512,-0.0006265512,0.00000000000000,true
temporary CSI,oos,fund,small_cap,fpr1,2,lockout_2yr,fpr1_2yr,10,-0.0010302377,-0.0010302377,0.00000000000000,true
temporary CSI,oos,fund,small_cap,fpr1,2,lockout_2yr,fpr1_2yr,20,-0.0018372806,-0.0018372806,0.00000000000000,true
temporary CSI,oos,fund,small_cap,fpr1,3,lockout_3yr,fpr1_3yr,0,0.0005205337,0.0005205337,0.00000000000000,true
temporary CSI,oos,fund,small_cap,fpr1,3,lockout_3yr,fpr1_3yr,5,0.0001170908,0.0001170908,0.00000000000000,true
temporary CSI,oos,fund,small_cap,fpr1,3,lockout_3yr,fpr1_3yr,10,-0.0002862422,-0.0002862422,0.00000000000000,true
temporary CSI,oos,fund,small_cap,fpr1,3,lockout_3yr,fpr1_3yr,20,-0.0010925787,-0.0010925787,0.00000000000000,true
temporary CSI,oos,fund,small_cap,fpr1,5,lockout_5yr,fpr1_5yr,0,0.0005632045,0.0005632045,0.00000000000000,true
temporary CSI,oos,fund,small_cap,fpr1,5,lockout_5yr,fpr1_5yr,5,0.0001616266,0.0001616266,0.00000000000000,true
temporary CSI,oos,fund,small_cap,fpr1,5,lockout_5yr,fpr1_5yr,10,-0.0002398426,-0.0002398426,0.00000000000000,true
temporary CSI,oos,fund,small_cap,fpr1,5,lockout_5yr,fpr1_5yr,20,-0.0010424547,-0.0010424547,0.00000000000000,true
temporary CSI,oos,fund,small_cap,fpr3,1,lockout_1yr,fpr3_1yr,0,-0.0043875156,-0.0043875156,0.00000000000000,true
temporary CSI,oos,fund,small_cap,fpr3,1,lockout_1yr,fpr3_1yr,5,-0.0047899088,-0.0047899088,0.00000000000000,true
temporary CSI,oos,fund,small_cap,fpr3,1,lockout_1yr,fpr3_1yr,10,-0.0051921919,-0.0051921919,0.00000000000000,true
temporary CSI,oos,fund,small_cap,fpr3,1,lockout_1yr,fpr3_1yr,20,-0.0059964280,-0.0059964280,0.00000000000000,true
temporary CSI,oos,fund,small_cap,fpr3,2,lockout_2yr,fpr3_2yr,0,-0.0023864383,-0.0023864383,0.00000000000000,true
temporary CSI,oos,fund,small_cap,fpr3,2,lockout_2yr,fpr3_2yr,5,-0.0027929649,-0.0027929649,0.00000000000000,true
temporary CSI,oos,fund,small_cap,fpr3,2,lockout_2yr,fpr3_2yr,10,-0.0031993798,-0.0031993798,0.00000000000000,true
temporary CSI,oos,fund,small_cap,fpr3,2,lockout_2yr,fpr3_2yr,20,-0.0040118743,-0.0040118743,0.00000000000000,true
temporary CSI,oos,fund,small_cap,fpr3,3,lockout_3yr,fpr3_3yr,0,-0.0024546283,-0.0024546283,0.00000000000000,true
temporary CSI,oos,fund,small_cap,fpr3,3,lockout_3yr,fpr3_3yr,5,-0.0028585914,-0.0028585914,0.00000000000000,true
temporary CSI,oos,fund,small_cap,fpr3,3,lockout_3yr,fpr3_3yr,10,-0.0032624439,-0.0032624439,0.00000000000000,true
temporary CSI,oos,fund,small_cap,fpr3,3,lockout_3yr,fpr3_3yr,20,-0.0040698170,-0.0040698170,0.00000000000000,true
temporary CSI,oos,fund,small_cap,fpr3,5,lockout_5yr,fpr3_5yr,0,-0.0005664295,-0.0005664295,0.00000000000000,true
temporary CSI,oos,fund,small_cap,fpr3,5,lockout_5yr,fpr3_5yr,5,-0.0009658083,-0.0009658083,0.00000000000000,true
temporary CSI,oos,fund,small_cap,fpr3,5,lockout_5yr,fpr3_5yr,10,-0.0013650793,-0.0013650793,0.00000000000000,true
temporary CSI,oos,fund,small_cap,fpr3,5,lockout_5yr,fpr3_5yr,20,-0.0021632983,-0.0021632983,0.00000000000000,true
temporary CSI,oos,fund,small_cap,fpr5,1,lockout_1yr,fpr5_1yr,0,-0.0078040718,-0.0078040718,0.00000000000000,true
temporary CSI,oos,fund,small_cap,fpr5,1,lockout_1yr,fpr5_1yr,5,-0.0082084430,-0.0082084430,0.00000000000000,true
temporary CSI,oos,fund,small_cap,fpr5,1,lockout_1yr,fpr5_1yr,10,-0.0086127026,-0.0086127026,0.00000000000000,true
temporary CSI,oos,fund,small_cap,fpr5,1,lockout_1yr,fpr5_1yr,20,-0.0094208867,-0.0094208867,0.00000000000000,true
temporary CSI,oos,fund,small_cap,fpr5,2,lockout_2yr,fpr5_2yr,0,-0.0050102110,-0.0050102110,0.00000000000000,true
temporary CSI,oos,fund,small_cap,fpr5,2,lockout_2yr,fpr5_2yr,5,-0.0054212256,-0.0054212256,0.00000000000000,true
temporary CSI,oos,fund,small_cap,fpr5,2,lockout_2yr,fpr5_2yr,10,-0.0058321258,-0.0058321258,0.00000000000000,true
temporary CSI,oos,fund,small_cap,fpr5,2,lockout_2yr,fpr5_2yr,20,-0.0066535831,-0.0066535831,0.00000000000000,true
temporary CSI,oos,fund,small_cap,fpr5,3,lockout_3yr,fpr5_3yr,0,-0.0052047792,-0.0052047792,0.00000000000000,true
temporary CSI,oos,fund,small_cap,fpr5,3,lockout_3yr,fpr5_3yr,5,-0.0056105271,-0.0056105271,0.00000000000000,true
temporary CSI,oos,fund,small_cap,fpr5,3,lockout_3yr,fpr5_3yr,10,-0.0060161630,-0.0060161630,0.00000000000000,true
temporary CSI,oos,fund,small_cap,fpr5,3,lockout_3yr,fpr5_3yr,20,-0.0068270989,-0.0068270989,0.00000000000000,true
temporary CSI,oos,fund,small_cap,fpr5,5,lockout_5yr,fpr5_5yr,0,-0.0034734180,-0.0034734180,0.00000000000000,true
temporary CSI,oos,fund,small_cap,fpr5,5,lockout_5yr,fpr5_5yr,5,-0.0038733039,-0.0038733039,0.00000000000000,true
temporary CSI,oos,fund,small_cap,fpr5,5,lockout_5yr,fpr5_5yr,10,-0.0042730814,-0.0042730814,0.00000000000000,true
temporary CSI,oos,fund,small_cap,fpr5,5,lockout_5yr,fpr5_5yr,20,-0.0050723117,-0.0050723117,0.00000000000000,true
temporary CSI,oos,fund,small_cap,youden,1,lockout_1yr,youden_1yr,0,0.0000403591,0.0000403591,0.00000000000000,true
temporary CSI,oos,fund,small_cap,youden,1,lockout_1yr,youden_1yr,5,-0.0004314005,-0.0004314005,0.00000000000000,true
temporary CSI,oos,fund,small_cap,youden,1,lockout_1yr,youden_1yr,10,-0.0009030120,-0.0009030120,0.00000000000000,true
temporary CSI,oos,fund,small_cap,youden,1,lockout_1yr,youden_1yr,20,-0.0018457913,-0.0018457913,0.00000000000000,true
temporary CSI,oos,fund,small_cap,youden,2,lockout_2yr,youden_2yr,0,0.0014201446,0.0014201446,0.00000000000000,true
temporary CSI,oos,fund,small_cap,youden,2,lockout_2yr,youden_2yr,5,0.0009574584,0.0009574584,0.00000000000000,true
temporary CSI,oos,fund,small_cap,youden,2,lockout_2yr,youden_2yr,10,0.0004949146,0.0004949146,0.00000000000000,true
temporary CSI,oos,fund,small_cap,youden,2,lockout_2yr,youden_2yr,20,-0.0004297457,-0.0004297457,0.00000000000000,true
temporary CSI,oos,fund,small_cap,youden,3,lockout_3yr,youden_3yr,0,0.0040061288,0.0040061288,0.00000000000000,true
temporary CSI,oos,fund,small_cap,youden,3,lockout_3yr,youden_3yr,5,0.0035475335,0.0035475335,0.00000000000000,true
temporary CSI,oos,fund,small_cap,youden,3,lockout_3yr,youden_3yr,10,0.0030890783,0.0030890783,0.00000000000000,true
temporary CSI,oos,fund,small_cap,youden,3,lockout_3yr,youden_3yr,20,0.0021725883,0.0021725883,0.00000000000000,true
temporary CSI,oos,fund,small_cap,youden,5,lockout_5yr,youden_5yr,0,0.0051988743,0.0051988743,0.00000000000000,true
temporary CSI,oos,fund,small_cap,youden,5,lockout_5yr,youden_5yr,5,0.0047413694,0.0047413694,0.00000000000000,true
temporary CSI,oos,fund,small_cap,youden,5,lockout_5yr,youden_5yr,10,0.0042840044,0.0042840044,0.00000000000000,true
temporary CSI,oos,fund,small_cap,youden,5,lockout_5yr,youden_5yr,20,0.0033696938,0.0033696938,0.00000000000000,true
temporary CSI,oos,fund,total_market,fpr1,1,lockout_1yr,fpr1_1yr,0,-0.0001614386,-0.0001614386,0.00000000000000,true
temporary CSI,oos,fund,total_market,fpr1,1,lockout_1yr,fpr1_1yr,5,-0.0001996678,-0.0001996678,0.00000000000000,true
temporary CSI,oos,fund,total_market,fpr1,1,lockout_1yr,fpr1_1yr,10,-0.0002378960,-0.0002378960,0.00000000000000,true
temporary CSI,oos,fund,total_market,fpr1,1,lockout_1yr,fpr1_1yr,20,-0.0003143498,-0.0003143498,0.00000000000000,true
temporary CSI,oos,fund,total_market,fpr1,2,lockout_2yr,fpr1_2yr,0,-0.0000057220,-0.0000057220,0.00000000000000,true
temporary CSI,oos,fund,total_market,fpr1,2,lockout_2yr,fpr1_2yr,5,-0.0000437614,-0.0000437614,0.00000000000000,true
temporary CSI,oos,fund,total_market,fpr1,2,lockout_2yr,fpr1_2yr,10,-0.0000817999,-0.0000817999,0.00000000000000,true
temporary CSI,oos,fund,total_market,fpr1,2,lockout_2yr,fpr1_2yr,20,-0.0001578741,-0.0001578741,0.00000000000000,true
temporary CSI,oos,fund,total_market,fpr1,3,lockout_3yr,fpr1_3yr,0,0.0002898983,0.0002898983,0.00000000000000,true
temporary CSI,oos,fund,total_market,fpr1,3,lockout_3yr,fpr1_3yr,5,0.0002522289,0.0002522289,0.00000000000000,true
temporary CSI,oos,fund,total_market,fpr1,3,lockout_3yr,fpr1_3yr,10,0.0002145604,0.0002145604,0.00000000000000,true
temporary CSI,oos,fund,total_market,fpr1,3,lockout_3yr,fpr1_3yr,20,0.0001392262,0.0001392262,0.00000000000000,true
temporary CSI,oos,fund,total_market,fpr1,5,lockout_5yr,fpr1_5yr,0,0.0003480097,0.0003480097,0.00000000000000,true
temporary CSI,oos,fund,total_market,fpr1,5,lockout_5yr,fpr1_5yr,5,0.0003105954,0.0003105954,0.00000000000000,true
temporary CSI,oos,fund,total_market,fpr1,5,lockout_5yr,fpr1_5yr,10,0.0002731821,0.0002731821,0.00000000000000,true
temporary CSI,oos,fund,total_market,fpr1,5,lockout_5yr,fpr1_5yr,20,0.0001983580,0.0001983580,0.00000000000000,true
temporary CSI,oos,fund,total_market,fpr3,1,lockout_1yr,fpr3_1yr,0,-0.0007930890,-0.0007930890,0.00000000000000,true
temporary CSI,oos,fund,total_market,fpr3,1,lockout_1yr,fpr3_1yr,5,-0.0008337394,-0.0008337394,0.00000000000000,true
temporary CSI,oos,fund,total_market,fpr3,1,lockout_1yr,fpr3_1yr,10,-0.0008743888,-0.0008743888,0.00000000000000,true
temporary CSI,oos,fund,total_market,fpr3,1,lockout_1yr,fpr3_1yr,20,-0.0009556846,-0.0009556846,0.00000000000000,true
temporary CSI,oos,fund,total_market,fpr3,2,lockout_2yr,fpr3_2yr,0,-0.0001182580,-0.0001182580,0.00000000000000,true
temporary CSI,oos,fund,total_market,fpr3,2,lockout_2yr,fpr3_2yr,5,-0.0001583734,-0.0001583734,0.00000000000000,true
temporary CSI,oos,fund,total_market,fpr3,2,lockout_2yr,fpr3_2yr,10,-0.0001984877,-0.0001984877,0.00000000000000,true
temporary CSI,oos,fund,total_market,fpr3,2,lockout_2yr,fpr3_2yr,20,-0.0002787134,-0.0002787134,0.00000000000000,true
temporary CSI,oos,fund,total_market,fpr3,3,lockout_3yr,fpr3_3yr,0,0.0005095886,0.0005095886,0.00000000000000,true
temporary CSI,oos,fund,total_market,fpr3,3,lockout_3yr,fpr3_3yr,5,0.0004706001,0.0004706001,0.00000000000000,true
temporary CSI,oos,fund,total_market,fpr3,3,lockout_3yr,fpr3_3yr,10,0.0004316126,0.0004316126,0.00000000000000,true
temporary CSI,oos,fund,total_market,fpr3,3,lockout_3yr,fpr3_3yr,20,0.0003536404,0.0003536404,0.00000000000000,true
temporary CSI,oos,fund,total_market,fpr3,5,lockout_5yr,fpr3_5yr,0,0.0009603407,0.0009603407,0.00000000000000,true
temporary CSI,oos,fund,total_market,fpr3,5,lockout_5yr,fpr3_5yr,5,0.0009225648,0.0009225648,0.00000000000000,true
temporary CSI,oos,fund,total_market,fpr3,5,lockout_5yr,fpr3_5yr,10,0.0008847897,0.0008847897,0.00000000000000,true
temporary CSI,oos,fund,total_market,fpr3,5,lockout_5yr,fpr3_5yr,20,0.0008092423,0.0008092423,0.00000000000000,true
temporary CSI,oos,fund,total_market,fpr5,1,lockout_1yr,fpr5_1yr,0,-0.0012420928,-0.0012420928,0.00000000000000,true
temporary CSI,oos,fund,total_market,fpr5,1,lockout_1yr,fpr5_1yr,5,-0.0012845114,-0.0012845114,0.00000000000000,true
temporary CSI,oos,fund,total_market,fpr5,1,lockout_1yr,fpr5_1yr,10,-0.0013269289,-0.0013269289,0.00000000000000,true
temporary CSI,oos,fund,total_market,fpr5,1,lockout_1yr,fpr5_1yr,20,-0.0014117607,-0.0014117607,0.00000000000000,true
temporary CSI,oos,fund,total_market,fpr5,2,lockout_2yr,fpr5_2yr,0,-0.0000567607,-0.0000567607,0.00000000000000,true
temporary CSI,oos,fund,total_market,fpr5,2,lockout_2yr,fpr5_2yr,5,-0.0000981882,-0.0000981882,0.00000000000000,true
temporary CSI,oos,fund,total_market,fpr5,2,lockout_2yr,fpr5_2yr,10,-0.0001396146,-0.0001396146,0.00000000000000,true
temporary CSI,oos,fund,total_market,fpr5,2,lockout_2yr,fpr5_2yr,20,-0.0002224644,-0.0002224644,0.00000000000000,true
temporary CSI,oos,fund,total_market,fpr5,3,lockout_3yr,fpr5_3yr,0,-0.0023551877,-0.0023551877,0.00000000000000,true
temporary CSI,oos,fund,total_market,fpr5,3,lockout_3yr,fpr5_3yr,5,-0.0023979830,-0.0023979830,0.00000000000000,true
temporary CSI,oos,fund,total_market,fpr5,3,lockout_3yr,fpr5_3yr,10,-0.0024407772,-0.0024407772,0.00000000000000,true
temporary CSI,oos,fund,total_market,fpr5,3,lockout_3yr,fpr5_3yr,20,-0.0025263623,-0.0025263623,0.00000000000000,true
temporary CSI,oos,fund,total_market,fpr5,5,lockout_5yr,fpr5_5yr,0,0.0001171450,0.0001171450,0.00000000000000,true
temporary CSI,oos,fund,total_market,fpr5,5,lockout_5yr,fpr5_5yr,5,0.0000778922,0.0000778922,0.00000000000000,true
temporary CSI,oos,fund,total_market,fpr5,5,lockout_5yr,fpr5_5yr,10,0.0000386404,0.0000386404,0.00000000000000,true
temporary CSI,oos,fund,total_market,fpr5,5,lockout_5yr,fpr5_5yr,20,-0.0000398604,-0.0000398604,0.00000000000000,true
temporary CSI,oos,fund,total_market,youden,1,lockout_1yr,youden_1yr,0,-0.0013831828,-0.0013831828,0.00000000000000,true
temporary CSI,oos,fund,total_market,youden,1,lockout_1yr,youden_1yr,5,-0.0014534330,-0.0014534330,0.00000000000000,true
temporary CSI,oos,fund,total_market,youden,1,lockout_1yr,youden_1yr,10,-0.0015236811,-0.0015236811,0.00000000000000,true
temporary CSI,oos,fund,total_market,youden,1,lockout_1yr,youden_1yr,20,-0.0016641711,-0.0016641711,0.00000000000000,true
temporary CSI,oos,fund,total_market,youden,2,lockout_2yr,youden_2yr,0,-0.0036616881,-0.0036616881,0.00000000000000,true
temporary CSI,oos,fund,total_market,youden,2,lockout_2yr,youden_2yr,5,-0.0037290010,-0.0037290010,0.00000000000000,true
temporary CSI,oos,fund,total_market,youden,2,lockout_2yr,youden_2yr,10,-0.0037963120,-0.0037963120,0.00000000000000,true
temporary CSI,oos,fund,total_market,youden,2,lockout_2yr,youden_2yr,20,-0.0039309283,-0.0039309283,0.00000000000000,true
temporary CSI,oos,fund,total_market,youden,3,lockout_3yr,youden_3yr,0,0.0043131638,0.0043131638,0.00000000000000,true
temporary CSI,oos,fund,total_market,youden,3,lockout_3yr,youden_3yr,5,0.0042550185,0.0042550185,0.00000000000000,true
temporary CSI,oos,fund,total_market,youden,3,lockout_3yr,youden_3yr,10,0.0041968750,0.0041968750,0.00000000000000,true
temporary CSI,oos,fund,total_market,youden,3,lockout_3yr,youden_3yr,20,0.0040805931,0.0040805931,0.00000000000000,true
temporary CSI,oos,fund,total_market,youden,5,lockout_5yr,youden_5yr,0,0.0029506835,0.0029506835,0.00000000000000,true
temporary CSI,oos,fund,total_market,youden,5,lockout_5yr,youden_5yr,5,0.0029010684,0.0029010684,0.00000000000000,true
temporary CSI,oos,fund,total_market,youden,5,lockout_5yr,youden_5yr,10,0.0028514546,0.0028514546,0.00000000000000,true
temporary CSI,oos,fund,total_market,youden,5,lockout_5yr,youden_5yr,20,0.0027522312,0.0027522312,0.00000000000000,true
temporary CSI,test,fund,large_cap,fpr1,1,lockout_1yr,fpr1_1yr,0,0.0000340683,0.0000340683,0.00000000000000,true
temporary CSI,test,fund,large_cap,fpr1,1,lockout_1yr,fpr1_1yr,5,-0.0000286133,-0.0000286133,0.00000000000000,true
temporary CSI,test,fund,large_cap,fpr1,1,lockout_1yr,fpr1_1yr,10,-0.0000912924,-0.0000912924,0.00000000000000,true
temporary CSI,test,fund,large_cap,fpr1,1,lockout_1yr,fpr1_1yr,20,-0.0002166428,-0.0002166428,0.00000000000000,true
temporary CSI,test,fund,large_cap,fpr1,2,lockout_2yr,fpr1_2yr,0,0.0000340683,0.0000340683,0.00000000000000,true
temporary CSI,test,fund,large_cap,fpr1,2,lockout_2yr,fpr1_2yr,5,-0.0000286133,-0.0000286133,0.00000000000000,true
temporary CSI,test,fund,large_cap,fpr1,2,lockout_2yr,fpr1_2yr,10,-0.0000912924,-0.0000912924,0.00000000000000,true
temporary CSI,test,fund,large_cap,fpr1,2,lockout_2yr,fpr1_2yr,20,-0.0002166428,-0.0002166428,0.00000000000000,true
temporary CSI,test,fund,large_cap,fpr1,3,lockout_3yr,fpr1_3yr,0,0.0000340683,0.0000340683,0.00000000000000,true
temporary CSI,test,fund,large_cap,fpr1,3,lockout_3yr,fpr1_3yr,5,-0.0000286133,-0.0000286133,0.00000000000000,true
temporary CSI,test,fund,large_cap,fpr1,3,lockout_3yr,fpr1_3yr,10,-0.0000912924,-0.0000912924,0.00000000000000,true
temporary CSI,test,fund,large_cap,fpr1,3,lockout_3yr,fpr1_3yr,20,-0.0002166428,-0.0002166428,0.00000000000000,true
temporary CSI,test,fund,large_cap,fpr1,5,lockout_5yr,fpr1_5yr,0,0.0000340683,0.0000340683,0.00000000000000,true
temporary CSI,test,fund,large_cap,fpr1,5,lockout_5yr,fpr1_5yr,5,-0.0000286133,-0.0000286133,0.00000000000000,true
temporary CSI,test,fund,large_cap,fpr1,5,lockout_5yr,fpr1_5yr,10,-0.0000912924,-0.0000912924,0.00000000000000,true
temporary CSI,test,fund,large_cap,fpr1,5,lockout_5yr,fpr1_5yr,20,-0.0002166428,-0.0002166428,0.00000000000000,true
temporary CSI,test,fund,large_cap,fpr3,1,lockout_1yr,fpr3_1yr,0,-0.0000011883,-0.0000011883,0.00000000000000,true
temporary CSI,test,fund,large_cap,fpr3,1,lockout_1yr,fpr3_1yr,5,-0.0000637793,-0.0000637793,0.00000000000000,true
temporary CSI,test,fund,large_cap,fpr3,1,lockout_1yr,fpr3_1yr,10,-0.0001263678,-0.0001263678,0.00000000000000,true
temporary CSI,test,fund,large_cap,fpr3,1,lockout_1yr,fpr3_1yr,20,-0.0002515371,-0.0002515371,0.00000000000000,true
temporary CSI,test,fund,large_cap,fpr3,2,lockout_2yr,fpr3_2yr,0,-0.0000011883,-0.0000011883,0.00000000000000,true
temporary CSI,test,fund,large_cap,fpr3,2,lockout_2yr,fpr3_2yr,5,-0.0000637793,-0.0000637793,0.00000000000000,true
temporary CSI,test,fund,large_cap,fpr3,2,lockout_2yr,fpr3_2yr,10,-0.0001263678,-0.0001263678,0.00000000000000,true
temporary CSI,test,fund,large_cap,fpr3,2,lockout_2yr,fpr3_2yr,20,-0.0002515371,-0.0002515371,0.00000000000000,true
temporary CSI,test,fund,large_cap,fpr3,3,lockout_3yr,fpr3_3yr,0,-0.0000104861,-0.0000104861,0.00000000000000,true
temporary CSI,test,fund,large_cap,fpr3,3,lockout_3yr,fpr3_3yr,5,-0.0000730700,-0.0000730700,0.00000000000000,true
temporary CSI,test,fund,large_cap,fpr3,3,lockout_3yr,fpr3_3yr,10,-0.0001356514,-0.0001356514,0.00000000000000,true
temporary CSI,test,fund,large_cap,fpr3,3,lockout_3yr,fpr3_3yr,20,-0.0002608065,-0.0002608065,0.00000000000000,true
temporary CSI,test,fund,large_cap,fpr3,5,lockout_5yr,fpr3_5yr,0,0.0000157009,0.0000157009,0.00000000000000,true
temporary CSI,test,fund,large_cap,fpr3,5,lockout_5yr,fpr3_5yr,5,-0.0000468112,-0.0000468112,0.00000000000000,true
temporary CSI,test,fund,large_cap,fpr3,5,lockout_5yr,fpr3_5yr,10,-0.0001093209,-0.0001093209,0.00000000000000,true
temporary CSI,test,fund,large_cap,fpr3,5,lockout_5yr,fpr3_5yr,20,-0.0002343325,-0.0002343325,0.00000000000000,true
temporary CSI,test,fund,large_cap,fpr5,1,lockout_1yr,fpr5_1yr,0,-0.0000678638,-0.0000678638,0.00000000000000,true
temporary CSI,test,fund,large_cap,fpr5,1,lockout_1yr,fpr5_1yr,5,-0.0001311327,-0.0001311327,0.00000000000000,true
temporary CSI,test,fund,large_cap,fpr5,1,lockout_1yr,fpr5_1yr,10,-0.0001943990,-0.0001943990,0.00000000000000,true
temporary CSI,test,fund,large_cap,fpr5,1,lockout_1yr,fpr5_1yr,20,-0.0003209237,-0.0003209237,0.00000000000000,true
temporary CSI,test,fund,large_cap,fpr5,2,lockout_2yr,fpr5_2yr,0,-0.0000555541,-0.0000555541,0.00000000000000,true
temporary CSI,test,fund,large_cap,fpr5,2,lockout_2yr,fpr5_2yr,5,-0.0001185054,-0.0001185054,0.00000000000000,true
temporary CSI,test,fund,large_cap,fpr5,2,lockout_2yr,fpr5_2yr,10,-0.0001814541,-0.0001814541,0.00000000000000,true
temporary CSI,test,fund,large_cap,fpr5,2,lockout_2yr,fpr5_2yr,20,-0.0003073437,-0.0003073437,0.00000000000000,true
temporary CSI,test,fund,large_cap,fpr5,3,lockout_3yr,fpr5_3yr,0,0.0000135742,0.0000135742,0.00000000000000,true
temporary CSI,test,fund,large_cap,fpr5,3,lockout_3yr,fpr5_3yr,5,-0.0000491992,-0.0000491992,0.00000000000000,true
temporary CSI,test,fund,large_cap,fpr5,3,lockout_3yr,fpr5_3yr,10,-0.0001119699,-0.0001119699,0.00000000000000,true
temporary CSI,test,fund,large_cap,fpr5,3,lockout_3yr,fpr5_3yr,20,-0.0002375036,-0.0002375036,0.00000000000000,true
temporary CSI,test,fund,large_cap,fpr5,5,lockout_5yr,fpr5_5yr,0,0.0000135742,0.0000135742,0.00000000000000,true
temporary CSI,test,fund,large_cap,fpr5,5,lockout_5yr,fpr5_5yr,5,-0.0000491992,-0.0000491992,0.00000000000000,true
temporary CSI,test,fund,large_cap,fpr5,5,lockout_5yr,fpr5_5yr,10,-0.0001119699,-0.0001119699,0.00000000000000,true
temporary CSI,test,fund,large_cap,fpr5,5,lockout_5yr,fpr5_5yr,20,-0.0002375036,-0.0002375036,0.00000000000000,true
temporary CSI,test,fund,large_cap,youden,1,lockout_1yr,youden_1yr,0,0.0015441587,0.0015441587,0.00000000000000,true
temporary CSI,test,fund,large_cap,youden,1,lockout_1yr,youden_1yr,5,0.0014726247,0.0014726247,0.00000000000000,true
temporary CSI,test,fund,large_cap,youden,1,lockout_1yr,youden_1yr,10,0.0014010940,0.0014010940,0.00000000000000,true
temporary CSI,test,fund,large_cap,youden,1,lockout_1yr,youden_1yr,20,0.0012580421,0.0012580421,0.00000000000000,true
temporary CSI,test,fund,large_cap,youden,2,lockout_2yr,youden_2yr,0,0.0024707404,0.0024707404,0.00000000000000,true
temporary CSI,test,fund,large_cap,youden,2,lockout_2yr,youden_2yr,5,0.0024015967,0.0024015967,0.00000000000000,true
temporary CSI,test,fund,large_cap,youden,2,lockout_2yr,youden_2yr,10,0.0023324559,0.0023324559,0.00000000000000,true
temporary CSI,test,fund,large_cap,youden,2,lockout_2yr,youden_2yr,20,0.0021941834,0.0021941834,0.00000000000000,true
temporary CSI,test,fund,large_cap,youden,3,lockout_3yr,youden_3yr,0,0.0029347454,0.0029347454,0.00000000000000,true
temporary CSI,test,fund,large_cap,youden,3,lockout_3yr,youden_3yr,5,0.0028660002,0.0028660002,0.00000000000000,true
temporary CSI,test,fund,large_cap,youden,3,lockout_3yr,youden_3yr,10,0.0027972579,0.0027972579,0.00000000000000,true
temporary CSI,test,fund,large_cap,youden,3,lockout_3yr,youden_3yr,20,0.0026597823,0.0026597823,0.00000000000000,true
temporary CSI,test,fund,large_cap,youden,5,lockout_5yr,youden_5yr,0,0.0029041252,0.0029041252,0.00000000000000,true
temporary CSI,test,fund,large_cap,youden,5,lockout_5yr,youden_5yr,5,0.0028361875,0.0028361875,0.00000000000000,true
temporary CSI,test,fund,large_cap,youden,5,lockout_5yr,youden_5yr,10,0.0027682526,0.0027682526,0.00000000000000,true
temporary CSI,test,fund,large_cap,youden,5,lockout_5yr,youden_5yr,20,0.0026323917,0.0026323917,0.00000000000000,true
temporary CSI,test,fund,mid_cap,fpr1,1,lockout_1yr,fpr1_1yr,0,0.0002053057,0.0002053057,0.00000000000000,true
temporary CSI,test,fund,mid_cap,fpr1,1,lockout_1yr,fpr1_1yr,5,-0.0002594815,-0.0002594815,0.00000000000000,true
temporary CSI,test,fund,mid_cap,fpr1,1,lockout_1yr,fpr1_1yr,10,-0.0007241273,-0.0007241273,0.00000000000000,true
temporary CSI,test,fund,mid_cap,fpr1,1,lockout_1yr,fpr1_1yr,20,-0.0016529954,-0.0016529954,0.00000000000000,true
temporary CSI,test,fund,mid_cap,fpr1,2,lockout_2yr,fpr1_2yr,0,0.0002053057,0.0002053057,0.00000000000000,true
temporary CSI,test,fund,mid_cap,fpr1,2,lockout_2yr,fpr1_2yr,5,-0.0002594815,-0.0002594815,0.00000000000000,true
temporary CSI,test,fund,mid_cap,fpr1,2,lockout_2yr,fpr1_2yr,10,-0.0007241273,-0.0007241273,0.00000000000000,true
temporary CSI,test,fund,mid_cap,fpr1,2,lockout_2yr,fpr1_2yr,20,-0.0016529954,-0.0016529954,0.00000000000000,true
temporary CSI,test,fund,mid_cap,fpr1,3,lockout_3yr,fpr1_3yr,0,0.0002053057,0.0002053057,0.00000000000000,true
temporary CSI,test,fund,mid_cap,fpr1,3,lockout_3yr,fpr1_3yr,5,-0.0002594815,-0.0002594815,0.00000000000000,true
temporary CSI,test,fund,mid_cap,fpr1,3,lockout_3yr,fpr1_3yr,10,-0.0007241273,-0.0007241273,0.00000000000000,true
temporary CSI,test,fund,mid_cap,fpr1,3,lockout_3yr,fpr1_3yr,20,-0.0016529954,-0.0016529954,0.00000000000000,true
temporary CSI,test,fund,mid_cap,fpr1,5,lockout_5yr,fpr1_5yr,0,0.0002053057,0.0002053057,0.00000000000000,true
temporary CSI,test,fund,mid_cap,fpr1,5,lockout_5yr,fpr1_5yr,5,-0.0002594815,-0.0002594815,0.00000000000000,true
temporary CSI,test,fund,mid_cap,fpr1,5,lockout_5yr,fpr1_5yr,10,-0.0007241273,-0.0007241273,0.00000000000000,true
temporary CSI,test,fund,mid_cap,fpr1,5,lockout_5yr,fpr1_5yr,20,-0.0016529954,-0.0016529954,0.00000000000000,true
temporary CSI,test,fund,mid_cap,fpr3,1,lockout_1yr,fpr3_1yr,0,-0.0000203752,-0.0000203752,0.00000000000000,true
temporary CSI,test,fund,mid_cap,fpr3,1,lockout_1yr,fpr3_1yr,5,-0.0004851814,-0.0004851814,0.00000000000000,true
temporary CSI,test,fund,mid_cap,fpr3,1,lockout_1yr,fpr3_1yr,10,-0.0009498462,-0.0009498462,0.00000000000000,true
temporary CSI,test,fund,mid_cap,fpr3,1,lockout_1yr,fpr3_1yr,20,-0.0018787519,-0.0018787519,0.00000000000000,true
temporary CSI,test,fund,mid_cap,fpr3,2,lockout_2yr,fpr3_2yr,0,-0.0000203752,-0.0000203752,0.00000000000000,true
temporary CSI,test,fund,mid_cap,fpr3,2,lockout_2yr,fpr3_2yr,5,-0.0004851814,-0.0004851814,0.00000000000000,true
temporary CSI,test,fund,mid_cap,fpr3,2,lockout_2yr,fpr3_2yr,10,-0.0009498462,-0.0009498462,0.00000000000000,true
temporary CSI,test,fund,mid_cap,fpr3,2,lockout_2yr,fpr3_2yr,20,-0.0018787519,-0.0018787519,0.00000000000000,true
temporary CSI,test,fund,mid_cap,fpr3,3,lockout_3yr,fpr3_3yr,0,-0.0000713621,-0.0000713621,0.00000000000000,true
temporary CSI,test,fund,mid_cap,fpr3,3,lockout_3yr,fpr3_3yr,5,-0.0005359456,-0.0005359456,0.00000000000000,true
temporary CSI,test,fund,mid_cap,fpr3,3,lockout_3yr,fpr3_3yr,10,-0.0010003880,-0.0010003880,0.00000000000000,true
temporary CSI,test,fund,mid_cap,fpr3,3,lockout_3yr,fpr3_3yr,20,-0.0019288492,-0.0019288492,0.00000000000000,true
temporary CSI,test,fund,mid_cap,fpr3,5,lockout_5yr,fpr3_5yr,0,0.0000806417,0.0000806417,0.00000000000000,true
temporary CSI,test,fund,mid_cap,fpr3,5,lockout_5yr,fpr3_5yr,5,-0.0003836526,-0.0003836526,0.00000000000000,true
temporary CSI,test,fund,mid_cap,fpr3,5,lockout_5yr,fpr3_5yr,10,-0.0008478060,-0.0008478060,0.00000000000000,true
temporary CSI,test,fund,mid_cap,fpr3,5,lockout_5yr,fpr3_5yr,20,-0.0017756899,-0.0017756899,0.00000000000000,true
temporary CSI,test,fund,mid_cap,fpr5,1,lockout_1yr,fpr5_1yr,0,0.0000699067,0.0000699067,0.00000000000000,true
temporary CSI,test,fund,mid_cap,fpr5,1,lockout_1yr,fpr5_1yr,5,-0.0003954114,-0.0003954114,0.00000000000000,true
temporary CSI,test,fund,mid_cap,fpr5,1,lockout_1yr,fpr5_1yr,10,-0.0008605880,-0.0008605880,0.00000000000000,true
temporary CSI,test,fund,mid_cap,fpr5,1,lockout_1yr,fpr5_1yr,20,-0.0017905165,-0.0017905165,0.00000000000000,true
temporary CSI,test,fund,mid_cap,fpr5,2,lockout_2yr,fpr5_2yr,0,0.0000570277,0.0000570277,-0.00000000000000,true
temporary CSI,test,fund,mid_cap,fpr5,2,lockout_2yr,fpr5_2yr,5,-0.0004080180,-0.0004080180,0.00000000000000,true
temporary CSI,test,fund,mid_cap,fpr5,2,lockout_2yr,fpr5_2yr,10,-0.0008729224,-0.0008729224,0.00000000000000,true
temporary CSI,test,fund,mid_cap,fpr5,2,lockout_2yr,fpr5_2yr,20,-0.0018023071,-0.0018023071,0.00000000000000,true
temporary CSI,test,fund,mid_cap,fpr5,3,lockout_3yr,fpr5_3yr,0,0.0004578459,0.0004578459,0.00000000000000,true
temporary CSI,test,fund,mid_cap,fpr5,3,lockout_3yr,fpr5_3yr,5,-0.0000064978,-0.0000064978,0.00000000000000,true
temporary CSI,test,fund,mid_cap,fpr5,3,lockout_3yr,fpr5_3yr,10,-0.0004707006,-0.0004707006,0.00000000000000,true
temporary CSI,test,fund,mid_cap,fpr5,3,lockout_3yr,fpr5_3yr,20,-0.0013986836,-0.0013986836,0.00000000000000,true
temporary CSI,test,fund,mid_cap,fpr5,5,lockout_5yr,fpr5_5yr,0,0.0004578459,0.0004578459,0.00000000000000,true
temporary CSI,test,fund,mid_cap,fpr5,5,lockout_5yr,fpr5_5yr,5,-0.0000064978,-0.0000064978,0.00000000000000,true
temporary CSI,test,fund,mid_cap,fpr5,5,lockout_5yr,fpr5_5yr,10,-0.0004707006,-0.0004707006,0.00000000000000,true
temporary CSI,test,fund,mid_cap,fpr5,5,lockout_5yr,fpr5_5yr,20,-0.0013986836,-0.0013986836,0.00000000000000,true
temporary CSI,test,fund,mid_cap,youden,1,lockout_1yr,youden_1yr,0,0.0006258248,0.0006258248,0.00000000000000,true
temporary CSI,test,fund,mid_cap,youden,1,lockout_1yr,youden_1yr,5,0.0001542339,0.0001542339,0.00000000000000,true
temporary CSI,test,fund,mid_cap,youden,1,lockout_1yr,youden_1yr,10,-0.0003172129,-0.0003172129,0.00000000000000,true
temporary CSI,test,fund,mid_cap,youden,1,lockout_1yr,youden_1yr,20,-0.0012596742,-0.0012596742,0.00000000000000,true
temporary CSI,test,fund,mid_cap,youden,2,lockout_2yr,youden_2yr,0,0.0036930167,0.0036930167,0.00000000000000,true
temporary CSI,test,fund,mid_cap,youden,2,lockout_2yr,youden_2yr,5,0.0032275071,0.0032275071,0.00000000000000,true
temporary CSI,test,fund,mid_cap,youden,2,lockout_2yr,youden_2yr,10,0.0027621378,0.0027621378,0.00000000000000,true
temporary CSI,test,fund,mid_cap,youden,2,lockout_2yr,youden_2yr,20,0.0018318201,0.0018318201,0.00000000000000,true
temporary CSI,test,fund,mid_cap,youden,3,lockout_3yr,youden_3yr,0,0.0030638023,0.0030638023,0.00000000000000,true
temporary CSI,test,fund,mid_cap,youden,3,lockout_3yr,youden_3yr,5,0.0026028985,0.0026028985,0.00000000000000,true
temporary CSI,test,fund,mid_cap,youden,3,lockout_3yr,youden_3yr,10,0.0021421323,0.0021421323,0.00000000000000,true
temporary CSI,test,fund,mid_cap,youden,3,lockout_3yr,youden_3yr,20,0.0012210123,0.0012210123,0.00000000000000,true
temporary CSI,test,fund,mid_cap,youden,5,lockout_5yr,youden_5yr,0,0.0044773883,0.0044773883,0.00000000000000,true
temporary CSI,test,fund,mid_cap,youden,5,lockout_5yr,youden_5yr,5,0.0040187479,0.0040187479,0.00000000000000,true
temporary CSI,test,fund,mid_cap,youden,5,lockout_5yr,youden_5yr,10,0.0035602440,0.0035602440,0.00000000000000,true
temporary CSI,test,fund,mid_cap,youden,5,lockout_5yr,youden_5yr,20,0.0026436450,0.0026436450,0.00000000000000,true
temporary CSI,test,fund,small_cap,fpr1,1,lockout_1yr,fpr1_1yr,0,-0.0000961817,-0.0000961817,0.00000000000000,true
temporary CSI,test,fund,small_cap,fpr1,1,lockout_1yr,fpr1_1yr,5,-0.0004300869,-0.0004300869,0.00000000000000,true
temporary CSI,test,fund,small_cap,fpr1,1,lockout_1yr,fpr1_1yr,10,-0.0007639176,-0.0007639176,0.00000000000000,true
temporary CSI,test,fund,small_cap,fpr1,1,lockout_1yr,fpr1_1yr,20,-0.0014313553,-0.0014313553,0.00000000000000,true
temporary CSI,test,fund,small_cap,fpr1,2,lockout_2yr,fpr1_2yr,0,-0.0001167535,-0.0001167535,0.00000000000000,true
temporary CSI,test,fund,small_cap,fpr1,2,lockout_2yr,fpr1_2yr,5,-0.0004505978,-0.0004505978,0.00000000000000,true
temporary CSI,test,fund,small_cap,fpr1,2,lockout_2yr,fpr1_2yr,10,-0.0007843676,-0.0007843676,0.00000000000000,true
temporary CSI,test,fund,small_cap,fpr1,2,lockout_2yr,fpr1_2yr,20,-0.0014516834,-0.0014516834,0.00000000000000,true
temporary CSI,test,fund,small_cap,fpr1,3,lockout_3yr,fpr1_3yr,0,-0.0001167535,-0.0001167535,0.00000000000000,true
temporary CSI,test,fund,small_cap,fpr1,3,lockout_3yr,fpr1_3yr,5,-0.0004505978,-0.0004505978,0.00000000000000,true
temporary CSI,test,fund,small_cap,fpr1,3,lockout_3yr,fpr1_3yr,10,-0.0007843676,-0.0007843676,0.00000000000000,true
temporary CSI,test,fund,small_cap,fpr1,3,lockout_3yr,fpr1_3yr,20,-0.0014516834,-0.0014516834,0.00000000000000,true
temporary CSI,test,fund,small_cap,fpr1,5,lockout_5yr,fpr1_5yr,0,-0.0001167535,-0.0001167535,0.00000000000000,true
temporary CSI,test,fund,small_cap,fpr1,5,lockout_5yr,fpr1_5yr,5,-0.0004505978,-0.0004505978,0.00000000000000,true
temporary CSI,test,fund,small_cap,fpr1,5,lockout_5yr,fpr1_5yr,10,-0.0007843676,-0.0007843676,0.00000000000000,true
temporary CSI,test,fund,small_cap,fpr1,5,lockout_5yr,fpr1_5yr,20,-0.0014516834,-0.0014516834,0.00000000000000,true
temporary CSI,test,fund,small_cap,fpr3,1,lockout_1yr,fpr3_1yr,0,-0.0000550250,-0.0000550250,0.00000000000000,true
temporary CSI,test,fund,small_cap,fpr3,1,lockout_1yr,fpr3_1yr,5,-0.0003890340,-0.0003890340,0.00000000000000,true
temporary CSI,test,fund,small_cap,fpr3,1,lockout_1yr,fpr3_1yr,10,-0.0007229685,-0.0007229685,0.00000000000000,true
temporary CSI,test,fund,small_cap,fpr3,1,lockout_1yr,fpr3_1yr,20,-0.0013906134,-0.0013906134,0.00000000000000,true
temporary CSI,test,fund,small_cap,fpr3,2,lockout_2yr,fpr3_2yr,0,-0.0001190208,-0.0001190208,0.00000000000000,true
temporary CSI,test,fund,small_cap,fpr3,2,lockout_2yr,fpr3_2yr,5,-0.0004525292,-0.0004525292,0.00000000000000,true
temporary CSI,test,fund,small_cap,fpr3,2,lockout_2yr,fpr3_2yr,10,-0.0007859631,-0.0007859631,0.00000000000000,true
temporary CSI,test,fund,small_cap,fpr3,2,lockout_2yr,fpr3_2yr,20,-0.0014526077,-0.0014526077,0.00000000000000,true
temporary CSI,test,fund,small_cap,fpr3,3,lockout_3yr,fpr3_3yr,0,-0.0003643770,-0.0003643770,0.00000000000000,true
temporary CSI,test,fund,small_cap,fpr3,3,lockout_3yr,fpr3_3yr,5,-0.0006975829,-0.0006975829,0.00000000000000,true
temporary CSI,test,fund,small_cap,fpr3,3,lockout_3yr,fpr3_3yr,10,-0.0010307144,-0.0010307144,0.00000000000000,true
temporary CSI,test,fund,small_cap,fpr3,3,lockout_3yr,fpr3_3yr,20,-0.0016967546,-0.0016967546,0.00000000000000,true
temporary CSI,test,fund,small_cap,fpr3,5,lockout_5yr,fpr3_5yr,0,-0.0001622447,-0.0001622447,0.00000000000000,true
temporary CSI,test,fund,small_cap,fpr3,5,lockout_5yr,fpr3_5yr,5,-0.0004952501,-0.0004952501,0.00000000000000,true
temporary CSI,test,fund,small_cap,fpr3,5,lockout_5yr,fpr3_5yr,10,-0.0008281813,-0.0008281813,0.00000000000000,true
temporary CSI,test,fund,small_cap,fpr3,5,lockout_5yr,fpr3_5yr,20,-0.0014938210,-0.0014938210,0.00000000000000,true
temporary CSI,test,fund,small_cap,fpr5,1,lockout_1yr,fpr5_1yr,0,0.0001688418,0.0001688418,0.00000000000000,true
temporary CSI,test,fund,small_cap,fpr5,1,lockout_1yr,fpr5_1yr,5,-0.0001661355,-0.0001661355,0.00000000000000,true
temporary CSI,test,fund,small_cap,fpr5,1,lockout_1yr,fpr5_1yr,10,-0.0005010377,-0.0005010377,0.00000000000000,true
temporary CSI,test,fund,small_cap,fpr5,1,lockout_1yr,fpr5_1yr,20,-0.0011706172,-0.0011706172,0.00000000000000,true
temporary CSI,test,fund,small_cap,fpr5,2,lockout_2yr,fpr5_2yr,0,-0.0004017148,-0.0004017148,0.00000000000000,true
temporary CSI,test,fund,small_cap,fpr5,2,lockout_2yr,fpr5_2yr,5,-0.0007349532,-0.0007349532,0.00000000000000,true
temporary CSI,test,fund,small_cap,fpr5,2,lockout_2yr,fpr5_2yr,10,-0.0010681173,-0.0010681173,0.00000000000000,true
temporary CSI,test,fund,small_cap,fpr5,2,lockout_2yr,fpr5_2yr,20,-0.0017342228,-0.0017342228,0.00000000000000,true
temporary CSI,test,fund,small_cap,fpr5,3,lockout_3yr,fpr5_3yr,0,-0.0010120488,-0.0010120488,0.00000000000000,true
temporary CSI,test,fund,small_cap,fpr5,3,lockout_3yr,fpr5_3yr,5,-0.0013442348,-0.0013442348,0.00000000000000,true
temporary CSI,test,fund,small_cap,fpr5,3,lockout_3yr,fpr5_3yr,10,-0.0016763469,-0.0016763469,0.00000000000000,true
temporary CSI,test,fund,small_cap,fpr5,3,lockout_3yr,fpr5_3yr,20,-0.0023403497,-0.0023403497,0.00000000000000,true
temporary CSI,test,fund,small_cap,fpr5,5,lockout_5yr,fpr5_5yr,0,-0.0007584457,-0.0007584457,0.00000000000000,true
temporary CSI,test,fund,small_cap,fpr5,5,lockout_5yr,fpr5_5yr,5,-0.0010905756,-0.0010905756,0.00000000000000,true
temporary CSI,test,fund,small_cap,fpr5,5,lockout_5yr,fpr5_5yr,10,-0.0014226316,-0.0014226316,0.00000000000000,true
temporary CSI,test,fund,small_cap,fpr5,5,lockout_5yr,fpr5_5yr,20,-0.0020865222,-0.0020865222,0.00000000000000,true
temporary CSI,test,fund,small_cap,youden,1,lockout_1yr,youden_1yr,0,0.0054691840,0.0054691840,0.00000000000000,true
temporary CSI,test,fund,small_cap,youden,1,lockout_1yr,youden_1yr,5,0.0051089715,0.0051089715,0.00000000000000,true
temporary CSI,test,fund,small_cap,youden,1,lockout_1yr,youden_1yr,10,0.0047488433,0.0047488433,0.00000000000000,true
temporary CSI,test,fund,small_cap,youden,1,lockout_1yr,youden_1yr,20,0.0040288392,0.0040288392,0.00000000000000,true
temporary CSI,test,fund,small_cap,youden,2,lockout_2yr,youden_2yr,0,0.0067462927,0.0067462927,0.00000000000000,true
temporary CSI,test,fund,small_cap,youden,2,lockout_2yr,youden_2yr,5,0.0063936492,0.0063936492,0.00000000000000,true
temporary CSI,test,fund,small_cap,youden,2,lockout_2yr,youden_2yr,10,0.0060410867,0.0060410867,0.00000000000000,true
temporary CSI,test,fund,small_cap,youden,2,lockout_2yr,youden_2yr,20,0.0053362044,0.0053362044,0.00000000000000,true
temporary CSI,test,fund,small_cap,youden,3,lockout_3yr,youden_3yr,0,0.0062935204,0.0062935204,0.00000000000000,true
temporary CSI,test,fund,small_cap,youden,3,lockout_3yr,youden_3yr,5,0.0059451799,0.0059451799,0.00000000000000,true
temporary CSI,test,fund,small_cap,youden,3,lockout_3yr,youden_3yr,10,0.0055969188,0.0055969188,0.00000000000000,true
temporary CSI,test,fund,small_cap,youden,3,lockout_3yr,youden_3yr,20,0.0049006345,0.0049006345,0.00000000000000,true
temporary CSI,test,fund,small_cap,youden,5,lockout_5yr,youden_5yr,0,0.0067177435,0.0067177435,0.00000000000000,true
temporary CSI,test,fund,small_cap,youden,5,lockout_5yr,youden_5yr,5,0.0063670831,0.0063670831,0.00000000000000,true
temporary CSI,test,fund,small_cap,youden,5,lockout_5yr,youden_5yr,10,0.0060165032,0.0060165032,0.00000000000000,true
temporary CSI,test,fund,small_cap,youden,5,lockout_5yr,youden_5yr,20,0.0053155850,0.0053155850,0.00000000000000,true
temporary CSI,test,fund,total_market,fpr1,1,lockout_1yr,fpr1_1yr,0,0.0000494532,0.0000494532,0.00000000000000,true
temporary CSI,test,fund,total_market,fpr1,1,lockout_1yr,fpr1_1yr,5,0.0000104313,0.0000104313,0.00000000000000,true
temporary CSI,test,fund,total_market,fpr1,1,lockout_1yr,fpr1_1yr,10,-0.0000285896,-0.0000285896,0.00000000000000,true
temporary CSI,test,fund,total_market,fpr1,1,lockout_1yr,fpr1_1yr,20,-0.0001066283,-0.0001066283,0.00000000000000,true
temporary CSI,test,fund,total_market,fpr1,2,lockout_2yr,fpr1_2yr,0,0.0000545714,0.0000545714,0.00000000000000,true
temporary CSI,test,fund,total_market,fpr1,2,lockout_2yr,fpr1_2yr,5,0.0000155862,0.0000155862,0.00000000000000,true
temporary CSI,test,fund,total_market,fpr1,2,lockout_2yr,fpr1_2yr,10,-0.0000233979,-0.0000233979,0.00000000000000,true
temporary CSI,test,fund,total_market,fpr1,2,lockout_2yr,fpr1_2yr,20,-0.0001013631,-0.0001013631,0.00000000000000,true
temporary CSI,test,fund,total_market,fpr1,3,lockout_3yr,fpr1_3yr,0,0.0000521941,0.0000521941,0.00000000000000,true
temporary CSI,test,fund,total_market,fpr1,3,lockout_3yr,fpr1_3yr,5,0.0000132183,0.0000132183,0.00000000000000,true
temporary CSI,test,fund,total_market,fpr1,3,lockout_3yr,fpr1_3yr,10,-0.0000257565,-0.0000257565,0.00000000000000,true
temporary CSI,test,fund,total_market,fpr1,3,lockout_3yr,fpr1_3yr,20,-0.0001037032,-0.0001037032,0.00000000000000,true
temporary CSI,test,fund,total_market,fpr1,5,lockout_5yr,fpr1_5yr,0,0.0000492416,0.0000492416,0.00000000000000,true
temporary CSI,test,fund,total_market,fpr1,5,lockout_5yr,fpr1_5yr,5,0.0000102633,0.0000102633,0.00000000000000,true
temporary CSI,test,fund,total_market,fpr1,5,lockout_5yr,fpr1_5yr,10,-0.0000287140,-0.0000287140,0.00000000000000,true
temporary CSI,test,fund,total_market,fpr1,5,lockout_5yr,fpr1_5yr,20,-0.0001066657,-0.0001066657,0.00000000000000,true
temporary CSI,test,fund,total_market,fpr3,1,lockout_1yr,fpr3_1yr,0,0.0001715704,0.0001715704,0.00000000000000,true
temporary CSI,test,fund,total_market,fpr3,1,lockout_1yr,fpr3_1yr,5,0.0001323896,0.0001323896,0.00000000000000,true
temporary CSI,test,fund,total_market,fpr3,1,lockout_1yr,fpr3_1yr,10,0.0000932098,0.0000932098,0.00000000000000,true
temporary CSI,test,fund,total_market,fpr3,1,lockout_1yr,fpr3_1yr,20,0.0000148531,0.0000148531,0.00000000000000,true
temporary CSI,test,fund,total_market,fpr3,2,lockout_2yr,fpr3_2yr,0,0.0001762581,0.0001762581,0.00000000000000,true
temporary CSI,test,fund,total_market,fpr3,2,lockout_2yr,fpr3_2yr,5,0.0001372199,0.0001372199,0.00000000000000,true
temporary CSI,test,fund,total_market,fpr3,2,lockout_2yr,fpr3_2yr,10,0.0000981826,0.0000981826,0.00000000000000,true
temporary CSI,test,fund,total_market,fpr3,2,lockout_2yr,fpr3_2yr,20,0.0000201112,0.0000201112,0.00000000000000,true
temporary CSI,test,fund,total_market,fpr3,3,lockout_3yr,fpr3_3yr,0,0.0001540733,0.0001540733,0.00000000000000,true
temporary CSI,test,fund,total_market,fpr3,3,lockout_3yr,fpr3_3yr,5,0.0001150586,0.0001150586,0.00000000000000,true
temporary CSI,test,fund,total_market,fpr3,3,lockout_3yr,fpr3_3yr,10,0.0000760449,0.0000760449,0.00000000000000,true
temporary CSI,test,fund,total_market,fpr3,3,lockout_3yr,fpr3_3yr,20,-0.0000019795,-0.0000019795,0.00000000000000,true
temporary CSI,test,fund,total_market,fpr3,5,lockout_5yr,fpr3_5yr,0,0.0002324278,0.0002324278,0.00000000000000,true
temporary CSI,test,fund,total_market,fpr3,5,lockout_5yr,fpr3_5yr,5,0.0001934938,0.0001934938,0.00000000000000,true
temporary CSI,test,fund,total_market,fpr3,5,lockout_5yr,fpr3_5yr,10,0.0001545609,0.0001545609,0.00000000000000,true
temporary CSI,test,fund,total_market,fpr3,5,lockout_5yr,fpr3_5yr,20,0.0000766980,0.0000766980,0.00000000000000,true
temporary CSI,test,fund,total_market,fpr5,1,lockout_1yr,fpr5_1yr,0,0.0002252584,0.0002252584,0.00000000000000,true
temporary CSI,test,fund,total_market,fpr5,1,lockout_1yr,fpr5_1yr,5,0.0001851704,0.0001851704,0.00000000000000,true
temporary CSI,test,fund,total_market,fpr5,1,lockout_1yr,fpr5_1yr,10,0.0001450835,0.0001450835,0.00000000000000,true
temporary CSI,test,fund,total_market,fpr5,1,lockout_1yr,fpr5_1yr,20,0.0000649128,0.0000649128,0.00000000000000,true
temporary CSI,test,fund,total_market,fpr5,2,lockout_2yr,fpr5_2yr,0,0.0001786247,0.0001786247,0.00000000000000,true
temporary CSI,test,fund,total_market,fpr5,2,lockout_2yr,fpr5_2yr,5,0.0001391510,0.0001391510,0.00000000000000,true
temporary CSI,test,fund,total_market,fpr5,2,lockout_2yr,fpr5_2yr,10,0.0000996783,0.0000996783,0.00000000000000,true
temporary CSI,test,fund,total_market,fpr5,2,lockout_2yr,fpr5_2yr,20,0.0000207360,0.0000207360,0.00000000000000,true
temporary CSI,test,fund,total_market,fpr5,3,lockout_3yr,fpr5_3yr,0,0.0001849129,0.0001849129,0.00000000000000,true
temporary CSI,test,fund,total_market,fpr5,3,lockout_3yr,fpr5_3yr,5,0.0001456122,0.0001456122,0.00000000000000,true
temporary CSI,test,fund,total_market,fpr5,3,lockout_3yr,fpr5_3yr,10,0.0001063126,0.0001063126,0.00000000000000,true
temporary CSI,test,fund,total_market,fpr5,3,lockout_3yr,fpr5_3yr,20,0.0000277164,0.0000277164,0.00000000000000,true
temporary CSI,test,fund,total_market,fpr5,5,lockout_5yr,fpr5_5yr,0,0.0002410107,0.0002410107,0.00000000000000,true
temporary CSI,test,fund,total_market,fpr5,5,lockout_5yr,fpr5_5yr,5,0.0002017639,0.0002017639,0.00000000000000,true
temporary CSI,test,fund,total_market,fpr5,5,lockout_5yr,fpr5_5yr,10,0.0001625182,0.0001625182,0.00000000000000,true
temporary CSI,test,fund,total_market,fpr5,5,lockout_5yr,fpr5_5yr,20,0.0000840298,0.0000840298,0.00000000000000,true
temporary CSI,test,fund,total_market,youden,1,lockout_1yr,youden_1yr,0,0.0030576491,0.0030576491,0.00000000000000,true
temporary CSI,test,fund,total_market,youden,1,lockout_1yr,youden_1yr,5,0.0030004967,0.0030004967,0.00000000000000,true
temporary CSI,test,fund,total_market,youden,1,lockout_1yr,youden_1yr,10,0.0029433462,0.0029433462,0.00000000000000,true
temporary CSI,test,fund,total_market,youden,1,lockout_1yr,youden_1yr,20,0.0028290508,0.0028290508,0.00000000000000,true
temporary CSI,test,fund,total_market,youden,2,lockout_2yr,youden_2yr,0,0.0040980271,0.0040980271,0.00000000000000,true
temporary CSI,test,fund,total_market,youden,2,lockout_2yr,youden_2yr,5,0.0040436687,0.0040436687,0.00000000000000,true
temporary CSI,test,fund,total_market,youden,2,lockout_2yr,youden_2yr,10,0.0039893120,0.0039893120,0.00000000000000,true
temporary CSI,test,fund,total_market,youden,2,lockout_2yr,youden_2yr,20,0.0038806037,0.0038806037,0.00000000000000,true
temporary CSI,test,fund,total_market,youden,3,lockout_3yr,youden_3yr,0,0.0045402246,0.0045402246,0.00000000000000,true
temporary CSI,test,fund,total_market,youden,3,lockout_3yr,youden_3yr,5,0.0044868922,0.0044868922,0.00000000000000,true
temporary CSI,test,fund,total_market,youden,3,lockout_3yr,youden_3yr,10,0.0044335615,0.0044335615,0.00000000000000,true
temporary CSI,test,fund,total_market,youden,3,lockout_3yr,youden_3yr,20,0.0043269051,0.0043269051,0.00000000000000,true
temporary CSI,test,fund,total_market,youden,5,lockout_5yr,youden_5yr,0,0.0045634365,0.0045634365,0.00000000000000,true
temporary CSI,test,fund,total_market,youden,5,lockout_5yr,youden_5yr,5,0.0045106722,0.0045106722,0.00000000000000,true
temporary CSI,test,fund,total_market,youden,5,lockout_5yr,youden_5yr,10,0.0044579094,0.0044579094,0.00000000000000,true
temporary CSI,test,fund,total_market,youden,5,lockout_5yr,youden_5yr,20,0.0043523889,0.0043523889,0.00000000000000,true
permanent CSI,full,fund,large_cap,fpr1,0,permanent_removal,fpr1_permanent,0,0.0001100490,0.0001100490,0.00000000000000,true
permanent CSI,full,fund,large_cap,fpr1,0,permanent_removal,fpr1_permanent,5,0.0000125617,0.0000125617,0.00000000000000,true
permanent CSI,full,fund,large_cap,fpr1,0,permanent_removal,fpr1_permanent,10,-0.0000849316,-0.0000849316,0.00000000000000,true
permanent CSI,full,fund,large_cap,fpr1,0,permanent_removal,fpr1_permanent,20,-0.0002799361,-0.0002799361,0.00000000000000,true
permanent CSI,full,fund,large_cap,fpr3,0,permanent_removal,fpr3_permanent,0,0.0007052714,0.0007052714,0.00000000000000,true
permanent CSI,full,fund,large_cap,fpr3,0,permanent_removal,fpr3_permanent,5,0.0006089418,0.0006089418,0.00000000000000,true
permanent CSI,full,fund,large_cap,fpr3,0,permanent_removal,fpr3_permanent,10,0.0005126059,0.0005126059,0.00000000000000,true
permanent CSI,full,fund,large_cap,fpr3,0,permanent_removal,fpr3_permanent,20,0.0003199157,0.0003199157,0.00000000000000,true
permanent CSI,full,fund,large_cap,fpr5,0,permanent_removal,fpr5_permanent,0,0.0009296754,0.0009296754,0.00000000000000,true
permanent CSI,full,fund,large_cap,fpr5,0,permanent_removal,fpr5_permanent,5,0.0008343432,0.0008343432,0.00000000000000,true
permanent CSI,full,fund,large_cap,fpr5,0,permanent_removal,fpr5_permanent,10,0.0007390046,0.0007390046,0.00000000000000,true
permanent CSI,full,fund,large_cap,fpr5,0,permanent_removal,fpr5_permanent,20,0.0005483084,0.0005483084,0.00000000000000,true
permanent CSI,full,fund,large_cap,youden,0,permanent_removal,youden_permanent,0,-0.0033363442,-0.0033363442,0.00000000000000,true
permanent CSI,full,fund,large_cap,youden,0,permanent_removal,youden_permanent,5,-0.0034262690,-0.0034262690,0.00000000000000,true
permanent CSI,full,fund,large_cap,youden,0,permanent_removal,youden_permanent,10,-0.0035162007,-0.0035162007,0.00000000000000,true
permanent CSI,full,fund,large_cap,youden,0,permanent_removal,youden_permanent,20,-0.0036960853,-0.0036960853,0.00000000000000,true
permanent CSI,full,fund,mid_cap,fpr1,0,permanent_removal,fpr1_permanent,0,0.0004248868,0.0004248868,0.00000000000000,true
permanent CSI,full,fund,mid_cap,fpr1,0,permanent_removal,fpr1_permanent,5,-0.0001149957,-0.0001149957,0.00000000000000,true
permanent CSI,full,fund,mid_cap,fpr1,0,permanent_removal,fpr1_permanent,10,-0.0006546941,-0.0006546941,0.00000000000000,true
permanent CSI,full,fund,mid_cap,fpr1,0,permanent_removal,fpr1_permanent,20,-0.0017335393,-0.0017335393,0.00000000000000,true
permanent CSI,full,fund,mid_cap,fpr3,0,permanent_removal,fpr3_permanent,0,0.0027564266,0.0027564266,0.00000000000000,true
permanent CSI,full,fund,mid_cap,fpr3,0,permanent_removal,fpr3_permanent,5,0.0022171112,0.0022171112,0.00000000000000,true
permanent CSI,full,fund,mid_cap,fpr3,0,permanent_removal,fpr3_permanent,10,0.0016779790,0.0016779790,0.00000000000000,true
permanent CSI,full,fund,mid_cap,fpr3,0,permanent_removal,fpr3_permanent,20,0.0006002641,0.0006002641,0.00000000000000,true
permanent CSI,full,fund,mid_cap,fpr5,0,permanent_removal,fpr5_permanent,0,0.0028339505,0.0028339505,0.00000000000000,true
permanent CSI,full,fund,mid_cap,fpr5,0,permanent_removal,fpr5_permanent,5,0.0022974544,0.0022974544,0.00000000000000,true
permanent CSI,full,fund,mid_cap,fpr5,0,permanent_removal,fpr5_permanent,10,0.0017611394,0.0017611394,0.00000000000000,true
permanent CSI,full,fund,mid_cap,fpr5,0,permanent_removal,fpr5_permanent,20,0.0006890530,0.0006890530,0.00000000000000,true
permanent CSI,full,fund,mid_cap,youden,0,permanent_removal,youden_permanent,0,-0.0004637564,-0.0004637564,0.00000000000000,true
permanent CSI,full,fund,mid_cap,youden,0,permanent_removal,youden_permanent,5,-0.0009895143,-0.0009895143,0.00000000000000,true
permanent CSI,full,fund,mid_cap,youden,0,permanent_removal,youden_permanent,10,-0.0015150987,-0.0015150987,0.00000000000000,true
permanent CSI,full,fund,mid_cap,youden,0,permanent_removal,youden_permanent,20,-0.0025657472,-0.0025657472,0.00000000000000,true
permanent CSI,full,fund,small_cap,fpr1,0,permanent_removal,fpr1_permanent,0,0.0009827631,0.0009827631,0.00000000000000,true
permanent CSI,full,fund,small_cap,fpr1,0,permanent_removal,fpr1_permanent,5,0.0005847481,0.0005847481,0.00000000000000,true
permanent CSI,full,fund,small_cap,fpr1,0,permanent_removal,fpr1_permanent,10,0.0001868293,0.0001868293,0.00000000000000,true
permanent CSI,full,fund,small_cap,fpr1,0,permanent_removal,fpr1_permanent,20,-0.0006087202,-0.0006087202,0.00000000000000,true
permanent CSI,full,fund,small_cap,fpr3,0,permanent_removal,fpr3_permanent,0,0.0007798162,0.0007798162,0.00000000000000,true
permanent CSI,full,fund,small_cap,fpr3,0,permanent_removal,fpr3_permanent,5,0.0003822122,0.0003822122,0.00000000000000,true
permanent CSI,full,fund,small_cap,fpr3,0,permanent_removal,fpr3_permanent,10,-0.0000152960,-0.0000152960,0.00000000000000,true
permanent CSI,full,fund,small_cap,fpr3,0,permanent_removal,fpr3_permanent,20,-0.0008100247,-0.0008100247,0.00000000000000,true
permanent CSI,full,fund,small_cap,fpr5,0,permanent_removal,fpr5_permanent,0,0.0000857801,0.0000857801,0.00000000000000,true
permanent CSI,full,fund,small_cap,fpr5,0,permanent_removal,fpr5_permanent,5,-0.0003095832,-0.0003095832,0.00000000000000,true
permanent CSI,full,fund,small_cap,fpr5,0,permanent_removal,fpr5_permanent,10,-0.0007048518,-0.0007048518,0.00000000000000,true
permanent CSI,full,fund,small_cap,fpr5,0,permanent_removal,fpr5_permanent,20,-0.0014951050,-0.0014951050,0.00000000000000,true
permanent CSI,full,fund,small_cap,youden,0,permanent_removal,youden_permanent,0,0.0010528976,0.0010528976,0.00000000000000,true
permanent CSI,full,fund,small_cap,youden,0,permanent_removal,youden_permanent,5,0.0006417278,0.0006417278,0.00000000000000,true
permanent CSI,full,fund,small_cap,youden,0,permanent_removal,youden_permanent,10,0.0002306605,0.0002306605,0.00000000000000,true
permanent CSI,full,fund,small_cap,youden,0,permanent_removal,youden_permanent,20,-0.0005911668,-0.0005911668,0.00000000000000,true
permanent CSI,full,fund,total_market,fpr1,0,permanent_removal,fpr1_permanent,0,0.0003763698,0.0003763698,0.00000000000000,true
permanent CSI,full,fund,total_market,fpr1,0,permanent_removal,fpr1_permanent,5,0.0003083204,0.0003083204,0.00000000000000,true
permanent CSI,full,fund,total_market,fpr1,0,permanent_removal,fpr1_permanent,10,0.0002402615,0.0002402615,0.00000000000000,true
permanent CSI,full,fund,total_market,fpr1,0,permanent_removal,fpr1_permanent,20,0.0001041150,0.0001041150,0.00000000000000,true
permanent CSI,full,fund,total_market,fpr3,0,permanent_removal,fpr3_permanent,0,0.0009923615,0.0009923615,0.00000000000000,true
permanent CSI,full,fund,total_market,fpr3,0,permanent_removal,fpr3_permanent,5,0.0009242384,0.0009242384,0.00000000000000,true
permanent CSI,full,fund,total_market,fpr3,0,permanent_removal,fpr3_permanent,10,0.0008561056,0.0008561056,0.00000000000000,true
permanent CSI,full,fund,total_market,fpr3,0,permanent_removal,fpr3_permanent,20,0.0007198114,0.0007198114,0.00000000000000,true
permanent CSI,full,fund,total_market,fpr5,0,permanent_removal,fpr5_permanent,0,0.0011791036,0.0011791036,0.00000000000000,true
permanent CSI,full,fund,total_market,fpr5,0,permanent_removal,fpr5_permanent,5,0.0011109509,0.0011109509,0.00000000000000,true
permanent CSI,full,fund,total_market,fpr5,0,permanent_removal,fpr5_permanent,10,0.0010427885,0.0010427885,0.00000000000000,true
permanent CSI,full,fund,total_market,fpr5,0,permanent_removal,fpr5_permanent,20,0.0009064351,0.0009064351,0.00000000000000,true
permanent CSI,full,fund,total_market,youden,0,permanent_removal,youden_permanent,0,-0.0026391566,-0.0026391566,0.00000000000000,true
permanent CSI,full,fund,total_market,youden,0,permanent_removal,youden_permanent,5,-0.0027111388,-0.0027111388,0.00000000000000,true
permanent CSI,full,fund,total_market,youden,0,permanent_removal,youden_permanent,10,-0.0027831301,-0.0027831301,0.00000000000000,true
permanent CSI,full,fund,total_market,youden,0,permanent_removal,youden_permanent,20,-0.0029271403,-0.0029271403,0.00000000000000,true
permanent CSI,insample,fund,large_cap,fpr1,0,permanent_removal,fpr1_permanent,0,0.0000492595,0.0000492595,0.00000000000000,true
permanent CSI,insample,fund,large_cap,fpr1,0,permanent_removal,fpr1_permanent,5,-0.0000693745,-0.0000693745,0.00000000000000,true
permanent CSI,insample,fund,large_cap,fpr1,0,permanent_removal,fpr1_permanent,10,-0.0001880190,-0.0001880190,0.00000000000000,true
permanent CSI,insample,fund,large_cap,fpr1,0,permanent_removal,fpr1_permanent,20,-0.0004253398,-0.0004253398,0.00000000000000,true
permanent CSI,insample,fund,large_cap,fpr3,0,permanent_removal,fpr3_permanent,0,0.0003692539,0.0003692539,0.00000000000000,true
permanent CSI,insample,fund,large_cap,fpr3,0,permanent_removal,fpr3_permanent,5,0.0002517541,0.0002517541,0.00000000000000,true
permanent CSI,insample,fund,large_cap,fpr3,0,permanent_removal,fpr3_permanent,10,0.0001342435,0.0001342435,0.00000000000000,true
permanent CSI,insample,fund,large_cap,fpr3,0,permanent_removal,fpr3_permanent,20,-0.0001008100,-0.0001008100,0.00000000000000,true
permanent CSI,insample,fund,large_cap,fpr5,0,permanent_removal,fpr5_permanent,0,0.0003288874,0.0003288874,0.00000000000000,true
permanent CSI,insample,fund,large_cap,fpr5,0,permanent_removal,fpr5_permanent,5,0.0002121704,0.0002121704,0.00000000000000,true
permanent CSI,insample,fund,large_cap,fpr5,0,permanent_removal,fpr5_permanent,10,0.0000954424,0.0000954424,0.00000000000000,true
permanent CSI,insample,fund,large_cap,fpr5,0,permanent_removal,fpr5_permanent,20,-0.0001380464,-0.0001380464,0.00000000000000,true
permanent CSI,insample,fund,large_cap,youden,0,permanent_removal,youden_permanent,0,0.0005684660,0.0005684660,0.00000000000000,true
permanent CSI,insample,fund,large_cap,youden,0,permanent_removal,youden_permanent,5,0.0004582175,0.0004582175,0.00000000000000,true
permanent CSI,insample,fund,large_cap,youden,0,permanent_removal,youden_permanent,10,0.0003479568,0.0003479568,0.00000000000000,true
permanent CSI,insample,fund,large_cap,youden,0,permanent_removal,youden_permanent,20,0.0001273991,0.0001273991,0.00000000000000,true
permanent CSI,insample,fund,mid_cap,fpr1,0,permanent_removal,fpr1_permanent,0,0.0002987330,0.0002987330,0.00000000000000,true
permanent CSI,insample,fund,mid_cap,fpr1,0,permanent_removal,fpr1_permanent,5,-0.0002508909,-0.0002508909,0.00000000000000,true
permanent CSI,insample,fund,mid_cap,fpr1,0,permanent_removal,fpr1_permanent,10,-0.0008003288,-0.0008003288,0.00000000000000,true
permanent CSI,insample,fund,mid_cap,fpr1,0,permanent_removal,fpr1_permanent,20,-0.0018986465,-0.0018986465,0.00000000000000,true
permanent CSI,insample,fund,mid_cap,fpr3,0,permanent_removal,fpr3_permanent,0,0.0015716265,0.0015716265,0.00000000000000,true
permanent CSI,insample,fund,mid_cap,fpr3,0,permanent_removal,fpr3_permanent,5,0.0010241064,0.0010241064,0.00000000000000,true
permanent CSI,insample,fund,mid_cap,fpr3,0,permanent_removal,fpr3_permanent,10,0.0004767707,0.0004767707,0.00000000000000,true
permanent CSI,insample,fund,mid_cap,fpr3,0,permanent_removal,fpr3_permanent,20,-0.0006173480,-0.0006173480,0.00000000000000,true
permanent CSI,insample,fund,mid_cap,fpr5,0,permanent_removal,fpr5_permanent,0,0.0010682675,0.0010682675,0.00000000000000,true
permanent CSI,insample,fund,mid_cap,fpr5,0,permanent_removal,fpr5_permanent,5,0.0005249264,0.0005249264,0.00000000000000,true
permanent CSI,insample,fund,mid_cap,fpr5,0,permanent_removal,fpr5_permanent,10,-0.0000182334,-0.0000182334,0.00000000000000,true
permanent CSI,insample,fund,mid_cap,fpr5,0,permanent_removal,fpr5_permanent,20,-0.0011040089,-0.0011040089,0.00000000000000,true
permanent CSI,insample,fund,mid_cap,youden,0,permanent_removal,youden_permanent,0,0.0013581226,0.0013581226,0.00000000000000,true
permanent CSI,insample,fund,mid_cap,youden,0,permanent_removal,youden_permanent,5,0.0008260675,0.0008260675,0.00000000000000,true
permanent CSI,insample,fund,mid_cap,youden,0,permanent_removal,youden_permanent,10,0.0002941849,0.0002941849,0.00000000000000,true
permanent CSI,insample,fund,mid_cap,youden,0,permanent_removal,youden_permanent,20,-0.0007690627,-0.0007690627,0.00000000000000,true
permanent CSI,insample,fund,small_cap,fpr1,0,permanent_removal,fpr1_permanent,0,0.0007924672,0.0007924672,0.00000000000000,true
permanent CSI,insample,fund,small_cap,fpr1,0,permanent_removal,fpr1_permanent,5,0.0003763143,0.0003763143,0.00000000000000,true
permanent CSI,insample,fund,small_cap,fpr1,0,permanent_removal,fpr1_permanent,10,-0.0000397394,-0.0000397394,0.00000000000000,true
permanent CSI,insample,fund,small_cap,fpr1,0,permanent_removal,fpr1_permanent,20,-0.0008715494,-0.0008715494,0.00000000000000,true
permanent CSI,insample,fund,small_cap,fpr3,0,permanent_removal,fpr3_permanent,0,0.0013434727,0.0013434727,0.00000000000000,true
permanent CSI,insample,fund,small_cap,fpr3,0,permanent_removal,fpr3_permanent,5,0.0009276259,0.0009276259,0.00000000000000,true
permanent CSI,insample,fund,small_cap,fpr3,0,permanent_removal,fpr3_permanent,10,0.0005118779,0.0005118779,0.00000000000000,true
permanent CSI,insample,fund,small_cap,fpr3,0,permanent_removal,fpr3_permanent,20,-0.0003193216,-0.0003193216,0.00000000000000,true
permanent CSI,insample,fund,small_cap,fpr5,0,permanent_removal,fpr5_permanent,0,0.0009676766,0.0009676766,0.00000000000000,true
permanent CSI,insample,fund,small_cap,fpr5,0,permanent_removal,fpr5_permanent,5,0.0005527048,0.0005527048,0.00000000000000,true
permanent CSI,insample,fund,small_cap,fpr5,0,permanent_removal,fpr5_permanent,10,0.0001378313,0.0001378313,0.00000000000000,true
permanent CSI,insample,fund,small_cap,fpr5,0,permanent_removal,fpr5_permanent,20,-0.0006916205,-0.0006916205,0.00000000000000,true
permanent CSI,insample,fund,small_cap,youden,0,permanent_removal,youden_permanent,0,0.0016176294,0.0016176294,0.00000000000000,true
permanent CSI,insample,fund,small_cap,youden,0,permanent_removal,youden_permanent,5,0.0012009727,0.0012009727,0.00000000000000,true
permanent CSI,insample,fund,small_cap,youden,0,permanent_removal,youden_permanent,10,0.0007844146,0.0007844146,0.00000000000000,true
permanent CSI,insample,fund,small_cap,youden,0,permanent_removal,youden_permanent,20,-0.0000484054,-0.0000484054,0.00000000000000,true
permanent CSI,insample,fund,total_market,fpr1,0,permanent_removal,fpr1_permanent,0,0.0002229220,0.0002229220,0.00000000000000,true
permanent CSI,insample,fund,total_market,fpr1,0,permanent_removal,fpr1_permanent,5,0.0001350206,0.0001350206,0.00000000000000,true
permanent CSI,insample,fund,total_market,fpr1,0,permanent_removal,fpr1_permanent,10,0.0000471036,0.0000471036,0.00000000000000,true
permanent CSI,insample,fund,total_market,fpr1,0,permanent_removal,fpr1_permanent,20,-0.0001287770,-0.0001287770,0.00000000000000,true
permanent CSI,insample,fund,total_market,fpr3,0,permanent_removal,fpr3_permanent,0,0.0005460421,0.0005460421,0.00000000000000,true
permanent CSI,insample,fund,total_market,fpr3,0,permanent_removal,fpr3_permanent,5,0.0004582875,0.0004582875,0.00000000000000,true
permanent CSI,insample,fund,total_market,fpr3,0,permanent_removal,fpr3_permanent,10,0.0003705172,0.0003705172,0.00000000000000,true
permanent CSI,insample,fund,total_market,fpr3,0,permanent_removal,fpr3_permanent,20,0.0001949300,0.0001949300,0.00000000000000,true
permanent CSI,insample,fund,total_market,fpr5,0,permanent_removal,fpr5_permanent,0,0.0004216623,0.0004216623,0.00000000000000,true
permanent CSI,insample,fund,total_market,fpr5,0,permanent_removal,fpr5_permanent,5,0.0003339947,0.0003339947,0.00000000000000,true
permanent CSI,insample,fund,total_market,fpr5,0,permanent_removal,fpr5_permanent,10,0.0002463115,0.0002463115,0.00000000000000,true
permanent CSI,insample,fund,total_market,fpr5,0,permanent_removal,fpr5_permanent,20,0.0000708983,0.0000708983,0.00000000000000,true
permanent CSI,insample,fund,total_market,youden,0,permanent_removal,youden_permanent,0,-0.0002762018,-0.0002762018,0.00000000000000,true
permanent CSI,insample,fund,total_market,youden,0,permanent_removal,youden_permanent,5,-0.0003663186,-0.0003663186,0.00000000000000,true
permanent CSI,insample,fund,total_market,youden,0,permanent_removal,youden_permanent,10,-0.0004564508,-0.0004564508,0.00000000000000,true
permanent CSI,insample,fund,total_market,youden,0,permanent_removal,youden_permanent,20,-0.0006367610,-0.0006367610,0.00000000000000,true
permanent CSI,oos,fund,large_cap,fpr1,0,permanent_removal,fpr1_permanent,0,0.0003639886,0.0003639886,0.00000000000000,true
permanent CSI,oos,fund,large_cap,fpr1,0,permanent_removal,fpr1_permanent,5,0.0002964887,0.0002964887,0.00000000000000,true
permanent CSI,oos,fund,large_cap,fpr1,0,permanent_removal,fpr1_permanent,10,0.0002289916,0.0002289916,0.00000000000000,true
permanent CSI,oos,fund,large_cap,fpr1,0,permanent_removal,fpr1_permanent,20,0.0000940060,0.0000940060,0.00000000000000,true
permanent CSI,oos,fund,large_cap,fpr3,0,permanent_removal,fpr3_permanent,0,0.0017559411,0.0017559411,0.00000000000000,true
permanent CSI,oos,fund,large_cap,fpr3,0,permanent_removal,fpr3_permanent,5,0.0016902964,0.0016902964,0.00000000000000,true
permanent CSI,oos,fund,large_cap,fpr3,0,permanent_removal,fpr3_permanent,10,0.0016246544,0.0016246544,0.00000000000000,true
permanent CSI,oos,fund,large_cap,fpr3,0,permanent_removal,fpr3_permanent,20,0.0014933785,0.0014933785,0.00000000000000,true
permanent CSI,oos,fund,large_cap,fpr5,0,permanent_removal,fpr5_permanent,0,0.0020204060,0.0020204060,0.00000000000000,true
permanent CSI,oos,fund,large_cap,fpr5,0,permanent_removal,fpr5_permanent,5,0.0019563418,0.0019563418,0.00000000000000,true
permanent CSI,oos,fund,large_cap,fpr5,0,permanent_removal,fpr5_permanent,10,0.0018922801,0.0018922801,0.00000000000000,true
permanent CSI,oos,fund,large_cap,fpr5,0,permanent_removal,fpr5_permanent,20,0.0017641643,0.0017641643,0.00000000000000,true
permanent CSI,oos,fund,large_cap,youden,0,permanent_removal,youden_permanent,0,-0.0175755406,-0.0175755406,0.00000000000000,true
permanent CSI,oos,fund,large_cap,youden,0,permanent_removal,youden_permanent,5,-0.0176357492,-0.0176357492,0.00000000000000,true
permanent CSI,oos,fund,large_cap,youden,0,permanent_removal,youden_permanent,10,-0.0176959554,-0.0176959554,0.00000000000000,true
permanent CSI,oos,fund,large_cap,youden,0,permanent_removal,youden_permanent,20,-0.0178163609,-0.0178163609,0.00000000000000,true
permanent CSI,oos,fund,mid_cap,fpr1,0,permanent_removal,fpr1_permanent,0,0.0010760269,0.0010760269,0.00000000000000,true
permanent CSI,oos,fund,mid_cap,fpr1,0,permanent_removal,fpr1_permanent,5,0.0005031206,0.0005031206,0.00000000000000,true
permanent CSI,oos,fund,mid_cap,fpr1,0,permanent_removal,fpr1_permanent,10,-0.0000695670,-0.0000695670,0.00000000000000,true
permanent CSI,oos,fund,mid_cap,fpr1,0,permanent_removal,fpr1_permanent,20,-0.0012142868,-0.0012142868,0.00000000000000,true
permanent CSI,oos,fund,mid_cap,fpr3,0,permanent_removal,fpr3_permanent,0,0.0069888071,0.0069888071,0.00000000000000,true
permanent CSI,oos,fund,mid_cap,fpr3,0,permanent_removal,fpr3_permanent,5,0.0064135296,0.0064135296,0.00000000000000,true
permanent CSI,oos,fund,mid_cap,fpr3,0,permanent_removal,fpr3_permanent,10,0.0058384715,0.0058384715,0.00000000000000,true
permanent CSI,oos,fund,mid_cap,fpr3,0,permanent_removal,fpr3_permanent,20,0.0046890131,0.0046890131,0.00000000000000,true
permanent CSI,oos,fund,mid_cap,fpr5,0,permanent_removal,fpr5_permanent,0,0.0073855444,0.0073855444,0.00000000000000,true
permanent CSI,oos,fund,mid_cap,fpr5,0,permanent_removal,fpr5_permanent,5,0.0068100649,0.0068100649,0.00000000000000,true
permanent CSI,oos,fund,mid_cap,fpr5,0,permanent_removal,fpr5_permanent,10,0.0062348050,0.0062348050,0.00000000000000,true
permanent CSI,oos,fund,mid_cap,fpr5,0,permanent_removal,fpr5_permanent,20,0.0050849438,0.0050849438,0.00000000000000,true
permanent CSI,oos,fund,mid_cap,youden,0,permanent_removal,youden_permanent,0,-0.0057843710,-0.0057843710,0.00000000000000,true
permanent CSI,oos,fund,mid_cap,youden,0,permanent_removal,youden_permanent,5,-0.0063588950,-0.0063588950,0.00000000000000,true
permanent CSI,oos,fund,mid_cap,youden,0,permanent_removal,youden_permanent,10,-0.0069331976,-0.0069331976,0.00000000000000,true
permanent CSI,oos,fund,mid_cap,youden,0,permanent_removal,youden_permanent,20,-0.0080811385,-0.0080811385,0.00000000000000,true
permanent CSI,oos,fund,small_cap,fpr1,0,permanent_removal,fpr1_permanent,0,0.0014036268,0.0014036268,0.00000000000000,true
permanent CSI,oos,fund,small_cap,fpr1,0,permanent_removal,fpr1_permanent,5,0.0010025796,0.0010025796,0.00000000000000,true
permanent CSI,oos,fund,small_cap,fpr1,0,permanent_removal,fpr1_permanent,10,0.0006016410,0.0006016410,0.00000000000000,true
permanent CSI,oos,fund,small_cap,fpr1,0,permanent_removal,fpr1_permanent,20,-0.0001999105,-0.0001999105,0.00000000000000,true
permanent CSI,oos,fund,small_cap,fpr3,0,permanent_removal,fpr3_permanent,0,-0.0015326917,-0.0015326917,0.00000000000000,true
permanent CSI,oos,fund,small_cap,fpr3,0,permanent_removal,fpr3_permanent,5,-0.0019326204,-0.0019326204,0.00000000000000,true
permanent CSI,oos,fund,small_cap,fpr3,0,permanent_removal,fpr3_permanent,10,-0.0023324408,-0.0023324408,0.00000000000000,true
permanent CSI,oos,fund,small_cap,fpr3,0,permanent_removal,fpr3_permanent,20,-0.0031317568,-0.0031317568,0.00000000000000,true
permanent CSI,oos,fund,small_cap,fpr5,0,permanent_removal,fpr5_permanent,0,-0.0023667559,-0.0023667559,0.00000000000000,true
permanent CSI,oos,fund,small_cap,fpr5,0,permanent_removal,fpr5_permanent,5,-0.0027623787,-0.0027623787,0.00000000000000,true
permanent CSI,oos,fund,small_cap,fpr5,0,permanent_removal,fpr5_permanent,10,-0.0031578955,-0.0031578955,0.00000000000000,true
permanent CSI,oos,fund,small_cap,fpr5,0,permanent_removal,fpr5_permanent,20,-0.0039486116,-0.0039486116,0.00000000000000,true
permanent CSI,oos,fund,small_cap,youden,0,permanent_removal,youden_permanent,0,-0.0018767599,-0.0018767599,0.00000000000000,true
permanent CSI,oos,fund,small_cap,youden,0,permanent_removal,youden_permanent,5,-0.0023276641,-0.0023276641,0.00000000000000,true
permanent CSI,oos,fund,small_cap,youden,0,permanent_removal,youden_permanent,10,-0.0027784308,-0.0027784308,0.00000000000000,true
permanent CSI,oos,fund,small_cap,youden,0,permanent_removal,youden_permanent,20,-0.0036795520,-0.0036795520,0.00000000000000,true
permanent CSI,oos,fund,total_market,fpr1,0,permanent_removal,fpr1_permanent,0,0.0008573489,0.0008573489,0.00000000000000,true
permanent CSI,oos,fund,total_market,fpr1,0,permanent_removal,fpr1_permanent,5,0.0008196871,0.0008196871,0.00000000000000,true
permanent CSI,oos,fund,total_market,fpr1,0,permanent_removal,fpr1_permanent,10,0.0007820262,0.0007820262,0.00000000000000,true
permanent CSI,oos,fund,total_market,fpr1,0,permanent_removal,fpr1_permanent,20,0.0007067071,0.0007067071,0.00000000000000,true
permanent CSI,oos,fund,total_market,fpr3,0,permanent_removal,fpr3_permanent,0,0.0021057866,0.0021057866,0.00000000000000,true
permanent CSI,oos,fund,total_market,fpr3,0,permanent_removal,fpr3_permanent,5,0.0020673881,0.0020673881,0.00000000000000,true
permanent CSI,oos,fund,total_market,fpr3,0,permanent_removal,fpr3_permanent,10,0.0020289906,0.0020289906,0.00000000000000,true
permanent CSI,oos,fund,total_market,fpr3,0,permanent_removal,fpr3_permanent,20,0.0019521983,0.0019521983,0.00000000000000,true
permanent CSI,oos,fund,total_market,fpr5,0,permanent_removal,fpr5_permanent,0,0.0025309998,0.0025309998,0.00000000000000,true
permanent CSI,oos,fund,total_market,fpr5,0,permanent_removal,fpr5_permanent,5,0.0024922544,0.0024922544,0.00000000000000,true
permanent CSI,oos,fund,total_market,fpr5,0,permanent_removal,fpr5_permanent,10,0.0024535100,0.0024535100,0.00000000000000,true
permanent CSI,oos,fund,total_market,fpr5,0,permanent_removal,fpr5_permanent,20,0.0023760239,0.0023760239,0.00000000000000,true
permanent CSI,oos,fund,total_market,youden,0,permanent_removal,youden_permanent,0,-0.0132224123,-0.0132224123,0.00000000000000,true
permanent CSI,oos,fund,total_market,youden,0,permanent_removal,youden_permanent,5,-0.0132685427,-0.0132685427,0.00000000000000,true
permanent CSI,oos,fund,total_market,youden,0,permanent_removal,youden_permanent,10,-0.0133146718,-0.0133146718,0.00000000000000,true
permanent CSI,oos,fund,total_market,youden,0,permanent_removal,youden_permanent,20,-0.0134069262,-0.0134069262,0.00000000000000,true
permanent CSI,test,fund,large_cap,fpr1,0,permanent_removal,fpr1_permanent,0,0.0000000000,0.0000000000,0.00000000000000,true
permanent CSI,test,fund,large_cap,fpr1,0,permanent_removal,fpr1_permanent,5,-0.0000626809,-0.0000626809,0.00000000000000,true
permanent CSI,test,fund,large_cap,fpr1,0,permanent_removal,fpr1_permanent,10,-0.0001253593,-0.0001253593,0.00000000000000,true
permanent CSI,test,fund,large_cap,fpr1,0,permanent_removal,fpr1_permanent,20,-0.0002507083,-0.0002507083,0.00000000000000,true
permanent CSI,test,fund,large_cap,fpr3,0,permanent_removal,fpr3_permanent,0,0.0005382027,0.0005382027,0.00000000000000,true
permanent CSI,test,fund,large_cap,fpr3,0,permanent_removal,fpr3_permanent,5,0.0004759316,0.0004759316,0.00000000000000,true
permanent CSI,test,fund,large_cap,fpr3,0,permanent_removal,fpr3_permanent,10,0.0004136629,0.0004136629,0.00000000000000,true
permanent CSI,test,fund,large_cap,fpr3,0,permanent_removal,fpr3_permanent,20,0.0002891332,0.0002891332,0.00000000000000,true
permanent CSI,test,fund,large_cap,fpr5,0,permanent_removal,fpr5_permanent,0,0.0016154484,0.0016154484,0.00000000000000,true
permanent CSI,test,fund,large_cap,fpr5,0,permanent_removal,fpr5_permanent,5,0.0015542249,0.0015542249,0.00000000000000,true
permanent CSI,test,fund,large_cap,fpr5,0,permanent_removal,fpr5_permanent,10,0.0014930040,0.0014930040,0.00000000000000,true
permanent CSI,test,fund,large_cap,fpr5,0,permanent_removal,fpr5_permanent,20,0.0013705694,0.0013705694,0.00000000000000,true
permanent CSI,test,fund,large_cap,youden,0,permanent_removal,youden_permanent,0,0.0012843790,0.0012843790,0.00000000000000,true
permanent CSI,test,fund,large_cap,youden,0,permanent_removal,youden_permanent,5,0.0012261519,0.0012261519,0.00000000000000,true
permanent CSI,test,fund,large_cap,youden,0,permanent_removal,youden_permanent,10,0.0011679269,0.0011679269,0.00000000000000,true
permanent CSI,test,fund,large_cap,youden,0,permanent_removal,youden_permanent,20,0.0010514835,0.0010514835,0.00000000000000,true
permanent CSI,test,fund,mid_cap,fpr1,0,permanent_removal,fpr1_permanent,0,0.0000000000,0.0000000000,0.00000000000000,true
permanent CSI,test,fund,mid_cap,fpr1,0,permanent_removal,fpr1_permanent,5,-0.0004644584,-0.0004644584,0.00000000000000,true
permanent CSI,test,fund,mid_cap,fpr1,0,permanent_removal,fpr1_permanent,10,-0.0009287757,-0.0009287757,0.00000000000000,true
permanent CSI,test,fund,mid_cap,fpr1,0,permanent_removal,fpr1_permanent,20,-0.0018569872,-0.0018569872,0.00000000000000,true
permanent CSI,test,fund,mid_cap,fpr3,0,permanent_removal,fpr3_permanent,0,0.0012202165,0.0012202165,0.00000000000000,true
permanent CSI,test,fund,mid_cap,fpr3,0,permanent_removal,fpr3_permanent,5,0.0007547810,0.0007547810,0.00000000000000,true
permanent CSI,test,fund,mid_cap,fpr3,0,permanent_removal,fpr3_permanent,10,0.0002894870,0.0002894870,0.00000000000000,true
permanent CSI,test,fund,mid_cap,fpr3,0,permanent_removal,fpr3_permanent,20,-0.0006406766,-0.0006406766,0.00000000000000,true
permanent CSI,test,fund,mid_cap,fpr5,0,permanent_removal,fpr5_permanent,0,0.0028195766,0.0028195766,0.00000000000000,true
permanent CSI,test,fund,mid_cap,fpr5,0,permanent_removal,fpr5_permanent,5,0.0023564470,0.0023564470,0.00000000000000,true
permanent CSI,test,fund,mid_cap,fpr5,0,permanent_removal,fpr5_permanent,10,0.0018934574,0.0018934574,0.00000000000000,true
permanent CSI,test,fund,mid_cap,fpr5,0,permanent_removal,fpr5_permanent,20,0.0009678976,0.0009678976,0.00000000000000,true
permanent CSI,test,fund,mid_cap,youden,0,permanent_removal,youden_permanent,0,0.0003997056,0.0003997056,0.00000000000000,true
permanent CSI,test,fund,mid_cap,youden,0,permanent_removal,youden_permanent,5,-0.0000412006,-0.0000412006,0.00000000000000,true
permanent CSI,test,fund,mid_cap,youden,0,permanent_removal,youden_permanent,10,-0.0004819804,-0.0004819804,0.00000000000000,true
permanent CSI,test,fund,mid_cap,youden,0,permanent_removal,youden_permanent,20,-0.0013631606,-0.0013631606,0.00000000000000,true
permanent CSI,test,fund,small_cap,fpr1,0,permanent_removal,fpr1_permanent,0,0.0010567994,0.0010567994,0.00000000000000,true
permanent CSI,test,fund,small_cap,fpr1,0,permanent_removal,fpr1_permanent,5,0.0007219360,0.0007219360,0.00000000000000,true
permanent CSI,test,fund,small_cap,fpr1,0,permanent_removal,fpr1_permanent,10,0.0003871474,0.0003871474,0.00000000000000,true
permanent CSI,test,fund,small_cap,fpr1,0,permanent_removal,fpr1_permanent,20,-0.0002822048,-0.0002822048,0.00000000000000,true
permanent CSI,test,fund,small_cap,fpr3,0,permanent_removal,fpr3_permanent,0,0.0019423586,0.0019423586,0.00000000000000,true
permanent CSI,test,fund,small_cap,fpr3,0,permanent_removal,fpr3_permanent,5,0.0016074058,0.0016074058,0.00000000000000,true
permanent CSI,test,fund,small_cap,fpr3,0,permanent_removal,fpr3_permanent,10,0.0012725279,0.0012725279,0.00000000000000,true
permanent CSI,test,fund,small_cap,fpr3,0,permanent_removal,fpr3_permanent,20,0.0006029969,0.0006029969,0.00000000000000,true
permanent CSI,test,fund,small_cap,fpr5,0,permanent_removal,fpr5_permanent,0,0.0003953508,0.0003953508,0.00000000000000,true
permanent CSI,test,fund,small_cap,fpr5,0,permanent_removal,fpr5_permanent,5,0.0000643363,0.0000643363,0.00000000000000,true
permanent CSI,test,fund,small_cap,fpr5,0,permanent_removal,fpr5_permanent,10,-0.0002666049,-0.0002666049,0.00000000000000,true
permanent CSI,test,fund,small_cap,fpr5,0,permanent_removal,fpr5_permanent,20,-0.0009282675,-0.0009282675,0.00000000000000,true
permanent CSI,test,fund,small_cap,youden,0,permanent_removal,youden_permanent,0,0.0030133266,0.0030133266,0.00000000000000,true
permanent CSI,test,fund,small_cap,youden,0,permanent_removal,youden_permanent,5,0.0026719543,0.0026719543,0.00000000000000,true
permanent CSI,test,fund,small_cap,youden,0,permanent_removal,youden_permanent,10,0.0023306593,0.0023306593,0.00000000000000,true
permanent CSI,test,fund,small_cap,youden,0,permanent_removal,youden_permanent,20,0.0016483009,0.0016483009,0.00000000000000,true
permanent CSI,test,fund,total_market,fpr1,0,permanent_removal,fpr1_permanent,0,0.0002917914,0.0002917914,0.00000000000000,true
permanent CSI,test,fund,total_market,fpr1,0,permanent_removal,fpr1_permanent,5,0.0002528814,0.0002528814,0.00000000000000,true
permanent CSI,test,fund,total_market,fpr1,0,permanent_removal,fpr1_permanent,10,0.0002139724,0.0002139724,0.00000000000000,true
permanent CSI,test,fund,total_market,fpr1,0,permanent_removal,fpr1_permanent,20,0.0001361573,0.0001361573,0.00000000000000,true
permanent CSI,test,fund,total_market,fpr3,0,permanent_removal,fpr3_permanent,0,0.0011053423,0.0011053423,0.00000000000000,true
permanent CSI,test,fund,total_market,fpr3,0,permanent_removal,fpr3_permanent,5,0.0010664879,0.0010664879,0.00000000000000,true
permanent CSI,test,fund,total_market,fpr3,0,permanent_removal,fpr3_permanent,10,0.0010276346,0.0010276346,0.00000000000000,true
permanent CSI,test,fund,total_market,fpr3,0,permanent_removal,fpr3_permanent,20,0.0009499308,0.0009499308,0.00000000000000,true
permanent CSI,test,fund,total_market,fpr5,0,permanent_removal,fpr5_permanent,0,0.0020467057,0.0020467057,0.00000000000000,true
permanent CSI,test,fund,total_market,fpr5,0,permanent_removal,fpr5_permanent,5,0.0020078729,0.0020078729,0.00000000000000,true
permanent CSI,test,fund,total_market,fpr5,0,permanent_removal,fpr5_permanent,10,0.0019690410,0.0019690410,0.00000000000000,true
permanent CSI,test,fund,total_market,fpr5,0,permanent_removal,fpr5_permanent,20,0.0018913802,0.0018913802,0.00000000000000,true
permanent CSI,test,fund,total_market,youden,0,permanent_removal,youden_permanent,0,0.0027328899,0.0027328899,0.00000000000000,true
permanent CSI,test,fund,total_market,youden,0,permanent_removal,youden_permanent,5,0.0026895972,0.0026895972,0.00000000000000,true
permanent CSI,test,fund,total_market,youden,0,permanent_removal,youden_permanent,10,0.0026463057,0.0026463057,0.00000000000000,true
permanent CSI,test,fund,total_market,youden,0,permanent_removal,youden_permanent,20,0.0025597263,0.0025597263,0.00000000000000,true
temporary CSI,full,latent_raw,large_cap,fpr1,1,lockout_1yr,fpr1_1yr,0,0.0000220172,0.0000220172,0.00000000000000,true
temporary CSI,full,latent_raw,large_cap,fpr1,1,lockout_1yr,fpr1_1yr,5,-0.0000760895,-0.0000760895,0.00000000000000,true
temporary CSI,full,latent_raw,large_cap,fpr1,1,lockout_1yr,fpr1_1yr,10,-0.0001742021,-0.0001742021,0.00000000000000,true
temporary CSI,full,latent_raw,large_cap,fpr1,1,lockout_1yr,fpr1_1yr,20,-0.0003704450,-0.0003704450,0.00000000000000,true
temporary CSI,full,latent_raw,large_cap,fpr1,2,lockout_2yr,fpr1_2yr,0,0.0001525940,0.0001525940,0.00000000000000,true
temporary CSI,full,latent_raw,large_cap,fpr1,2,lockout_2yr,fpr1_2yr,5,0.0000548305,0.0000548305,0.00000000000000,true
temporary CSI,full,latent_raw,large_cap,fpr1,2,lockout_2yr,fpr1_2yr,10,-0.0000429389,-0.0000429389,0.00000000000000,true
temporary CSI,full,latent_raw,large_cap,fpr1,2,lockout_2yr,fpr1_2yr,20,-0.0002384957,-0.0002384957,0.00000000000000,true
temporary CSI,full,latent_raw,large_cap,fpr1,3,lockout_3yr,fpr1_3yr,0,0.0001990282,0.0001990282,0.00000000000000,true
temporary CSI,full,latent_raw,large_cap,fpr1,3,lockout_3yr,fpr1_3yr,5,0.0001013817,0.0001013817,0.00000000000000,true
temporary CSI,full,latent_raw,large_cap,fpr1,3,lockout_3yr,fpr1_3yr,10,0.0000037292,0.0000037292,0.00000000000000,true
temporary CSI,full,latent_raw,large_cap,fpr1,3,lockout_3yr,fpr1_3yr,20,-0.0001915937,-0.0001915937,0.00000000000000,true
temporary CSI,full,latent_raw,large_cap,fpr1,5,lockout_5yr,fpr1_5yr,0,0.0001445076,0.0001445076,0.00000000000000,true
temporary CSI,full,latent_raw,large_cap,fpr1,5,lockout_5yr,fpr1_5yr,5,0.0000469937,0.0000469937,0.00000000000000,true
temporary CSI,full,latent_raw,large_cap,fpr1,5,lockout_5yr,fpr1_5yr,10,-0.0000505261,-0.0000505261,0.00000000000000,true
temporary CSI,full,latent_raw,large_cap,fpr1,5,lockout_5yr,fpr1_5yr,20,-0.0002455838,-0.0002455838,0.00000000000000,true
temporary CSI,full,latent_raw,large_cap,fpr3,1,lockout_1yr,fpr3_1yr,0,0.0000024734,0.0000024734,0.00000000000000,true
temporary CSI,full,latent_raw,large_cap,fpr3,1,lockout_1yr,fpr3_1yr,5,-0.0000956077,-0.0000956077,0.00000000000000,true
temporary CSI,full,latent_raw,large_cap,fpr3,1,lockout_1yr,fpr3_1yr,10,-0.0001936948,-0.0001936948,0.00000000000000,true
temporary CSI,full,latent_raw,large_cap,fpr3,1,lockout_1yr,fpr3_1yr,20,-0.0003898867,-0.0003898867,0.00000000000000,true
temporary CSI,full,latent_raw,large_cap,fpr3,2,lockout_2yr,fpr3_2yr,0,0.0001689007,0.0001689007,0.00000000000000,true
temporary CSI,full,latent_raw,large_cap,fpr3,2,lockout_2yr,fpr3_2yr,5,0.0000711844,0.0000711844,0.00000000000000,true
temporary CSI,full,latent_raw,large_cap,fpr3,2,lockout_2yr,fpr3_2yr,10,-0.0000265379,-0.0000265379,0.00000000000000,true
temporary CSI,full,latent_raw,large_cap,fpr3,2,lockout_2yr,fpr3_2yr,20,-0.0002220003,-0.0002220003,0.00000000000000,true
temporary CSI,full,latent_raw,large_cap,fpr3,3,lockout_3yr,fpr3_3yr,0,0.0002863134,0.0002863134,0.00000000000000,true
temporary CSI,full,latent_raw,large_cap,fpr3,3,lockout_3yr,fpr3_3yr,5,0.0001889260,0.0001889260,0.00000000000000,true
temporary CSI,full,latent_raw,large_cap,fpr3,3,lockout_3yr,fpr3_3yr,10,0.0000915325,0.0000915325,0.00000000000000,true
temporary CSI,full,latent_raw,large_cap,fpr3,3,lockout_3yr,fpr3_3yr,20,-0.0001032724,-0.0001032724,0.00000000000000,true
temporary CSI,full,latent_raw,large_cap,fpr3,5,lockout_5yr,fpr3_5yr,0,0.0002844247,0.0002844247,0.00000000000000,true
temporary CSI,full,latent_raw,large_cap,fpr3,5,lockout_5yr,fpr3_5yr,5,0.0001874728,0.0001874728,0.00000000000000,true
temporary CSI,full,latent_raw,large_cap,fpr3,5,lockout_5yr,fpr3_5yr,10,0.0000905147,0.0000905147,0.00000000000000,true
temporary CSI,full,latent_raw,large_cap,fpr3,5,lockout_5yr,fpr3_5yr,20,-0.0001034195,-0.0001034195,0.00000000000000,true
temporary CSI,full,latent_raw,large_cap,fpr5,1,lockout_1yr,fpr5_1yr,0,0.0000244405,0.0000244405,0.00000000000000,true
temporary CSI,full,latent_raw,large_cap,fpr5,1,lockout_1yr,fpr5_1yr,5,-0.0000737886,-0.0000737886,0.00000000000000,true
temporary CSI,full,latent_raw,large_cap,fpr5,1,lockout_1yr,fpr5_1yr,10,-0.0001720237,-0.0001720237,0.00000000000000,true
temporary CSI,full,latent_raw,large_cap,fpr5,1,lockout_1yr,fpr5_1yr,20,-0.0003685115,-0.0003685115,0.00000000000000,true
temporary CSI,full,latent_raw,large_cap,fpr5,2,lockout_2yr,fpr5_2yr,0,0.0000894648,0.0000894648,0.00000000000000,true
temporary CSI,full,latent_raw,large_cap,fpr5,2,lockout_2yr,fpr5_2yr,5,-0.0000081800,-0.0000081800,0.00000000000000,true
temporary CSI,full,latent_raw,large_cap,fpr5,2,lockout_2yr,fpr5_2yr,10,-0.0001058309,-0.0001058309,0.00000000000000,true
temporary CSI,full,latent_raw,large_cap,fpr5,2,lockout_2yr,fpr5_2yr,20,-0.0003011506,-0.0003011506,0.00000000000000,true
temporary CSI,full,latent_raw,large_cap,fpr5,3,lockout_3yr,fpr5_3yr,0,0.0003264050,0.0003264050,0.00000000000000,true
temporary CSI,full,latent_raw,large_cap,fpr5,3,lockout_3yr,fpr5_3yr,5,0.0002292620,0.0002292620,0.00000000000000,true
temporary CSI,full,latent_raw,large_cap,fpr5,3,lockout_3yr,fpr5_3yr,10,0.0001321129,0.0001321129,0.00000000000000,true
temporary CSI,full,latent_raw,large_cap,fpr5,3,lockout_3yr,fpr5_3yr,20,-0.0000622034,-0.0000622034,0.00000000000000,true
temporary CSI,full,latent_raw,large_cap,fpr5,5,lockout_5yr,fpr5_5yr,0,0.0003940006,0.0003940006,0.00000000000000,true
temporary CSI,full,latent_raw,large_cap,fpr5,5,lockout_5yr,fpr5_5yr,5,0.0002975458,0.0002975458,0.00000000000000,true
temporary CSI,full,latent_raw,large_cap,fpr5,5,lockout_5yr,fpr5_5yr,10,0.0002010849,0.0002010849,0.00000000000000,true
temporary CSI,full,latent_raw,large_cap,fpr5,5,lockout_5yr,fpr5_5yr,20,0.0000081445,0.0000081445,0.00000000000000,true
temporary CSI,full,latent_raw,large_cap,youden,1,lockout_1yr,youden_1yr,0,-0.0006258549,-0.0006258549,0.00000000000000,true
temporary CSI,full,latent_raw,large_cap,youden,1,lockout_1yr,youden_1yr,5,-0.0007403856,-0.0007403856,0.00000000000000,true
temporary CSI,full,latent_raw,large_cap,youden,1,lockout_1yr,youden_1yr,10,-0.0008549203,-0.0008549203,0.00000000000000,true
temporary CSI,full,latent_raw,large_cap,youden,1,lockout_1yr,youden_1yr,20,-0.0010840017,-0.0010840017,0.00000000000000,true
temporary CSI,full,latent_raw,large_cap,youden,2,lockout_2yr,youden_2yr,0,-0.0019924284,-0.0019924284,0.00000000000000,true
temporary CSI,full,latent_raw,large_cap,youden,2,lockout_2yr,youden_2yr,5,-0.0020993423,-0.0020993423,0.00000000000000,true
temporary CSI,full,latent_raw,large_cap,youden,2,lockout_2yr,youden_2yr,10,-0.0022062611,-0.0022062611,0.00000000000000,true
temporary CSI,full,latent_raw,large_cap,youden,2,lockout_2yr,youden_2yr,20,-0.0024201139,-0.0024201139,0.00000000000000,true
temporary CSI,full,latent_raw,large_cap,youden,3,lockout_3yr,youden_3yr,0,-0.0004336137,-0.0004336137,0.00000000000000,true
temporary CSI,full,latent_raw,large_cap,youden,3,lockout_3yr,youden_3yr,5,-0.0005377611,-0.0005377611,0.00000000000000,true
temporary CSI,full,latent_raw,large_cap,youden,3,lockout_3yr,youden_3yr,10,-0.0006419138,-0.0006419138,0.00000000000000,true
temporary CSI,full,latent_raw,large_cap,youden,3,lockout_3yr,youden_3yr,20,-0.0008502355,-0.0008502355,0.00000000000000,true
temporary CSI,full,latent_raw,large_cap,youden,5,lockout_5yr,youden_5yr,0,-0.0009099339,-0.0009099339,0.00000000000000,true
temporary CSI,full,latent_raw,large_cap,youden,5,lockout_5yr,youden_5yr,5,-0.0010106604,-0.0010106604,0.00000000000000,true
temporary CSI,full,latent_raw,large_cap,youden,5,lockout_5yr,youden_5yr,10,-0.0011113927,-0.0011113927,0.00000000000000,true
temporary CSI,full,latent_raw,large_cap,youden,5,lockout_5yr,youden_5yr,20,-0.0013128746,-0.0013128746,0.00000000000000,true
temporary CSI,full,latent_raw,mid_cap,fpr1,1,lockout_1yr,fpr1_1yr,0,0.0002932109,0.0002932109,0.00000000000000,true
temporary CSI,full,latent_raw,mid_cap,fpr1,1,lockout_1yr,fpr1_1yr,5,-0.0002480747,-0.0002480747,0.00000000000000,true
temporary CSI,full,latent_raw,mid_cap,fpr1,1,lockout_1yr,fpr1_1yr,10,-0.0007891752,-0.0007891752,0.00000000000000,true
temporary CSI,full,latent_raw,mid_cap,fpr1,1,lockout_1yr,fpr1_1yr,20,-0.0018708210,-0.0018708210,0.00000000000000,true
temporary CSI,full,latent_raw,mid_cap,fpr1,2,lockout_2yr,fpr1_2yr,0,0.0006572358,0.0006572358,0.00000000000000,true
temporary CSI,full,latent_raw,mid_cap,fpr1,2,lockout_2yr,fpr1_2yr,5,0.0001162914,0.0001162914,0.00000000000000,true
temporary CSI,full,latent_raw,mid_cap,fpr1,2,lockout_2yr,fpr1_2yr,10,-0.0004244682,-0.0004244682,0.00000000000000,true
temporary CSI,full,latent_raw,mid_cap,fpr1,2,lockout_2yr,fpr1_2yr,20,-0.0015054334,-0.0015054334,0.00000000000000,true
temporary CSI,full,latent_raw,mid_cap,fpr1,3,lockout_3yr,fpr1_3yr,0,0.0006953536,0.0006953536,0.00000000000000,true
temporary CSI,full,latent_raw,mid_cap,fpr1,3,lockout_3yr,fpr1_3yr,5,0.0001551940,0.0001551940,0.00000000000000,true
temporary CSI,full,latent_raw,mid_cap,fpr1,3,lockout_3yr,fpr1_3yr,10,-0.0003847814,-0.0003847814,0.00000000000000,true
temporary CSI,full,latent_raw,mid_cap,fpr1,3,lockout_3yr,fpr1_3yr,20,-0.0014641800,-0.0014641800,0.00000000000000,true
temporary CSI,full,latent_raw,mid_cap,fpr1,5,lockout_5yr,fpr1_5yr,0,0.0006680259,0.0006680259,0.00000000000000,true
temporary CSI,full,latent_raw,mid_cap,fpr1,5,lockout_5yr,fpr1_5yr,5,0.0001274434,0.0001274434,0.00000000000000,true
temporary CSI,full,latent_raw,mid_cap,fpr1,5,lockout_5yr,fpr1_5yr,10,-0.0004129546,-0.0004129546,0.00000000000000,true
temporary CSI,full,latent_raw,mid_cap,fpr1,5,lockout_5yr,fpr1_5yr,20,-0.0014931974,-0.0014931974,0.00000000000000,true
temporary CSI,full,latent_raw,mid_cap,fpr3,1,lockout_1yr,fpr3_1yr,0,0.0002199454,0.0002199454,0.00000000000000,true
temporary CSI,full,latent_raw,mid_cap,fpr3,1,lockout_1yr,fpr3_1yr,5,-0.0003215447,-0.0003215447,0.00000000000000,true
temporary CSI,full,latent_raw,mid_cap,fpr3,1,lockout_1yr,fpr3_1yr,10,-0.0008628497,-0.0008628497,0.00000000000000,true
temporary CSI,full,latent_raw,mid_cap,fpr3,1,lockout_1yr,fpr3_1yr,20,-0.0019449040,-0.0019449040,0.00000000000000,true
temporary CSI,full,latent_raw,mid_cap,fpr3,2,lockout_2yr,fpr3_2yr,0,0.0005659887,0.0005659887,0.00000000000000,true
temporary CSI,full,latent_raw,mid_cap,fpr3,2,lockout_2yr,fpr3_2yr,5,0.0000258834,0.0000258834,0.00000000000000,true
temporary CSI,full,latent_raw,mid_cap,fpr3,2,lockout_2yr,fpr3_2yr,10,-0.0005140377,-0.0005140377,0.00000000000000,true
temporary CSI,full,latent_raw,mid_cap,fpr3,2,lockout_2yr,fpr3_2yr,20,-0.0015933274,-0.0015933274,0.00000000000000,true
temporary CSI,full,latent_raw,mid_cap,fpr3,3,lockout_3yr,fpr3_3yr,0,0.0007910900,0.0007910900,0.00000000000000,true
temporary CSI,full,latent_raw,mid_cap,fpr3,3,lockout_3yr,fpr3_3yr,5,0.0002516035,0.0002516035,0.00000000000000,true
temporary CSI,full,latent_raw,mid_cap,fpr3,3,lockout_3yr,fpr3_3yr,10,-0.0002876994,-0.0002876994,0.00000000000000,true
temporary CSI,full,latent_raw,mid_cap,fpr3,3,lockout_3yr,fpr3_3yr,20,-0.0013657543,-0.0013657543,0.00000000000000,true
temporary CSI,full,latent_raw,mid_cap,fpr3,5,lockout_5yr,fpr3_5yr,0,0.0003189014,0.0003189014,0.00000000000000,true
temporary CSI,full,latent_raw,mid_cap,fpr3,5,lockout_5yr,fpr3_5yr,5,-0.0002194505,-0.0002194505,0.00000000000000,true
temporary CSI,full,latent_raw,mid_cap,fpr3,5,lockout_5yr,fpr3_5yr,10,-0.0007576195,-0.0007576195,0.00000000000000,true
temporary CSI,full,latent_raw,mid_cap,fpr3,5,lockout_5yr,fpr3_5yr,20,-0.0018334086,-0.0018334086,0.00000000000000,true
temporary CSI,full,latent_raw,mid_cap,fpr5,1,lockout_1yr,fpr5_1yr,0,0.0001334991,0.0001334991,0.00000000000000,true
temporary CSI,full,latent_raw,mid_cap,fpr5,1,lockout_1yr,fpr5_1yr,5,-0.0004081014,-0.0004081014,0.00000000000000,true
temporary CSI,full,latent_raw,mid_cap,fpr5,1,lockout_1yr,fpr5_1yr,10,-0.0009495166,-0.0009495166,0.00000000000000,true
temporary CSI,full,latent_raw,mid_cap,fpr5,1,lockout_1yr,fpr5_1yr,20,-0.0020317911,-0.0020317911,0.00000000000000,true
temporary CSI,full,latent_raw,mid_cap,fpr5,2,lockout_2yr,fpr5_2yr,0,0.0002696168,0.0002696168,0.00000000000000,true
temporary CSI,full,latent_raw,mid_cap,fpr5,2,lockout_2yr,fpr5_2yr,5,-0.0002703327,-0.0002703327,0.00000000000000,true
temporary CSI,full,latent_raw,mid_cap,fpr5,2,lockout_2yr,fpr5_2yr,10,-0.0008100980,-0.0008100980,0.00000000000000,true
temporary CSI,full,latent_raw,mid_cap,fpr5,2,lockout_2yr,fpr5_2yr,20,-0.0018890765,-0.0018890765,0.00000000000000,true
temporary CSI,full,latent_raw,mid_cap,fpr5,3,lockout_3yr,fpr5_3yr,0,0.0009999404,0.0009999404,0.00000000000000,true
temporary CSI,full,latent_raw,mid_cap,fpr5,3,lockout_3yr,fpr5_3yr,5,0.0004609259,0.0004609259,0.00000000000000,true
temporary CSI,full,latent_raw,mid_cap,fpr5,3,lockout_3yr,fpr5_3yr,10,-0.0000779054,-0.0000779054,0.00000000000000,true
temporary CSI,full,latent_raw,mid_cap,fpr5,3,lockout_3yr,fpr5_3yr,20,-0.0011550181,-0.0011550181,0.00000000000000,true
temporary CSI,full,latent_raw,mid_cap,fpr5,5,lockout_5yr,fpr5_5yr,0,0.0006344899,0.0006344899,0.00000000000000,true
temporary CSI,full,latent_raw,mid_cap,fpr5,5,lockout_5yr,fpr5_5yr,5,0.0000977610,0.0000977610,0.00000000000000,true
temporary CSI,full,latent_raw,mid_cap,fpr5,5,lockout_5yr,fpr5_5yr,10,-0.0004387863,-0.0004387863,0.00000000000000,true
temporary CSI,full,latent_raw,mid_cap,fpr5,5,lockout_5yr,fpr5_5yr,20,-0.0015113361,-0.0015113361,0.00000000000000,true
temporary CSI,full,latent_raw,mid_cap,youden,1,lockout_1yr,youden_1yr,0,0.0014551396,0.0014551396,0.00000000000000,true
temporary CSI,full,latent_raw,mid_cap,youden,1,lockout_1yr,youden_1yr,5,0.0008901260,0.0008901260,0.00000000000000,true
temporary CSI,full,latent_raw,mid_cap,youden,1,lockout_1yr,youden_1yr,10,0.0003253132,0.0003253132,0.00000000000000,true
temporary CSI,full,latent_raw,mid_cap,youden,1,lockout_1yr,youden_1yr,20,-0.0008037107,-0.0008037107,0.00000000000000,true
temporary CSI,full,latent_raw,mid_cap,youden,2,lockout_2yr,youden_2yr,0,0.0012524531,0.0012524531,0.00000000000000,true
temporary CSI,full,latent_raw,mid_cap,youden,2,lockout_2yr,youden_2yr,5,0.0007047695,0.0007047695,0.00000000000000,true
temporary CSI,full,latent_raw,mid_cap,youden,2,lockout_2yr,youden_2yr,10,0.0001572745,0.0001572745,0.00000000000000,true
temporary CSI,full,latent_raw,mid_cap,youden,2,lockout_2yr,youden_2yr,20,-0.0009371498,-0.0009371498,0.00000000000000,true
temporary CSI,full,latent_raw,mid_cap,youden,3,lockout_3yr,youden_3yr,0,0.0008141538,0.0008141538,0.00000000000000,true
temporary CSI,full,latent_raw,mid_cap,youden,3,lockout_3yr,youden_3yr,5,0.0002715931,0.0002715931,0.00000000000000,true
temporary CSI,full,latent_raw,mid_cap,youden,3,lockout_3yr,youden_3yr,10,-0.0002707830,-0.0002707830,0.00000000000000,true
temporary CSI,full,latent_raw,mid_cap,youden,3,lockout_3yr,youden_3yr,20,-0.0013549815,-0.0013549815,0.00000000000000,true
temporary CSI,full,latent_raw,mid_cap,youden,5,lockout_5yr,youden_5yr,0,-0.0003754070,-0.0003754070,0.00000000000000,true
temporary CSI,full,latent_raw,mid_cap,youden,5,lockout_5yr,youden_5yr,5,-0.0009128249,-0.0009128249,0.00000000000000,true
temporary CSI,full,latent_raw,mid_cap,youden,5,lockout_5yr,youden_5yr,10,-0.0014500620,-0.0014500620,0.00000000000000,true
temporary CSI,full,latent_raw,mid_cap,youden,5,lockout_5yr,youden_5yr,20,-0.0025239938,-0.0025239938,0.00000000000000,true
temporary CSI,full,latent_raw,small_cap,fpr1,1,lockout_1yr,fpr1_1yr,0,0.0000191267,0.0000191267,0.00000000000000,true
temporary CSI,full,latent_raw,small_cap,fpr1,1,lockout_1yr,fpr1_1yr,5,-0.0003804962,-0.0003804962,0.00000000000000,true
temporary CSI,full,latent_raw,small_cap,fpr1,1,lockout_1yr,fpr1_1yr,10,-0.0007800221,-0.0007800221,0.00000000000000,true
temporary CSI,full,latent_raw,small_cap,fpr1,1,lockout_1yr,fpr1_1yr,20,-0.0015787828,-0.0015787828,0.00000000000000,true
temporary CSI,full,latent_raw,small_cap,fpr1,2,lockout_2yr,fpr1_2yr,0,0.0004499128,0.0004499128,0.00000000000000,true
temporary CSI,full,latent_raw,small_cap,fpr1,2,lockout_2yr,fpr1_2yr,5,0.0000501366,0.0000501366,0.00000000000000,true
temporary CSI,full,latent_raw,small_cap,fpr1,2,lockout_2yr,fpr1_2yr,10,-0.0003495426,-0.0003495426,0.00000000000000,true
temporary CSI,full,latent_raw,small_cap,fpr1,2,lockout_2yr,fpr1_2yr,20,-0.0011486098,-0.0011486098,0.00000000000000,true
temporary CSI,full,latent_raw,small_cap,fpr1,3,lockout_3yr,fpr1_3yr,0,0.0003386631,0.0003386631,0.00000000000000,true
temporary CSI,full,latent_raw,small_cap,fpr1,3,lockout_3yr,fpr1_3yr,5,-0.0000607337,-0.0000607337,0.00000000000000,true
temporary CSI,full,latent_raw,small_cap,fpr1,3,lockout_3yr,fpr1_3yr,10,-0.0004600336,-0.0004600336,0.00000000000000,true
temporary CSI,full,latent_raw,small_cap,fpr1,3,lockout_3yr,fpr1_3yr,20,-0.0012583430,-0.0012583430,0.00000000000000,true
temporary CSI,full,latent_raw,small_cap,fpr1,5,lockout_5yr,fpr1_5yr,0,0.0004272435,0.0004272435,0.00000000000000,true
temporary CSI,full,latent_raw,small_cap,fpr1,5,lockout_5yr,fpr1_5yr,5,0.0000289178,0.0000289178,0.00000000000000,true
temporary CSI,full,latent_raw,small_cap,fpr1,5,lockout_5yr,fpr1_5yr,10,-0.0003693116,-0.0003693116,0.00000000000000,true
temporary CSI,full,latent_raw,small_cap,fpr1,5,lockout_5yr,fpr1_5yr,20,-0.0011654818,-0.0011654818,0.00000000000000,true
temporary CSI,full,latent_raw,small_cap,fpr3,1,lockout_1yr,fpr3_1yr,0,-0.0006211093,-0.0006211093,0.00000000000000,true
temporary CSI,full,latent_raw,small_cap,fpr3,1,lockout_1yr,fpr3_1yr,5,-0.0010226335,-0.0010226335,0.00000000000000,true
temporary CSI,full,latent_raw,small_cap,fpr3,1,lockout_1yr,fpr3_1yr,10,-0.0014240595,-0.0014240595,0.00000000000000,true
temporary CSI,full,latent_raw,small_cap,fpr3,1,lockout_1yr,fpr3_1yr,20,-0.0022266172,-0.0022266172,0.00000000000000,true
temporary CSI,full,latent_raw,small_cap,fpr3,2,lockout_2yr,fpr3_2yr,0,0.0001467046,0.0001467046,0.00000000000000,true
temporary CSI,full,latent_raw,small_cap,fpr3,2,lockout_2yr,fpr3_2yr,5,-0.0002546214,-0.0002546214,0.00000000000000,true
temporary CSI,full,latent_raw,small_cap,fpr3,2,lockout_2yr,fpr3_2yr,10,-0.0006558494,-0.0006558494,0.00000000000000,true
temporary CSI,full,latent_raw,small_cap,fpr3,2,lockout_2yr,fpr3_2yr,20,-0.0014580119,-0.0014580119,0.00000000000000,true
temporary CSI,full,latent_raw,small_cap,fpr3,3,lockout_3yr,fpr3_3yr,0,0.0001901604,0.0001901604,0.00000000000000,true
temporary CSI,full,latent_raw,small_cap,fpr3,3,lockout_3yr,fpr3_3yr,5,-0.0002105744,-0.0002105744,0.00000000000000,true
temporary CSI,full,latent_raw,small_cap,fpr3,3,lockout_3yr,fpr3_3yr,10,-0.0006112116,-0.0006112116,0.00000000000000,true
temporary CSI,full,latent_raw,small_cap,fpr3,3,lockout_3yr,fpr3_3yr,20,-0.0014121935,-0.0014121935,0.00000000000000,true
temporary CSI,full,latent_raw,small_cap,fpr3,5,lockout_5yr,fpr3_5yr,0,0.0004583459,0.0004583459,0.00000000000000,true
temporary CSI,full,latent_raw,small_cap,fpr3,5,lockout_5yr,fpr3_5yr,5,0.0000584086,0.0000584086,0.00000000000000,true
temporary CSI,full,latent_raw,small_cap,fpr3,5,lockout_5yr,fpr3_5yr,10,-0.0003414318,-0.0003414318,0.00000000000000,true
temporary CSI,full,latent_raw,small_cap,fpr3,5,lockout_5yr,fpr3_5yr,20,-0.0011408218,-0.0011408218,0.00000000000000,true
temporary CSI,full,latent_raw,small_cap,fpr5,1,lockout_1yr,fpr5_1yr,0,-0.0009870407,-0.0009870407,0.00000000000000,true
temporary CSI,full,latent_raw,small_cap,fpr5,1,lockout_1yr,fpr5_1yr,5,-0.0013911264,-0.0013911264,0.00000000000000,true
temporary CSI,full,latent_raw,small_cap,fpr5,1,lockout_1yr,fpr5_1yr,10,-0.0017951126,-0.0017951126,0.00000000000000,true
temporary CSI,full,latent_raw,small_cap,fpr5,1,lockout_1yr,fpr5_1yr,20,-0.0026027863,-0.0026027863,0.00000000000000,true
temporary CSI,full,latent_raw,small_cap,fpr5,2,lockout_2yr,fpr5_2yr,0,-0.0001996391,-0.0001996391,0.00000000000000,true
temporary CSI,full,latent_raw,small_cap,fpr5,2,lockout_2yr,fpr5_2yr,5,-0.0006020805,-0.0006020805,0.00000000000000,true
temporary CSI,full,latent_raw,small_cap,fpr5,2,lockout_2yr,fpr5_2yr,10,-0.0010044234,-0.0010044234,0.00000000000000,true
temporary CSI,full,latent_raw,small_cap,fpr5,2,lockout_2yr,fpr5_2yr,20,-0.0018088139,-0.0018088139,0.00000000000000,true
temporary CSI,full,latent_raw,small_cap,fpr5,3,lockout_3yr,fpr5_3yr,0,-0.0003362479,-0.0003362479,0.00000000000000,true
temporary CSI,full,latent_raw,small_cap,fpr5,3,lockout_3yr,fpr5_3yr,5,-0.0007373873,-0.0007373873,0.00000000000000,true
temporary CSI,full,latent_raw,small_cap,fpr5,3,lockout_3yr,fpr5_3yr,10,-0.0011384288,-0.0011384288,0.00000000000000,true
temporary CSI,full,latent_raw,small_cap,fpr5,3,lockout_3yr,fpr5_3yr,20,-0.0019402188,-0.0019402188,0.00000000000000,true
temporary CSI,full,latent_raw,small_cap,fpr5,5,lockout_5yr,fpr5_5yr,0,0.0004843341,0.0004843341,0.00000000000000,true
temporary CSI,full,latent_raw,small_cap,fpr5,5,lockout_5yr,fpr5_5yr,5,0.0000845163,0.0000845163,0.00000000000000,true
temporary CSI,full,latent_raw,small_cap,fpr5,5,lockout_5yr,fpr5_5yr,10,-0.0003152046,-0.0003152046,0.00000000000000,true
temporary CSI,full,latent_raw,small_cap,fpr5,5,lockout_5yr,fpr5_5yr,20,-0.0011143558,-0.0011143558,0.00000000000000,true
temporary CSI,full,latent_raw,small_cap,youden,1,lockout_1yr,youden_1yr,0,0.0031400713,0.0031400713,0.00000000000000,true
temporary CSI,full,latent_raw,small_cap,youden,1,lockout_1yr,youden_1yr,5,0.0026836400,0.0026836400,0.00000000000000,true
temporary CSI,full,latent_raw,small_cap,youden,1,lockout_1yr,youden_1yr,10,0.0022273329,0.0022273329,0.00000000000000,true
temporary CSI,full,latent_raw,small_cap,youden,1,lockout_1yr,youden_1yr,20,0.0013150911,0.0013150911,0.00000000000000,true
temporary CSI,full,latent_raw,small_cap,youden,2,lockout_2yr,youden_2yr,0,0.0034125110,0.0034125110,0.00000000000000,true
temporary CSI,full,latent_raw,small_cap,youden,2,lockout_2yr,youden_2yr,5,0.0029720648,0.0029720648,0.00000000000000,true
temporary CSI,full,latent_raw,small_cap,youden,2,lockout_2yr,youden_2yr,10,0.0025317349,0.0025317349,0.00000000000000,true
temporary CSI,full,latent_raw,small_cap,youden,2,lockout_2yr,youden_2yr,20,0.0016514237,0.0016514237,0.00000000000000,true
temporary CSI,full,latent_raw,small_cap,youden,3,lockout_3yr,youden_3yr,0,0.0031390018,0.0031390018,0.00000000000000,true
temporary CSI,full,latent_raw,small_cap,youden,3,lockout_3yr,youden_3yr,5,0.0027022610,0.0027022610,0.00000000000000,true
temporary CSI,full,latent_raw,small_cap,youden,3,lockout_3yr,youden_3yr,10,0.0022656348,0.0022656348,0.00000000000000,true
temporary CSI,full,latent_raw,small_cap,youden,3,lockout_3yr,youden_3yr,20,0.0013927261,0.0013927261,0.00000000000000,true
temporary CSI,full,latent_raw,small_cap,youden,5,lockout_5yr,youden_5yr,0,0.0019122467,0.0019122467,0.00000000000000,true
temporary CSI,full,latent_raw,small_cap,youden,5,lockout_5yr,youden_5yr,5,0.0014795034,0.0014795034,0.00000000000000,true
temporary CSI,full,latent_raw,small_cap,youden,5,lockout_5yr,youden_5yr,10,0.0010468727,0.0010468727,0.00000000000000,true
temporary CSI,full,latent_raw,small_cap,youden,5,lockout_5yr,youden_5yr,20,0.0001819489,0.0001819489,0.00000000000000,true
temporary CSI,full,latent_raw,total_market,fpr1,1,lockout_1yr,fpr1_1yr,0,0.0000307792,0.0000307792,0.00000000000000,true
temporary CSI,full,latent_raw,total_market,fpr1,1,lockout_1yr,fpr1_1yr,5,-0.0000379646,-0.0000379646,0.00000000000000,true
temporary CSI,full,latent_raw,total_market,fpr1,1,lockout_1yr,fpr1_1yr,10,-0.0001067180,-0.0001067180,0.00000000000000,true
temporary CSI,full,latent_raw,total_market,fpr1,1,lockout_1yr,fpr1_1yr,20,-0.0002442531,-0.0002442531,0.00000000000000,true
temporary CSI,full,latent_raw,total_market,fpr1,2,lockout_2yr,fpr1_2yr,0,0.0002220220,0.0002220220,0.00000000000000,true
temporary CSI,full,latent_raw,total_market,fpr1,2,lockout_2yr,fpr1_2yr,5,0.0001534995,0.0001534995,0.00000000000000,true
temporary CSI,full,latent_raw,total_market,fpr1,2,lockout_2yr,fpr1_2yr,10,0.0000849675,0.0000849675,0.00000000000000,true
temporary CSI,full,latent_raw,total_market,fpr1,2,lockout_2yr,fpr1_2yr,20,-0.0000521251,-0.0000521251,0.00000000000000,true
temporary CSI,full,latent_raw,total_market,fpr1,3,lockout_3yr,fpr1_3yr,0,0.0002596628,0.0002596628,0.00000000000000,true
temporary CSI,full,latent_raw,total_market,fpr1,3,lockout_3yr,fpr1_3yr,5,0.0001912606,0.0001912606,0.00000000000000,true
temporary CSI,full,latent_raw,total_market,fpr1,3,lockout_3yr,fpr1_3yr,10,0.0001228490,0.0001228490,0.00000000000000,true
temporary CSI,full,latent_raw,total_market,fpr1,3,lockout_3yr,fpr1_3yr,20,-0.0000140027,-0.0000140027,0.00000000000000,true
temporary CSI,full,latent_raw,total_market,fpr1,5,lockout_5yr,fpr1_5yr,0,0.0002292632,0.0002292632,0.00000000000000,true
temporary CSI,full,latent_raw,total_market,fpr1,5,lockout_5yr,fpr1_5yr,5,0.0001610027,0.0001610027,0.00000000000000,true
temporary CSI,full,latent_raw,total_market,fpr1,5,lockout_5yr,fpr1_5yr,10,0.0000927326,0.0000927326,0.00000000000000,true
temporary CSI,full,latent_raw,total_market,fpr1,5,lockout_5yr,fpr1_5yr,20,-0.0000438361,-0.0000438361,0.00000000000000,true
temporary CSI,full,latent_raw,total_market,fpr3,1,lockout_1yr,fpr3_1yr,0,-0.0000912944,-0.0000912944,0.00000000000000,true
temporary CSI,full,latent_raw,total_market,fpr3,1,lockout_1yr,fpr3_1yr,5,-0.0001609895,-0.0001609895,0.00000000000000,true
temporary CSI,full,latent_raw,total_market,fpr3,1,lockout_1yr,fpr3_1yr,10,-0.0002306940,-0.0002306940,0.00000000000000,true
temporary CSI,full,latent_raw,total_market,fpr3,1,lockout_1yr,fpr3_1yr,20,-0.0003701312,-0.0003701312,0.00000000000000,true
temporary CSI,full,latent_raw,total_market,fpr3,2,lockout_2yr,fpr3_2yr,0,0.0001910253,0.0001910253,0.00000000000000,true
temporary CSI,full,latent_raw,total_market,fpr3,2,lockout_2yr,fpr3_2yr,5,0.0001217475,0.0001217475,0.00000000000000,true
temporary CSI,full,latent_raw,total_market,fpr3,2,lockout_2yr,fpr3_2yr,10,0.0000524604,0.0000524604,0.00000000000000,true
temporary CSI,full,latent_raw,total_market,fpr3,2,lockout_2yr,fpr3_2yr,20,-0.0000861422,-0.0000861422,0.00000000000000,true
temporary CSI,full,latent_raw,total_market,fpr3,3,lockout_3yr,fpr3_3yr,0,0.0003386984,0.0003386984,0.00000000000000,true
temporary CSI,full,latent_raw,total_market,fpr3,3,lockout_3yr,fpr3_3yr,5,0.0002697198,0.0002697198,0.00000000000000,true
temporary CSI,full,latent_raw,total_market,fpr3,3,lockout_3yr,fpr3_3yr,10,0.0002007316,0.0002007316,0.00000000000000,true
temporary CSI,full,latent_raw,total_market,fpr3,3,lockout_3yr,fpr3_3yr,20,0.0000627270,0.0000627270,0.00000000000000,true
temporary CSI,full,latent_raw,total_market,fpr3,5,lockout_5yr,fpr3_5yr,0,0.0004022695,0.0004022695,0.00000000000000,true
temporary CSI,full,latent_raw,total_market,fpr3,5,lockout_5yr,fpr3_5yr,5,0.0003338130,0.0003338130,0.00000000000000,true
temporary CSI,full,latent_raw,total_market,fpr3,5,lockout_5yr,fpr3_5yr,10,0.0002653470,0.0002653470,0.00000000000000,true
temporary CSI,full,latent_raw,total_market,fpr3,5,lockout_5yr,fpr3_5yr,20,0.0001283865,0.0001283865,0.00000000000000,true
temporary CSI,full,latent_raw,total_market,fpr5,1,lockout_1yr,fpr5_1yr,0,-0.0001461663,-0.0001461663,0.00000000000000,true
temporary CSI,full,latent_raw,total_market,fpr5,1,lockout_1yr,fpr5_1yr,5,-0.0002168232,-0.0002168232,0.00000000000000,true
temporary CSI,full,latent_raw,total_market,fpr5,1,lockout_1yr,fpr5_1yr,10,-0.0002874894,-0.0002874894,0.00000000000000,true
temporary CSI,full,latent_raw,total_market,fpr5,1,lockout_1yr,fpr5_1yr,20,-0.0004288496,-0.0004288496,0.00000000000000,true
temporary CSI,full,latent_raw,total_market,fpr5,2,lockout_2yr,fpr5_2yr,0,0.0000583131,0.0000583131,0.00000000000000,true
temporary CSI,full,latent_raw,total_market,fpr5,2,lockout_2yr,fpr5_2yr,5,-0.0000116748,-0.0000116748,0.00000000000000,true
temporary CSI,full,latent_raw,total_market,fpr5,2,lockout_2yr,fpr5_2yr,10,-0.0000816720,-0.0000816720,0.00000000000000,true
temporary CSI,full,latent_raw,total_market,fpr5,2,lockout_2yr,fpr5_2yr,20,-0.0002216946,-0.0002216946,0.00000000000000,true
temporary CSI,full,latent_raw,total_market,fpr5,3,lockout_3yr,fpr5_3yr,0,0.0002798024,0.0002798024,0.00000000000000,true
temporary CSI,full,latent_raw,total_market,fpr5,3,lockout_3yr,fpr5_3yr,5,0.0002102545,0.0002102545,0.00000000000000,true
temporary CSI,full,latent_raw,total_market,fpr5,3,lockout_3yr,fpr5_3yr,10,0.0001406971,0.0001406971,0.00000000000000,true
temporary CSI,full,latent_raw,total_market,fpr5,3,lockout_3yr,fpr5_3yr,20,0.0000015542,0.0000015542,0.00000000000000,true
temporary CSI,full,latent_raw,total_market,fpr5,5,lockout_5yr,fpr5_5yr,0,0.0004879110,0.0004879110,0.00000000000000,true
temporary CSI,full,latent_raw,total_market,fpr5,5,lockout_5yr,fpr5_5yr,5,0.0004191153,0.0004191153,0.00000000000000,true
temporary CSI,full,latent_raw,total_market,fpr5,5,lockout_5yr,fpr5_5yr,10,0.0003503101,0.0003503101,0.00000000000000,true
temporary CSI,full,latent_raw,total_market,fpr5,5,lockout_5yr,fpr5_5yr,20,0.0002126712,0.0002126712,0.00000000000000,true
temporary CSI,full,latent_raw,total_market,youden,1,lockout_1yr,youden_1yr,0,-0.0001660564,-0.0001660564,0.00000000000000,true
temporary CSI,full,latent_raw,total_market,youden,1,lockout_1yr,youden_1yr,5,-0.0002643499,-0.0002643499,0.00000000000000,true
temporary CSI,full,latent_raw,total_market,youden,1,lockout_1yr,youden_1yr,10,-0.0003626503,-0.0003626503,0.00000000000000,true
temporary CSI,full,latent_raw,total_market,youden,1,lockout_1yr,youden_1yr,20,-0.0005592719,-0.0005592719,0.00000000000000,true
temporary CSI,full,latent_raw,total_market,youden,2,lockout_2yr,youden_2yr,0,-0.0013846291,-0.0013846291,0.00000000000000,true
temporary CSI,full,latent_raw,total_market,youden,2,lockout_2yr,youden_2yr,5,-0.0014747066,-0.0014747066,0.00000000000000,true
temporary CSI,full,latent_raw,total_market,youden,2,lockout_2yr,youden_2yr,10,-0.0015647919,-0.0015647919,0.00000000000000,true
temporary CSI,full,latent_raw,total_market,youden,2,lockout_2yr,youden_2yr,20,-0.0017449857,-0.0017449857,0.00000000000000,true
temporary CSI,full,latent_raw,total_market,youden,3,lockout_3yr,youden_3yr,0,0.0000468085,0.0000468085,0.00000000000000,true
temporary CSI,full,latent_raw,total_market,youden,3,lockout_3yr,youden_3yr,5,-0.0000407489,-0.0000407489,0.00000000000000,true
temporary CSI,full,latent_raw,total_market,youden,3,lockout_3yr,youden_3yr,10,-0.0001283142,-0.0001283142,0.00000000000000,true
temporary CSI,full,latent_raw,total_market,youden,3,lockout_3yr,youden_3yr,20,-0.0003034685,-0.0003034685,0.00000000000000,true
temporary CSI,full,latent_raw,total_market,youden,5,lockout_5yr,youden_5yr,0,-0.0005238403,-0.0005238403,0.00000000000000,true
temporary CSI,full,latent_raw,total_market,youden,5,lockout_5yr,youden_5yr,5,-0.0006075170,-0.0006075170,0.00000000000000,true
temporary CSI,full,latent_raw,total_market,youden,5,lockout_5yr,youden_5yr,10,-0.0006912020,-0.0006912020,0.00000000000000,true
temporary CSI,full,latent_raw,total_market,youden,5,lockout_5yr,youden_5yr,20,-0.0008585969,-0.0008585969,0.00000000000000,true
temporary CSI,insample,latent_raw,large_cap,fpr1,1,lockout_1yr,fpr1_1yr,0,0.0000740159,0.0000740159,0.00000000000000,true
temporary CSI,insample,latent_raw,large_cap,fpr1,1,lockout_1yr,fpr1_1yr,5,-0.0000449022,-0.0000449022,0.00000000000000,true
temporary CSI,insample,latent_raw,large_cap,fpr1,1,lockout_1yr,fpr1_1yr,10,-0.0001638308,-0.0001638308,0.00000000000000,true
temporary CSI,insample,latent_raw,large_cap,fpr1,1,lockout_1yr,fpr1_1yr,20,-0.0004017194,-0.0004017194,0.00000000000000,true
temporary CSI,insample,latent_raw,large_cap,fpr1,2,lockout_2yr,fpr1_2yr,0,0.0001374565,0.0001374565,0.00000000000000,true
temporary CSI,insample,latent_raw,large_cap,fpr1,2,lockout_2yr,fpr1_2yr,5,0.0000187597,0.0000187597,0.00000000000000,true
temporary CSI,insample,latent_raw,large_cap,fpr1,2,lockout_2yr,fpr1_2yr,10,-0.0000999476,-0.0000999476,0.00000000000000,true
temporary CSI,insample,latent_raw,large_cap,fpr1,2,lockout_2yr,fpr1_2yr,20,-0.0003373938,-0.0003373938,0.00000000000000,true
temporary CSI,insample,latent_raw,large_cap,fpr1,3,lockout_3yr,fpr1_3yr,0,0.0001239567,0.0001239567,0.00000000000000,true
temporary CSI,insample,latent_raw,large_cap,fpr1,3,lockout_3yr,fpr1_3yr,5,0.0000053296,0.0000053296,0.00000000000000,true
temporary CSI,insample,latent_raw,large_cap,fpr1,3,lockout_3yr,fpr1_3yr,10,-0.0001133080,-0.0001133080,0.00000000000000,true
temporary CSI,insample,latent_raw,large_cap,fpr1,3,lockout_3yr,fpr1_3yr,20,-0.0003506148,-0.0003506148,0.00000000000000,true
temporary CSI,insample,latent_raw,large_cap,fpr1,5,lockout_5yr,fpr1_5yr,0,0.0000473604,0.0000473604,0.00000000000000,true
temporary CSI,insample,latent_raw,large_cap,fpr1,5,lockout_5yr,fpr1_5yr,5,-0.0000711035,-0.0000711035,0.00000000000000,true
temporary CSI,insample,latent_raw,large_cap,fpr1,5,lockout_5yr,fpr1_5yr,10,-0.0001895780,-0.0001895780,0.00000000000000,true
temporary CSI,insample,latent_raw,large_cap,fpr1,5,lockout_5yr,fpr1_5yr,20,-0.0004265588,-0.0004265588,0.00000000000000,true
temporary CSI,insample,latent_raw,large_cap,fpr3,1,lockout_1yr,fpr3_1yr,0,-0.0000023145,-0.0000023145,0.00000000000000,true
temporary CSI,insample,latent_raw,large_cap,fpr3,1,lockout_1yr,fpr3_1yr,5,-0.0001214291,-0.0001214291,0.00000000000000,true
temporary CSI,insample,latent_raw,large_cap,fpr3,1,lockout_1yr,fpr3_1yr,10,-0.0002405542,-0.0002405542,0.00000000000000,true
temporary CSI,insample,latent_raw,large_cap,fpr3,1,lockout_1yr,fpr3_1yr,20,-0.0004788359,-0.0004788359,0.00000000000000,true
temporary CSI,insample,latent_raw,large_cap,fpr3,2,lockout_2yr,fpr3_2yr,0,0.0000905009,0.0000905009,0.00000000000000,true
temporary CSI,insample,latent_raw,large_cap,fpr3,2,lockout_2yr,fpr3_2yr,5,-0.0000282824,-0.0000282824,0.00000000000000,true
temporary CSI,insample,latent_raw,large_cap,fpr3,2,lockout_2yr,fpr3_2yr,10,-0.0001470762,-0.0001470762,0.00000000000000,true
temporary CSI,insample,latent_raw,large_cap,fpr3,2,lockout_2yr,fpr3_2yr,20,-0.0003846955,-0.0003846955,0.00000000000000,true
temporary CSI,insample,latent_raw,large_cap,fpr3,3,lockout_3yr,fpr3_3yr,0,0.0001924232,0.0001924232,0.00000000000000,true
temporary CSI,insample,latent_raw,large_cap,fpr3,3,lockout_3yr,fpr3_3yr,5,0.0000739276,0.0000739276,0.00000000000000,true
temporary CSI,insample,latent_raw,large_cap,fpr3,3,lockout_3yr,fpr3_3yr,10,-0.0000445786,-0.0000445786,0.00000000000000,true
temporary CSI,insample,latent_raw,large_cap,fpr3,3,lockout_3yr,fpr3_3yr,20,-0.0002816228,-0.0002816228,0.00000000000000,true
temporary CSI,insample,latent_raw,large_cap,fpr3,5,lockout_5yr,fpr3_5yr,0,0.0001135944,0.0001135944,0.00000000000000,true
temporary CSI,insample,latent_raw,large_cap,fpr3,5,lockout_5yr,fpr3_5yr,5,-0.0000045397,-0.0000045397,0.00000000000000,true
temporary CSI,insample,latent_raw,large_cap,fpr3,5,lockout_5yr,fpr3_5yr,10,-0.0001226843,-0.0001226843,0.00000000000000,true
temporary CSI,insample,latent_raw,large_cap,fpr3,5,lockout_5yr,fpr3_5yr,20,-0.0003590057,-0.0003590057,0.00000000000000,true
temporary CSI,insample,latent_raw,large_cap,fpr5,1,lockout_1yr,fpr5_1yr,0,0.0000535548,0.0000535548,0.00000000000000,true
temporary CSI,insample,latent_raw,large_cap,fpr5,1,lockout_1yr,fpr5_1yr,5,-0.0000657712,-0.0000657712,0.00000000000000,true
temporary CSI,insample,latent_raw,large_cap,fpr5,1,lockout_1yr,fpr5_1yr,10,-0.0001851077,-0.0001851077,0.00000000000000,true
temporary CSI,insample,latent_raw,large_cap,fpr5,1,lockout_1yr,fpr5_1yr,20,-0.0004238120,-0.0004238120,0.00000000000000,true
temporary CSI,insample,latent_raw,large_cap,fpr5,2,lockout_2yr,fpr5_2yr,0,-0.0000501313,-0.0000501313,0.00000000000000,true
temporary CSI,insample,latent_raw,large_cap,fpr5,2,lockout_2yr,fpr5_2yr,5,-0.0001690094,-0.0001690094,0.00000000000000,true
temporary CSI,insample,latent_raw,large_cap,fpr5,2,lockout_2yr,fpr5_2yr,10,-0.0002878981,-0.0002878981,0.00000000000000,true
temporary CSI,insample,latent_raw,large_cap,fpr5,2,lockout_2yr,fpr5_2yr,20,-0.0005257070,-0.0005257070,0.00000000000000,true
temporary CSI,insample,latent_raw,large_cap,fpr5,3,lockout_3yr,fpr5_3yr,0,0.0001265469,0.0001265469,0.00000000000000,true
temporary CSI,insample,latent_raw,large_cap,fpr5,3,lockout_3yr,fpr5_3yr,5,0.0000081035,0.0000081035,0.00000000000000,true
temporary CSI,insample,latent_raw,large_cap,fpr5,3,lockout_3yr,fpr5_3yr,10,-0.0001103504,-0.0001103504,0.00000000000000,true
temporary CSI,insample,latent_raw,large_cap,fpr5,3,lockout_3yr,fpr5_3yr,20,-0.0003472901,-0.0003472901,0.00000000000000,true
temporary CSI,insample,latent_raw,large_cap,fpr5,5,lockout_5yr,fpr5_5yr,0,0.0001366237,0.0001366237,0.00000000000000,true
temporary CSI,insample,latent_raw,large_cap,fpr5,5,lockout_5yr,fpr5_5yr,5,0.0000186863,0.0000186863,0.00000000000000,true
temporary CSI,insample,latent_raw,large_cap,fpr5,5,lockout_5yr,fpr5_5yr,10,-0.0000992617,-0.0000992617,0.00000000000000,true
temporary CSI,insample,latent_raw,large_cap,fpr5,5,lockout_5yr,fpr5_5yr,20,-0.0003351900,-0.0003351900,0.00000000000000,true
temporary CSI,insample,latent_raw,large_cap,youden,1,lockout_1yr,youden_1yr,0,0.0005785102,0.0005785102,0.00000000000000,true
temporary CSI,insample,latent_raw,large_cap,youden,1,lockout_1yr,youden_1yr,5,0.0004464192,0.0004464192,0.00000000000000,true
temporary CSI,insample,latent_raw,large_cap,youden,1,lockout_1yr,youden_1yr,10,0.0003143197,0.0003143197,0.00000000000000,true
temporary CSI,insample,latent_raw,large_cap,youden,1,lockout_1yr,youden_1yr,20,0.0000500948,0.0000500948,0.00000000000000,true
temporary CSI,insample,latent_raw,large_cap,youden,2,lockout_2yr,youden_2yr,0,0.0000725709,0.0000725709,0.00000000000000,true
temporary CSI,insample,latent_raw,large_cap,youden,2,lockout_2yr,youden_2yr,5,-0.0000557091,-0.0000557091,0.00000000000000,true
temporary CSI,insample,latent_raw,large_cap,youden,2,lockout_2yr,youden_2yr,10,-0.0001839983,-0.0001839983,0.00000000000000,true
temporary CSI,insample,latent_raw,large_cap,youden,2,lockout_2yr,youden_2yr,20,-0.0004406047,-0.0004406047,0.00000000000000,true
temporary CSI,insample,latent_raw,large_cap,youden,3,lockout_3yr,youden_3yr,0,0.0001705713,0.0001705713,0.00000000000000,true
temporary CSI,insample,latent_raw,large_cap,youden,3,lockout_3yr,youden_3yr,5,0.0000457483,0.0000457483,0.00000000000000,true
temporary CSI,insample,latent_raw,large_cap,youden,3,lockout_3yr,youden_3yr,10,-0.0000790845,-0.0000790845,0.00000000000000,true
temporary CSI,insample,latent_raw,large_cap,youden,3,lockout_3yr,youden_3yr,20,-0.0003287795,-0.0003287795,0.00000000000000,true
temporary CSI,insample,latent_raw,large_cap,youden,5,lockout_5yr,youden_5yr,0,0.0002296697,0.0002296697,0.00000000000000,true
temporary CSI,insample,latent_raw,large_cap,youden,5,lockout_5yr,youden_5yr,5,0.0001082536,0.0001082536,0.00000000000000,true
temporary CSI,insample,latent_raw,large_cap,youden,5,lockout_5yr,youden_5yr,10,-0.0000131728,-0.0000131728,0.00000000000000,true
temporary CSI,insample,latent_raw,large_cap,youden,5,lockout_5yr,youden_5yr,20,-0.0002560570,-0.0002560570,0.00000000000000,true
temporary CSI,insample,latent_raw,mid_cap,fpr1,1,lockout_1yr,fpr1_1yr,0,0.0003768254,0.0003768254,0.00000000000000,true
temporary CSI,insample,latent_raw,mid_cap,fpr1,1,lockout_1yr,fpr1_1yr,5,-0.0001738457,-0.0001738457,0.00000000000000,true
temporary CSI,insample,latent_raw,mid_cap,fpr1,1,lockout_1yr,fpr1_1yr,10,-0.0007243299,-0.0007243299,0.00000000000000,true
temporary CSI,insample,latent_raw,mid_cap,fpr1,1,lockout_1yr,fpr1_1yr,20,-0.0018247379,-0.0018247379,0.00000000000000,true
temporary CSI,insample,latent_raw,mid_cap,fpr1,2,lockout_2yr,fpr1_2yr,0,0.0007242111,0.0007242111,0.00000000000000,true
temporary CSI,insample,latent_raw,mid_cap,fpr1,2,lockout_2yr,fpr1_2yr,5,0.0001739522,0.0001739522,0.00000000000000,true
temporary CSI,insample,latent_raw,mid_cap,fpr1,2,lockout_2yr,fpr1_2yr,10,-0.0003761201,-0.0003761201,0.00000000000000,true
temporary CSI,insample,latent_raw,mid_cap,fpr1,2,lockout_2yr,fpr1_2yr,20,-0.0014757053,-0.0014757053,0.00000000000000,true
temporary CSI,insample,latent_raw,mid_cap,fpr1,3,lockout_3yr,fpr1_3yr,0,0.0004954512,0.0004954512,0.00000000000000,true
temporary CSI,insample,latent_raw,mid_cap,fpr1,3,lockout_3yr,fpr1_3yr,5,-0.0000537161,-0.0000537161,0.00000000000000,true
temporary CSI,insample,latent_raw,mid_cap,fpr1,3,lockout_3yr,fpr1_3yr,10,-0.0006026977,-0.0006026977,0.00000000000000,true
temporary CSI,insample,latent_raw,mid_cap,fpr1,3,lockout_3yr,fpr1_3yr,20,-0.0017001040,-0.0017001040,0.00000000000000,true
temporary CSI,insample,latent_raw,mid_cap,fpr1,5,lockout_5yr,fpr1_5yr,0,0.0002262917,0.0002262917,0.00000000000000,true
temporary CSI,insample,latent_raw,mid_cap,fpr1,5,lockout_5yr,fpr1_5yr,5,-0.0003233417,-0.0003233417,0.00000000000000,true
temporary CSI,insample,latent_raw,mid_cap,fpr1,5,lockout_5yr,fpr1_5yr,10,-0.0008727890,-0.0008727890,0.00000000000000,true
temporary CSI,insample,latent_raw,mid_cap,fpr1,5,lockout_5yr,fpr1_5yr,20,-0.0019711256,-0.0019711256,0.00000000000000,true
temporary CSI,insample,latent_raw,mid_cap,fpr3,1,lockout_1yr,fpr3_1yr,0,0.0001286905,0.0001286905,0.00000000000000,true
temporary CSI,insample,latent_raw,mid_cap,fpr3,1,lockout_1yr,fpr3_1yr,5,-0.0004221145,-0.0004221145,0.00000000000000,true
temporary CSI,insample,latent_raw,mid_cap,fpr3,1,lockout_1yr,fpr3_1yr,10,-0.0009727325,-0.0009727325,0.00000000000000,true
temporary CSI,insample,latent_raw,mid_cap,fpr3,1,lockout_1yr,fpr3_1yr,20,-0.0020734076,-0.0020734076,0.00000000000000,true
temporary CSI,insample,latent_raw,mid_cap,fpr3,2,lockout_2yr,fpr3_2yr,0,0.0006789073,0.0006789073,0.00000000000000,true
temporary CSI,insample,latent_raw,mid_cap,fpr3,2,lockout_2yr,fpr3_2yr,5,0.0001288438,0.0001288438,0.00000000000000,true
temporary CSI,insample,latent_raw,mid_cap,fpr3,2,lockout_2yr,fpr3_2yr,10,-0.0004210334,-0.0004210334,0.00000000000000,true
temporary CSI,insample,latent_raw,mid_cap,fpr3,2,lockout_2yr,fpr3_2yr,20,-0.0015202290,-0.0015202290,0.00000000000000,true
temporary CSI,insample,latent_raw,mid_cap,fpr3,3,lockout_3yr,fpr3_3yr,0,0.0009638088,0.0009638088,0.00000000000000,true
temporary CSI,insample,latent_raw,mid_cap,fpr3,3,lockout_3yr,fpr3_3yr,5,0.0004144606,0.0004144606,0.00000000000000,true
temporary CSI,insample,latent_raw,mid_cap,fpr3,3,lockout_3yr,fpr3_3yr,10,-0.0001347019,-0.0001347019,0.00000000000000,true
temporary CSI,insample,latent_raw,mid_cap,fpr3,3,lockout_3yr,fpr3_3yr,20,-0.0012324702,-0.0012324702,0.00000000000000,true
temporary CSI,insample,latent_raw,mid_cap,fpr3,5,lockout_5yr,fpr3_5yr,0,0.0004608046,0.0004608046,0.00000000000000,true
temporary CSI,insample,latent_raw,mid_cap,fpr3,5,lockout_5yr,fpr3_5yr,5,-0.0000880462,-0.0000880462,0.00000000000000,true
temporary CSI,insample,latent_raw,mid_cap,fpr3,5,lockout_5yr,fpr3_5yr,10,-0.0006367116,-0.0006367116,0.00000000000000,true
temporary CSI,insample,latent_raw,mid_cap,fpr3,5,lockout_5yr,fpr3_5yr,20,-0.0017334862,-0.0017334862,0.00000000000000,true
temporary CSI,insample,latent_raw,mid_cap,fpr5,1,lockout_1yr,fpr5_1yr,0,0.0003165039,0.0003165039,0.00000000000000,true
temporary CSI,insample,latent_raw,mid_cap,fpr5,1,lockout_1yr,fpr5_1yr,5,-0.0002344844,-0.0002344844,0.00000000000000,true
temporary CSI,insample,latent_raw,mid_cap,fpr5,1,lockout_1yr,fpr5_1yr,10,-0.0007852856,-0.0007852856,0.00000000000000,true
temporary CSI,insample,latent_raw,mid_cap,fpr5,1,lockout_1yr,fpr5_1yr,20,-0.0018863268,-0.0018863268,0.00000000000000,true
temporary CSI,insample,latent_raw,mid_cap,fpr5,2,lockout_2yr,fpr5_2yr,0,0.0004895320,0.0004895320,0.00000000000000,true
temporary CSI,insample,latent_raw,mid_cap,fpr5,2,lockout_2yr,fpr5_2yr,5,-0.0000611027,-0.0000611027,0.00000000000000,true
temporary CSI,insample,latent_raw,mid_cap,fpr5,2,lockout_2yr,fpr5_2yr,10,-0.0006115506,-0.0006115506,0.00000000000000,true
temporary CSI,insample,latent_raw,mid_cap,fpr5,2,lockout_2yr,fpr5_2yr,20,-0.0017118866,-0.0017118866,0.00000000000000,true
temporary CSI,insample,latent_raw,mid_cap,fpr5,3,lockout_3yr,fpr5_3yr,0,0.0010571660,0.0010571660,0.00000000000000,true
temporary CSI,insample,latent_raw,mid_cap,fpr5,3,lockout_3yr,fpr5_3yr,5,0.0005073609,0.0005073609,0.00000000000000,true
temporary CSI,insample,latent_raw,mid_cap,fpr5,3,lockout_3yr,fpr5_3yr,10,-0.0000422583,-0.0000422583,0.00000000000000,true
temporary CSI,insample,latent_raw,mid_cap,fpr5,3,lockout_3yr,fpr5_3yr,20,-0.0011409392,-0.0011409392,0.00000000000000,true
temporary CSI,insample,latent_raw,mid_cap,fpr5,5,lockout_5yr,fpr5_5yr,0,0.0007313715,0.0007313715,0.00000000000000,true
temporary CSI,insample,latent_raw,mid_cap,fpr5,5,lockout_5yr,fpr5_5yr,5,0.0001833255,0.0001833255,0.00000000000000,true
temporary CSI,insample,latent_raw,mid_cap,fpr5,5,lockout_5yr,fpr5_5yr,10,-0.0003645360,-0.0003645360,0.00000000000000,true
temporary CSI,insample,latent_raw,mid_cap,fpr5,5,lockout_5yr,fpr5_5yr,20,-0.0014597055,-0.0014597055,0.00000000000000,true
temporary CSI,insample,latent_raw,mid_cap,youden,1,lockout_1yr,youden_1yr,0,0.0026112117,0.0026112117,0.00000000000000,true
temporary CSI,insample,latent_raw,mid_cap,youden,1,lockout_1yr,youden_1yr,5,0.0020424598,0.0020424598,0.00000000000000,true
temporary CSI,insample,latent_raw,mid_cap,youden,1,lockout_1yr,youden_1yr,10,0.0014739073,0.0014739073,0.00000000000000,true
temporary CSI,insample,latent_raw,mid_cap,youden,1,lockout_1yr,youden_1yr,20,0.0003373998,0.0003373998,0.00000000000000,true
temporary CSI,insample,latent_raw,mid_cap,youden,2,lockout_2yr,youden_2yr,0,0.0035902692,0.0035902692,0.00000000000000,true
temporary CSI,insample,latent_raw,mid_cap,youden,2,lockout_2yr,youden_2yr,5,0.0030279524,0.0030279524,0.00000000000000,true
temporary CSI,insample,latent_raw,mid_cap,youden,2,lockout_2yr,youden_2yr,10,0.0024658296,0.0024658296,0.00000000000000,true
temporary CSI,insample,latent_raw,mid_cap,youden,2,lockout_2yr,youden_2yr,20,0.0013421663,0.0013421663,0.00000000000000,true
temporary CSI,insample,latent_raw,mid_cap,youden,3,lockout_3yr,youden_3yr,0,0.0019906197,0.0019906197,0.00000000000000,true
temporary CSI,insample,latent_raw,mid_cap,youden,3,lockout_3yr,youden_3yr,5,0.0014308981,0.0014308981,0.00000000000000,true
temporary CSI,insample,latent_raw,mid_cap,youden,3,lockout_3yr,youden_3yr,10,0.0008713688,0.0008713688,0.00000000000000,true
temporary CSI,insample,latent_raw,mid_cap,youden,3,lockout_3yr,youden_3yr,20,-0.0002471133,-0.0002471133,0.00000000000000,true
temporary CSI,insample,latent_raw,mid_cap,youden,5,lockout_5yr,youden_5yr,0,0.0006967875,0.0006967875,0.00000000000000,true
temporary CSI,insample,latent_raw,mid_cap,youden,5,lockout_5yr,youden_5yr,5,0.0001428414,0.0001428414,0.00000000000000,true
temporary CSI,insample,latent_raw,mid_cap,youden,5,lockout_5yr,youden_5yr,10,-0.0004109171,-0.0004109171,0.00000000000000,true
temporary CSI,insample,latent_raw,mid_cap,youden,5,lockout_5yr,youden_5yr,20,-0.0015178711,-0.0015178711,0.00000000000000,true
temporary CSI,insample,latent_raw,small_cap,fpr1,1,lockout_1yr,fpr1_1yr,0,0.0002846952,0.0002846952,0.00000000000000,true
temporary CSI,insample,latent_raw,small_cap,fpr1,1,lockout_1yr,fpr1_1yr,5,-0.0001331623,-0.0001331623,0.00000000000000,true
temporary CSI,insample,latent_raw,small_cap,fpr1,1,lockout_1yr,fpr1_1yr,10,-0.0005509196,-0.0005509196,0.00000000000000,true
temporary CSI,insample,latent_raw,small_cap,fpr1,1,lockout_1yr,fpr1_1yr,20,-0.0013861337,-0.0013861337,0.00000000000000,true
temporary CSI,insample,latent_raw,small_cap,fpr1,2,lockout_2yr,fpr1_2yr,0,0.0009038687,0.0009038687,0.00000000000000,true
temporary CSI,insample,latent_raw,small_cap,fpr1,2,lockout_2yr,fpr1_2yr,5,0.0004855732,0.0004855732,0.00000000000000,true
temporary CSI,insample,latent_raw,small_cap,fpr1,2,lockout_2yr,fpr1_2yr,10,0.0000673781,0.0000673781,0.00000000000000,true
temporary CSI,insample,latent_raw,small_cap,fpr1,2,lockout_2yr,fpr1_2yr,20,-0.0007687112,-0.0007687112,0.00000000000000,true
temporary CSI,insample,latent_raw,small_cap,fpr1,3,lockout_3yr,fpr1_3yr,0,0.0005240145,0.0005240145,0.00000000000000,true
temporary CSI,insample,latent_raw,small_cap,fpr1,3,lockout_3yr,fpr1_3yr,5,0.0001056676,0.0001056676,0.00000000000000,true
temporary CSI,insample,latent_raw,small_cap,fpr1,3,lockout_3yr,fpr1_3yr,10,-0.0003125789,-0.0003125789,0.00000000000000,true
temporary CSI,insample,latent_raw,small_cap,fpr1,3,lockout_3yr,fpr1_3yr,20,-0.0011487707,-0.0011487707,0.00000000000000,true
temporary CSI,insample,latent_raw,small_cap,fpr1,5,lockout_5yr,fpr1_5yr,0,0.0002725642,0.0002725642,0.00000000000000,true
temporary CSI,insample,latent_raw,small_cap,fpr1,5,lockout_5yr,fpr1_5yr,5,-0.0001444164,-0.0001444164,0.00000000000000,true
temporary CSI,insample,latent_raw,small_cap,fpr1,5,lockout_5yr,fpr1_5yr,10,-0.0005612973,-0.0005612973,0.00000000000000,true
temporary CSI,insample,latent_raw,small_cap,fpr1,5,lockout_5yr,fpr1_5yr,20,-0.0013947603,-0.0013947603,0.00000000000000,true
temporary CSI,insample,latent_raw,small_cap,fpr3,1,lockout_1yr,fpr3_1yr,0,0.0000036929,0.0000036929,0.00000000000000,true
temporary CSI,insample,latent_raw,small_cap,fpr3,1,lockout_1yr,fpr3_1yr,5,-0.0004171378,-0.0004171378,0.00000000000000,true
temporary CSI,insample,latent_raw,small_cap,fpr3,1,lockout_1yr,fpr3_1yr,10,-0.0008378667,-0.0008378667,0.00000000000000,true
temporary CSI,insample,latent_raw,small_cap,fpr3,1,lockout_1yr,fpr3_1yr,20,-0.0016790186,-0.0016790186,0.00000000000000,true
temporary CSI,insample,latent_raw,small_cap,fpr3,2,lockout_2yr,fpr3_2yr,0,0.0008811233,0.0008811233,0.00000000000000,true
temporary CSI,insample,latent_raw,small_cap,fpr3,2,lockout_2yr,fpr3_2yr,5,0.0004604896,0.0004604896,0.00000000000000,true
temporary CSI,insample,latent_raw,small_cap,fpr3,2,lockout_2yr,fpr3_2yr,10,0.0000399577,0.0000399577,0.00000000000000,true
temporary CSI,insample,latent_raw,small_cap,fpr3,2,lockout_2yr,fpr3_2yr,20,-0.0008008012,-0.0008008012,0.00000000000000,true
temporary CSI,insample,latent_raw,small_cap,fpr3,3,lockout_3yr,fpr3_3yr,0,0.0006435994,0.0006435994,0.00000000000000,true
temporary CSI,insample,latent_raw,small_cap,fpr3,3,lockout_3yr,fpr3_3yr,5,0.0002234087,0.0002234087,0.00000000000000,true
temporary CSI,insample,latent_raw,small_cap,fpr3,3,lockout_3yr,fpr3_3yr,10,-0.0001966805,-0.0001966805,0.00000000000000,true
temporary CSI,insample,latent_raw,small_cap,fpr3,3,lockout_3yr,fpr3_3yr,20,-0.0010365548,-0.0010365548,0.00000000000000,true
temporary CSI,insample,latent_raw,small_cap,fpr3,5,lockout_5yr,fpr3_5yr,0,0.0003699704,0.0003699704,0.00000000000000,true
temporary CSI,insample,latent_raw,small_cap,fpr3,5,lockout_5yr,fpr3_5yr,5,-0.0000505072,-0.0000505072,0.00000000000000,true
temporary CSI,insample,latent_raw,small_cap,fpr3,5,lockout_5yr,fpr3_5yr,10,-0.0004708833,-0.0004708833,0.00000000000000,true
temporary CSI,insample,latent_raw,small_cap,fpr3,5,lockout_5yr,fpr3_5yr,20,-0.0013113313,-0.0013113313,0.00000000000000,true
temporary CSI,insample,latent_raw,small_cap,fpr5,1,lockout_1yr,fpr5_1yr,0,0.0002036934,0.0002036934,0.00000000000000,true
temporary CSI,insample,latent_raw,small_cap,fpr5,1,lockout_1yr,fpr5_1yr,5,-0.0002202438,-0.0002202438,0.00000000000000,true
temporary CSI,insample,latent_raw,small_cap,fpr5,1,lockout_1yr,fpr5_1yr,10,-0.0006440774,-0.0006440774,0.00000000000000,true
temporary CSI,insample,latent_raw,small_cap,fpr5,1,lockout_1yr,fpr5_1yr,20,-0.0014914336,-0.0014914336,0.00000000000000,true
temporary CSI,insample,latent_raw,small_cap,fpr5,2,lockout_2yr,fpr5_2yr,0,0.0010891931,0.0010891931,0.00000000000000,true
temporary CSI,insample,latent_raw,small_cap,fpr5,2,lockout_2yr,fpr5_2yr,5,0.0006671386,0.0006671386,0.00000000000000,true
temporary CSI,insample,latent_raw,small_cap,fpr5,2,lockout_2yr,fpr5_2yr,10,0.0002451865,0.0002451865,0.00000000000000,true
temporary CSI,insample,latent_raw,small_cap,fpr5,2,lockout_2yr,fpr5_2yr,20,-0.0005984106,-0.0005984106,0.00000000000000,true
temporary CSI,insample,latent_raw,small_cap,fpr5,3,lockout_3yr,fpr5_3yr,0,0.0006351236,0.0006351236,0.00000000000000,true
temporary CSI,insample,latent_raw,small_cap,fpr5,3,lockout_3yr,fpr5_3yr,5,0.0002140876,0.0002140876,0.00000000000000,true
temporary CSI,insample,latent_raw,small_cap,fpr5,3,lockout_3yr,fpr5_3yr,10,-0.0002068467,-0.0002068467,0.00000000000000,true
temporary CSI,insample,latent_raw,small_cap,fpr5,3,lockout_3yr,fpr5_3yr,20,-0.0010484097,-0.0010484097,0.00000000000000,true
temporary CSI,insample,latent_raw,small_cap,fpr5,5,lockout_5yr,fpr5_5yr,0,0.0011472470,0.0011472470,0.00000000000000,true
temporary CSI,insample,latent_raw,small_cap,fpr5,5,lockout_5yr,fpr5_5yr,5,0.0007256375,0.0007256375,0.00000000000000,true
temporary CSI,insample,latent_raw,small_cap,fpr5,5,lockout_5yr,fpr5_5yr,10,0.0003041299,0.0003041299,0.00000000000000,true
temporary CSI,insample,latent_raw,small_cap,fpr5,5,lockout_5yr,fpr5_5yr,20,-0.0005385795,-0.0005385795,0.00000000000000,true
temporary CSI,insample,latent_raw,small_cap,youden,1,lockout_1yr,youden_1yr,0,0.0032437150,0.0032437150,0.00000000000000,true
temporary CSI,insample,latent_raw,small_cap,youden,1,lockout_1yr,youden_1yr,5,0.0027725053,0.0027725053,0.00000000000000,true
temporary CSI,insample,latent_raw,small_cap,youden,1,lockout_1yr,youden_1yr,10,0.0023014222,0.0023014222,0.00000000000000,true
temporary CSI,insample,latent_raw,small_cap,youden,1,lockout_1yr,youden_1yr,20,0.0013596357,0.0013596357,0.00000000000000,true
temporary CSI,insample,latent_raw,small_cap,youden,2,lockout_2yr,youden_2yr,0,0.0039989132,0.0039989132,0.00000000000000,true
temporary CSI,insample,latent_raw,small_cap,youden,2,lockout_2yr,youden_2yr,5,0.0035421111,0.0035421111,0.00000000000000,true
temporary CSI,insample,latent_raw,small_cap,youden,2,lockout_2yr,youden_2yr,10,0.0030854281,0.0030854281,0.00000000000000,true
temporary CSI,insample,latent_raw,small_cap,youden,2,lockout_2yr,youden_2yr,20,0.0021724194,0.0021724194,0.00000000000000,true
temporary CSI,insample,latent_raw,small_cap,youden,3,lockout_3yr,youden_3yr,0,0.0031157714,0.0031157714,0.00000000000000,true
temporary CSI,insample,latent_raw,small_cap,youden,3,lockout_3yr,youden_3yr,5,0.0026650907,0.0026650907,0.00000000000000,true
temporary CSI,insample,latent_raw,small_cap,youden,3,lockout_3yr,youden_3yr,10,0.0022145264,0.0022145264,0.00000000000000,true
temporary CSI,insample,latent_raw,small_cap,youden,3,lockout_3yr,youden_3yr,20,0.0013137472,0.0013137472,0.00000000000000,true
temporary CSI,insample,latent_raw,small_cap,youden,5,lockout_5yr,youden_5yr,0,0.0015830583,0.0015830583,0.00000000000000,true
temporary CSI,insample,latent_raw,small_cap,youden,5,lockout_5yr,youden_5yr,5,0.0011360130,0.0011360130,0.00000000000000,true
temporary CSI,insample,latent_raw,small_cap,youden,5,lockout_5yr,youden_5yr,10,0.0006890822,0.0006890822,0.00000000000000,true
temporary CSI,insample,latent_raw,small_cap,youden,5,lockout_5yr,youden_5yr,20,-0.0002044367,-0.0002044367,0.00000000000000,true
temporary CSI,insample,latent_raw,total_market,fpr1,1,lockout_1yr,fpr1_1yr,0,0.0001000796,0.0001000796,0.00000000000000,true
temporary CSI,insample,latent_raw,total_market,fpr1,1,lockout_1yr,fpr1_1yr,5,0.0000114985,0.0000114985,0.00000000000000,true
temporary CSI,insample,latent_raw,total_market,fpr1,1,lockout_1yr,fpr1_1yr,10,-0.0000770980,-0.0000770980,0.00000000000000,true
temporary CSI,insample,latent_raw,total_market,fpr1,1,lockout_1yr,fpr1_1yr,20,-0.0002543375,-0.0002543375,0.00000000000000,true
temporary CSI,insample,latent_raw,total_market,fpr1,2,lockout_2yr,fpr1_2yr,0,0.0002526238,0.0002526238,0.00000000000000,true
temporary CSI,insample,latent_raw,total_market,fpr1,2,lockout_2yr,fpr1_2yr,5,0.0001642232,0.0001642232,0.00000000000000,true
temporary CSI,insample,latent_raw,total_market,fpr1,2,lockout_2yr,fpr1_2yr,10,0.0000758072,0.0000758072,0.00000000000000,true
temporary CSI,insample,latent_raw,total_market,fpr1,2,lockout_2yr,fpr1_2yr,20,-0.0001010713,-0.0001010713,0.00000000000000,true
temporary CSI,insample,latent_raw,total_market,fpr1,3,lockout_3yr,fpr1_3yr,0,0.0002009762,0.0002009762,0.00000000000000,true
temporary CSI,insample,latent_raw,total_market,fpr1,3,lockout_3yr,fpr1_3yr,5,0.0001126068,0.0001126068,0.00000000000000,true
temporary CSI,insample,latent_raw,total_market,fpr1,3,lockout_3yr,fpr1_3yr,10,0.0000242220,0.0000242220,0.00000000000000,true
temporary CSI,insample,latent_raw,total_market,fpr1,3,lockout_3yr,fpr1_3yr,20,-0.0001525942,-0.0001525942,0.00000000000000,true
temporary CSI,insample,latent_raw,total_market,fpr1,5,lockout_5yr,fpr1_5yr,0,0.0001054169,0.0001054169,0.00000000000000,true
temporary CSI,insample,latent_raw,total_market,fpr1,5,lockout_5yr,fpr1_5yr,5,0.0000171771,0.0000171771,0.00000000000000,true
temporary CSI,insample,latent_raw,total_market,fpr1,5,lockout_5yr,fpr1_5yr,10,-0.0000710781,-0.0000710781,0.00000000000000,true
temporary CSI,insample,latent_raw,total_market,fpr1,5,lockout_5yr,fpr1_5yr,20,-0.0002476351,-0.0002476351,0.00000000000000,true
temporary CSI,insample,latent_raw,total_market,fpr3,1,lockout_1yr,fpr3_1yr,0,-0.0000495697,-0.0000495697,0.00000000000000,true
temporary CSI,insample,latent_raw,total_market,fpr3,1,lockout_1yr,fpr3_1yr,5,-0.0001391693,-0.0001391693,0.00000000000000,true
temporary CSI,insample,latent_raw,total_market,fpr3,1,lockout_1yr,fpr3_1yr,10,-0.0002287841,-0.0002287841,0.00000000000000,true
temporary CSI,insample,latent_raw,total_market,fpr3,1,lockout_1yr,fpr3_1yr,20,-0.0004080598,-0.0004080598,0.00000000000000,true
temporary CSI,insample,latent_raw,total_market,fpr3,2,lockout_2yr,fpr3_2yr,0,0.0001539915,0.0001539915,0.00000000000000,true
temporary CSI,insample,latent_raw,total_market,fpr3,2,lockout_2yr,fpr3_2yr,5,0.0000647475,0.0000647475,0.00000000000000,true
temporary CSI,insample,latent_raw,total_market,fpr3,2,lockout_2yr,fpr3_2yr,10,-0.0000245118,-0.0000245118,0.00000000000000,true
temporary CSI,insample,latent_raw,total_market,fpr3,2,lockout_2yr,fpr3_2yr,20,-0.0002030766,-0.0002030766,0.00000000000000,true
temporary CSI,insample,latent_raw,total_market,fpr3,3,lockout_3yr,fpr3_3yr,0,0.0002362127,0.0002362127,0.00000000000000,true
temporary CSI,insample,latent_raw,total_market,fpr3,3,lockout_3yr,fpr3_3yr,5,0.0001472441,0.0001472441,0.00000000000000,true
temporary CSI,insample,latent_raw,total_market,fpr3,3,lockout_3yr,fpr3_3yr,10,0.0000582601,0.0000582601,0.00000000000000,true
temporary CSI,insample,latent_raw,total_market,fpr3,3,lockout_3yr,fpr3_3yr,20,-0.0001197543,-0.0001197543,0.00000000000000,true
temporary CSI,insample,latent_raw,total_market,fpr3,5,lockout_5yr,fpr3_5yr,0,0.0001228924,0.0001228924,0.00000000000000,true
temporary CSI,insample,latent_raw,total_market,fpr3,5,lockout_5yr,fpr3_5yr,5,0.0000341262,0.0000341262,0.00000000000000,true
temporary CSI,insample,latent_raw,total_market,fpr3,5,lockout_5yr,fpr3_5yr,10,-0.0000546555,-0.0000546555,0.00000000000000,true
temporary CSI,insample,latent_raw,total_market,fpr3,5,lockout_5yr,fpr3_5yr,20,-0.0002322652,-0.0002322652,0.00000000000000,true
temporary CSI,insample,latent_raw,total_market,fpr5,1,lockout_1yr,fpr5_1yr,0,-0.0000530286,-0.0000530286,0.00000000000000,true
temporary CSI,insample,latent_raw,total_market,fpr5,1,lockout_1yr,fpr5_1yr,5,-0.0001435783,-0.0001435783,0.00000000000000,true
temporary CSI,insample,latent_raw,total_market,fpr5,1,lockout_1yr,fpr5_1yr,10,-0.0002341432,-0.0002341432,0.00000000000000,true
temporary CSI,insample,latent_raw,total_market,fpr5,1,lockout_1yr,fpr5_1yr,20,-0.0004153187,-0.0004153187,0.00000000000000,true
temporary CSI,insample,latent_raw,total_market,fpr5,2,lockout_2yr,fpr5_2yr,0,-0.0000187693,-0.0000187693,0.00000000000000,true
temporary CSI,insample,latent_raw,total_market,fpr5,2,lockout_2yr,fpr5_2yr,5,-0.0001087811,-0.0001087811,0.00000000000000,true
temporary CSI,insample,latent_raw,total_market,fpr5,2,lockout_2yr,fpr5_2yr,10,-0.0001988081,-0.0001988081,0.00000000000000,true
temporary CSI,insample,latent_raw,total_market,fpr5,2,lockout_2yr,fpr5_2yr,20,-0.0003789080,-0.0003789080,0.00000000000000,true
temporary CSI,insample,latent_raw,total_market,fpr5,3,lockout_3yr,fpr5_3yr,0,0.0000816709,0.0000816709,0.00000000000000,true
temporary CSI,insample,latent_raw,total_market,fpr5,3,lockout_3yr,fpr5_3yr,5,-0.0000078828,-0.0000078828,0.00000000000000,true
temporary CSI,insample,latent_raw,total_market,fpr5,3,lockout_3yr,fpr5_3yr,10,-0.0000974519,-0.0000974519,0.00000000000000,true
temporary CSI,insample,latent_raw,total_market,fpr5,3,lockout_3yr,fpr5_3yr,20,-0.0002766360,-0.0002766360,0.00000000000000,true
temporary CSI,insample,latent_raw,total_market,fpr5,5,lockout_5yr,fpr5_5yr,0,0.0001290150,0.0001290150,0.00000000000000,true
temporary CSI,insample,latent_raw,total_market,fpr5,5,lockout_5yr,fpr5_5yr,5,0.0000398071,0.0000398071,0.00000000000000,true
temporary CSI,insample,latent_raw,total_market,fpr5,5,lockout_5yr,fpr5_5yr,10,-0.0000494162,-0.0000494162,0.00000000000000,true
temporary CSI,insample,latent_raw,total_market,fpr5,5,lockout_5yr,fpr5_5yr,20,-0.0002279090,-0.0002279090,0.00000000000000,true
temporary CSI,insample,latent_raw,total_market,youden,1,lockout_1yr,youden_1yr,0,0.0000802655,0.0000802655,0.00000000000000,true
temporary CSI,insample,latent_raw,total_market,youden,1,lockout_1yr,youden_1yr,5,-0.0000344690,-0.0000344690,0.00000000000000,true
temporary CSI,insample,latent_raw,total_market,youden,1,lockout_1yr,youden_1yr,10,-0.0001492159,-0.0001492159,0.00000000000000,true
temporary CSI,insample,latent_raw,total_market,youden,1,lockout_1yr,youden_1yr,20,-0.0003787467,-0.0003787467,0.00000000000000,true
temporary CSI,insample,latent_raw,total_market,youden,2,lockout_2yr,youden_2yr,0,-0.0005336493,-0.0005336493,0.00000000000000,true
temporary CSI,insample,latent_raw,total_market,youden,2,lockout_2yr,youden_2yr,5,-0.0006433010,-0.0006433010,0.00000000000000,true
temporary CSI,insample,latent_raw,total_market,youden,2,lockout_2yr,youden_2yr,10,-0.0007529658,-0.0007529658,0.00000000000000,true
temporary CSI,insample,latent_raw,total_market,youden,2,lockout_2yr,youden_2yr,20,-0.0009723345,-0.0009723345,0.00000000000000,true
temporary CSI,insample,latent_raw,total_market,youden,3,lockout_3yr,youden_3yr,0,-0.0005809106,-0.0005809106,0.00000000000000,true
temporary CSI,insample,latent_raw,total_market,youden,3,lockout_3yr,youden_3yr,5,-0.0006869480,-0.0006869480,0.00000000000000,true
temporary CSI,insample,latent_raw,total_market,youden,3,lockout_3yr,youden_3yr,10,-0.0007929988,-0.0007929988,0.00000000000000,true
temporary CSI,insample,latent_raw,total_market,youden,3,lockout_3yr,youden_3yr,20,-0.0010051407,-0.0010051407,0.00000000000000,true
temporary CSI,insample,latent_raw,total_market,youden,5,lockout_5yr,youden_5yr,0,-0.0008265980,-0.0008265980,0.00000000000000,true
temporary CSI,insample,latent_raw,total_market,youden,5,lockout_5yr,youden_5yr,5,-0.0009297848,-0.0009297848,0.00000000000000,true
temporary CSI,insample,latent_raw,total_market,youden,5,lockout_5yr,youden_5yr,10,-0.0010329854,-0.0010329854,0.00000000000000,true
temporary CSI,insample,latent_raw,total_market,youden,5,lockout_5yr,youden_5yr,20,-0.0012394280,-0.0012394280,0.00000000000000,true
temporary CSI,oos,latent_raw,large_cap,fpr1,1,lockout_1yr,fpr1_1yr,0,-0.0001295820,-0.0001295820,0.00000000000000,true
temporary CSI,oos,latent_raw,large_cap,fpr1,1,lockout_1yr,fpr1_1yr,5,-0.0001991257,-0.0001991257,0.00000000000000,true
temporary CSI,oos,latent_raw,large_cap,fpr1,1,lockout_1yr,fpr1_1yr,10,-0.0002686664,-0.0002686664,0.00000000000000,true
temporary CSI,oos,latent_raw,large_cap,fpr1,1,lockout_1yr,fpr1_1yr,20,-0.0004077389,-0.0004077389,0.00000000000000,true
temporary CSI,oos,latent_raw,large_cap,fpr1,2,lockout_2yr,fpr1_2yr,0,0.0002886315,0.0002886315,0.00000000000000,true
temporary CSI,oos,latent_raw,large_cap,fpr1,2,lockout_2yr,fpr1_2yr,5,0.0002200460,0.0002200460,0.00000000000000,true
temporary CSI,oos,latent_raw,large_cap,fpr1,2,lockout_2yr,fpr1_2yr,10,0.0001514634,0.0001514634,0.00000000000000,true
temporary CSI,oos,latent_raw,large_cap,fpr1,2,lockout_2yr,fpr1_2yr,20,0.0000143070,0.0000143070,0.00000000000000,true
temporary CSI,oos,latent_raw,large_cap,fpr1,3,lockout_3yr,fpr1_3yr,0,0.0005358324,0.0005358324,0.00000000000000,true
temporary CSI,oos,latent_raw,large_cap,fpr1,3,lockout_3yr,fpr1_3yr,5,0.0004675941,0.0004675941,0.00000000000000,true
temporary CSI,oos,latent_raw,large_cap,fpr1,3,lockout_3yr,fpr1_3yr,10,0.0003993588,0.0003993588,0.00000000000000,true
temporary CSI,oos,latent_raw,large_cap,fpr1,3,lockout_3yr,fpr1_3yr,20,0.0002628968,0.0002628968,0.00000000000000,true
temporary CSI,oos,latent_raw,large_cap,fpr1,5,lockout_5yr,fpr1_5yr,0,0.0004979909,0.0004979909,0.00000000000000,true
temporary CSI,oos,latent_raw,large_cap,fpr1,5,lockout_5yr,fpr1_5yr,5,0.0004300478,0.0004300478,0.00000000000000,true
temporary CSI,oos,latent_raw,large_cap,fpr1,5,lockout_5yr,fpr1_5yr,10,0.0003621076,0.0003621076,0.00000000000000,true
temporary CSI,oos,latent_raw,large_cap,fpr1,5,lockout_5yr,fpr1_5yr,20,0.0002262357,0.0002262357,0.00000000000000,true
temporary CSI,oos,latent_raw,large_cap,fpr3,1,lockout_1yr,fpr3_1yr,0,0.0000210026,0.0000210026,0.00000000000000,true
temporary CSI,oos,latent_raw,large_cap,fpr3,1,lockout_1yr,fpr3_1yr,5,-0.0000480805,-0.0000480805,0.00000000000000,true
temporary CSI,oos,latent_raw,large_cap,fpr3,1,lockout_1yr,fpr3_1yr,10,-0.0001171606,-0.0001171606,0.00000000000000,true
temporary CSI,oos,latent_raw,large_cap,fpr3,1,lockout_1yr,fpr3_1yr,20,-0.0002553119,-0.0002553119,0.00000000000000,true
temporary CSI,oos,latent_raw,large_cap,fpr3,2,lockout_2yr,fpr3_2yr,0,0.0005289200,0.0005289200,0.00000000000000,true
temporary CSI,oos,latent_raw,large_cap,fpr3,2,lockout_2yr,fpr3_2yr,5,0.0004605881,0.0004605881,0.00000000000000,true
temporary CSI,oos,latent_raw,large_cap,fpr3,2,lockout_2yr,fpr3_2yr,10,0.0003922592,0.0003922592,0.00000000000000,true
temporary CSI,oos,latent_raw,large_cap,fpr3,2,lockout_2yr,fpr3_2yr,20,0.0002556099,0.0002556099,0.00000000000000,true
temporary CSI,oos,latent_raw,large_cap,fpr3,3,lockout_3yr,fpr3_3yr,0,0.0007615658,0.0007615658,0.00000000000000,true
temporary CSI,oos,latent_raw,large_cap,fpr3,3,lockout_3yr,fpr3_3yr,5,0.0006938820,0.0006938820,0.00000000000000,true
temporary CSI,oos,latent_raw,large_cap,fpr3,3,lockout_3yr,fpr3_3yr,10,0.0006262012,0.0006262012,0.00000000000000,true
temporary CSI,oos,latent_raw,large_cap,fpr3,3,lockout_3yr,fpr3_3yr,20,0.0004908482,0.0004908482,0.00000000000000,true
temporary CSI,oos,latent_raw,large_cap,fpr3,5,lockout_5yr,fpr3_5yr,0,0.0008874817,0.0008874817,0.00000000000000,true
temporary CSI,oos,latent_raw,large_cap,fpr3,5,lockout_5yr,fpr3_5yr,5,0.0008210122,0.0008210122,0.00000000000000,true
temporary CSI,oos,latent_raw,large_cap,fpr3,5,lockout_5yr,fpr3_5yr,10,0.0007545454,0.0007545454,0.00000000000000,true
temporary CSI,oos,latent_raw,large_cap,fpr3,5,lockout_5yr,fpr3_5yr,20,0.0006216202,0.0006216202,0.00000000000000,true
temporary CSI,oos,latent_raw,large_cap,fpr5,1,lockout_1yr,fpr5_1yr,0,-0.0000320069,-0.0000320069,0.00000000000000,true
temporary CSI,oos,latent_raw,large_cap,fpr5,1,lockout_1yr,fpr5_1yr,5,-0.0001011879,-0.0001011879,0.00000000000000,true
temporary CSI,oos,latent_raw,large_cap,fpr5,1,lockout_1yr,fpr5_1yr,10,-0.0001703660,-0.0001703660,0.00000000000000,true
temporary CSI,oos,latent_raw,large_cap,fpr5,1,lockout_1yr,fpr5_1yr,20,-0.0003087131,-0.0003087131,0.00000000000000,true
temporary CSI,oos,latent_raw,large_cap,fpr5,2,lockout_2yr,fpr5_2yr,0,0.0005050438,0.0005050438,0.00000000000000,true
temporary CSI,oos,latent_raw,large_cap,fpr5,2,lockout_2yr,fpr5_2yr,5,0.0004371980,0.0004371980,0.00000000000000,true
temporary CSI,oos,latent_raw,large_cap,fpr5,2,lockout_2yr,fpr5_2yr,10,0.0003693551,0.0003693551,0.00000000000000,true
temporary CSI,oos,latent_raw,large_cap,fpr5,2,lockout_2yr,fpr5_2yr,20,0.0002336778,0.0002336778,0.00000000000000,true
temporary CSI,oos,latent_raw,large_cap,fpr5,3,lockout_3yr,fpr5_3yr,0,0.0010409282,0.0010409282,0.00000000000000,true
temporary CSI,oos,latent_raw,large_cap,fpr5,3,lockout_3yr,fpr5_3yr,5,0.0009740742,0.0009740742,0.00000000000000,true
temporary CSI,oos,latent_raw,large_cap,fpr5,3,lockout_3yr,fpr5_3yr,10,0.0009072229,0.0009072229,0.00000000000000,true
temporary CSI,oos,latent_raw,large_cap,fpr5,3,lockout_3yr,fpr5_3yr,20,0.0007735290,0.0007735290,0.00000000000000,true
temporary CSI,oos,latent_raw,large_cap,fpr5,5,lockout_5yr,fpr5_5yr,0,0.0012628575,0.0012628575,0.00000000000000,true
temporary CSI,oos,latent_raw,large_cap,fpr5,5,lockout_5yr,fpr5_5yr,5,0.0011979395,0.0011979395,0.00000000000000,true
temporary CSI,oos,latent_raw,large_cap,fpr5,5,lockout_5yr,fpr5_5yr,10,0.0011330242,0.0011330242,0.00000000000000,true
temporary CSI,oos,latent_raw,large_cap,fpr5,5,lockout_5yr,fpr5_5yr,20,0.0010032016,0.0010032016,0.00000000000000,true
temporary CSI,oos,latent_raw,large_cap,youden,1,lockout_1yr,youden_1yr,0,-0.0047910144,-0.0047910144,0.00000000000000,true
temporary CSI,oos,latent_raw,large_cap,youden,1,lockout_1yr,youden_1yr,5,-0.0048911449,-0.0048911449,0.00000000000000,true
temporary CSI,oos,latent_raw,large_cap,youden,1,lockout_1yr,youden_1yr,10,-0.0049912699,-0.0049912699,0.00000000000000,true
temporary CSI,oos,latent_raw,large_cap,youden,1,lockout_1yr,youden_1yr,20,-0.0051915040,-0.0051915040,0.00000000000000,true
temporary CSI,oos,latent_raw,large_cap,youden,2,lockout_2yr,youden_2yr,0,-0.0104586563,-0.0104586563,0.00000000000000,true
temporary CSI,oos,latent_raw,large_cap,youden,2,lockout_2yr,youden_2yr,5,-0.0105400687,-0.0105400687,0.00000000000000,true
temporary CSI,oos,latent_raw,large_cap,youden,2,lockout_2yr,youden_2yr,10,-0.0106214774,-0.0106214774,0.00000000000000,true
temporary CSI,oos,latent_raw,large_cap,youden,2,lockout_2yr,youden_2yr,20,-0.0107842837,-0.0107842837,0.00000000000000,true
temporary CSI,oos,latent_raw,large_cap,youden,3,lockout_3yr,youden_3yr,0,-0.0041584555,-0.0041584555,0.00000000000000,true
temporary CSI,oos,latent_raw,large_cap,youden,3,lockout_3yr,youden_3yr,5,-0.0042376655,-0.0042376655,0.00000000000000,true
temporary CSI,oos,latent_raw,large_cap,youden,3,lockout_3yr,youden_3yr,10,-0.0043168719,-0.0043168719,0.00000000000000,true
temporary CSI,oos,latent_raw,large_cap,youden,3,lockout_3yr,youden_3yr,20,-0.0044752737,-0.0044752737,0.00000000000000,true
temporary CSI,oos,latent_raw,large_cap,youden,5,lockout_5yr,youden_5yr,0,-0.0066015926,-0.0066015926,0.00000000000000,true
temporary CSI,oos,latent_raw,large_cap,youden,5,lockout_5yr,youden_5yr,5,-0.0066728214,-0.0066728214,0.00000000000000,true
temporary CSI,oos,latent_raw,large_cap,youden,5,lockout_5yr,youden_5yr,10,-0.0067440471,-0.0067440471,0.00000000000000,true
temporary CSI,oos,latent_raw,large_cap,youden,5,lockout_5yr,youden_5yr,20,-0.0068864896,-0.0068864896,0.00000000000000,true
temporary CSI,oos,latent_raw,mid_cap,fpr1,1,lockout_1yr,fpr1_1yr,0,0.0001464531,0.0001464531,0.00000000000000,true
temporary CSI,oos,latent_raw,mid_cap,fpr1,1,lockout_1yr,fpr1_1yr,5,-0.0004295515,-0.0004295515,0.00000000000000,true
temporary CSI,oos,latent_raw,mid_cap,fpr1,1,lockout_1yr,fpr1_1yr,10,-0.0010053346,-0.0010053346,0.00000000000000,true
temporary CSI,oos,latent_raw,mid_cap,fpr1,1,lockout_1yr,fpr1_1yr,20,-0.0021562367,-0.0021562367,0.00000000000000,true
temporary CSI,oos,latent_raw,mid_cap,fpr1,2,lockout_2yr,fpr1_2yr,0,0.0008336669,0.0008336669,0.00000000000000,true
temporary CSI,oos,latent_raw,mid_cap,fpr1,2,lockout_2yr,fpr1_2yr,5,0.0002580493,0.0002580493,-0.00000000000000,true
temporary CSI,oos,latent_raw,mid_cap,fpr1,2,lockout_2yr,fpr1_2yr,10,-0.0003173473,-0.0003173473,0.00000000000000,true
temporary CSI,oos,latent_raw,mid_cap,fpr1,2,lockout_2yr,fpr1_2yr,20,-0.0014674780,-0.0014674780,0.00000000000000,true
temporary CSI,oos,latent_raw,mid_cap,fpr1,3,lockout_3yr,fpr1_3yr,0,0.0015859875,0.0015859875,0.00000000000000,true
temporary CSI,oos,latent_raw,mid_cap,fpr1,3,lockout_3yr,fpr1_3yr,5,0.0010109488,0.0010109488,0.00000000000000,true
temporary CSI,oos,latent_raw,mid_cap,fpr1,3,lockout_3yr,fpr1_3yr,10,0.0004361304,0.0004361304,0.00000000000000,true
temporary CSI,oos,latent_raw,mid_cap,fpr1,3,lockout_3yr,fpr1_3yr,20,-0.0007128456,-0.0007128456,0.00000000000000,true
temporary CSI,oos,latent_raw,mid_cap,fpr1,5,lockout_5yr,fpr1_5yr,0,0.0021586287,0.0021586287,0.00000000000000,true
temporary CSI,oos,latent_raw,mid_cap,fpr1,5,lockout_5yr,fpr1_5yr,5,0.0015829359,0.0015829359,0.00000000000000,true
temporary CSI,oos,latent_raw,mid_cap,fpr1,5,lockout_5yr,fpr1_5yr,10,0.0010074638,0.0010074638,0.00000000000000,true
temporary CSI,oos,latent_raw,mid_cap,fpr1,5,lockout_5yr,fpr1_5yr,20,-0.0001428186,-0.0001428186,0.00000000000000,true
temporary CSI,oos,latent_raw,mid_cap,fpr3,1,lockout_1yr,fpr3_1yr,0,0.0006590986,0.0006590986,0.00000000000000,true
temporary CSI,oos,latent_raw,mid_cap,fpr3,1,lockout_1yr,fpr3_1yr,5,0.0000820591,0.0000820591,0.00000000000000,true
temporary CSI,oos,latent_raw,mid_cap,fpr3,1,lockout_1yr,fpr3_1yr,10,-0.0004947582,-0.0004947582,0.00000000000000,true
temporary CSI,oos,latent_raw,mid_cap,fpr3,1,lockout_1yr,fpr3_1yr,20,-0.0016477262,-0.0016477262,0.00000000000000,true
temporary CSI,oos,latent_raw,mid_cap,fpr3,2,lockout_2yr,fpr3_2yr,0,0.0007874755,0.0007874755,0.00000000000000,true
temporary CSI,oos,latent_raw,mid_cap,fpr3,2,lockout_2yr,fpr3_2yr,5,0.0002143463,0.0002143463,0.00000000000000,true
temporary CSI,oos,latent_raw,mid_cap,fpr3,2,lockout_2yr,fpr3_2yr,10,-0.0003585636,-0.0003585636,0.00000000000000,true
temporary CSI,oos,latent_raw,mid_cap,fpr3,2,lockout_2yr,fpr3_2yr,20,-0.0015037257,-0.0015037257,0.00000000000000,true
temporary CSI,oos,latent_raw,mid_cap,fpr3,3,lockout_3yr,fpr3_3yr,0,0.0009155260,0.0009155260,0.00000000000000,true
temporary CSI,oos,latent_raw,mid_cap,fpr3,3,lockout_3yr,fpr3_3yr,5,0.0003430192,0.0003430192,0.00000000000000,true
temporary CSI,oos,latent_raw,mid_cap,fpr3,3,lockout_3yr,fpr3_3yr,10,-0.0002292689,-0.0002292689,0.00000000000000,true
temporary CSI,oos,latent_raw,mid_cap,fpr3,3,lockout_3yr,fpr3_3yr,20,-0.0013731889,-0.0013731889,0.00000000000000,true
temporary CSI,oos,latent_raw,mid_cap,fpr3,5,lockout_5yr,fpr3_5yr,0,0.0001378584,0.0001378584,0.00000000000000,true
temporary CSI,oos,latent_raw,mid_cap,fpr3,5,lockout_5yr,fpr3_5yr,5,-0.0004310668,-0.0004310668,0.00000000000000,true
temporary CSI,oos,latent_raw,mid_cap,fpr3,5,lockout_5yr,fpr3_5yr,10,-0.0009997759,-0.0009997759,0.00000000000000,true
temporary CSI,oos,latent_raw,mid_cap,fpr3,5,lockout_5yr,fpr3_5yr,20,-0.0021365460,-0.0021365460,0.00000000000000,true
temporary CSI,oos,latent_raw,mid_cap,fpr5,1,lockout_1yr,fpr5_1yr,0,-0.0001973313,-0.0001973313,0.00000000000000,true
temporary CSI,oos,latent_raw,mid_cap,fpr5,1,lockout_1yr,fpr5_1yr,5,-0.0007743494,-0.0007743494,0.00000000000000,true
temporary CSI,oos,latent_raw,mid_cap,fpr5,1,lockout_1yr,fpr5_1yr,10,-0.0013511452,-0.0013511452,0.00000000000000,true
temporary CSI,oos,latent_raw,mid_cap,fpr5,1,lockout_1yr,fpr5_1yr,20,-0.0025040698,-0.0025040698,0.00000000000000,true
temporary CSI,oos,latent_raw,mid_cap,fpr5,2,lockout_2yr,fpr5_2yr,0,-0.0002430414,-0.0002430414,0.00000000000000,true
temporary CSI,oos,latent_raw,mid_cap,fpr5,2,lockout_2yr,fpr5_2yr,5,-0.0008139382,-0.0008139382,0.00000000000000,true
temporary CSI,oos,latent_raw,mid_cap,fpr5,2,lockout_2yr,fpr5_2yr,10,-0.0013846170,-0.0013846170,0.00000000000000,true
temporary CSI,oos,latent_raw,mid_cap,fpr5,2,lockout_2yr,fpr5_2yr,20,-0.0025253214,-0.0025253214,0.00000000000000,true
temporary CSI,oos,latent_raw,mid_cap,fpr5,3,lockout_3yr,fpr5_3yr,0,0.0011590502,0.0011590502,0.00000000000000,true
temporary CSI,oos,latent_raw,mid_cap,fpr5,3,lockout_3yr,fpr5_3yr,5,0.0005897639,0.0005897639,0.00000000000000,true
temporary CSI,oos,latent_raw,mid_cap,fpr5,3,lockout_3yr,fpr5_3yr,10,0.0000206940,0.0000206940,0.00000000000000,true
temporary CSI,oos,latent_raw,mid_cap,fpr5,3,lockout_3yr,fpr5_3yr,20,-0.0011167970,-0.0011167970,0.00000000000000,true
temporary CSI,oos,latent_raw,mid_cap,fpr5,5,lockout_5yr,fpr5_5yr,0,0.0005019019,0.0005019019,0.00000000000000,true
temporary CSI,oos,latent_raw,mid_cap,fpr5,5,lockout_5yr,fpr5_5yr,5,-0.0000624592,-0.0000624592,0.00000000000000,true
temporary CSI,oos,latent_raw,mid_cap,fpr5,5,lockout_5yr,fpr5_5yr,10,-0.0006266078,-0.0006266078,0.00000000000000,true
temporary CSI,oos,latent_raw,mid_cap,fpr5,5,lockout_5yr,fpr5_5yr,20,-0.0017542676,-0.0017542676,0.00000000000000,true
temporary CSI,oos,latent_raw,mid_cap,youden,1,lockout_1yr,youden_1yr,0,-0.0005221960,-0.0005221960,0.00000000000000,true
temporary CSI,oos,latent_raw,mid_cap,youden,1,lockout_1yr,youden_1yr,5,-0.0011468188,-0.0011468188,0.00000000000000,true
temporary CSI,oos,latent_raw,mid_cap,youden,1,lockout_1yr,youden_1yr,10,-0.0017711839,-0.0017711839,0.00000000000000,true
temporary CSI,oos,latent_raw,mid_cap,youden,1,lockout_1yr,youden_1yr,20,-0.0030191409,-0.0030191409,0.00000000000000,true
temporary CSI,oos,latent_raw,mid_cap,youden,2,lockout_2yr,youden_2yr,0,-0.0041395426,-0.0041395426,0.00000000000000,true
temporary CSI,oos,latent_raw,mid_cap,youden,2,lockout_2yr,youden_2yr,5,-0.0047172922,-0.0047172922,0.00000000000000,true
temporary CSI,oos,latent_raw,mid_cap,youden,2,lockout_2yr,youden_2yr,10,-0.0052948193,-0.0052948193,0.00000000000000,true
temporary CSI,oos,latent_raw,mid_cap,youden,2,lockout_2yr,youden_2yr,20,-0.0064492062,-0.0064492062,0.00000000000000,true
temporary CSI,oos,latent_raw,mid_cap,youden,3,lockout_3yr,youden_3yr,0,-0.0027026273,-0.0027026273,0.00000000000000,true
temporary CSI,oos,latent_raw,mid_cap,youden,3,lockout_3yr,youden_3yr,5,-0.0032739634,-0.0032739634,0.00000000000000,true
temporary CSI,oos,latent_raw,mid_cap,youden,3,lockout_3yr,youden_3yr,10,-0.0038450829,-0.0038450829,0.00000000000000,true
temporary CSI,oos,latent_raw,mid_cap,youden,3,lockout_3yr,youden_3yr,20,-0.0049866721,-0.0049866721,0.00000000000000,true
temporary CSI,oos,latent_raw,mid_cap,youden,5,lockout_5yr,youden_5yr,0,-0.0039388635,-0.0039388635,0.00000000000000,true
temporary CSI,oos,latent_raw,mid_cap,youden,5,lockout_5yr,youden_5yr,5,-0.0044990609,-0.0044990609,0.00000000000000,true
temporary CSI,oos,latent_raw,mid_cap,youden,5,lockout_5yr,youden_5yr,10,-0.0050590501,-0.0050590501,0.00000000000000,true
temporary CSI,oos,latent_raw,mid_cap,youden,5,lockout_5yr,youden_5yr,20,-0.0061784042,-0.0061784042,0.00000000000000,true
temporary CSI,oos,latent_raw,small_cap,fpr1,1,lockout_1yr,fpr1_1yr,0,-0.0006822292,-0.0006822292,0.00000000000000,true
temporary CSI,oos,latent_raw,small_cap,fpr1,1,lockout_1yr,fpr1_1yr,5,-0.0010868570,-0.0010868570,0.00000000000000,true
temporary CSI,oos,latent_raw,small_cap,fpr1,1,lockout_1yr,fpr1_1yr,10,-0.0014913743,-0.0014913743,0.00000000000000,true
temporary CSI,oos,latent_raw,small_cap,fpr1,1,lockout_1yr,fpr1_1yr,20,-0.0023000773,-0.0023000773,0.00000000000000,true
temporary CSI,oos,latent_raw,small_cap,fpr1,2,lockout_2yr,fpr1_2yr,0,-0.0003919747,-0.0003919747,0.00000000000000,true
temporary CSI,oos,latent_raw,small_cap,fpr1,2,lockout_2yr,fpr1_2yr,5,-0.0007961042,-0.0007961042,0.00000000000000,true
temporary CSI,oos,latent_raw,small_cap,fpr1,2,lockout_2yr,fpr1_2yr,10,-0.0012001235,-0.0012001235,0.00000000000000,true
temporary CSI,oos,latent_raw,small_cap,fpr1,2,lockout_2yr,fpr1_2yr,20,-0.0020078317,-0.0020078317,0.00000000000000,true
temporary CSI,oos,latent_raw,small_cap,fpr1,3,lockout_3yr,fpr1_3yr,0,0.0000401225,0.0000401225,0.00000000000000,true
temporary CSI,oos,latent_raw,small_cap,fpr1,3,lockout_3yr,fpr1_3yr,5,-0.0003623208,-0.0003623208,0.00000000000000,true
temporary CSI,oos,latent_raw,small_cap,fpr1,3,lockout_3yr,fpr1_3yr,10,-0.0007646548,-0.0007646548,0.00000000000000,true
temporary CSI,oos,latent_raw,small_cap,fpr1,3,lockout_3yr,fpr1_3yr,20,-0.0015689955,-0.0015689955,0.00000000000000,true
temporary CSI,oos,latent_raw,small_cap,fpr1,5,lockout_5yr,fpr1_5yr,0,0.0010610881,0.0010610881,0.00000000000000,true
temporary CSI,oos,latent_raw,small_cap,fpr1,5,lockout_5yr,fpr1_5yr,5,0.0006599384,0.0006599384,0.00000000000000,true
temporary CSI,oos,latent_raw,small_cap,fpr1,5,lockout_5yr,fpr1_5yr,10,0.0002588972,0.0002588972,0.00000000000000,true
temporary CSI,oos,latent_raw,small_cap,fpr1,5,lockout_5yr,fpr1_5yr,20,-0.0005428604,-0.0005428604,0.00000000000000,true
temporary CSI,oos,latent_raw,small_cap,fpr3,1,lockout_1yr,fpr3_1yr,0,-0.0021182137,-0.0021182137,0.00000000000000,true
temporary CSI,oos,latent_raw,small_cap,fpr3,1,lockout_1yr,fpr3_1yr,5,-0.0025243508,-0.0025243508,0.00000000000000,true
temporary CSI,oos,latent_raw,small_cap,fpr3,1,lockout_1yr,fpr3_1yr,10,-0.0029303762,-0.0029303762,0.00000000000000,true
temporary CSI,oos,latent_raw,small_cap,fpr3,1,lockout_1yr,fpr3_1yr,20,-0.0037420924,-0.0037420924,0.00000000000000,true
temporary CSI,oos,latent_raw,small_cap,fpr3,2,lockout_2yr,fpr3_2yr,0,-0.0013015685,-0.0013015685,0.00000000000000,true
temporary CSI,oos,latent_raw,small_cap,fpr3,2,lockout_2yr,fpr3_2yr,5,-0.0017079202,-0.0017079202,0.00000000000000,true
temporary CSI,oos,latent_raw,small_cap,fpr3,2,lockout_2yr,fpr3_2yr,10,-0.0021141606,-0.0021141606,0.00000000000000,true
temporary CSI,oos,latent_raw,small_cap,fpr3,2,lockout_2yr,fpr3_2yr,20,-0.0029263070,-0.0029263070,0.00000000000000,true
temporary CSI,oos,latent_raw,small_cap,fpr3,3,lockout_3yr,fpr3_3yr,0,-0.0002578210,-0.0002578210,0.00000000000000,true
temporary CSI,oos,latent_raw,small_cap,fpr3,3,lockout_3yr,fpr3_3yr,5,-0.0006629385,-0.0006629385,0.00000000000000,true
temporary CSI,oos,latent_raw,small_cap,fpr3,3,lockout_3yr,fpr3_3yr,10,-0.0010679455,-0.0010679455,0.00000000000000,true
temporary CSI,oos,latent_raw,small_cap,fpr3,3,lockout_3yr,fpr3_3yr,20,-0.0018776278,-0.0018776278,0.00000000000000,true
temporary CSI,oos,latent_raw,small_cap,fpr3,5,lockout_5yr,fpr3_5yr,0,0.0015920349,0.0015920349,0.00000000000000,true
temporary CSI,oos,latent_raw,small_cap,fpr3,5,lockout_5yr,fpr3_5yr,5,0.0011901571,0.0011901571,0.00000000000000,true
temporary CSI,oos,latent_raw,small_cap,fpr3,5,lockout_5yr,fpr3_5yr,10,0.0007883877,0.0007883877,0.00000000000000,true
temporary CSI,oos,latent_raw,small_cap,fpr3,5,lockout_5yr,fpr3_5yr,20,-0.0000148254,-0.0000148254,0.00000000000000,true
temporary CSI,oos,latent_raw,small_cap,fpr5,1,lockout_1yr,fpr5_1yr,0,-0.0038581055,-0.0038581055,0.00000000000000,true
temporary CSI,oos,latent_raw,small_cap,fpr5,1,lockout_1yr,fpr5_1yr,5,-0.0042660500,-0.0042660500,0.00000000000000,true
temporary CSI,oos,latent_raw,small_cap,fpr5,1,lockout_1yr,fpr5_1yr,10,-0.0046738816,-0.0046738816,0.00000000000000,true
temporary CSI,oos,latent_raw,small_cap,fpr5,1,lockout_1yr,fpr5_1yr,20,-0.0054892066,-0.0054892066,0.00000000000000,true
temporary CSI,oos,latent_raw,small_cap,fpr5,2,lockout_2yr,fpr5_2yr,0,-0.0029252452,-0.0029252452,0.00000000000000,true
temporary CSI,oos,latent_raw,small_cap,fpr5,2,lockout_2yr,fpr5_2yr,5,-0.0033324583,-0.0033324583,0.00000000000000,true
temporary CSI,oos,latent_raw,small_cap,fpr5,2,lockout_2yr,fpr5_2yr,10,-0.0037395592,-0.0037395592,0.00000000000000,true
temporary CSI,oos,latent_raw,small_cap,fpr5,2,lockout_2yr,fpr5_2yr,20,-0.0045534249,-0.0045534249,0.00000000000000,true
temporary CSI,oos,latent_raw,small_cap,fpr5,3,lockout_3yr,fpr5_3yr,0,-0.0026825299,-0.0026825299,0.00000000000000,true
temporary CSI,oos,latent_raw,small_cap,fpr5,3,lockout_3yr,fpr5_3yr,5,-0.0030863923,-0.0030863923,0.00000000000000,true
temporary CSI,oos,latent_raw,small_cap,fpr5,3,lockout_3yr,fpr5_3yr,10,-0.0034901444,-0.0034901444,0.00000000000000,true
temporary CSI,oos,latent_raw,small_cap,fpr5,3,lockout_3yr,fpr5_3yr,20,-0.0042973181,-0.0042973181,0.00000000000000,true
temporary CSI,oos,latent_raw,small_cap,fpr5,5,lockout_5yr,fpr5_5yr,0,-0.0009314049,-0.0009314049,0.00000000000000,true
temporary CSI,oos,latent_raw,small_cap,fpr5,5,lockout_5yr,fpr5_5yr,5,-0.0013297426,-0.0013297426,0.00000000000000,true
temporary CSI,oos,latent_raw,small_cap,fpr5,5,lockout_5yr,fpr5_5yr,10,-0.0017279733,-0.0017279733,0.00000000000000,true
temporary CSI,oos,latent_raw,small_cap,fpr5,5,lockout_5yr,fpr5_5yr,20,-0.0025241139,-0.0025241139,0.00000000000000,true
temporary CSI,oos,latent_raw,small_cap,youden,1,lockout_1yr,youden_1yr,0,0.0035086535,0.0035086535,0.00000000000000,true
temporary CSI,oos,latent_raw,small_cap,youden,1,lockout_1yr,youden_1yr,5,0.0030089929,0.0030089929,0.00000000000000,true
temporary CSI,oos,latent_raw,small_cap,youden,1,lockout_1yr,youden_1yr,10,0.0025094945,0.0025094945,0.00000000000000,true
temporary CSI,oos,latent_raw,small_cap,youden,1,lockout_1yr,youden_1yr,20,0.0015109841,0.0015109841,0.00000000000000,true
temporary CSI,oos,latent_raw,small_cap,youden,2,lockout_2yr,youden_2yr,0,0.0013741219,0.0013741219,0.00000000000000,true
temporary CSI,oos,latent_raw,small_cap,youden,2,lockout_2yr,youden_2yr,5,0.0009027255,0.0009027255,0.00000000000000,true
temporary CSI,oos,latent_raw,small_cap,youden,2,lockout_2yr,youden_2yr,10,0.0004314755,0.0004314755,0.00000000000000,true
temporary CSI,oos,latent_raw,small_cap,youden,2,lockout_2yr,youden_2yr,20,-0.0005105854,-0.0005105854,0.00000000000000,true
temporary CSI,oos,latent_raw,small_cap,youden,3,lockout_3yr,youden_3yr,0,0.0014632270,0.0014632270,0.00000000000000,true
temporary CSI,oos,latent_raw,small_cap,youden,3,lockout_3yr,youden_3yr,5,0.0009866741,0.0009866741,0.00000000000000,true
temporary CSI,oos,latent_raw,small_cap,youden,3,lockout_3yr,youden_3yr,10,0.0005102708,0.0005102708,0.00000000000000,true
temporary CSI,oos,latent_raw,small_cap,youden,3,lockout_3yr,youden_3yr,20,-0.0004420871,-0.0004420871,0.00000000000000,true
temporary CSI,oos,latent_raw,small_cap,youden,5,lockout_5yr,youden_5yr,0,-0.0005857489,-0.0005857489,0.00000000000000,true
temporary CSI,oos,latent_raw,small_cap,youden,5,lockout_5yr,youden_5yr,5,-0.0010510401,-0.0010510401,0.00000000000000,true
temporary CSI,oos,latent_raw,small_cap,youden,5,lockout_5yr,youden_5yr,10,-0.0015161880,-0.0015161880,0.00000000000000,true
temporary CSI,oos,latent_raw,small_cap,youden,5,lockout_5yr,youden_5yr,20,-0.0024460543,-0.0024460543,0.00000000000000,true
temporary CSI,oos,latent_raw,total_market,fpr1,1,lockout_1yr,fpr1_1yr,0,-0.0001890865,-0.0001890865,0.00000000000000,true
temporary CSI,oos,latent_raw,total_market,fpr1,1,lockout_1yr,fpr1_1yr,5,-0.0002280204,-0.0002280204,0.00000000000000,true
temporary CSI,oos,latent_raw,total_market,fpr1,1,lockout_1yr,fpr1_1yr,10,-0.0002669534,-0.0002669534,0.00000000000000,true
temporary CSI,oos,latent_raw,total_market,fpr1,1,lockout_1yr,fpr1_1yr,20,-0.0003448165,-0.0003448165,0.00000000000000,true
temporary CSI,oos,latent_raw,total_market,fpr1,2,lockout_2yr,fpr1_2yr,0,0.0002471395,0.0002471395,0.00000000000000,true
temporary CSI,oos,latent_raw,total_market,fpr1,2,lockout_2yr,fpr1_2yr,5,0.0002087126,0.0002087126,0.00000000000000,true
temporary CSI,oos,latent_raw,total_market,fpr1,2,lockout_2yr,fpr1_2yr,10,0.0001702866,0.0001702866,0.00000000000000,true
temporary CSI,oos,latent_raw,total_market,fpr1,2,lockout_2yr,fpr1_2yr,20,0.0000934374,0.0000934374,0.00000000000000,true
temporary CSI,oos,latent_raw,total_market,fpr1,3,lockout_3yr,fpr1_3yr,0,0.0005482845,0.0005482845,0.00000000000000,true
temporary CSI,oos,latent_raw,total_market,fpr1,3,lockout_3yr,fpr1_3yr,5,0.0005103246,0.0005103246,0.00000000000000,true
temporary CSI,oos,latent_raw,total_market,fpr1,3,lockout_3yr,fpr1_3yr,10,0.0004723656,0.0004723656,0.00000000000000,true
temporary CSI,oos,latent_raw,total_market,fpr1,3,lockout_3yr,fpr1_3yr,20,0.0003964503,0.0003964503,0.00000000000000,true
temporary CSI,oos,latent_raw,total_market,fpr1,5,lockout_5yr,fpr1_5yr,0,0.0006716195,0.0006716195,0.00000000000000,true
temporary CSI,oos,latent_raw,total_market,fpr1,5,lockout_5yr,fpr1_5yr,5,0.0006341814,0.0006341814,0.00000000000000,true
temporary CSI,oos,latent_raw,total_market,fpr1,5,lockout_5yr,fpr1_5yr,10,0.0005967441,0.0005967441,0.00000000000000,true
temporary CSI,oos,latent_raw,total_market,fpr1,5,lockout_5yr,fpr1_5yr,20,0.0005218723,0.0005218723,0.00000000000000,true
temporary CSI,oos,latent_raw,total_market,fpr3,1,lockout_1yr,fpr3_1yr,0,-0.0002656039,-0.0002656039,0.00000000000000,true
temporary CSI,oos,latent_raw,total_market,fpr3,1,lockout_1yr,fpr3_1yr,5,-0.0003058662,-0.0003058662,0.00000000000000,true
temporary CSI,oos,latent_raw,total_market,fpr3,1,lockout_1yr,fpr3_1yr,10,-0.0003461275,-0.0003461275,0.00000000000000,true
temporary CSI,oos,latent_raw,total_market,fpr3,1,lockout_1yr,fpr3_1yr,20,-0.0004266470,-0.0004266470,0.00000000000000,true
temporary CSI,oos,latent_raw,total_market,fpr3,2,lockout_2yr,fpr3_2yr,0,0.0003794332,0.0003794332,0.00000000000000,true
temporary CSI,oos,latent_raw,total_market,fpr3,2,lockout_2yr,fpr3_2yr,5,0.0003400125,0.0003400125,0.00000000000000,true
temporary CSI,oos,latent_raw,total_market,fpr3,2,lockout_2yr,fpr3_2yr,10,0.0003005928,0.0003005928,0.00000000000000,true
temporary CSI,oos,latent_raw,total_market,fpr3,2,lockout_2yr,fpr3_2yr,20,0.0002217563,0.0002217563,0.00000000000000,true
temporary CSI,oos,latent_raw,total_market,fpr3,3,lockout_3yr,fpr3_3yr,0,0.0008345605,0.0008345605,0.00000000000000,true
temporary CSI,oos,latent_raw,total_market,fpr3,3,lockout_3yr,fpr3_3yr,5,0.0007956753,0.0007956753,0.00000000000000,true
temporary CSI,oos,latent_raw,total_market,fpr3,3,lockout_3yr,fpr3_3yr,10,0.0007567911,0.0007567911,0.00000000000000,true
temporary CSI,oos,latent_raw,total_market,fpr3,3,lockout_3yr,fpr3_3yr,20,0.0006790255,0.0006790255,0.00000000000000,true
temporary CSI,oos,latent_raw,total_market,fpr3,5,lockout_5yr,fpr3_5yr,0,0.0013332467,0.0013332467,0.00000000000000,true
temporary CSI,oos,latent_raw,total_market,fpr3,5,lockout_5yr,fpr3_5yr,5,0.0012964406,0.0012964406,0.00000000000000,true
temporary CSI,oos,latent_raw,total_market,fpr3,5,lockout_5yr,fpr3_5yr,10,0.0012596354,0.0012596354,0.00000000000000,true
temporary CSI,oos,latent_raw,total_market,fpr3,5,lockout_5yr,fpr3_5yr,20,0.0011860275,0.0011860275,0.00000000000000,true
temporary CSI,oos,latent_raw,total_market,fpr5,1,lockout_1yr,fpr5_1yr,0,-0.0004850518,-0.0004850518,0.00000000000000,true
temporary CSI,oos,latent_raw,total_market,fpr5,1,lockout_1yr,fpr5_1yr,5,-0.0005267450,-0.0005267450,0.00000000000000,true
temporary CSI,oos,latent_raw,total_market,fpr5,1,lockout_1yr,fpr5_1yr,10,-0.0005684373,-0.0005684373,0.00000000000000,true
temporary CSI,oos,latent_raw,total_market,fpr5,1,lockout_1yr,fpr5_1yr,20,-0.0006518186,-0.0006518186,0.00000000000000,true
temporary CSI,oos,latent_raw,total_market,fpr5,2,lockout_2yr,fpr5_2yr,0,0.0002385455,0.0002385455,0.00000000000000,true
temporary CSI,oos,latent_raw,total_market,fpr5,2,lockout_2yr,fpr5_2yr,5,0.0001981717,0.0001981717,0.00000000000000,true
temporary CSI,oos,latent_raw,total_market,fpr5,2,lockout_2yr,fpr5_2yr,10,0.0001577989,0.0001577989,0.00000000000000,true
temporary CSI,oos,latent_raw,total_market,fpr5,2,lockout_2yr,fpr5_2yr,20,0.0000770562,0.0000770562,0.00000000000000,true
temporary CSI,oos,latent_raw,total_market,fpr5,3,lockout_3yr,fpr5_3yr,0,0.0008512856,0.0008512856,0.00000000000000,true
temporary CSI,oos,latent_raw,total_market,fpr5,3,lockout_3yr,fpr5_3yr,5,0.0008115591,0.0008115591,0.00000000000000,true
temporary CSI,oos,latent_raw,total_market,fpr5,3,lockout_3yr,fpr5_3yr,10,0.0007718337,0.0007718337,0.00000000000000,true
temporary CSI,oos,latent_raw,total_market,fpr5,3,lockout_3yr,fpr5_3yr,20,0.0006923856,0.0006923856,0.00000000000000,true
temporary CSI,oos,latent_raw,total_market,fpr5,5,lockout_5yr,fpr5_5yr,0,0.0015148913,0.0015148913,0.00000000000000,true
temporary CSI,oos,latent_raw,total_market,fpr5,5,lockout_5yr,fpr5_5yr,5,0.0014779110,0.0014779110,0.00000000000000,true
temporary CSI,oos,latent_raw,total_market,fpr5,5,lockout_5yr,fpr5_5yr,10,0.0014409316,0.0014409316,0.00000000000000,true
temporary CSI,oos,latent_raw,total_market,fpr5,5,lockout_5yr,fpr5_5yr,20,0.0013669753,0.0013669753,0.00000000000000,true
temporary CSI,oos,latent_raw,total_market,youden,1,lockout_1yr,youden_1yr,0,-0.0022439177,-0.0022439177,0.00000000000000,true
temporary CSI,oos,latent_raw,total_market,youden,1,lockout_1yr,youden_1yr,5,-0.0023293531,-0.0023293531,0.00000000000000,true
temporary CSI,oos,latent_raw,total_market,youden,1,lockout_1yr,youden_1yr,10,-0.0024147856,-0.0024147856,0.00000000000000,true
temporary CSI,oos,latent_raw,total_market,youden,1,lockout_1yr,youden_1yr,20,-0.0025856420,-0.0025856420,0.00000000000000,true
temporary CSI,oos,latent_raw,total_market,youden,2,lockout_2yr,youden_2yr,0,-0.0070516033,-0.0070516033,0.00000000000000,true
temporary CSI,oos,latent_raw,total_market,youden,2,lockout_2yr,youden_2yr,5,-0.0071191500,-0.0071191500,0.00000000000000,true
temporary CSI,oos,latent_raw,total_market,youden,2,lockout_2yr,youden_2yr,10,-0.0071866949,-0.0071866949,0.00000000000000,true
temporary CSI,oos,latent_raw,total_market,youden,2,lockout_2yr,youden_2yr,20,-0.0073217787,-0.0073217787,0.00000000000000,true
temporary CSI,oos,latent_raw,total_market,youden,3,lockout_3yr,youden_3yr,0,-0.0010740357,-0.0010740357,0.00000000000000,true
temporary CSI,oos,latent_raw,total_market,youden,3,lockout_3yr,youden_3yr,5,-0.0011419492,-0.0011419492,0.00000000000000,true
temporary CSI,oos,latent_raw,total_market,youden,3,lockout_3yr,youden_3yr,10,-0.0012098607,-0.0012098607,0.00000000000000,true
temporary CSI,oos,latent_raw,total_market,youden,3,lockout_3yr,youden_3yr,20,-0.0013456774,-0.0013456774,0.00000000000000,true
temporary CSI,oos,latent_raw,total_market,youden,5,lockout_5yr,youden_5yr,0,-0.0031592326,-0.0031592326,0.00000000000000,true
temporary CSI,oos,latent_raw,total_market,youden,5,lockout_5yr,youden_5yr,5,-0.0032160645,-0.0032160645,0.00000000000000,true
temporary CSI,oos,latent_raw,total_market,youden,5,lockout_5yr,youden_5yr,10,-0.0032728949,-0.0032728949,0.00000000000000,true
temporary CSI,oos,latent_raw,total_market,youden,5,lockout_5yr,youden_5yr,20,-0.0033865512,-0.0033865512,0.00000000000000,true
temporary CSI,test,latent_raw,large_cap,fpr1,1,lockout_1yr,fpr1_1yr,0,0.0000340683,0.0000340683,0.00000000000000,true
temporary CSI,test,latent_raw,large_cap,fpr1,1,lockout_1yr,fpr1_1yr,5,-0.0000286133,-0.0000286133,0.00000000000000,true
temporary CSI,test,latent_raw,large_cap,fpr1,1,lockout_1yr,fpr1_1yr,10,-0.0000912924,-0.0000912924,0.00000000000000,true
temporary CSI,test,latent_raw,large_cap,fpr1,1,lockout_1yr,fpr1_1yr,20,-0.0002166428,-0.0002166428,0.00000000000000,true
temporary CSI,test,latent_raw,large_cap,fpr1,2,lockout_2yr,fpr1_2yr,0,0.0000340683,0.0000340683,0.00000000000000,true
temporary CSI,test,latent_raw,large_cap,fpr1,2,lockout_2yr,fpr1_2yr,5,-0.0000286133,-0.0000286133,0.00000000000000,true
temporary CSI,test,latent_raw,large_cap,fpr1,2,lockout_2yr,fpr1_2yr,10,-0.0000912924,-0.0000912924,0.00000000000000,true
temporary CSI,test,latent_raw,large_cap,fpr1,2,lockout_2yr,fpr1_2yr,20,-0.0002166428,-0.0002166428,0.00000000000000,true
temporary CSI,test,latent_raw,large_cap,fpr1,3,lockout_3yr,fpr1_3yr,0,0.0000340683,0.0000340683,0.00000000000000,true
temporary CSI,test,latent_raw,large_cap,fpr1,3,lockout_3yr,fpr1_3yr,5,-0.0000286133,-0.0000286133,0.00000000000000,true
temporary CSI,test,latent_raw,large_cap,fpr1,3,lockout_3yr,fpr1_3yr,10,-0.0000912924,-0.0000912924,0.00000000000000,true
temporary CSI,test,latent_raw,large_cap,fpr1,3,lockout_3yr,fpr1_3yr,20,-0.0002166428,-0.0002166428,0.00000000000000,true
temporary CSI,test,latent_raw,large_cap,fpr1,5,lockout_5yr,fpr1_5yr,0,0.0000340683,0.0000340683,0.00000000000000,true
temporary CSI,test,latent_raw,large_cap,fpr1,5,lockout_5yr,fpr1_5yr,5,-0.0000287833,-0.0000287833,0.00000000000000,true
temporary CSI,test,latent_raw,large_cap,fpr1,5,lockout_5yr,fpr1_5yr,10,-0.0000916324,-0.0000916324,0.00000000000000,true
temporary CSI,test,latent_raw,large_cap,fpr1,5,lockout_5yr,fpr1_5yr,20,-0.0002173228,-0.0002173228,0.00000000000000,true
temporary CSI,test,latent_raw,large_cap,fpr3,1,lockout_1yr,fpr3_1yr,0,-0.0000043498,-0.0000043498,0.00000000000000,true
temporary CSI,test,latent_raw,large_cap,fpr3,1,lockout_1yr,fpr3_1yr,5,-0.0000667828,-0.0000667828,0.00000000000000,true
temporary CSI,test,latent_raw,large_cap,fpr3,1,lockout_1yr,fpr3_1yr,10,-0.0001292133,-0.0001292133,0.00000000000000,true
temporary CSI,test,latent_raw,large_cap,fpr3,1,lockout_1yr,fpr3_1yr,20,-0.0002540667,-0.0002540667,0.00000000000000,true
temporary CSI,test,latent_raw,large_cap,fpr3,2,lockout_2yr,fpr3_2yr,0,-0.0000136475,-0.0000136475,0.00000000000000,true
temporary CSI,test,latent_raw,large_cap,fpr3,2,lockout_2yr,fpr3_2yr,5,-0.0000760735,-0.0000760735,0.00000000000000,true
temporary CSI,test,latent_raw,large_cap,fpr3,2,lockout_2yr,fpr3_2yr,10,-0.0001384969,-0.0001384969,0.00000000000000,true
temporary CSI,test,latent_raw,large_cap,fpr3,2,lockout_2yr,fpr3_2yr,20,-0.0002633361,-0.0002633361,0.00000000000000,true
temporary CSI,test,latent_raw,large_cap,fpr3,3,lockout_3yr,fpr3_3yr,0,0.0000125394,0.0000125394,0.00000000000000,true
temporary CSI,test,latent_raw,large_cap,fpr3,3,lockout_3yr,fpr3_3yr,5,-0.0000498148,-0.0000498148,0.00000000000000,true
temporary CSI,test,latent_raw,large_cap,fpr3,3,lockout_3yr,fpr3_3yr,10,-0.0001121664,-0.0001121664,0.00000000000000,true
temporary CSI,test,latent_raw,large_cap,fpr3,3,lockout_3yr,fpr3_3yr,20,-0.0002368621,-0.0002368621,0.00000000000000,true
temporary CSI,test,latent_raw,large_cap,fpr3,5,lockout_5yr,fpr3_5yr,0,0.0001134171,0.0001134171,0.00000000000000,true
temporary CSI,test,latent_raw,large_cap,fpr3,5,lockout_5yr,fpr3_5yr,5,0.0000507912,0.0000507912,-0.00000000000000,true
temporary CSI,test,latent_raw,large_cap,fpr3,5,lockout_5yr,fpr3_5yr,10,-0.0000118320,-0.0000118320,0.00000000000000,true
temporary CSI,test,latent_raw,large_cap,fpr3,5,lockout_5yr,fpr3_5yr,20,-0.0001370710,-0.0001370710,0.00000000000000,true
temporary CSI,test,latent_raw,large_cap,fpr5,1,lockout_1yr,fpr5_1yr,0,-0.0000043498,-0.0000043498,0.00000000000000,true
temporary CSI,test,latent_raw,large_cap,fpr5,1,lockout_1yr,fpr5_1yr,5,-0.0000667828,-0.0000667828,0.00000000000000,true
temporary CSI,test,latent_raw,large_cap,fpr5,1,lockout_1yr,fpr5_1yr,10,-0.0001292133,-0.0001292133,0.00000000000000,true
temporary CSI,test,latent_raw,large_cap,fpr5,1,lockout_1yr,fpr5_1yr,20,-0.0002540667,-0.0002540667,0.00000000000000,true
temporary CSI,test,latent_raw,large_cap,fpr5,2,lockout_2yr,fpr5_2yr,0,0.0000463114,0.0000463114,0.00000000000000,true
temporary CSI,test,latent_raw,large_cap,fpr5,2,lockout_2yr,fpr5_2yr,5,-0.0000159829,-0.0000159829,0.00000000000000,true
temporary CSI,test,latent_raw,large_cap,fpr5,2,lockout_2yr,fpr5_2yr,10,-0.0000782746,-0.0000782746,0.00000000000000,true
temporary CSI,test,latent_raw,large_cap,fpr5,2,lockout_2yr,fpr5_2yr,20,-0.0002028505,-0.0002028505,0.00000000000000,true
temporary CSI,test,latent_raw,large_cap,fpr5,3,lockout_3yr,fpr5_3yr,0,0.0001151755,0.0001151755,0.00000000000000,true
temporary CSI,test,latent_raw,large_cap,fpr5,3,lockout_3yr,fpr5_3yr,5,0.0000530082,0.0000530082,0.00000000000000,true
temporary CSI,test,latent_raw,large_cap,fpr5,3,lockout_3yr,fpr5_3yr,10,-0.0000091566,-0.0000091566,0.00000000000000,true
temporary CSI,test,latent_raw,large_cap,fpr5,3,lockout_3yr,fpr5_3yr,20,-0.0001334787,-0.0001334787,0.00000000000000,true
temporary CSI,test,latent_raw,large_cap,fpr5,5,lockout_5yr,fpr5_5yr,0,0.0001861669,0.0001861669,0.00000000000000,true
temporary CSI,test,latent_raw,large_cap,fpr5,5,lockout_5yr,fpr5_5yr,5,0.0001237606,0.0001237606,0.00000000000000,true
temporary CSI,test,latent_raw,large_cap,fpr5,5,lockout_5yr,fpr5_5yr,10,0.0000613568,0.0000613568,0.00000000000000,true
temporary CSI,test,latent_raw,large_cap,fpr5,5,lockout_5yr,fpr5_5yr,20,-0.0000634430,-0.0000634430,0.00000000000000,true
temporary CSI,test,latent_raw,large_cap,youden,1,lockout_1yr,youden_1yr,0,0.0004835861,0.0004835861,0.00000000000000,true
temporary CSI,test,latent_raw,large_cap,youden,1,lockout_1yr,youden_1yr,5,0.0004110110,0.0004110110,0.00000000000000,true
temporary CSI,test,latent_raw,large_cap,youden,1,lockout_1yr,youden_1yr,10,0.0003384392,0.0003384392,0.00000000000000,true
temporary CSI,test,latent_raw,large_cap,youden,1,lockout_1yr,youden_1yr,20,0.0001933054,0.0001933054,0.00000000000000,true
temporary CSI,test,latent_raw,large_cap,youden,2,lockout_2yr,youden_2yr,0,0.0015959439,0.0015959439,0.00000000000000,true
temporary CSI,test,latent_raw,large_cap,youden,2,lockout_2yr,youden_2yr,5,0.0015299234,0.0015299234,0.00000000000000,true
temporary CSI,test,latent_raw,large_cap,youden,2,lockout_2yr,youden_2yr,10,0.0014639057,0.0014639057,0.00000000000000,true
temporary CSI,test,latent_raw,large_cap,youden,2,lockout_2yr,youden_2yr,20,0.0013318785,0.0013318785,0.00000000000000,true
temporary CSI,test,latent_raw,large_cap,youden,3,lockout_3yr,youden_3yr,0,0.0021705982,0.0021705982,0.00000000000000,true
temporary CSI,test,latent_raw,large_cap,youden,3,lockout_3yr,youden_3yr,5,0.0021059008,0.0021059008,0.00000000000000,true
temporary CSI,test,latent_raw,large_cap,youden,3,lockout_3yr,youden_3yr,10,0.0020412061,0.0020412061,0.00000000000000,true
temporary CSI,test,latent_raw,large_cap,youden,3,lockout_3yr,youden_3yr,20,0.0019118247,0.0019118247,0.00000000000000,true
temporary CSI,test,latent_raw,large_cap,youden,5,lockout_5yr,youden_5yr,0,0.0023393543,0.0023393543,0.00000000000000,true
temporary CSI,test,latent_raw,large_cap,youden,5,lockout_5yr,youden_5yr,5,0.0022723079,0.0022723079,0.00000000000000,true
temporary CSI,test,latent_raw,large_cap,youden,5,lockout_5yr,youden_5yr,10,0.0022052643,0.0022052643,0.00000000000000,true
temporary CSI,test,latent_raw,large_cap,youden,5,lockout_5yr,youden_5yr,20,0.0020711854,0.0020711854,0.00000000000000,true
temporary CSI,test,latent_raw,mid_cap,fpr1,1,lockout_1yr,fpr1_1yr,0,0.0002053057,0.0002053057,0.00000000000000,true
temporary CSI,test,latent_raw,mid_cap,fpr1,1,lockout_1yr,fpr1_1yr,5,-0.0002594815,-0.0002594815,0.00000000000000,true
temporary CSI,test,latent_raw,mid_cap,fpr1,1,lockout_1yr,fpr1_1yr,10,-0.0007241273,-0.0007241273,0.00000000000000,true
temporary CSI,test,latent_raw,mid_cap,fpr1,1,lockout_1yr,fpr1_1yr,20,-0.0016529954,-0.0016529954,0.00000000000000,true
temporary CSI,test,latent_raw,mid_cap,fpr1,2,lockout_2yr,fpr1_2yr,0,0.0002053057,0.0002053057,0.00000000000000,true
temporary CSI,test,latent_raw,mid_cap,fpr1,2,lockout_2yr,fpr1_2yr,5,-0.0002594815,-0.0002594815,0.00000000000000,true
temporary CSI,test,latent_raw,mid_cap,fpr1,2,lockout_2yr,fpr1_2yr,10,-0.0007241273,-0.0007241273,0.00000000000000,true
temporary CSI,test,latent_raw,mid_cap,fpr1,2,lockout_2yr,fpr1_2yr,20,-0.0016529954,-0.0016529954,0.00000000000000,true
temporary CSI,test,latent_raw,mid_cap,fpr1,3,lockout_3yr,fpr1_3yr,0,0.0002053057,0.0002053057,0.00000000000000,true
temporary CSI,test,latent_raw,mid_cap,fpr1,3,lockout_3yr,fpr1_3yr,5,-0.0002594815,-0.0002594815,0.00000000000000,true
temporary CSI,test,latent_raw,mid_cap,fpr1,3,lockout_3yr,fpr1_3yr,10,-0.0007241273,-0.0007241273,0.00000000000000,true
temporary CSI,test,latent_raw,mid_cap,fpr1,3,lockout_3yr,fpr1_3yr,20,-0.0016529954,-0.0016529954,0.00000000000000,true
temporary CSI,test,latent_raw,mid_cap,fpr1,5,lockout_5yr,fpr1_5yr,0,0.0002053057,0.0002053057,0.00000000000000,true
temporary CSI,test,latent_raw,mid_cap,fpr1,5,lockout_5yr,fpr1_5yr,5,-0.0002594815,-0.0002594815,0.00000000000000,true
temporary CSI,test,latent_raw,mid_cap,fpr1,5,lockout_5yr,fpr1_5yr,10,-0.0007241273,-0.0007241273,0.00000000000000,true
temporary CSI,test,latent_raw,mid_cap,fpr1,5,lockout_5yr,fpr1_5yr,20,-0.0016529954,-0.0016529954,0.00000000000000,true
temporary CSI,test,latent_raw,mid_cap,fpr3,1,lockout_1yr,fpr3_1yr,0,-0.0000461329,-0.0000461329,0.00000000000000,true
temporary CSI,test,latent_raw,mid_cap,fpr3,1,lockout_1yr,fpr3_1yr,5,-0.0005103211,-0.0005103211,0.00000000000000,true
temporary CSI,test,latent_raw,mid_cap,fpr3,1,lockout_1yr,fpr3_1yr,10,-0.0009743684,-0.0009743684,0.00000000000000,true
temporary CSI,test,latent_raw,mid_cap,fpr3,1,lockout_1yr,fpr3_1yr,20,-0.0019020402,-0.0019020402,0.00000000000000,true
temporary CSI,test,latent_raw,mid_cap,fpr3,2,lockout_2yr,fpr3_2yr,0,-0.0000971186,-0.0000971186,0.00000000000000,true
temporary CSI,test,latent_raw,mid_cap,fpr3,2,lockout_2yr,fpr3_2yr,5,-0.0005610843,-0.0005610843,0.00000000000000,true
temporary CSI,test,latent_raw,mid_cap,fpr3,2,lockout_2yr,fpr3_2yr,10,-0.0010249091,-0.0010249091,0.00000000000000,true
temporary CSI,test,latent_raw,mid_cap,fpr3,2,lockout_2yr,fpr3_2yr,20,-0.0019521365,-0.0019521365,0.00000000000000,true
temporary CSI,test,latent_raw,mid_cap,fpr3,3,lockout_3yr,fpr3_3yr,0,0.0000548817,0.0000548817,0.00000000000000,true
temporary CSI,test,latent_raw,mid_cap,fpr3,3,lockout_3yr,fpr3_3yr,5,-0.0004087947,-0.0004087947,0.00000000000000,true
temporary CSI,test,latent_raw,mid_cap,fpr3,3,lockout_3yr,fpr3_3yr,10,-0.0008723304,-0.0008723304,0.00000000000000,true
temporary CSI,test,latent_raw,mid_cap,fpr3,3,lockout_3yr,fpr3_3yr,20,-0.0017989803,-0.0017989803,0.00000000000000,true
temporary CSI,test,latent_raw,mid_cap,fpr3,5,lockout_5yr,fpr3_5yr,0,0.0000815587,0.0000815587,0.00000000000000,true
temporary CSI,test,latent_raw,mid_cap,fpr3,5,lockout_5yr,fpr3_5yr,5,-0.0003819833,-0.0003819833,0.00000000000000,true
temporary CSI,test,latent_raw,mid_cap,fpr3,5,lockout_5yr,fpr3_5yr,10,-0.0008453849,-0.0008453849,0.00000000000000,true
temporary CSI,test,latent_raw,mid_cap,fpr3,5,lockout_5yr,fpr3_5yr,20,-0.0017717666,-0.0017717666,0.00000000000000,true
temporary CSI,test,latent_raw,mid_cap,fpr5,1,lockout_1yr,fpr5_1yr,0,-0.0000461329,-0.0000461329,0.00000000000000,true
temporary CSI,test,latent_raw,mid_cap,fpr5,1,lockout_1yr,fpr5_1yr,5,-0.0005103211,-0.0005103211,0.00000000000000,true
temporary CSI,test,latent_raw,mid_cap,fpr5,1,lockout_1yr,fpr5_1yr,10,-0.0009743684,-0.0009743684,0.00000000000000,true
temporary CSI,test,latent_raw,mid_cap,fpr5,1,lockout_1yr,fpr5_1yr,20,-0.0019020402,-0.0019020402,0.00000000000000,true
temporary CSI,test,latent_raw,mid_cap,fpr5,2,lockout_2yr,fpr5_2yr,0,0.0002031322,0.0002031322,0.00000000000000,true
temporary CSI,test,latent_raw,mid_cap,fpr5,2,lockout_2yr,fpr5_2yr,5,-0.0002608757,-0.0002608757,0.00000000000000,true
temporary CSI,test,latent_raw,mid_cap,fpr5,2,lockout_2yr,fpr5_2yr,10,-0.0007247429,-0.0007247429,0.00000000000000,true
temporary CSI,test,latent_raw,mid_cap,fpr5,2,lockout_2yr,fpr5_2yr,20,-0.0016520551,-0.0016520551,0.00000000000000,true
temporary CSI,test,latent_raw,mid_cap,fpr5,3,lockout_3yr,fpr5_3yr,0,0.0006027685,0.0006027685,0.00000000000000,true
temporary CSI,test,latent_raw,mid_cap,fpr5,3,lockout_3yr,fpr5_3yr,5,0.0001391169,0.0001391169,-0.00000000000000,true
temporary CSI,test,latent_raw,mid_cap,fpr5,3,lockout_3yr,fpr5_3yr,10,-0.0003243943,-0.0003243943,0.00000000000000,true
temporary CSI,test,latent_raw,mid_cap,fpr5,3,lockout_3yr,fpr5_3yr,20,-0.0012509953,-0.0012509953,0.00000000000000,true
temporary CSI,test,latent_raw,mid_cap,fpr5,5,lockout_5yr,fpr5_5yr,0,0.0004839238,0.0004839238,0.00000000000000,true
temporary CSI,test,latent_raw,mid_cap,fpr5,5,lockout_5yr,fpr5_5yr,5,0.0000209153,0.0000209153,0.00000000000000,true
temporary CSI,test,latent_raw,mid_cap,fpr5,5,lockout_5yr,fpr5_5yr,10,-0.0004419530,-0.0004419530,0.00000000000000,true
temporary CSI,test,latent_raw,mid_cap,fpr5,5,lockout_5yr,fpr5_5yr,20,-0.0013672695,-0.0013672695,0.00000000000000,true
temporary CSI,test,latent_raw,mid_cap,youden,1,lockout_1yr,youden_1yr,0,0.0001782644,0.0001782644,0.00000000000000,true
temporary CSI,test,latent_raw,mid_cap,youden,1,lockout_1yr,youden_1yr,5,-0.0002967054,-0.0002967054,0.00000000000000,true
temporary CSI,test,latent_raw,mid_cap,youden,1,lockout_1yr,youden_1yr,10,-0.0007715292,-0.0007715292,0.00000000000000,true
temporary CSI,test,latent_raw,mid_cap,youden,1,lockout_1yr,youden_1yr,20,-0.0017207390,-0.0017207390,0.00000000000000,true
temporary CSI,test,latent_raw,mid_cap,youden,2,lockout_2yr,youden_2yr,0,0.0004944242,0.0004944242,0.00000000000000,true
temporary CSI,test,latent_raw,mid_cap,youden,2,lockout_2yr,youden_2yr,5,0.0000347506,0.0000347506,0.00000000000000,true
temporary CSI,test,latent_raw,mid_cap,youden,2,lockout_2yr,youden_2yr,10,-0.0004247856,-0.0004247856,0.00000000000000,true
temporary CSI,test,latent_raw,mid_cap,youden,2,lockout_2yr,youden_2yr,20,-0.0013434457,-0.0013434457,0.00000000000000,true
temporary CSI,test,latent_raw,mid_cap,youden,3,lockout_3yr,youden_3yr,0,0.0014716472,0.0014716472,0.00000000000000,true
temporary CSI,test,latent_raw,mid_cap,youden,3,lockout_3yr,youden_3yr,5,0.0010239063,0.0010239063,0.00000000000000,true
temporary CSI,test,latent_raw,mid_cap,youden,3,lockout_3yr,youden_3yr,10,0.0005762955,0.0005762955,0.00000000000000,true
temporary CSI,test,latent_raw,mid_cap,youden,3,lockout_3yr,youden_3yr,20,-0.0003185359,-0.0003185359,0.00000000000000,true
temporary CSI,test,latent_raw,mid_cap,youden,5,lockout_5yr,youden_5yr,0,0.0006903499,0.0006903499,0.00000000000000,true
temporary CSI,test,latent_raw,mid_cap,youden,5,lockout_5yr,youden_5yr,5,0.0002378799,0.0002378799,0.00000000000000,true
temporary CSI,test,latent_raw,mid_cap,youden,5,lockout_5yr,youden_5yr,10,-0.0002144573,-0.0002144573,0.00000000000000,true
temporary CSI,test,latent_raw,mid_cap,youden,5,lockout_5yr,youden_5yr,20,-0.0011187335,-0.0011187335,0.00000000000000,true
temporary CSI,test,latent_raw,small_cap,fpr1,1,lockout_1yr,fpr1_1yr,0,0.0000631960,0.0000631960,0.00000000000000,true
temporary CSI,test,latent_raw,small_cap,fpr1,1,lockout_1yr,fpr1_1yr,5,-0.0002704088,-0.0002704088,0.00000000000000,true
temporary CSI,test,latent_raw,small_cap,fpr1,1,lockout_1yr,fpr1_1yr,10,-0.0006039391,-0.0006039391,0.00000000000000,true
temporary CSI,test,latent_raw,small_cap,fpr1,1,lockout_1yr,fpr1_1yr,20,-0.0012707764,-0.0012707764,0.00000000000000,true
temporary CSI,test,latent_raw,small_cap,fpr1,2,lockout_2yr,fpr1_2yr,0,0.0000631960,0.0000631960,0.00000000000000,true
temporary CSI,test,latent_raw,small_cap,fpr1,2,lockout_2yr,fpr1_2yr,5,-0.0002705130,-0.0002705130,0.00000000000000,true
temporary CSI,test,latent_raw,small_cap,fpr1,2,lockout_2yr,fpr1_2yr,10,-0.0006041474,-0.0006041474,0.00000000000000,true
temporary CSI,test,latent_raw,small_cap,fpr1,2,lockout_2yr,fpr1_2yr,20,-0.0012711930,-0.0012711930,0.00000000000000,true
temporary CSI,test,latent_raw,small_cap,fpr1,3,lockout_3yr,fpr1_3yr,0,0.0001219914,0.0001219914,-0.00000000000000,true
temporary CSI,test,latent_raw,small_cap,fpr1,3,lockout_3yr,fpr1_3yr,5,-0.0002116155,-0.0002116155,0.00000000000000,true
temporary CSI,test,latent_raw,small_cap,fpr1,3,lockout_3yr,fpr1_3yr,10,-0.0005451480,-0.0005451480,0.00000000000000,true
temporary CSI,test,latent_raw,small_cap,fpr1,3,lockout_3yr,fpr1_3yr,20,-0.0012119896,-0.0012119896,0.00000000000000,true
temporary CSI,test,latent_raw,small_cap,fpr1,5,lockout_5yr,fpr1_5yr,0,0.0001103234,0.0001103234,0.00000000000000,true
temporary CSI,test,latent_raw,small_cap,fpr1,5,lockout_5yr,fpr1_5yr,5,-0.0002234662,-0.0002234662,0.00000000000000,true
temporary CSI,test,latent_raw,small_cap,fpr1,5,lockout_5yr,fpr1_5yr,10,-0.0005571813,-0.0005571813,0.00000000000000,true
temporary CSI,test,latent_raw,small_cap,fpr1,5,lockout_5yr,fpr1_5yr,20,-0.0012243880,-0.0012243880,0.00000000000000,true
temporary CSI,test,latent_raw,small_cap,fpr3,1,lockout_1yr,fpr3_1yr,0,-0.0007139620,-0.0007139620,0.00000000000000,true
temporary CSI,test,latent_raw,small_cap,fpr3,1,lockout_1yr,fpr3_1yr,5,-0.0010464987,-0.0010464987,0.00000000000000,true
temporary CSI,test,latent_raw,small_cap,fpr3,1,lockout_1yr,fpr3_1yr,10,-0.0013789613,-0.0013789613,0.00000000000000,true
temporary CSI,test,latent_raw,small_cap,fpr3,1,lockout_1yr,fpr3_1yr,20,-0.0020436646,-0.0020436646,0.00000000000000,true
temporary CSI,test,latent_raw,small_cap,fpr3,2,lockout_2yr,fpr3_2yr,0,-0.0003661083,-0.0003661083,0.00000000000000,true
temporary CSI,test,latent_raw,small_cap,fpr3,2,lockout_2yr,fpr3_2yr,5,-0.0006979422,-0.0006979422,0.00000000000000,true
temporary CSI,test,latent_raw,small_cap,fpr3,2,lockout_2yr,fpr3_2yr,10,-0.0010297025,-0.0010297025,0.00000000000000,true
temporary CSI,test,latent_raw,small_cap,fpr3,2,lockout_2yr,fpr3_2yr,20,-0.0016930021,-0.0016930021,0.00000000000000,true
temporary CSI,test,latent_raw,small_cap,fpr3,3,lockout_3yr,fpr3_3yr,0,-0.0007044041,-0.0007044041,0.00000000000000,true
temporary CSI,test,latent_raw,small_cap,fpr3,3,lockout_3yr,fpr3_3yr,5,-0.0010360282,-0.0010360282,0.00000000000000,true
temporary CSI,test,latent_raw,small_cap,fpr3,3,lockout_3yr,fpr3_3yr,10,-0.0013675787,-0.0013675787,0.00000000000000,true
temporary CSI,test,latent_raw,small_cap,fpr3,3,lockout_3yr,fpr3_3yr,20,-0.0020304589,-0.0020304589,0.00000000000000,true
temporary CSI,test,latent_raw,small_cap,fpr3,5,lockout_5yr,fpr3_5yr,0,-0.0007199053,-0.0007199053,0.00000000000000,true
temporary CSI,test,latent_raw,small_cap,fpr3,5,lockout_5yr,fpr3_5yr,5,-0.0010503826,-0.0010503826,0.00000000000000,true
temporary CSI,test,latent_raw,small_cap,fpr3,5,lockout_5yr,fpr3_5yr,10,-0.0013807868,-0.0013807868,0.00000000000000,true
temporary CSI,test,latent_raw,small_cap,fpr3,5,lockout_5yr,fpr3_5yr,20,-0.0020413759,-0.0020413759,0.00000000000000,true
temporary CSI,test,latent_raw,small_cap,fpr5,1,lockout_1yr,fpr5_1yr,0,-0.0011374998,-0.0011374998,0.00000000000000,true
temporary CSI,test,latent_raw,small_cap,fpr5,1,lockout_1yr,fpr5_1yr,5,-0.0014718079,-0.0014718079,0.00000000000000,true
temporary CSI,test,latent_raw,small_cap,fpr5,1,lockout_1yr,fpr5_1yr,10,-0.0018060412,-0.0018060412,0.00000000000000,true
temporary CSI,test,latent_raw,small_cap,fpr5,1,lockout_1yr,fpr5_1yr,20,-0.0024742833,-0.0024742833,0.00000000000000,true
temporary CSI,test,latent_raw,small_cap,fpr5,2,lockout_2yr,fpr5_2yr,0,-0.0008578760,-0.0008578760,0.00000000000000,true
temporary CSI,test,latent_raw,small_cap,fpr5,2,lockout_2yr,fpr5_2yr,5,-0.0011901725,-0.0011901725,0.00000000000000,true
temporary CSI,test,latent_raw,small_cap,fpr5,2,lockout_2yr,fpr5_2yr,10,-0.0015223952,-0.0015223952,0.00000000000000,true
temporary CSI,test,latent_raw,small_cap,fpr5,2,lockout_2yr,fpr5_2yr,20,-0.0021866188,-0.0021866188,0.00000000000000,true
temporary CSI,test,latent_raw,small_cap,fpr5,3,lockout_3yr,fpr5_3yr,0,-0.0004550113,-0.0004550113,0.00000000000000,true
temporary CSI,test,latent_raw,small_cap,fpr5,3,lockout_3yr,fpr5_3yr,5,-0.0007876984,-0.0007876984,0.00000000000000,true
temporary CSI,test,latent_raw,small_cap,fpr5,3,lockout_3yr,fpr5_3yr,10,-0.0011203115,-0.0011203115,0.00000000000000,true
temporary CSI,test,latent_raw,small_cap,fpr5,3,lockout_3yr,fpr5_3yr,20,-0.0017853157,-0.0017853157,0.00000000000000,true
temporary CSI,test,latent_raw,small_cap,fpr5,5,lockout_5yr,fpr5_5yr,0,0.0001615260,0.0001615260,0.00000000000000,true
temporary CSI,test,latent_raw,small_cap,fpr5,5,lockout_5yr,fpr5_5yr,5,-0.0001691399,-0.0001691399,0.00000000000000,true
temporary CSI,test,latent_raw,small_cap,fpr5,5,lockout_5yr,fpr5_5yr,10,-0.0004997326,-0.0004997326,0.00000000000000,true
temporary CSI,test,latent_raw,small_cap,fpr5,5,lockout_5yr,fpr5_5yr,20,-0.0011606988,-0.0011606988,0.00000000000000,true
temporary CSI,test,latent_raw,small_cap,youden,1,lockout_1yr,youden_1yr,0,0.0023247282,0.0023247282,0.00000000000000,true
temporary CSI,test,latent_raw,small_cap,youden,1,lockout_1yr,youden_1yr,5,0.0019724510,0.0019724510,0.00000000000000,true
temporary CSI,test,latent_raw,small_cap,youden,1,lockout_1yr,youden_1yr,10,0.0016202550,0.0016202550,0.00000000000000,true
temporary CSI,test,latent_raw,small_cap,youden,1,lockout_1yr,youden_1yr,20,0.0009161067,0.0009161067,0.00000000000000,true
temporary CSI,test,latent_raw,small_cap,youden,2,lockout_2yr,youden_2yr,0,0.0041436532,0.0041436532,0.00000000000000,true
temporary CSI,test,latent_raw,small_cap,youden,2,lockout_2yr,youden_2yr,5,0.0037968470,0.0037968470,0.00000000000000,true
temporary CSI,test,latent_raw,small_cap,youden,2,lockout_2yr,youden_2yr,10,0.0034501198,0.0034501198,0.00000000000000,true
temporary CSI,test,latent_raw,small_cap,youden,2,lockout_2yr,youden_2yr,20,0.0027569023,0.0027569023,0.00000000000000,true
temporary CSI,test,latent_raw,small_cap,youden,3,lockout_3yr,youden_3yr,0,0.0053847998,0.0053847998,0.00000000000000,true
temporary CSI,test,latent_raw,small_cap,youden,3,lockout_3yr,youden_3yr,5,0.0050454670,0.0050454670,0.00000000000000,true
temporary CSI,test,latent_raw,small_cap,youden,3,lockout_3yr,youden_3yr,10,0.0047062098,0.0047062098,0.00000000000000,true
temporary CSI,test,latent_raw,small_cap,youden,3,lockout_3yr,youden_3yr,20,0.0040279224,0.0040279224,0.00000000000000,true
temporary CSI,test,latent_raw,small_cap,youden,5,lockout_5yr,youden_5yr,0,0.0062260718,0.0062260718,0.00000000000000,true
temporary CSI,test,latent_raw,small_cap,youden,5,lockout_5yr,youden_5yr,5,0.0058827115,0.0058827115,0.00000000000000,true
temporary CSI,test,latent_raw,small_cap,youden,5,lockout_5yr,youden_5yr,10,0.0055394288,0.0055394288,0.00000000000000,true
temporary CSI,test,latent_raw,small_cap,youden,5,lockout_5yr,youden_5yr,20,0.0048530961,0.0048530961,0.00000000000000,true
temporary CSI,test,latent_raw,total_market,fpr1,1,lockout_1yr,fpr1_1yr,0,0.0000722040,0.0000722040,0.00000000000000,true
temporary CSI,test,latent_raw,total_market,fpr1,1,lockout_1yr,fpr1_1yr,5,0.0000332404,0.0000332404,0.00000000000000,true
temporary CSI,test,latent_raw,total_market,fpr1,1,lockout_1yr,fpr1_1yr,10,-0.0000057223,-0.0000057223,0.00000000000000,true
temporary CSI,test,latent_raw,total_market,fpr1,1,lockout_1yr,fpr1_1yr,20,-0.0000836446,-0.0000836446,0.00000000000000,true
temporary CSI,test,latent_raw,total_market,fpr1,2,lockout_2yr,fpr1_2yr,0,0.0000867193,0.0000867193,0.00000000000000,true
temporary CSI,test,latent_raw,total_market,fpr1,2,lockout_2yr,fpr1_2yr,5,0.0000477620,0.0000477620,0.00000000000000,true
temporary CSI,test,latent_raw,total_market,fpr1,2,lockout_2yr,fpr1_2yr,10,0.0000088058,0.0000088058,0.00000000000000,true
temporary CSI,test,latent_raw,total_market,fpr1,2,lockout_2yr,fpr1_2yr,20,-0.0000691038,-0.0000691038,0.00000000000000,true
temporary CSI,test,latent_raw,total_market,fpr1,3,lockout_3yr,fpr1_3yr,0,0.0000958278,0.0000958278,0.00000000000000,true
temporary CSI,test,latent_raw,total_market,fpr1,3,lockout_3yr,fpr1_3yr,5,0.0000568720,0.0000568720,0.00000000000000,true
temporary CSI,test,latent_raw,total_market,fpr1,3,lockout_3yr,fpr1_3yr,10,0.0000179173,0.0000179173,0.00000000000000,true
temporary CSI,test,latent_raw,total_market,fpr1,3,lockout_3yr,fpr1_3yr,20,-0.0000599891,-0.0000599891,0.00000000000000,true
temporary CSI,test,latent_raw,total_market,fpr1,5,lockout_5yr,fpr1_5yr,0,0.0000931024,0.0000931024,0.00000000000000,true
temporary CSI,test,latent_raw,total_market,fpr1,5,lockout_5yr,fpr1_5yr,5,0.0000538621,0.0000538621,0.00000000000000,true
temporary CSI,test,latent_raw,total_market,fpr1,5,lockout_5yr,fpr1_5yr,10,0.0000146228,0.0000146228,0.00000000000000,true
temporary CSI,test,latent_raw,total_market,fpr1,5,lockout_5yr,fpr1_5yr,20,-0.0000638529,-0.0000638529,0.00000000000000,true
temporary CSI,test,latent_raw,total_market,fpr3,1,lockout_1yr,fpr3_1yr,0,-0.0000136140,-0.0000136140,0.00000000000000,true
temporary CSI,test,latent_raw,total_market,fpr3,1,lockout_1yr,fpr3_1yr,5,-0.0000528224,-0.0000528224,0.00000000000000,true
temporary CSI,test,latent_raw,total_market,fpr3,1,lockout_1yr,fpr3_1yr,10,-0.0000920299,-0.0000920299,0.00000000000000,true
temporary CSI,test,latent_raw,total_market,fpr3,1,lockout_1yr,fpr3_1yr,20,-0.0001704418,-0.0001704418,0.00000000000000,true
temporary CSI,test,latent_raw,total_market,fpr3,2,lockout_2yr,fpr3_2yr,0,0.0000797229,0.0000797229,0.00000000000000,true
temporary CSI,test,latent_raw,total_market,fpr3,2,lockout_2yr,fpr3_2yr,5,0.0000406199,0.0000406199,0.00000000000000,true
temporary CSI,test,latent_raw,total_market,fpr3,2,lockout_2yr,fpr3_2yr,10,0.0000015179,0.0000015179,0.00000000000000,true
temporary CSI,test,latent_raw,total_market,fpr3,2,lockout_2yr,fpr3_2yr,20,-0.0000766832,-0.0000766832,0.00000000000000,true
temporary CSI,test,latent_raw,total_market,fpr3,3,lockout_3yr,fpr3_3yr,0,0.0000630265,0.0000630265,0.00000000000000,true
temporary CSI,test,latent_raw,total_market,fpr3,3,lockout_3yr,fpr3_3yr,5,0.0000240158,0.0000240158,0.00000000000000,true
temporary CSI,test,latent_raw,total_market,fpr3,3,lockout_3yr,fpr3_3yr,10,-0.0000149940,-0.0000149940,0.00000000000000,true
temporary CSI,test,latent_raw,total_market,fpr3,3,lockout_3yr,fpr3_3yr,20,-0.0000930105,-0.0000930105,0.00000000000000,true
temporary CSI,test,latent_raw,total_market,fpr3,5,lockout_5yr,fpr3_5yr,0,0.0001795030,0.0001795030,0.00000000000000,true
temporary CSI,test,latent_raw,total_market,fpr3,5,lockout_5yr,fpr3_5yr,5,0.0001401723,0.0001401723,0.00000000000000,true
temporary CSI,test,latent_raw,total_market,fpr3,5,lockout_5yr,fpr3_5yr,10,0.0001008427,0.0001008427,0.00000000000000,true
temporary CSI,test,latent_raw,total_market,fpr3,5,lockout_5yr,fpr3_5yr,20,0.0000221864,0.0000221864,0.00000000000000,true
temporary CSI,test,latent_raw,total_market,fpr5,1,lockout_1yr,fpr5_1yr,0,-0.0000358096,-0.0000358096,0.00000000000000,true
temporary CSI,test,latent_raw,total_market,fpr5,1,lockout_1yr,fpr5_1yr,5,-0.0000754368,-0.0000754368,0.00000000000000,true
temporary CSI,test,latent_raw,total_market,fpr5,1,lockout_1yr,fpr5_1yr,10,-0.0001150629,-0.0001150629,0.00000000000000,true
temporary CSI,test,latent_raw,total_market,fpr5,1,lockout_1yr,fpr5_1yr,20,-0.0001943121,-0.0001943121,0.00000000000000,true
temporary CSI,test,latent_raw,total_market,fpr5,2,lockout_2yr,fpr5_2yr,0,0.0000929427,0.0000929427,0.00000000000000,true
temporary CSI,test,latent_raw,total_market,fpr5,2,lockout_2yr,fpr5_2yr,5,0.0000536370,0.0000536370,0.00000000000000,true
temporary CSI,test,latent_raw,total_market,fpr5,2,lockout_2yr,fpr5_2yr,10,0.0000143323,0.0000143323,0.00000000000000,true
temporary CSI,test,latent_raw,total_market,fpr5,2,lockout_2yr,fpr5_2yr,20,-0.0000642740,-0.0000642740,0.00000000000000,true
temporary CSI,test,latent_raw,total_market,fpr5,3,lockout_3yr,fpr5_3yr,0,0.0002330273,0.0002330273,0.00000000000000,true
temporary CSI,test,latent_raw,total_market,fpr5,3,lockout_3yr,fpr5_3yr,5,0.0001938581,0.0001938581,0.00000000000000,true
temporary CSI,test,latent_raw,total_market,fpr5,3,lockout_3yr,fpr5_3yr,10,0.0001546900,0.0001546900,0.00000000000000,true
temporary CSI,test,latent_raw,total_market,fpr5,3,lockout_3yr,fpr5_3yr,20,0.0000763568,0.0000763568,0.00000000000000,true
temporary CSI,test,latent_raw,total_market,fpr5,5,lockout_5yr,fpr5_5yr,0,0.0004138390,0.0004138390,0.00000000000000,true
temporary CSI,test,latent_raw,total_market,fpr5,5,lockout_5yr,fpr5_5yr,5,0.0003743219,0.0003743219,0.00000000000000,true
temporary CSI,test,latent_raw,total_market,fpr5,5,lockout_5yr,fpr5_5yr,10,0.0003348058,0.0003348058,0.00000000000000,true
temporary CSI,test,latent_raw,total_market,fpr5,5,lockout_5yr,fpr5_5yr,20,0.0002557767,0.0002557767,0.00000000000000,true
temporary CSI,test,latent_raw,total_market,youden,1,lockout_1yr,youden_1yr,0,0.0016122938,0.0016122938,0.00000000000000,true
temporary CSI,test,latent_raw,total_market,youden,1,lockout_1yr,youden_1yr,5,0.0015536216,0.0015536216,0.00000000000000,true
temporary CSI,test,latent_raw,total_market,youden,1,lockout_1yr,youden_1yr,10,0.0014949514,0.0014949514,0.00000000000000,true
temporary CSI,test,latent_raw,total_market,youden,1,lockout_1yr,youden_1yr,20,0.0013776168,0.0013776168,0.00000000000000,true
temporary CSI,test,latent_raw,total_market,youden,2,lockout_2yr,youden_2yr,0,0.0028762898,0.0028762898,0.00000000000000,true
temporary CSI,test,latent_raw,total_market,youden,2,lockout_2yr,youden_2yr,5,0.0028242170,0.0028242170,0.00000000000000,true
temporary CSI,test,latent_raw,total_market,youden,2,lockout_2yr,youden_2yr,10,0.0027721458,0.0027721458,0.00000000000000,true
temporary CSI,test,latent_raw,total_market,youden,2,lockout_2yr,youden_2yr,20,0.0026680082,0.0026680082,0.00000000000000,true
temporary CSI,test,latent_raw,total_market,youden,3,lockout_3yr,youden_3yr,0,0.0035847450,0.0035847450,0.00000000000000,true
temporary CSI,test,latent_raw,total_market,youden,3,lockout_3yr,youden_3yr,5,0.0035353011,0.0035353011,0.00000000000000,true
temporary CSI,test,latent_raw,total_market,youden,3,lockout_3yr,youden_3yr,10,0.0034858587,0.0034858587,0.00000000000000,true
temporary CSI,test,latent_raw,total_market,youden,3,lockout_3yr,youden_3yr,20,0.0033869781,0.0033869781,0.00000000000000,true
temporary CSI,test,latent_raw,total_market,youden,5,lockout_5yr,youden_5yr,0,0.0038213260,0.0038213260,0.00000000000000,true
temporary CSI,test,latent_raw,total_market,youden,5,lockout_5yr,youden_5yr,5,0.0037701392,0.0037701392,0.00000000000000,true
temporary CSI,test,latent_raw,total_market,youden,5,lockout_5yr,youden_5yr,10,0.0037189540,0.0037189540,0.00000000000000,true
temporary CSI,test,latent_raw,total_market,youden,5,lockout_5yr,youden_5yr,20,0.0036165882,0.0036165882,0.00000000000000,true
permanent CSI,full,latent_raw,large_cap,fpr1,0,permanent_removal,fpr1_permanent,0,-0.0005685130,-0.0005685130,0.00000000000000,true
permanent CSI,full,latent_raw,large_cap,fpr1,0,permanent_removal,fpr1_permanent,5,-0.0006654800,-0.0006654800,0.00000000000000,true
permanent CSI,full,latent_raw,large_cap,fpr1,0,permanent_removal,fpr1_permanent,10,-0.0007624530,-0.0007624530,0.00000000000000,true
permanent CSI,full,latent_raw,large_cap,fpr1,0,permanent_removal,fpr1_permanent,20,-0.0009564172,-0.0009564172,0.00000000000000,true
permanent CSI,full,latent_raw,large_cap,fpr3,0,permanent_removal,fpr3_permanent,0,-0.0001314363,-0.0001314363,0.00000000000000,true
permanent CSI,full,latent_raw,large_cap,fpr3,0,permanent_removal,fpr3_permanent,5,-0.0002273436,-0.0002273436,0.00000000000000,true
permanent CSI,full,latent_raw,large_cap,fpr3,0,permanent_removal,fpr3_permanent,10,-0.0003232570,-0.0003232570,0.00000000000000,true
permanent CSI,full,latent_raw,large_cap,fpr3,0,permanent_removal,fpr3_permanent,20,-0.0005151026,-0.0005151026,0.00000000000000,true
permanent CSI,full,latent_raw,large_cap,fpr5,0,permanent_removal,fpr5_permanent,0,0.0001922889,0.0001922889,0.00000000000000,true
permanent CSI,full,latent_raw,large_cap,fpr5,0,permanent_removal,fpr5_permanent,5,0.0000972730,0.0000972730,0.00000000000000,true
permanent CSI,full,latent_raw,large_cap,fpr5,0,permanent_removal,fpr5_permanent,10,0.0000022508,0.0000022508,0.00000000000000,true
permanent CSI,full,latent_raw,large_cap,fpr5,0,permanent_removal,fpr5_permanent,20,-0.0001878127,-0.0001878127,0.00000000000000,true
permanent CSI,full,latent_raw,large_cap,youden,0,permanent_removal,youden_permanent,0,-0.0004172111,-0.0004172111,0.00000000000000,true
permanent CSI,full,latent_raw,large_cap,youden,0,permanent_removal,youden_permanent,5,-0.0005085096,-0.0005085096,0.00000000000000,true
permanent CSI,full,latent_raw,large_cap,youden,0,permanent_removal,youden_permanent,10,-0.0005998150,-0.0005998150,0.00000000000000,true
permanent CSI,full,latent_raw,large_cap,youden,0,permanent_removal,youden_permanent,20,-0.0007824466,-0.0007824466,0.00000000000000,true
permanent CSI,full,latent_raw,mid_cap,fpr1,0,permanent_removal,fpr1_permanent,0,0.0005626197,0.0005626197,0.00000000000000,true
permanent CSI,full,latent_raw,mid_cap,fpr1,0,permanent_removal,fpr1_permanent,5,0.0000238886,0.0000238886,0.00000000000000,true
permanent CSI,full,latent_raw,mid_cap,fpr1,0,permanent_removal,fpr1_permanent,10,-0.0005146592,-0.0005146592,0.00000000000000,true
permanent CSI,full,latent_raw,mid_cap,fpr1,0,permanent_removal,fpr1_permanent,20,-0.0015912055,-0.0015912055,0.00000000000000,true
permanent CSI,full,latent_raw,mid_cap,fpr3,0,permanent_removal,fpr3_permanent,0,0.0012275410,0.0012275410,0.00000000000000,true
permanent CSI,full,latent_raw,mid_cap,fpr3,0,permanent_removal,fpr3_permanent,5,0.0006930420,0.0006930420,0.00000000000000,true
permanent CSI,full,latent_raw,mid_cap,fpr3,0,permanent_removal,fpr3_permanent,10,0.0001587231,0.0001587231,0.00000000000000,true
permanent CSI,full,latent_raw,mid_cap,fpr3,0,permanent_removal,fpr3_permanent,20,-0.0009093748,-0.0009093748,0.00000000000000,true
permanent CSI,full,latent_raw,mid_cap,fpr5,0,permanent_removal,fpr5_permanent,0,0.0014067263,0.0014067263,0.00000000000000,true
permanent CSI,full,latent_raw,mid_cap,fpr5,0,permanent_removal,fpr5_permanent,5,0.0008742259,0.0008742259,0.00000000000000,true
permanent CSI,full,latent_raw,mid_cap,fpr5,0,permanent_removal,fpr5_permanent,10,0.0003419039,0.0003419039,0.00000000000000,true
permanent CSI,full,latent_raw,mid_cap,fpr5,0,permanent_removal,fpr5_permanent,20,-0.0007222047,-0.0007222047,0.00000000000000,true
permanent CSI,full,latent_raw,mid_cap,youden,0,permanent_removal,youden_permanent,0,0.0013070286,0.0013070286,0.00000000000000,true
permanent CSI,full,latent_raw,mid_cap,youden,0,permanent_removal,youden_permanent,5,0.0007784037,0.0007784037,0.00000000000000,true
permanent CSI,full,latent_raw,mid_cap,youden,0,permanent_removal,youden_permanent,10,0.0002499544,0.0002499544,0.00000000000000,true
permanent CSI,full,latent_raw,mid_cap,youden,0,permanent_removal,youden_permanent,20,-0.0008064178,-0.0008064178,0.00000000000000,true
permanent CSI,full,latent_raw,small_cap,fpr1,0,permanent_removal,fpr1_permanent,0,-0.0001777712,-0.0001777712,0.00000000000000,true
permanent CSI,full,latent_raw,small_cap,fpr1,0,permanent_removal,fpr1_permanent,5,-0.0005738008,-0.0005738008,0.00000000000000,true
permanent CSI,full,latent_raw,small_cap,fpr1,0,permanent_removal,fpr1_permanent,10,-0.0009697353,-0.0009697353,0.00000000000000,true
permanent CSI,full,latent_raw,small_cap,fpr1,0,permanent_removal,fpr1_permanent,20,-0.0017613188,-0.0017613188,0.00000000000000,true
permanent CSI,full,latent_raw,small_cap,fpr3,0,permanent_removal,fpr3_permanent,0,0.0005991930,0.0005991930,0.00000000000000,true
permanent CSI,full,latent_raw,small_cap,fpr3,0,permanent_removal,fpr3_permanent,5,0.0002018955,0.0002018955,0.00000000000000,true
permanent CSI,full,latent_raw,small_cap,fpr3,0,permanent_removal,fpr3_permanent,10,-0.0001953064,-0.0001953064,0.00000000000000,true
permanent CSI,full,latent_raw,small_cap,fpr3,0,permanent_removal,fpr3_permanent,20,-0.0009894231,-0.0009894231,0.00000000000000,true
permanent CSI,full,latent_raw,small_cap,fpr5,0,permanent_removal,fpr5_permanent,0,0.0005414635,0.0005414635,0.00000000000000,true
permanent CSI,full,latent_raw,small_cap,fpr5,0,permanent_removal,fpr5_permanent,5,0.0001452803,0.0001452803,0.00000000000000,true
permanent CSI,full,latent_raw,small_cap,fpr5,0,permanent_removal,fpr5_permanent,10,-0.0002508079,-0.0002508079,0.00000000000000,true
permanent CSI,full,latent_raw,small_cap,fpr5,0,permanent_removal,fpr5_permanent,20,-0.0010426993,-0.0010426993,0.00000000000000,true
permanent CSI,full,latent_raw,small_cap,youden,0,permanent_removal,youden_permanent,0,0.0007592528,0.0007592528,0.00000000000000,true
permanent CSI,full,latent_raw,small_cap,youden,0,permanent_removal,youden_permanent,5,0.0003362159,0.0003362159,0.00000000000000,true
permanent CSI,full,latent_raw,small_cap,youden,0,permanent_removal,youden_permanent,10,-0.0000867123,-0.0000867123,0.00000000000000,true
permanent CSI,full,latent_raw,small_cap,youden,0,permanent_removal,youden_permanent,20,-0.0009322429,-0.0009322429,0.00000000000000,true
permanent CSI,full,latent_raw,total_market,fpr1,0,permanent_removal,fpr1_permanent,0,-0.0004547393,-0.0004547393,0.00000000000000,true
permanent CSI,full,latent_raw,total_market,fpr1,0,permanent_removal,fpr1_permanent,5,-0.0005225782,-0.0005225782,0.00000000000000,true
permanent CSI,full,latent_raw,total_market,fpr1,0,permanent_removal,fpr1_permanent,10,-0.0005904265,-0.0005904265,0.00000000000000,true
permanent CSI,full,latent_raw,total_market,fpr1,0,permanent_removal,fpr1_permanent,20,-0.0007261520,-0.0007261520,0.00000000000000,true
permanent CSI,full,latent_raw,total_market,fpr3,0,permanent_removal,fpr3_permanent,0,0.0001283323,0.0001283323,0.00000000000000,true
permanent CSI,full,latent_raw,total_market,fpr3,0,permanent_removal,fpr3_permanent,5,0.0000607293,0.0000607293,0.00000000000000,true
permanent CSI,full,latent_raw,total_market,fpr3,0,permanent_removal,fpr3_permanent,10,-0.0000068833,-0.0000068833,0.00000000000000,true
permanent CSI,full,latent_raw,total_market,fpr3,0,permanent_removal,fpr3_permanent,20,-0.0001421373,-0.0001421373,0.00000000000000,true
permanent CSI,full,latent_raw,total_market,fpr5,0,permanent_removal,fpr5_permanent,0,0.0004364656,0.0004364656,0.00000000000000,true
permanent CSI,full,latent_raw,total_market,fpr5,0,permanent_removal,fpr5_permanent,5,0.0003690499,0.0003690499,0.00000000000000,true
permanent CSI,full,latent_raw,total_market,fpr5,0,permanent_removal,fpr5_permanent,10,0.0003016246,0.0003016246,0.00000000000000,true
permanent CSI,full,latent_raw,total_market,fpr5,0,permanent_removal,fpr5_permanent,20,0.0001667451,0.0001667451,0.00000000000000,true
permanent CSI,full,latent_raw,total_market,youden,0,permanent_removal,youden_permanent,0,-0.0000114409,-0.0000114409,0.00000000000000,true
permanent CSI,full,latent_raw,total_market,youden,0,permanent_removal,youden_permanent,5,-0.0000862478,-0.0000862478,0.00000000000000,true
permanent CSI,full,latent_raw,total_market,youden,0,permanent_removal,youden_permanent,10,-0.0001610637,-0.0001610637,0.00000000000000,true
permanent CSI,full,latent_raw,total_market,youden,0,permanent_removal,youden_permanent,20,-0.0003107225,-0.0003107225,0.00000000000000,true
permanent CSI,insample,latent_raw,large_cap,fpr1,0,permanent_removal,fpr1_permanent,0,0.0000577691,0.0000577691,0.00000000000000,true
permanent CSI,insample,latent_raw,large_cap,fpr1,0,permanent_removal,fpr1_permanent,5,-0.0000601816,-0.0000601816,0.00000000000000,true
permanent CSI,insample,latent_raw,large_cap,fpr1,0,permanent_removal,fpr1_permanent,10,-0.0001781430,-0.0001781430,0.00000000000000,true
permanent CSI,insample,latent_raw,large_cap,fpr1,0,permanent_removal,fpr1_permanent,20,-0.0004140978,-0.0004140978,0.00000000000000,true
permanent CSI,insample,latent_raw,large_cap,fpr3,0,permanent_removal,fpr3_permanent,0,0.0002818270,0.0002818270,0.00000000000000,true
permanent CSI,insample,latent_raw,large_cap,fpr3,0,permanent_removal,fpr3_permanent,5,0.0001648585,0.0001648585,0.00000000000000,true
permanent CSI,insample,latent_raw,large_cap,fpr3,0,permanent_removal,fpr3_permanent,10,0.0000478792,0.0000478792,0.00000000000000,true
permanent CSI,insample,latent_raw,large_cap,fpr3,0,permanent_removal,fpr3_permanent,20,-0.0001861120,-0.0001861120,0.00000000000000,true
permanent CSI,insample,latent_raw,large_cap,fpr5,0,permanent_removal,fpr5_permanent,0,0.0001283113,0.0001283113,0.00000000000000,true
permanent CSI,insample,latent_raw,large_cap,fpr5,0,permanent_removal,fpr5_permanent,5,0.0000121014,0.0000121014,0.00000000000000,true
permanent CSI,insample,latent_raw,large_cap,fpr5,0,permanent_removal,fpr5_permanent,10,-0.0001041195,-0.0001041195,0.00000000000000,true
permanent CSI,insample,latent_raw,large_cap,fpr5,0,permanent_removal,fpr5_permanent,20,-0.0003365943,-0.0003365943,0.00000000000000,true
permanent CSI,insample,latent_raw,large_cap,youden,0,permanent_removal,youden_permanent,0,-0.0000708632,-0.0000708632,0.00000000000000,true
permanent CSI,insample,latent_raw,large_cap,youden,0,permanent_removal,youden_permanent,5,-0.0001814690,-0.0001814690,0.00000000000000,true
permanent CSI,insample,latent_raw,large_cap,youden,0,permanent_removal,youden_permanent,10,-0.0002920867,-0.0002920867,0.00000000000000,true
permanent CSI,insample,latent_raw,large_cap,youden,0,permanent_removal,youden_permanent,20,-0.0005133585,-0.0005133585,0.00000000000000,true
permanent CSI,insample,latent_raw,mid_cap,fpr1,0,permanent_removal,fpr1_permanent,0,-0.0006159871,-0.0006159871,0.00000000000000,true
permanent CSI,insample,latent_raw,mid_cap,fpr1,0,permanent_removal,fpr1_permanent,5,-0.0011624419,-0.0011624419,0.00000000000000,true
permanent CSI,insample,latent_raw,mid_cap,fpr1,0,permanent_removal,fpr1_permanent,10,-0.0017087127,-0.0017087127,0.00000000000000,true
permanent CSI,insample,latent_raw,mid_cap,fpr1,0,permanent_removal,fpr1_permanent,20,-0.0028007025,-0.0028007025,0.00000000000000,true
permanent CSI,insample,latent_raw,mid_cap,fpr3,0,permanent_removal,fpr3_permanent,0,-0.0001777943,-0.0001777943,0.00000000000000,true
permanent CSI,insample,latent_raw,mid_cap,fpr3,0,permanent_removal,fpr3_permanent,5,-0.0007206908,-0.0007206908,0.00000000000000,true
permanent CSI,insample,latent_raw,mid_cap,fpr3,0,permanent_removal,fpr3_permanent,10,-0.0012634060,-0.0012634060,0.00000000000000,true
permanent CSI,insample,latent_raw,mid_cap,fpr3,0,permanent_removal,fpr3_permanent,20,-0.0023482925,-0.0023482925,0.00000000000000,true
permanent CSI,insample,latent_raw,mid_cap,fpr5,0,permanent_removal,fpr5_permanent,0,0.0000886355,0.0000886355,0.00000000000000,true
permanent CSI,insample,latent_raw,mid_cap,fpr5,0,permanent_removal,fpr5_permanent,5,-0.0004541952,-0.0004541952,0.00000000000000,true
permanent CSI,insample,latent_raw,mid_cap,fpr5,0,permanent_removal,fpr5_permanent,10,-0.0009968448,-0.0009968448,0.00000000000000,true
permanent CSI,insample,latent_raw,mid_cap,fpr5,0,permanent_removal,fpr5_permanent,20,-0.0020816009,-0.0020816009,0.00000000000000,true
permanent CSI,insample,latent_raw,mid_cap,youden,0,permanent_removal,youden_permanent,0,0.0029592377,0.0029592377,0.00000000000000,true
permanent CSI,insample,latent_raw,mid_cap,youden,0,permanent_removal,youden_permanent,5,0.0024192549,0.0024192549,0.00000000000000,true
permanent CSI,insample,latent_raw,mid_cap,youden,0,permanent_removal,youden_permanent,10,0.0018794508,0.0018794508,0.00000000000000,true
permanent CSI,insample,latent_raw,mid_cap,youden,0,permanent_removal,youden_permanent,20,0.0008003780,0.0008003780,0.00000000000000,true
permanent CSI,insample,latent_raw,small_cap,fpr1,0,permanent_removal,fpr1_permanent,0,-0.0000546298,-0.0000546298,0.00000000000000,true
permanent CSI,insample,latent_raw,small_cap,fpr1,0,permanent_removal,fpr1_permanent,5,-0.0004699435,-0.0004699435,0.00000000000000,true
permanent CSI,insample,latent_raw,small_cap,fpr1,0,permanent_removal,fpr1_permanent,10,-0.0008851583,-0.0008851583,0.00000000000000,true
permanent CSI,insample,latent_raw,small_cap,fpr1,0,permanent_removal,fpr1_permanent,20,-0.0017152917,-0.0017152917,0.00000000000000,true
permanent CSI,insample,latent_raw,small_cap,fpr3,0,permanent_removal,fpr3_permanent,0,-0.0003092027,-0.0003092027,0.00000000000000,true
permanent CSI,insample,latent_raw,small_cap,fpr3,0,permanent_removal,fpr3_permanent,5,-0.0007260358,-0.0007260358,0.00000000000000,true
permanent CSI,insample,latent_raw,small_cap,fpr3,0,permanent_removal,fpr3_permanent,10,-0.0011427693,-0.0011427693,0.00000000000000,true
permanent CSI,insample,latent_raw,small_cap,fpr3,0,permanent_removal,fpr3_permanent,20,-0.0019759373,-0.0019759373,0.00000000000000,true
permanent CSI,insample,latent_raw,small_cap,fpr5,0,permanent_removal,fpr5_permanent,0,0.0002531415,0.0002531415,0.00000000000000,true
permanent CSI,insample,latent_raw,small_cap,fpr5,0,permanent_removal,fpr5_permanent,5,-0.0001636344,-0.0001636344,0.00000000000000,true
permanent CSI,insample,latent_raw,small_cap,fpr5,0,permanent_removal,fpr5_permanent,10,-0.0005803109,-0.0005803109,0.00000000000000,true
permanent CSI,insample,latent_raw,small_cap,fpr5,0,permanent_removal,fpr5_permanent,20,-0.0014133655,-0.0014133655,0.00000000000000,true
permanent CSI,insample,latent_raw,small_cap,youden,0,permanent_removal,youden_permanent,0,0.0005387390,0.0005387390,0.00000000000000,true
permanent CSI,insample,latent_raw,small_cap,youden,0,permanent_removal,youden_permanent,5,0.0001140931,0.0001140931,0.00000000000000,true
permanent CSI,insample,latent_raw,small_cap,youden,0,permanent_removal,youden_permanent,10,-0.0003104496,-0.0003104496,0.00000000000000,true
permanent CSI,insample,latent_raw,small_cap,youden,0,permanent_removal,youden_permanent,20,-0.0011592260,-0.0011592260,0.00000000000000,true
permanent CSI,insample,latent_raw,total_market,fpr1,0,permanent_removal,fpr1_permanent,0,0.0000714997,0.0000714997,0.00000000000000,true
permanent CSI,insample,latent_raw,total_market,fpr1,0,permanent_removal,fpr1_permanent,5,-0.0000161187,-0.0000161187,0.00000000000000,true
permanent CSI,insample,latent_raw,total_market,fpr1,0,permanent_removal,fpr1_permanent,10,-0.0001037527,-0.0001037527,0.00000000000000,true
permanent CSI,insample,latent_raw,total_market,fpr1,0,permanent_removal,fpr1_permanent,20,-0.0002790675,-0.0002790675,0.00000000000000,true
permanent CSI,insample,latent_raw,total_market,fpr3,0,permanent_removal,fpr3_permanent,0,0.0002034707,0.0002034707,0.00000000000000,true
permanent CSI,insample,latent_raw,total_market,fpr3,0,permanent_removal,fpr3_permanent,5,0.0001161651,0.0001161651,0.00000000000000,true
permanent CSI,insample,latent_raw,total_market,fpr3,0,permanent_removal,fpr3_permanent,10,0.0000288439,0.0000288439,0.00000000000000,true
permanent CSI,insample,latent_raw,total_market,fpr3,0,permanent_removal,fpr3_permanent,20,-0.0001458454,-0.0001458454,0.00000000000000,true
permanent CSI,insample,latent_raw,total_market,fpr5,0,permanent_removal,fpr5_permanent,0,0.0000901388,0.0000901388,0.00000000000000,true
permanent CSI,insample,latent_raw,total_market,fpr5,0,permanent_removal,fpr5_permanent,5,0.0000028885,0.0000028885,0.00000000000000,true
permanent CSI,insample,latent_raw,total_market,fpr5,0,permanent_removal,fpr5_permanent,10,-0.0000843775,-0.0000843775,0.00000000000000,true
permanent CSI,insample,latent_raw,total_market,fpr5,0,permanent_removal,fpr5_permanent,20,-0.0002589564,-0.0002589564,0.00000000000000,true
permanent CSI,insample,latent_raw,total_market,youden,0,permanent_removal,youden_permanent,0,-0.0010622281,-0.0010622281,0.00000000000000,true
permanent CSI,insample,latent_raw,total_market,youden,0,permanent_removal,youden_permanent,5,-0.0011536861,-0.0011536861,0.00000000000000,true
permanent CSI,insample,latent_raw,total_market,youden,0,permanent_removal,youden_permanent,10,-0.0012451592,-0.0012451592,0.00000000000000,true
permanent CSI,insample,latent_raw,total_market,youden,0,permanent_removal,youden_permanent,20,-0.0014281509,-0.0014281509,0.00000000000000,true
permanent CSI,oos,latent_raw,large_cap,fpr1,0,permanent_removal,fpr1_permanent,0,-0.0033683201,-0.0033683201,0.00000000000000,true
permanent CSI,oos,latent_raw,large_cap,fpr1,0,permanent_removal,fpr1_permanent,5,-0.0034359636,-0.0034359636,0.00000000000000,true
permanent CSI,oos,latent_raw,large_cap,fpr1,0,permanent_removal,fpr1_permanent,10,-0.0035036043,-0.0035036043,0.00000000000000,true
permanent CSI,oos,latent_raw,large_cap,fpr1,0,permanent_removal,fpr1_permanent,20,-0.0036388771,-0.0036388771,0.00000000000000,true
permanent CSI,oos,latent_raw,large_cap,fpr3,0,permanent_removal,fpr3_permanent,0,-0.0023349057,-0.0023349057,0.00000000000000,true
permanent CSI,oos,latent_raw,large_cap,fpr3,0,permanent_removal,fpr3_permanent,5,-0.0024011503,-0.0024011503,0.00000000000000,true
permanent CSI,oos,latent_raw,large_cap,fpr3,0,permanent_removal,fpr3_permanent,10,-0.0024673922,-0.0024673922,0.00000000000000,true
permanent CSI,oos,latent_raw,large_cap,fpr3,0,permanent_removal,fpr3_permanent,20,-0.0025998677,-0.0025998677,0.00000000000000,true
permanent CSI,oos,latent_raw,large_cap,fpr5,0,permanent_removal,fpr5_permanent,0,-0.0010047956,-0.0010047956,0.00000000000000,true
permanent CSI,oos,latent_raw,large_cap,fpr5,0,permanent_removal,fpr5_permanent,5,-0.0010694735,-0.0010694735,0.00000000000000,true
permanent CSI,oos,latent_raw,large_cap,fpr5,0,permanent_removal,fpr5_permanent,10,-0.0011341488,-0.0011341488,0.00000000000000,true
permanent CSI,oos,latent_raw,large_cap,fpr5,0,permanent_removal,fpr5_permanent,20,-0.0012634915,-0.0012634915,0.00000000000000,true
permanent CSI,oos,latent_raw,large_cap,youden,0,permanent_removal,youden_permanent,0,-0.0030432162,-0.0030432162,0.00000000000000,true
permanent CSI,oos,latent_raw,large_cap,youden,0,permanent_removal,youden_permanent,5,-0.0031054898,-0.0031054898,0.00000000000000,true
permanent CSI,oos,latent_raw,large_cap,youden,0,permanent_removal,youden_permanent,10,-0.0031677610,-0.0031677610,0.00000000000000,true
permanent CSI,oos,latent_raw,large_cap,youden,0,permanent_removal,youden_permanent,20,-0.0032922965,-0.0032922965,0.00000000000000,true
permanent CSI,oos,latent_raw,mid_cap,fpr1,0,permanent_removal,fpr1_permanent,0,0.0023151860,0.0023151860,0.00000000000000,true
permanent CSI,oos,latent_raw,mid_cap,fpr1,0,permanent_removal,fpr1_permanent,5,0.0017404917,0.0017404917,0.00000000000000,true
permanent CSI,oos,latent_raw,mid_cap,fpr1,0,permanent_removal,fpr1_permanent,10,0.0011660173,0.0011660173,0.00000000000000,true
permanent CSI,oos,latent_raw,mid_cap,fpr1,0,permanent_removal,fpr1_permanent,20,0.0000177280,0.0000177280,0.00000000000000,true
permanent CSI,oos,latent_raw,mid_cap,fpr3,0,permanent_removal,fpr3_permanent,0,0.0037652572,0.0037652572,0.00000000000000,true
permanent CSI,oos,latent_raw,mid_cap,fpr3,0,permanent_removal,fpr3_permanent,5,0.0031967383,0.0031967383,0.00000000000000,true
permanent CSI,oos,latent_raw,mid_cap,fpr3,0,permanent_removal,fpr3_permanent,10,0.0026284339,0.0026284339,0.00000000000000,true
permanent CSI,oos,latent_raw,mid_cap,fpr3,0,permanent_removal,fpr3_permanent,20,0.0014924681,0.0014924681,0.00000000000000,true
permanent CSI,oos,latent_raw,mid_cap,fpr5,0,permanent_removal,fpr5_permanent,0,0.0058758436,0.0058758436,0.00000000000000,true
permanent CSI,oos,latent_raw,mid_cap,fpr5,0,permanent_removal,fpr5_permanent,5,0.0053082124,0.0053082124,0.00000000000000,true
permanent CSI,oos,latent_raw,mid_cap,fpr5,0,permanent_removal,fpr5_permanent,10,0.0047407947,0.0047407947,0.00000000000000,true
permanent CSI,oos,latent_raw,mid_cap,fpr5,0,permanent_removal,fpr5_permanent,20,0.0036065995,0.0036065995,0.00000000000000,true
permanent CSI,oos,latent_raw,mid_cap,youden,0,permanent_removal,youden_permanent,0,-0.0030567515,-0.0030567515,0.00000000000000,true
permanent CSI,oos,latent_raw,mid_cap,youden,0,permanent_removal,youden_permanent,5,-0.0036181410,-0.0036181410,0.00000000000000,true
permanent CSI,oos,latent_raw,mid_cap,youden,0,permanent_removal,youden_permanent,10,-0.0041793202,-0.0041793202,0.00000000000000,true
permanent CSI,oos,latent_raw,mid_cap,youden,0,permanent_removal,youden_permanent,20,-0.0053010480,-0.0053010480,0.00000000000000,true
permanent CSI,oos,latent_raw,small_cap,fpr1,0,permanent_removal,fpr1_permanent,0,-0.0005150770,-0.0005150770,0.00000000000000,true
permanent CSI,oos,latent_raw,small_cap,fpr1,0,permanent_removal,fpr1_permanent,5,-0.0009119223,-0.0009119223,0.00000000000000,true
permanent CSI,oos,latent_raw,small_cap,fpr1,0,permanent_removal,fpr1_permanent,10,-0.0013086612,-0.0013086612,0.00000000000000,true
permanent CSI,oos,latent_raw,small_cap,fpr1,0,permanent_removal,fpr1_permanent,20,-0.0021018198,-0.0021018198,0.00000000000000,true
permanent CSI,oos,latent_raw,small_cap,fpr3,0,permanent_removal,fpr3_permanent,0,0.0032098036,0.0032098036,0.00000000000000,true
permanent CSI,oos,latent_raw,small_cap,fpr3,0,permanent_removal,fpr3_permanent,5,0.0028088459,0.0028088459,0.00000000000000,true
permanent CSI,oos,latent_raw,small_cap,fpr3,0,permanent_removal,fpr3_permanent,10,0.0024079962,0.0024079962,0.00000000000000,true
permanent CSI,oos,latent_raw,small_cap,fpr3,0,permanent_removal,fpr3_permanent,20,0.0016066207,0.0016066207,0.00000000000000,true
permanent CSI,oos,latent_raw,small_cap,fpr5,0,permanent_removal,fpr5_permanent,0,0.0008811903,0.0008811903,0.00000000000000,true
permanent CSI,oos,latent_raw,small_cap,fpr5,0,permanent_removal,fpr5_permanent,5,0.0004840041,0.0004840041,0.00000000000000,true
permanent CSI,oos,latent_raw,small_cap,fpr5,0,permanent_removal,fpr5_permanent,10,0.0000869241,0.0000869241,0.00000000000000,true
permanent CSI,oos,latent_raw,small_cap,fpr5,0,permanent_removal,fpr5_permanent,20,-0.0007069173,-0.0007069173,0.00000000000000,true
permanent CSI,oos,latent_raw,small_cap,youden,0,permanent_removal,youden_permanent,0,-0.0025214120,-0.0025214120,0.00000000000000,true
permanent CSI,oos,latent_raw,small_cap,youden,0,permanent_removal,youden_permanent,5,-0.0029864271,-0.0029864271,0.00000000000000,true
permanent CSI,oos,latent_raw,small_cap,youden,0,permanent_removal,youden_permanent,10,-0.0034512974,-0.0034512974,0.00000000000000,true
permanent CSI,oos,latent_raw,small_cap,youden,0,permanent_removal,youden_permanent,20,-0.0043806031,-0.0043806031,0.00000000000000,true
permanent CSI,oos,latent_raw,total_market,fpr1,0,permanent_removal,fpr1_permanent,0,-0.0028804291,-0.0028804291,0.00000000000000,true
permanent CSI,oos,latent_raw,total_market,fpr1,0,permanent_removal,fpr1_permanent,5,-0.0029180160,-0.0029180160,0.00000000000000,true
permanent CSI,oos,latent_raw,total_market,fpr1,0,permanent_removal,fpr1_permanent,10,-0.0029556020,-0.0029556020,0.00000000000000,true
permanent CSI,oos,latent_raw,total_market,fpr1,0,permanent_removal,fpr1_permanent,20,-0.0030307713,-0.0030307713,0.00000000000000,true
permanent CSI,oos,latent_raw,total_market,fpr3,0,permanent_removal,fpr3_permanent,0,-0.0010569069,-0.0010569069,0.00000000000000,true
permanent CSI,oos,latent_raw,total_market,fpr3,0,permanent_removal,fpr3_permanent,5,-0.0010942927,-0.0010942927,0.00000000000000,true
permanent CSI,oos,latent_raw,total_market,fpr3,0,permanent_removal,fpr3_permanent,10,-0.0011316777,-0.0011316777,0.00000000000000,true
permanent CSI,oos,latent_raw,total_market,fpr3,0,permanent_removal,fpr3_permanent,20,-0.0012064449,-0.0012064449,0.00000000000000,true
permanent CSI,oos,latent_raw,total_market,fpr5,0,permanent_removal,fpr5_permanent,0,-0.0000237785,-0.0000237785,0.00000000000000,true
permanent CSI,oos,latent_raw,total_market,fpr5,0,permanent_removal,fpr5_permanent,5,-0.0000603580,-0.0000603580,0.00000000000000,true
permanent CSI,oos,latent_raw,total_market,fpr5,0,permanent_removal,fpr5_permanent,10,-0.0000969366,-0.0000969366,0.00000000000000,true
permanent CSI,oos,latent_raw,total_market,fpr5,0,permanent_removal,fpr5_permanent,20,-0.0001700914,-0.0001700914,0.00000000000000,true
permanent CSI,oos,latent_raw,total_market,youden,0,permanent_removal,youden_permanent,0,0.0000631144,0.0000631144,0.00000000000000,true
permanent CSI,oos,latent_raw,total_market,youden,0,permanent_removal,youden_permanent,5,0.0000100740,0.0000100740,0.00000000000000,true
permanent CSI,oos,latent_raw,total_market,youden,0,permanent_removal,youden_permanent,10,-0.0000429650,-0.0000429650,0.00000000000000,true
permanent CSI,oos,latent_raw,total_market,youden,0,permanent_removal,youden_permanent,20,-0.0001490390,-0.0001490390,0.00000000000000,true
permanent CSI,test,latent_raw,large_cap,fpr1,0,permanent_removal,fpr1_permanent,0,0.0007998165,0.0007998165,0.00000000000000,true
permanent CSI,test,latent_raw,large_cap,fpr1,0,permanent_removal,fpr1_permanent,5,0.0007378233,0.0007378233,0.00000000000000,true
permanent CSI,test,latent_raw,large_cap,fpr1,0,permanent_removal,fpr1_permanent,10,0.0006758327,0.0006758327,0.00000000000000,true
permanent CSI,test,latent_raw,large_cap,fpr1,0,permanent_removal,fpr1_permanent,20,0.0005518590,0.0005518590,0.00000000000000,true
permanent CSI,test,latent_raw,large_cap,fpr3,0,permanent_removal,fpr3_permanent,0,0.0012156502,0.0012156502,0.00000000000000,true
permanent CSI,test,latent_raw,large_cap,fpr3,0,permanent_removal,fpr3_permanent,5,0.0011545883,0.0011545883,0.00000000000000,true
permanent CSI,test,latent_raw,large_cap,fpr3,0,permanent_removal,fpr3_permanent,10,0.0010935289,0.0010935289,0.00000000000000,true
permanent CSI,test,latent_raw,large_cap,fpr3,0,permanent_removal,fpr3_permanent,20,0.0009714174,0.0009714174,0.00000000000000,true
permanent CSI,test,latent_raw,large_cap,fpr5,0,permanent_removal,fpr5_permanent,0,0.0019072874,0.0019072874,0.00000000000000,true
permanent CSI,test,latent_raw,large_cap,fpr5,0,permanent_removal,fpr5_permanent,5,0.0018468044,0.0018468044,0.00000000000000,true
permanent CSI,test,latent_raw,large_cap,fpr5,0,permanent_removal,fpr5_permanent,10,0.0017863239,0.0017863239,0.00000000000000,true
permanent CSI,test,latent_raw,large_cap,fpr5,0,permanent_removal,fpr5_permanent,20,0.0016653699,0.0016653699,0.00000000000000,true
permanent CSI,test,latent_raw,large_cap,youden,0,permanent_removal,youden_permanent,0,0.0016883608,0.0016883608,0.00000000000000,true
permanent CSI,test,latent_raw,large_cap,youden,0,permanent_removal,youden_permanent,5,0.0016267269,0.0016267269,0.00000000000000,true
permanent CSI,test,latent_raw,large_cap,youden,0,permanent_removal,youden_permanent,10,0.0015650954,0.0015650954,0.00000000000000,true
permanent CSI,test,latent_raw,large_cap,youden,0,permanent_removal,youden_permanent,20,0.0014418398,0.0014418398,0.00000000000000,true
permanent CSI,test,latent_raw,mid_cap,fpr1,0,permanent_removal,fpr1_permanent,0,0.0022154244,0.0022154244,0.00000000000000,true
permanent CSI,test,latent_raw,mid_cap,fpr1,0,permanent_removal,fpr1_permanent,5,0.0017493404,0.0017493404,0.00000000000000,true
permanent CSI,test,latent_raw,mid_cap,fpr1,0,permanent_removal,fpr1_permanent,10,0.0012833982,0.0012833982,0.00000000000000,true
permanent CSI,test,latent_raw,mid_cap,fpr1,0,permanent_removal,fpr1_permanent,20,0.0003519390,0.0003519390,0.00000000000000,true
permanent CSI,test,latent_raw,mid_cap,fpr3,0,permanent_removal,fpr3_permanent,0,0.0026183220,0.0026183220,0.00000000000000,true
permanent CSI,test,latent_raw,mid_cap,fpr3,0,permanent_removal,fpr3_permanent,5,0.0021561429,0.0021561429,0.00000000000000,true
permanent CSI,test,latent_raw,mid_cap,fpr3,0,permanent_removal,fpr3_permanent,10,0.0016941031,0.0016941031,0.00000000000000,true
permanent CSI,test,latent_raw,mid_cap,fpr3,0,permanent_removal,fpr3_permanent,20,0.0007704414,0.0007704414,0.00000000000000,true
permanent CSI,test,latent_raw,mid_cap,fpr5,0,permanent_removal,fpr5_permanent,0,0.0000088380,0.0000088380,0.00000000000000,true
permanent CSI,test,latent_raw,mid_cap,fpr5,0,permanent_removal,fpr5_permanent,5,-0.0004437789,-0.0004437789,0.00000000000000,true
permanent CSI,test,latent_raw,mid_cap,fpr5,0,permanent_removal,fpr5_permanent,10,-0.0008962617,-0.0008962617,0.00000000000000,true
permanent CSI,test,latent_raw,mid_cap,fpr5,0,permanent_removal,fpr5_permanent,20,-0.0018008253,-0.0018008253,0.00000000000000,true
permanent CSI,test,latent_raw,mid_cap,youden,0,permanent_removal,youden_permanent,0,0.0014859894,0.0014859894,0.00000000000000,true
permanent CSI,test,latent_raw,mid_cap,youden,0,permanent_removal,youden_permanent,5,0.0010380575,0.0010380575,0.00000000000000,true
permanent CSI,test,latent_raw,mid_cap,youden,0,permanent_removal,youden_permanent,10,0.0005902560,0.0005902560,0.00000000000000,true
permanent CSI,test,latent_raw,mid_cap,youden,0,permanent_removal,youden_permanent,20,-0.0003049562,-0.0003049562,0.00000000000000,true
permanent CSI,test,latent_raw,small_cap,fpr1,0,permanent_removal,fpr1_permanent,0,-0.0001416743,-0.0001416743,0.00000000000000,true
permanent CSI,test,latent_raw,small_cap,fpr1,0,permanent_removal,fpr1_permanent,5,-0.0004736981,-0.0004736981,0.00000000000000,true
permanent CSI,test,latent_raw,small_cap,fpr1,0,permanent_removal,fpr1_permanent,10,-0.0008056482,-0.0008056482,0.00000000000000,true
permanent CSI,test,latent_raw,small_cap,fpr1,0,permanent_removal,fpr1_permanent,20,-0.0014693271,-0.0014693271,0.00000000000000,true
permanent CSI,test,latent_raw,small_cap,fpr3,0,permanent_removal,fpr3_permanent,0,0.0001811198,0.0001811198,0.00000000000000,true
permanent CSI,test,latent_raw,small_cap,fpr3,0,permanent_removal,fpr3_permanent,5,-0.0001476979,-0.0001476979,0.00000000000000,true
permanent CSI,test,latent_raw,small_cap,fpr3,0,permanent_removal,fpr3_permanent,10,-0.0004764432,-0.0004764432,0.00000000000000,true
permanent CSI,test,latent_raw,small_cap,fpr3,0,permanent_removal,fpr3_permanent,20,-0.0011337171,-0.0011337171,0.00000000000000,true
permanent CSI,test,latent_raw,small_cap,fpr5,0,permanent_removal,fpr5_permanent,0,0.0010397056,0.0010397056,0.00000000000000,true
permanent CSI,test,latent_raw,small_cap,fpr5,0,permanent_removal,fpr5_permanent,5,0.0007120690,0.0007120690,0.00000000000000,true
permanent CSI,test,latent_raw,small_cap,fpr5,0,permanent_removal,fpr5_permanent,10,0.0003845041,0.0003845041,0.00000000000000,true
permanent CSI,test,latent_raw,small_cap,fpr5,0,permanent_removal,fpr5_permanent,20,-0.0002704103,-0.0002704103,0.00000000000000,true
permanent CSI,test,latent_raw,small_cap,youden,0,permanent_removal,youden_permanent,0,0.0057384416,0.0057384416,0.00000000000000,true
permanent CSI,test,latent_raw,small_cap,youden,0,permanent_removal,youden_permanent,5,0.0053756923,0.0053756923,0.00000000000000,true
permanent CSI,test,latent_raw,small_cap,youden,0,permanent_removal,youden_permanent,10,0.0050130299,0.0050130299,0.00000000000000,true
permanent CSI,test,latent_raw,small_cap,youden,0,permanent_removal,youden_permanent,20,0.0042879659,0.0042879659,0.00000000000000,true
permanent CSI,test,latent_raw,total_market,fpr1,0,permanent_removal,fpr1_permanent,0,0.0008136333,0.0008136333,0.00000000000000,true
permanent CSI,test,latent_raw,total_market,fpr1,0,permanent_removal,fpr1_permanent,5,0.0007747513,0.0007747513,0.00000000000000,true
permanent CSI,test,latent_raw,total_market,fpr1,0,permanent_removal,fpr1_permanent,10,0.0007358702,0.0007358702,0.00000000000000,true
permanent CSI,test,latent_raw,total_market,fpr1,0,permanent_removal,fpr1_permanent,20,0.0006581110,0.0006581110,0.00000000000000,true
permanent CSI,test,latent_raw,total_market,fpr3,0,permanent_removal,fpr3_permanent,0,0.0013629737,0.0013629737,0.00000000000000,true
permanent CSI,test,latent_raw,total_market,fpr3,0,permanent_removal,fpr3_permanent,5,0.0013241804,0.0013241804,0.00000000000000,true
permanent CSI,test,latent_raw,total_market,fpr3,0,permanent_removal,fpr3_permanent,10,0.0012853881,0.0012853881,0.00000000000000,true
permanent CSI,test,latent_raw,total_market,fpr3,0,permanent_removal,fpr3_permanent,20,0.0012078064,0.0012078064,0.00000000000000,true
permanent CSI,test,latent_raw,total_market,fpr5,0,permanent_removal,fpr5_permanent,0,0.0021873997,0.0021873997,0.00000000000000,true
permanent CSI,test,latent_raw,total_market,fpr5,0,permanent_removal,fpr5_permanent,5,0.0021485284,0.0021485284,0.00000000000000,true
permanent CSI,test,latent_raw,total_market,fpr5,0,permanent_removal,fpr5_permanent,10,0.0021096581,0.0021096581,0.00000000000000,true
permanent CSI,test,latent_raw,total_market,fpr5,0,permanent_removal,fpr5_permanent,20,0.0020319205,0.0020319205,0.00000000000000,true
permanent CSI,test,latent_raw,total_market,youden,0,permanent_removal,youden_permanent,0,0.0034582008,0.0034582008,0.00000000000000,true
permanent CSI,test,latent_raw,total_market,youden,0,permanent_removal,youden_permanent,5,0.0034126583,0.0034126583,0.00000000000000,true
permanent CSI,test,latent_raw,total_market,youden,0,permanent_removal,youden_permanent,10,0.0033671172,0.0033671172,0.00000000000000,true
permanent CSI,test,latent_raw,total_market,youden,0,permanent_removal,youden_permanent,20,0.0032760389,0.0032760389,0.00000000000000,true
temporary CSI,full,raw_plus_latent,large_cap,fpr1,1,lockout_1yr,fpr1_1yr,0,0.0000056812,0.0000056812,0.00000000000000,true
temporary CSI,full,raw_plus_latent,large_cap,fpr1,1,lockout_1yr,fpr1_1yr,5,-0.0000921359,-0.0000921359,0.00000000000000,true
temporary CSI,full,raw_plus_latent,large_cap,fpr1,1,lockout_1yr,fpr1_1yr,10,-0.0001899590,-0.0001899590,0.00000000000000,true
temporary CSI,full,raw_plus_latent,large_cap,fpr1,1,lockout_1yr,fpr1_1yr,20,-0.0003856230,-0.0003856230,0.00000000000000,true
temporary CSI,full,raw_plus_latent,large_cap,fpr1,2,lockout_2yr,fpr1_2yr,0,0.0000307821,0.0000307821,0.00000000000000,true
temporary CSI,full,raw_plus_latent,large_cap,fpr1,2,lockout_2yr,fpr1_2yr,5,-0.0000670266,-0.0000670266,0.00000000000000,true
temporary CSI,full,raw_plus_latent,large_cap,fpr1,2,lockout_2yr,fpr1_2yr,10,-0.0001648412,-0.0001648412,0.00000000000000,true
temporary CSI,full,raw_plus_latent,large_cap,fpr1,2,lockout_2yr,fpr1_2yr,20,-0.0003604883,-0.0003604883,0.00000000000000,true
temporary CSI,full,raw_plus_latent,large_cap,fpr1,3,lockout_3yr,fpr1_3yr,0,0.0000488921,0.0000488921,0.00000000000000,true
temporary CSI,full,raw_plus_latent,large_cap,fpr1,3,lockout_3yr,fpr1_3yr,5,-0.0000488151,-0.0000488151,0.00000000000000,true
temporary CSI,full,raw_plus_latent,large_cap,fpr1,3,lockout_3yr,fpr1_3yr,10,-0.0001465283,-0.0001465283,0.00000000000000,true
temporary CSI,full,raw_plus_latent,large_cap,fpr1,3,lockout_3yr,fpr1_3yr,20,-0.0003419726,-0.0003419726,0.00000000000000,true
temporary CSI,full,raw_plus_latent,large_cap,fpr1,5,lockout_5yr,fpr1_5yr,0,0.0000406936,0.0000406936,0.00000000000000,true
temporary CSI,full,raw_plus_latent,large_cap,fpr1,5,lockout_5yr,fpr1_5yr,5,-0.0000569448,-0.0000569448,0.00000000000000,true
temporary CSI,full,raw_plus_latent,large_cap,fpr1,5,lockout_5yr,fpr1_5yr,10,-0.0001545892,-0.0001545892,0.00000000000000,true
temporary CSI,full,raw_plus_latent,large_cap,fpr1,5,lockout_5yr,fpr1_5yr,20,-0.0003498959,-0.0003498959,0.00000000000000,true
temporary CSI,full,raw_plus_latent,large_cap,fpr3,1,lockout_1yr,fpr3_1yr,0,-0.0000203978,-0.0000203978,0.00000000000000,true
temporary CSI,full,raw_plus_latent,large_cap,fpr3,1,lockout_1yr,fpr3_1yr,5,-0.0001184695,-0.0001184695,0.00000000000000,true
temporary CSI,full,raw_plus_latent,large_cap,fpr3,1,lockout_1yr,fpr3_1yr,10,-0.0002165471,-0.0002165471,0.00000000000000,true
temporary CSI,full,raw_plus_latent,large_cap,fpr3,1,lockout_1yr,fpr3_1yr,20,-0.0004127201,-0.0004127201,0.00000000000000,true
temporary CSI,full,raw_plus_latent,large_cap,fpr3,2,lockout_2yr,fpr3_2yr,0,0.0001467199,0.0001467199,0.00000000000000,true
temporary CSI,full,raw_plus_latent,large_cap,fpr3,2,lockout_2yr,fpr3_2yr,5,0.0000490039,0.0000490039,0.00000000000000,true
temporary CSI,full,raw_plus_latent,large_cap,fpr3,2,lockout_2yr,fpr3_2yr,10,-0.0000487181,-0.0000487181,0.00000000000000,true
temporary CSI,full,raw_plus_latent,large_cap,fpr3,2,lockout_2yr,fpr3_2yr,20,-0.0002441800,-0.0002441800,0.00000000000000,true
temporary CSI,full,raw_plus_latent,large_cap,fpr3,3,lockout_3yr,fpr3_3yr,0,0.0003379377,0.0003379377,0.00000000000000,true
temporary CSI,full,raw_plus_latent,large_cap,fpr3,3,lockout_3yr,fpr3_3yr,5,0.0002406414,0.0002406414,0.00000000000000,true
temporary CSI,full,raw_plus_latent,large_cap,fpr3,3,lockout_3yr,fpr3_3yr,10,0.0001433390,0.0001433390,0.00000000000000,true
temporary CSI,full,raw_plus_latent,large_cap,fpr3,3,lockout_3yr,fpr3_3yr,20,-0.0000512839,-0.0000512839,0.00000000000000,true
temporary CSI,full,raw_plus_latent,large_cap,fpr3,5,lockout_5yr,fpr3_5yr,0,0.0003720838,0.0003720838,0.00000000000000,true
temporary CSI,full,raw_plus_latent,large_cap,fpr3,5,lockout_5yr,fpr3_5yr,5,0.0002751248,0.0002751248,0.00000000000000,true
temporary CSI,full,raw_plus_latent,large_cap,fpr3,5,lockout_5yr,fpr3_5yr,10,0.0001781596,0.0001781596,0.00000000000000,true
temporary CSI,full,raw_plus_latent,large_cap,fpr3,5,lockout_5yr,fpr3_5yr,20,-0.0000157889,-0.0000157889,0.00000000000000,true
temporary CSI,full,raw_plus_latent,large_cap,fpr5,1,lockout_1yr,fpr5_1yr,0,-0.0000379485,-0.0000379485,0.00000000000000,true
temporary CSI,full,raw_plus_latent,large_cap,fpr5,1,lockout_1yr,fpr5_1yr,5,-0.0001367677,-0.0001367677,0.00000000000000,true
temporary CSI,full,raw_plus_latent,large_cap,fpr5,1,lockout_1yr,fpr5_1yr,10,-0.0002355926,-0.0002355926,0.00000000000000,true
temporary CSI,full,raw_plus_latent,large_cap,fpr5,1,lockout_1yr,fpr5_1yr,20,-0.0004332601,-0.0004332601,0.00000000000000,true
temporary CSI,full,raw_plus_latent,large_cap,fpr5,2,lockout_2yr,fpr5_2yr,0,0.0001679405,0.0001679405,0.00000000000000,true
temporary CSI,full,raw_plus_latent,large_cap,fpr5,2,lockout_2yr,fpr5_2yr,5,0.0000697835,0.0000697835,0.00000000000000,true
temporary CSI,full,raw_plus_latent,large_cap,fpr5,2,lockout_2yr,fpr5_2yr,10,-0.0000283795,-0.0000283795,0.00000000000000,true
temporary CSI,full,raw_plus_latent,large_cap,fpr5,2,lockout_2yr,fpr5_2yr,20,-0.0002247232,-0.0002247232,0.00000000000000,true
temporary CSI,full,raw_plus_latent,large_cap,fpr5,3,lockout_3yr,fpr5_3yr,0,0.0004051937,0.0004051937,0.00000000000000,true
temporary CSI,full,raw_plus_latent,large_cap,fpr5,3,lockout_3yr,fpr5_3yr,5,0.0003076279,0.0003076279,0.00000000000000,true
temporary CSI,full,raw_plus_latent,large_cap,fpr5,3,lockout_3yr,fpr5_3yr,10,0.0002100562,0.0002100562,0.00000000000000,true
temporary CSI,full,raw_plus_latent,large_cap,fpr5,3,lockout_3yr,fpr5_3yr,20,0.0000148947,0.0000148947,0.00000000000000,true
temporary CSI,full,raw_plus_latent,large_cap,fpr5,5,lockout_5yr,fpr5_5yr,0,0.0007087143,0.0007087143,0.00000000000000,true
temporary CSI,full,raw_plus_latent,large_cap,fpr5,5,lockout_5yr,fpr5_5yr,5,0.0006118064,0.0006118064,0.00000000000000,true
temporary CSI,full,raw_plus_latent,large_cap,fpr5,5,lockout_5yr,fpr5_5yr,10,0.0005148925,0.0005148925,0.00000000000000,true
temporary CSI,full,raw_plus_latent,large_cap,fpr5,5,lockout_5yr,fpr5_5yr,20,0.0003210462,0.0003210462,0.00000000000000,true
temporary CSI,full,raw_plus_latent,large_cap,youden,1,lockout_1yr,youden_1yr,0,-0.0027150941,-0.0027150941,0.00000000000000,true
temporary CSI,full,raw_plus_latent,large_cap,youden,1,lockout_1yr,youden_1yr,5,-0.0028352977,-0.0028352977,0.00000000000000,true
temporary CSI,full,raw_plus_latent,large_cap,youden,1,lockout_1yr,youden_1yr,10,-0.0029555050,-0.0029555050,0.00000000000000,true
temporary CSI,full,raw_plus_latent,large_cap,youden,1,lockout_1yr,youden_1yr,20,-0.0031959306,-0.0031959306,0.00000000000000,true
temporary CSI,full,raw_plus_latent,large_cap,youden,2,lockout_2yr,youden_2yr,0,-0.0019701552,-0.0019701552,0.00000000000000,true
temporary CSI,full,raw_plus_latent,large_cap,youden,2,lockout_2yr,youden_2yr,5,-0.0020833820,-0.0020833820,0.00000000000000,true
temporary CSI,full,raw_plus_latent,large_cap,youden,2,lockout_2yr,youden_2yr,10,-0.0021966135,-0.0021966135,0.00000000000000,true
temporary CSI,full,raw_plus_latent,large_cap,youden,2,lockout_2yr,youden_2yr,20,-0.0024230908,-0.0024230908,0.00000000000000,true
temporary CSI,full,raw_plus_latent,large_cap,youden,3,lockout_3yr,youden_3yr,0,0.0005615989,0.0005615989,0.00000000000000,true
temporary CSI,full,raw_plus_latent,large_cap,youden,3,lockout_3yr,youden_3yr,5,0.0004546100,0.0004546100,0.00000000000000,true
temporary CSI,full,raw_plus_latent,large_cap,youden,3,lockout_3yr,youden_3yr,10,0.0003476158,0.0003476158,0.00000000000000,true
temporary CSI,full,raw_plus_latent,large_cap,youden,3,lockout_3yr,youden_3yr,20,0.0001336116,0.0001336116,0.00000000000000,true
temporary CSI,full,raw_plus_latent,large_cap,youden,5,lockout_5yr,youden_5yr,0,0.0003930802,0.0003930802,0.00000000000000,true
temporary CSI,full,raw_plus_latent,large_cap,youden,5,lockout_5yr,youden_5yr,5,0.0002882184,0.0002882184,0.00000000000000,true
temporary CSI,full,raw_plus_latent,large_cap,youden,5,lockout_5yr,youden_5yr,10,0.0001833509,0.0001833509,0.00000000000000,true
temporary CSI,full,raw_plus_latent,large_cap,youden,5,lockout_5yr,youden_5yr,20,-0.0000264009,-0.0000264009,0.00000000000000,true
temporary CSI,full,raw_plus_latent,mid_cap,fpr1,1,lockout_1yr,fpr1_1yr,0,-0.0000035096,-0.0000035096,0.00000000000000,true
temporary CSI,full,raw_plus_latent,mid_cap,fpr1,1,lockout_1yr,fpr1_1yr,5,-0.0005441860,-0.0005441860,0.00000000000000,true
temporary CSI,full,raw_plus_latent,mid_cap,fpr1,1,lockout_1yr,fpr1_1yr,10,-0.0010846778,-0.0010846778,0.00000000000000,true
temporary CSI,full,raw_plus_latent,mid_cap,fpr1,1,lockout_1yr,fpr1_1yr,20,-0.0021651075,-0.0021651075,0.00000000000000,true
temporary CSI,full,raw_plus_latent,mid_cap,fpr1,2,lockout_2yr,fpr1_2yr,0,0.0001522729,0.0001522729,0.00000000000000,true
temporary CSI,full,raw_plus_latent,mid_cap,fpr1,2,lockout_2yr,fpr1_2yr,5,-0.0003883197,-0.0003883197,0.00000000000000,true
temporary CSI,full,raw_plus_latent,mid_cap,fpr1,2,lockout_2yr,fpr1_2yr,10,-0.0009287278,-0.0009287278,0.00000000000000,true
temporary CSI,full,raw_plus_latent,mid_cap,fpr1,2,lockout_2yr,fpr1_2yr,20,-0.0020089903,-0.0020089903,0.00000000000000,true
temporary CSI,full,raw_plus_latent,mid_cap,fpr1,3,lockout_3yr,fpr1_3yr,0,0.0002557981,0.0002557981,0.00000000000000,true
temporary CSI,full,raw_plus_latent,mid_cap,fpr1,3,lockout_3yr,fpr1_3yr,5,-0.0002848313,-0.0002848313,0.00000000000000,true
temporary CSI,full,raw_plus_latent,mid_cap,fpr1,3,lockout_3yr,fpr1_3yr,10,-0.0008252762,-0.0008252762,0.00000000000000,true
temporary CSI,full,raw_plus_latent,mid_cap,fpr1,3,lockout_3yr,fpr1_3yr,20,-0.0019056122,-0.0019056122,0.00000000000000,true
temporary CSI,full,raw_plus_latent,mid_cap,fpr1,5,lockout_5yr,fpr1_5yr,0,0.0002079001,0.0002079001,-0.00000000000000,true
temporary CSI,full,raw_plus_latent,mid_cap,fpr1,5,lockout_5yr,fpr1_5yr,5,-0.0003324375,-0.0003324375,0.00000000000000,true
temporary CSI,full,raw_plus_latent,mid_cap,fpr1,5,lockout_5yr,fpr1_5yr,10,-0.0008725907,-0.0008725907,0.00000000000000,true
temporary CSI,full,raw_plus_latent,mid_cap,fpr1,5,lockout_5yr,fpr1_5yr,20,-0.0019523442,-0.0019523442,0.00000000000000,true
temporary CSI,full,raw_plus_latent,mid_cap,fpr3,1,lockout_1yr,fpr3_1yr,0,0.0000751061,0.0000751061,0.00000000000000,true
temporary CSI,full,raw_plus_latent,mid_cap,fpr3,1,lockout_1yr,fpr3_1yr,5,-0.0004658604,-0.0004658604,0.00000000000000,true
temporary CSI,full,raw_plus_latent,mid_cap,fpr3,1,lockout_1yr,fpr3_1yr,10,-0.0010066419,-0.0010066419,0.00000000000000,true
temporary CSI,full,raw_plus_latent,mid_cap,fpr3,1,lockout_1yr,fpr3_1yr,20,-0.0020876504,-0.0020876504,0.00000000000000,true
temporary CSI,full,raw_plus_latent,mid_cap,fpr3,2,lockout_2yr,fpr3_2yr,0,0.0007214068,0.0007214068,0.00000000000000,true
temporary CSI,full,raw_plus_latent,mid_cap,fpr3,2,lockout_2yr,fpr3_2yr,5,0.0001803474,0.0001803474,0.00000000000000,true
temporary CSI,full,raw_plus_latent,mid_cap,fpr3,2,lockout_2yr,fpr3_2yr,10,-0.0003605271,-0.0003605271,0.00000000000000,true
temporary CSI,full,raw_plus_latent,mid_cap,fpr3,2,lockout_2yr,fpr3_2yr,20,-0.0014417218,-0.0014417218,0.00000000000000,true
temporary CSI,full,raw_plus_latent,mid_cap,fpr3,3,lockout_3yr,fpr3_3yr,0,0.0015418231,0.0015418231,0.00000000000000,true
temporary CSI,full,raw_plus_latent,mid_cap,fpr3,3,lockout_3yr,fpr3_3yr,5,0.0010010017,0.0010010017,0.00000000000000,true
temporary CSI,full,raw_plus_latent,mid_cap,fpr3,3,lockout_3yr,fpr3_3yr,10,0.0004603649,0.0004603649,0.00000000000000,true
temporary CSI,full,raw_plus_latent,mid_cap,fpr3,3,lockout_3yr,fpr3_3yr,20,-0.0006203555,-0.0006203555,0.00000000000000,true
temporary CSI,full,raw_plus_latent,mid_cap,fpr3,5,lockout_5yr,fpr3_5yr,0,0.0015475348,0.0015475348,0.00000000000000,true
temporary CSI,full,raw_plus_latent,mid_cap,fpr3,5,lockout_5yr,fpr3_5yr,5,0.0010075871,0.0010075871,0.00000000000000,true
temporary CSI,full,raw_plus_latent,mid_cap,fpr3,5,lockout_5yr,fpr3_5yr,10,0.0004678232,0.0004678232,0.00000000000000,true
temporary CSI,full,raw_plus_latent,mid_cap,fpr3,5,lockout_5yr,fpr3_5yr,20,-0.0006111533,-0.0006111533,0.00000000000000,true
temporary CSI,full,raw_plus_latent,mid_cap,fpr5,1,lockout_1yr,fpr5_1yr,0,0.0002763701,0.0002763701,0.00000000000000,true
temporary CSI,full,raw_plus_latent,mid_cap,fpr5,1,lockout_1yr,fpr5_1yr,5,-0.0002652688,-0.0002652688,0.00000000000000,true
temporary CSI,full,raw_plus_latent,mid_cap,fpr5,1,lockout_1yr,fpr5_1yr,10,-0.0008067224,-0.0008067224,0.00000000000000,true
temporary CSI,full,raw_plus_latent,mid_cap,fpr5,1,lockout_1yr,fpr5_1yr,20,-0.0018890738,-0.0018890738,0.00000000000000,true
temporary CSI,full,raw_plus_latent,mid_cap,fpr5,2,lockout_2yr,fpr5_2yr,0,0.0009925486,0.0009925486,0.00000000000000,true
temporary CSI,full,raw_plus_latent,mid_cap,fpr5,2,lockout_2yr,fpr5_2yr,5,0.0004513403,0.0004513403,0.00000000000000,true
temporary CSI,full,raw_plus_latent,mid_cap,fpr5,2,lockout_2yr,fpr5_2yr,10,-0.0000896833,-0.0000896833,0.00000000000000,true
temporary CSI,full,raw_plus_latent,mid_cap,fpr5,2,lockout_2yr,fpr5_2yr,20,-0.0011711759,-0.0011711759,0.00000000000000,true
temporary CSI,full,raw_plus_latent,mid_cap,fpr5,3,lockout_3yr,fpr5_3yr,0,0.0017920297,0.0017920297,0.00000000000000,true
temporary CSI,full,raw_plus_latent,mid_cap,fpr5,3,lockout_3yr,fpr5_3yr,5,0.0012519827,0.0012519827,0.00000000000000,true
temporary CSI,full,raw_plus_latent,mid_cap,fpr5,3,lockout_3yr,fpr5_3yr,10,0.0007121194,0.0007121194,0.00000000000000,true
temporary CSI,full,raw_plus_latent,mid_cap,fpr5,3,lockout_3yr,fpr5_3yr,20,-0.0003670555,-0.0003670555,0.00000000000000,true
temporary CSI,full,raw_plus_latent,mid_cap,fpr5,5,lockout_5yr,fpr5_5yr,0,0.0021801484,0.0021801484,0.00000000000000,true
temporary CSI,full,raw_plus_latent,mid_cap,fpr5,5,lockout_5yr,fpr5_5yr,5,0.0016410432,0.0016410432,0.00000000000000,true
temporary CSI,full,raw_plus_latent,mid_cap,fpr5,5,lockout_5yr,fpr5_5yr,10,0.0011021210,0.0011021210,0.00000000000000,true
temporary CSI,full,raw_plus_latent,mid_cap,fpr5,5,lockout_5yr,fpr5_5yr,20,0.0000248255,0.0000248255,0.00000000000000,true
temporary CSI,full,raw_plus_latent,mid_cap,youden,1,lockout_1yr,youden_1yr,0,-0.0025043366,-0.0025043366,0.00000000000000,true
temporary CSI,full,raw_plus_latent,mid_cap,youden,1,lockout_1yr,youden_1yr,5,-0.0030676348,-0.0030676348,0.00000000000000,true
temporary CSI,full,raw_plus_latent,mid_cap,youden,1,lockout_1yr,youden_1yr,10,-0.0036307339,-0.0036307339,0.00000000000000,true
temporary CSI,full,raw_plus_latent,mid_cap,youden,1,lockout_1yr,youden_1yr,20,-0.0047563353,-0.0047563353,0.00000000000000,true
temporary CSI,full,raw_plus_latent,mid_cap,youden,2,lockout_2yr,youden_2yr,0,-0.0018569212,-0.0018569212,0.00000000000000,true
temporary CSI,full,raw_plus_latent,mid_cap,youden,2,lockout_2yr,youden_2yr,5,-0.0024100818,-0.0024100818,0.00000000000000,true
temporary CSI,full,raw_plus_latent,mid_cap,youden,2,lockout_2yr,youden_2yr,10,-0.0029630505,-0.0029630505,0.00000000000000,true
temporary CSI,full,raw_plus_latent,mid_cap,youden,2,lockout_2yr,youden_2yr,20,-0.0040684125,-0.0040684125,0.00000000000000,true
temporary CSI,full,raw_plus_latent,mid_cap,youden,3,lockout_3yr,youden_3yr,0,-0.0010995871,-0.0010995871,0.00000000000000,true
temporary CSI,full,raw_plus_latent,mid_cap,youden,3,lockout_3yr,youden_3yr,5,-0.0016470768,-0.0016470768,0.00000000000000,true
temporary CSI,full,raw_plus_latent,mid_cap,youden,3,lockout_3yr,youden_3yr,10,-0.0021943792,-0.0021943792,0.00000000000000,true
temporary CSI,full,raw_plus_latent,mid_cap,youden,3,lockout_3yr,youden_3yr,20,-0.0032884221,-0.0032884221,0.00000000000000,true
temporary CSI,full,raw_plus_latent,mid_cap,youden,5,lockout_5yr,youden_5yr,0,-0.0025582435,-0.0025582435,0.00000000000000,true
temporary CSI,full,raw_plus_latent,mid_cap,youden,5,lockout_5yr,youden_5yr,5,-0.0030990119,-0.0030990119,0.00000000000000,true
temporary CSI,full,raw_plus_latent,mid_cap,youden,5,lockout_5yr,youden_5yr,10,-0.0036395969,-0.0036395969,0.00000000000000,true
temporary CSI,full,raw_plus_latent,mid_cap,youden,5,lockout_5yr,youden_5yr,20,-0.0047202173,-0.0047202173,0.00000000000000,true
temporary CSI,full,raw_plus_latent,small_cap,fpr1,1,lockout_1yr,fpr1_1yr,0,0.0002378274,0.0002378274,0.00000000000000,true
temporary CSI,full,raw_plus_latent,small_cap,fpr1,1,lockout_1yr,fpr1_1yr,5,-0.0001607308,-0.0001607308,0.00000000000000,true
temporary CSI,full,raw_plus_latent,small_cap,fpr1,1,lockout_1yr,fpr1_1yr,10,-0.0005591925,-0.0005591925,0.00000000000000,true
temporary CSI,full,raw_plus_latent,small_cap,fpr1,1,lockout_1yr,fpr1_1yr,20,-0.0013558266,-0.0013558266,0.00000000000000,true
temporary CSI,full,raw_plus_latent,small_cap,fpr1,2,lockout_2yr,fpr1_2yr,0,0.0006217006,0.0006217006,0.00000000000000,true
temporary CSI,full,raw_plus_latent,small_cap,fpr1,2,lockout_2yr,fpr1_2yr,5,0.0002227472,0.0002227472,0.00000000000000,true
temporary CSI,full,raw_plus_latent,small_cap,fpr1,2,lockout_2yr,fpr1_2yr,10,-0.0001761095,-0.0001761095,0.00000000000000,true
temporary CSI,full,raw_plus_latent,small_cap,fpr1,2,lockout_2yr,fpr1_2yr,20,-0.0009735333,-0.0009735333,0.00000000000000,true
temporary CSI,full,raw_plus_latent,small_cap,fpr1,3,lockout_3yr,fpr1_3yr,0,0.0006631495,0.0006631495,0.00000000000000,true
temporary CSI,full,raw_plus_latent,small_cap,fpr1,3,lockout_3yr,fpr1_3yr,5,0.0002648774,0.0002648774,0.00000000000000,true
temporary CSI,full,raw_plus_latent,small_cap,fpr1,3,lockout_3yr,fpr1_3yr,10,-0.0001332984,-0.0001332984,0.00000000000000,true
temporary CSI,full,raw_plus_latent,small_cap,fpr1,3,lockout_3yr,fpr1_3yr,20,-0.0009293614,-0.0009293614,0.00000000000000,true
temporary CSI,full,raw_plus_latent,small_cap,fpr1,5,lockout_5yr,fpr1_5yr,0,0.0009826033,0.0009826033,0.00000000000000,true
temporary CSI,full,raw_plus_latent,small_cap,fpr1,5,lockout_5yr,fpr1_5yr,5,0.0005849208,0.0005849208,0.00000000000000,true
temporary CSI,full,raw_plus_latent,small_cap,fpr1,5,lockout_5yr,fpr1_5yr,10,0.0001873341,0.0001873341,0.00000000000000,true
temporary CSI,full,raw_plus_latent,small_cap,fpr1,5,lockout_5yr,fpr1_5yr,20,-0.0006075514,-0.0006075514,0.00000000000000,true
temporary CSI,full,raw_plus_latent,small_cap,fpr3,1,lockout_1yr,fpr3_1yr,0,-0.0000129940,-0.0000129940,0.00000000000000,true
temporary CSI,full,raw_plus_latent,small_cap,fpr3,1,lockout_1yr,fpr3_1yr,5,-0.0004115895,-0.0004115895,0.00000000000000,true
temporary CSI,full,raw_plus_latent,small_cap,fpr3,1,lockout_1yr,fpr3_1yr,10,-0.0008100885,-0.0008100885,0.00000000000000,true
temporary CSI,full,raw_plus_latent,small_cap,fpr3,1,lockout_1yr,fpr3_1yr,20,-0.0016067971,-0.0016067971,0.00000000000000,true
temporary CSI,full,raw_plus_latent,small_cap,fpr3,2,lockout_2yr,fpr3_2yr,0,0.0003471050,0.0003471050,0.00000000000000,true
temporary CSI,full,raw_plus_latent,small_cap,fpr3,2,lockout_2yr,fpr3_2yr,5,-0.0000516308,-0.0000516308,0.00000000000000,true
temporary CSI,full,raw_plus_latent,small_cap,fpr3,2,lockout_2yr,fpr3_2yr,10,-0.0004502701,-0.0004502701,0.00000000000000,true
temporary CSI,full,raw_plus_latent,small_cap,fpr3,2,lockout_2yr,fpr3_2yr,20,-0.0012472593,-0.0012472593,0.00000000000000,true
temporary CSI,full,raw_plus_latent,small_cap,fpr3,3,lockout_3yr,fpr3_3yr,0,0.0009423289,0.0009423289,0.00000000000000,true
temporary CSI,full,raw_plus_latent,small_cap,fpr3,3,lockout_3yr,fpr3_3yr,5,0.0005445462,0.0005445462,0.00000000000000,true
temporary CSI,full,raw_plus_latent,small_cap,fpr3,3,lockout_3yr,fpr3_3yr,10,0.0001468594,0.0001468594,0.00000000000000,true
temporary CSI,full,raw_plus_latent,small_cap,fpr3,3,lockout_3yr,fpr3_3yr,20,-0.0006482266,-0.0006482266,0.00000000000000,true
temporary CSI,full,raw_plus_latent,small_cap,fpr3,5,lockout_5yr,fpr3_5yr,0,0.0013425198,0.0013425198,0.00000000000000,true
temporary CSI,full,raw_plus_latent,small_cap,fpr3,5,lockout_5yr,fpr3_5yr,5,0.0009475040,0.0009475040,0.00000000000000,true
temporary CSI,full,raw_plus_latent,small_cap,fpr3,5,lockout_5yr,fpr3_5yr,10,0.0005525827,0.0005525827,0.00000000000000,true
temporary CSI,full,raw_plus_latent,small_cap,fpr3,5,lockout_5yr,fpr3_5yr,20,-0.0002369769,-0.0002369769,0.00000000000000,true
temporary CSI,full,raw_plus_latent,small_cap,fpr5,1,lockout_1yr,fpr5_1yr,0,-0.0003810562,-0.0003810562,0.00000000000000,true
temporary CSI,full,raw_plus_latent,small_cap,fpr5,1,lockout_1yr,fpr5_1yr,5,-0.0007816908,-0.0007816908,0.00000000000000,true
temporary CSI,full,raw_plus_latent,small_cap,fpr5,1,lockout_1yr,fpr5_1yr,10,-0.0011822278,-0.0011822278,0.00000000000000,true
temporary CSI,full,raw_plus_latent,small_cap,fpr5,1,lockout_1yr,fpr5_1yr,20,-0.0019830087,-0.0019830087,0.00000000000000,true
temporary CSI,full,raw_plus_latent,small_cap,fpr5,2,lockout_2yr,fpr5_2yr,0,0.0000156024,0.0000156024,0.00000000000000,true
temporary CSI,full,raw_plus_latent,small_cap,fpr5,2,lockout_2yr,fpr5_2yr,5,-0.0003866234,-0.0003866234,0.00000000000000,true
temporary CSI,full,raw_plus_latent,small_cap,fpr5,2,lockout_2yr,fpr5_2yr,10,-0.0007887508,-0.0007887508,0.00000000000000,true
temporary CSI,full,raw_plus_latent,small_cap,fpr5,2,lockout_2yr,fpr5_2yr,20,-0.0015927106,-0.0015927106,0.00000000000000,true
temporary CSI,full,raw_plus_latent,small_cap,fpr5,3,lockout_3yr,fpr5_3yr,0,0.0004871725,0.0004871725,0.00000000000000,true
temporary CSI,full,raw_plus_latent,small_cap,fpr5,3,lockout_3yr,fpr5_3yr,5,0.0000869471,0.0000869471,0.00000000000000,true
temporary CSI,full,raw_plus_latent,small_cap,fpr5,3,lockout_3yr,fpr5_3yr,10,-0.0003131810,-0.0003131810,0.00000000000000,true
temporary CSI,full,raw_plus_latent,small_cap,fpr5,3,lockout_3yr,fpr5_3yr,20,-0.0011131453,-0.0011131453,0.00000000000000,true
temporary CSI,full,raw_plus_latent,small_cap,fpr5,5,lockout_5yr,fpr5_5yr,0,0.0006884100,0.0006884100,0.00000000000000,true
temporary CSI,full,raw_plus_latent,small_cap,fpr5,5,lockout_5yr,fpr5_5yr,5,0.0002908747,0.0002908747,0.00000000000000,true
temporary CSI,full,raw_plus_latent,small_cap,fpr5,5,lockout_5yr,fpr5_5yr,10,-0.0001065648,-0.0001065648,0.00000000000000,true
temporary CSI,full,raw_plus_latent,small_cap,fpr5,5,lockout_5yr,fpr5_5yr,20,-0.0009011565,-0.0009011565,0.00000000000000,true
temporary CSI,full,raw_plus_latent,small_cap,youden,1,lockout_1yr,youden_1yr,0,0.0003143205,0.0003143205,0.00000000000000,true
temporary CSI,full,raw_plus_latent,small_cap,youden,1,lockout_1yr,youden_1yr,5,-0.0001302359,-0.0001302359,0.00000000000000,true
temporary CSI,full,raw_plus_latent,small_cap,youden,1,lockout_1yr,youden_1yr,10,-0.0005746738,-0.0005746738,0.00000000000000,true
temporary CSI,full,raw_plus_latent,small_cap,youden,1,lockout_1yr,youden_1yr,20,-0.0014631944,-0.0014631944,0.00000000000000,true
temporary CSI,full,raw_plus_latent,small_cap,youden,2,lockout_2yr,youden_2yr,0,0.0018250302,0.0018250302,0.00000000000000,true
temporary CSI,full,raw_plus_latent,small_cap,youden,2,lockout_2yr,youden_2yr,5,0.0013930871,0.0013930871,0.00000000000000,true
temporary CSI,full,raw_plus_latent,small_cap,youden,2,lockout_2yr,youden_2yr,10,0.0009612557,0.0009612557,0.00000000000000,true
temporary CSI,full,raw_plus_latent,small_cap,youden,2,lockout_2yr,youden_2yr,20,0.0000979278,0.0000979278,0.00000000000000,true
temporary CSI,full,raw_plus_latent,small_cap,youden,3,lockout_3yr,youden_3yr,0,0.0029056016,0.0029056016,0.00000000000000,true
temporary CSI,full,raw_plus_latent,small_cap,youden,3,lockout_3yr,youden_3yr,5,0.0024810490,0.0024810490,0.00000000000000,true
temporary CSI,full,raw_plus_latent,small_cap,youden,3,lockout_3yr,youden_3yr,10,0.0020566046,0.0020566046,0.00000000000000,true
temporary CSI,full,raw_plus_latent,small_cap,youden,3,lockout_3yr,youden_3yr,20,0.0012080398,0.0012080398,0.00000000000000,true
temporary CSI,full,raw_plus_latent,small_cap,youden,5,lockout_5yr,youden_5yr,0,0.0020442425,0.0020442425,0.00000000000000,true
temporary CSI,full,raw_plus_latent,small_cap,youden,5,lockout_5yr,youden_5yr,5,0.0016223683,0.0016223683,0.00000000000000,true
temporary CSI,full,raw_plus_latent,small_cap,youden,5,lockout_5yr,youden_5yr,10,0.0012006010,0.0012006010,0.00000000000000,true
temporary CSI,full,raw_plus_latent,small_cap,youden,5,lockout_5yr,youden_5yr,20,0.0003573871,0.0003573871,0.00000000000000,true
temporary CSI,full,raw_plus_latent,total_market,fpr1,1,lockout_1yr,fpr1_1yr,0,0.0000671630,0.0000671630,0.00000000000000,true
temporary CSI,full,raw_plus_latent,total_market,fpr1,1,lockout_1yr,fpr1_1yr,5,-0.0000012725,-0.0000012725,0.00000000000000,true
temporary CSI,full,raw_plus_latent,total_market,fpr1,1,lockout_1yr,fpr1_1yr,10,-0.0000697176,-0.0000697176,0.00000000000000,true
temporary CSI,full,raw_plus_latent,total_market,fpr1,1,lockout_1yr,fpr1_1yr,20,-0.0002066362,-0.0002066362,0.00000000000000,true
temporary CSI,full,raw_plus_latent,total_market,fpr1,2,lockout_2yr,fpr1_2yr,0,0.0001461451,0.0001461451,0.00000000000000,true
temporary CSI,full,raw_plus_latent,total_market,fpr1,2,lockout_2yr,fpr1_2yr,5,0.0000777540,0.0000777540,0.00000000000000,true
temporary CSI,full,raw_plus_latent,total_market,fpr1,2,lockout_2yr,fpr1_2yr,10,0.0000093533,0.0000093533,0.00000000000000,true
temporary CSI,full,raw_plus_latent,total_market,fpr1,2,lockout_2yr,fpr1_2yr,20,-0.0001274765,-0.0001274765,0.00000000000000,true
temporary CSI,full,raw_plus_latent,total_market,fpr1,3,lockout_3yr,fpr1_3yr,0,0.0001851580,0.0001851580,0.00000000000000,true
temporary CSI,full,raw_plus_latent,total_market,fpr1,3,lockout_3yr,fpr1_3yr,5,0.0001168655,0.0001168655,0.00000000000000,true
temporary CSI,full,raw_plus_latent,total_market,fpr1,3,lockout_3yr,fpr1_3yr,10,0.0000485634,0.0000485634,0.00000000000000,true
temporary CSI,full,raw_plus_latent,total_market,fpr1,3,lockout_3yr,fpr1_3yr,20,-0.0000880692,-0.0000880692,0.00000000000000,true
temporary CSI,full,raw_plus_latent,total_market,fpr1,5,lockout_5yr,fpr1_5yr,0,0.0002607251,0.0002607251,0.00000000000000,true
temporary CSI,full,raw_plus_latent,total_market,fpr1,5,lockout_5yr,fpr1_5yr,5,0.0001926029,0.0001926029,0.00000000000000,true
temporary CSI,full,raw_plus_latent,total_market,fpr1,5,lockout_5yr,fpr1_5yr,10,0.0001244712,0.0001244712,0.00000000000000,true
temporary CSI,full,raw_plus_latent,total_market,fpr1,5,lockout_5yr,fpr1_5yr,20,-0.0000118209,-0.0000118209,0.00000000000000,true
temporary CSI,full,raw_plus_latent,total_market,fpr3,1,lockout_1yr,fpr3_1yr,0,0.0000874590,0.0000874590,0.00000000000000,true
temporary CSI,full,raw_plus_latent,total_market,fpr3,1,lockout_1yr,fpr3_1yr,5,0.0000178707,0.0000178707,0.00000000000000,true
temporary CSI,full,raw_plus_latent,total_market,fpr3,1,lockout_1yr,fpr3_1yr,10,-0.0000517269,-0.0000517269,0.00000000000000,true
temporary CSI,full,raw_plus_latent,total_market,fpr3,1,lockout_1yr,fpr3_1yr,20,-0.0001909504,-0.0001909504,0.00000000000000,true
temporary CSI,full,raw_plus_latent,total_market,fpr3,2,lockout_2yr,fpr3_2yr,0,0.0003183466,0.0003183466,0.00000000000000,true
temporary CSI,full,raw_plus_latent,total_market,fpr3,2,lockout_2yr,fpr3_2yr,5,0.0002489829,0.0002489829,0.00000000000000,true
temporary CSI,full,raw_plus_latent,total_market,fpr3,2,lockout_2yr,fpr3_2yr,10,0.0001796098,0.0001796098,0.00000000000000,true
temporary CSI,full,raw_plus_latent,total_market,fpr3,2,lockout_2yr,fpr3_2yr,20,0.0000408354,0.0000408354,0.00000000000000,true
temporary CSI,full,raw_plus_latent,total_market,fpr3,3,lockout_3yr,fpr3_3yr,0,0.0005811978,0.0005811978,0.00000000000000,true
temporary CSI,full,raw_plus_latent,total_market,fpr3,3,lockout_3yr,fpr3_3yr,5,0.0005122752,0.0005122752,0.00000000000000,true
temporary CSI,full,raw_plus_latent,total_market,fpr3,3,lockout_3yr,fpr3_3yr,10,0.0004433431,0.0004433431,0.00000000000000,true
temporary CSI,full,raw_plus_latent,total_market,fpr3,3,lockout_3yr,fpr3_3yr,20,0.0003054505,0.0003054505,0.00000000000000,true
temporary CSI,full,raw_plus_latent,total_market,fpr3,5,lockout_5yr,fpr3_5yr,0,0.0006917567,0.0006917567,0.00000000000000,true
temporary CSI,full,raw_plus_latent,total_market,fpr3,5,lockout_5yr,fpr3_5yr,5,0.0006232180,0.0006232180,0.00000000000000,true
temporary CSI,full,raw_plus_latent,total_market,fpr3,5,lockout_5yr,fpr3_5yr,10,0.0005546698,0.0005546698,0.00000000000000,true
temporary CSI,full,raw_plus_latent,total_market,fpr3,5,lockout_5yr,fpr3_5yr,20,0.0004175448,0.0004175448,0.00000000000000,true
temporary CSI,full,raw_plus_latent,total_market,fpr5,1,lockout_1yr,fpr5_1yr,0,0.0000644893,0.0000644893,0.00000000000000,true
temporary CSI,full,raw_plus_latent,total_market,fpr5,1,lockout_1yr,fpr5_1yr,5,-0.0000064243,-0.0000064243,0.00000000000000,true
temporary CSI,full,raw_plus_latent,total_market,fpr5,1,lockout_1yr,fpr5_1yr,10,-0.0000773471,-0.0000773471,0.00000000000000,true
temporary CSI,full,raw_plus_latent,total_market,fpr5,1,lockout_1yr,fpr5_1yr,20,-0.0002192206,-0.0002192206,0.00000000000000,true
temporary CSI,full,raw_plus_latent,total_market,fpr5,2,lockout_2yr,fpr5_2yr,0,0.0003454592,0.0003454592,0.00000000000000,true
temporary CSI,full,raw_plus_latent,total_market,fpr5,2,lockout_2yr,fpr5_2yr,5,0.0002749588,0.0002749588,0.00000000000000,true
temporary CSI,full,raw_plus_latent,total_market,fpr5,2,lockout_2yr,fpr5_2yr,10,0.0002044490,0.0002044490,0.00000000000000,true
temporary CSI,full,raw_plus_latent,total_market,fpr5,2,lockout_2yr,fpr5_2yr,20,0.0000634015,0.0000634015,0.00000000000000,true
temporary CSI,full,raw_plus_latent,total_market,fpr5,3,lockout_3yr,fpr5_3yr,0,0.0006452980,0.0006452980,0.00000000000000,true
temporary CSI,full,raw_plus_latent,total_market,fpr5,3,lockout_3yr,fpr5_3yr,5,0.0005754974,0.0005754974,0.00000000000000,true
temporary CSI,full,raw_plus_latent,total_market,fpr5,3,lockout_3yr,fpr5_3yr,10,0.0005056874,0.0005056874,0.00000000000000,true
temporary CSI,full,raw_plus_latent,total_market,fpr5,3,lockout_3yr,fpr5_3yr,20,0.0003660392,0.0003660392,0.00000000000000,true
temporary CSI,full,raw_plus_latent,total_market,fpr5,5,lockout_5yr,fpr5_5yr,0,0.0009594864,0.0009594864,0.00000000000000,true
temporary CSI,full,raw_plus_latent,total_market,fpr5,5,lockout_5yr,fpr5_5yr,5,0.0008904021,0.0008904021,0.00000000000000,true
temporary CSI,full,raw_plus_latent,total_market,fpr5,5,lockout_5yr,fpr5_5yr,10,0.0008213083,0.0008213083,0.00000000000000,true
temporary CSI,full,raw_plus_latent,total_market,fpr5,5,lockout_5yr,fpr5_5yr,20,0.0006830924,0.0006830924,0.00000000000000,true
temporary CSI,full,raw_plus_latent,total_market,youden,1,lockout_1yr,youden_1yr,0,-0.0022440195,-0.0022440195,0.00000000000000,true
temporary CSI,full,raw_plus_latent,total_market,youden,1,lockout_1yr,youden_1yr,5,-0.0023456160,-0.0023456160,0.00000000000000,true
temporary CSI,full,raw_plus_latent,total_market,youden,1,lockout_1yr,youden_1yr,10,-0.0024472196,-0.0024472196,0.00000000000000,true
temporary CSI,full,raw_plus_latent,total_market,youden,1,lockout_1yr,youden_1yr,20,-0.0026504479,-0.0026504479,0.00000000000000,true
temporary CSI,full,raw_plus_latent,total_market,youden,2,lockout_2yr,youden_2yr,0,-0.0014019874,-0.0014019874,0.00000000000000,true
temporary CSI,full,raw_plus_latent,total_market,youden,2,lockout_2yr,youden_2yr,5,-0.0014959185,-0.0014959185,0.00000000000000,true
temporary CSI,full,raw_plus_latent,total_market,youden,2,lockout_2yr,youden_2yr,10,-0.0015898573,-0.0015898573,0.00000000000000,true
temporary CSI,full,raw_plus_latent,total_market,youden,2,lockout_2yr,youden_2yr,20,-0.0017777588,-0.0017777588,0.00000000000000,true
temporary CSI,full,raw_plus_latent,total_market,youden,3,lockout_3yr,youden_3yr,0,0.0010415735,0.0010415735,0.00000000000000,true
temporary CSI,full,raw_plus_latent,total_market,youden,3,lockout_3yr,youden_3yr,5,0.0009536412,0.0009536412,0.00000000000000,true
temporary CSI,full,raw_plus_latent,total_market,youden,3,lockout_3yr,youden_3yr,10,0.0008657008,0.0008657008,0.00000000000000,true
temporary CSI,full,raw_plus_latent,total_market,youden,3,lockout_3yr,youden_3yr,20,0.0006897955,0.0006897955,0.00000000000000,true
temporary CSI,full,raw_plus_latent,total_market,youden,5,lockout_5yr,youden_5yr,0,0.0007801345,0.0007801345,0.00000000000000,true
temporary CSI,full,raw_plus_latent,total_market,youden,5,lockout_5yr,youden_5yr,5,0.0006943762,0.0006943762,0.00000000000000,true
temporary CSI,full,raw_plus_latent,total_market,youden,5,lockout_5yr,youden_5yr,10,0.0006086095,0.0006086095,0.00000000000000,true
temporary CSI,full,raw_plus_latent,total_market,youden,5,lockout_5yr,youden_5yr,20,0.0004370509,0.0004370509,0.00000000000000,true
temporary CSI,insample,raw_plus_latent,large_cap,fpr1,1,lockout_1yr,fpr1_1yr,0,-0.0000005666,-0.0000005666,0.00000000000000,true
temporary CSI,insample,raw_plus_latent,large_cap,fpr1,1,lockout_1yr,fpr1_1yr,5,-0.0001193425,-0.0001193425,0.00000000000000,true
temporary CSI,insample,raw_plus_latent,large_cap,fpr1,1,lockout_1yr,fpr1_1yr,10,-0.0002381289,-0.0002381289,0.00000000000000,true
temporary CSI,insample,raw_plus_latent,large_cap,fpr1,1,lockout_1yr,fpr1_1yr,20,-0.0004757334,-0.0004757334,0.00000000000000,true
temporary CSI,insample,raw_plus_latent,large_cap,fpr1,2,lockout_2yr,fpr1_2yr,0,0.0000390682,0.0000390682,0.00000000000000,true
temporary CSI,insample,raw_plus_latent,large_cap,fpr1,2,lockout_2yr,fpr1_2yr,5,-0.0000796808,-0.0000796808,0.00000000000000,true
temporary CSI,insample,raw_plus_latent,large_cap,fpr1,2,lockout_2yr,fpr1_2yr,10,-0.0001984403,-0.0001984403,0.00000000000000,true
temporary CSI,insample,raw_plus_latent,large_cap,fpr1,2,lockout_2yr,fpr1_2yr,20,-0.0004359910,-0.0004359910,0.00000000000000,true
temporary CSI,insample,raw_plus_latent,large_cap,fpr1,3,lockout_3yr,fpr1_3yr,0,0.0000401127,0.0000401127,0.00000000000000,true
temporary CSI,insample,raw_plus_latent,large_cap,fpr1,3,lockout_3yr,fpr1_3yr,5,-0.0000785608,-0.0000785608,0.00000000000000,true
temporary CSI,insample,raw_plus_latent,large_cap,fpr1,3,lockout_3yr,fpr1_3yr,10,-0.0001972448,-0.0001972448,0.00000000000000,true
temporary CSI,insample,raw_plus_latent,large_cap,fpr1,3,lockout_3yr,fpr1_3yr,20,-0.0004346445,-0.0004346445,0.00000000000000,true
temporary CSI,insample,raw_plus_latent,large_cap,fpr1,5,lockout_5yr,fpr1_5yr,0,0.0000014181,0.0000014181,0.00000000000000,true
temporary CSI,insample,raw_plus_latent,large_cap,fpr1,5,lockout_5yr,fpr1_5yr,5,-0.0001172603,-0.0001172603,0.00000000000000,true
temporary CSI,insample,raw_plus_latent,large_cap,fpr1,5,lockout_5yr,fpr1_5yr,10,-0.0002359492,-0.0002359492,0.00000000000000,true
temporary CSI,insample,raw_plus_latent,large_cap,fpr1,5,lockout_5yr,fpr1_5yr,20,-0.0004733587,-0.0004733587,0.00000000000000,true
temporary CSI,insample,raw_plus_latent,large_cap,fpr3,1,lockout_1yr,fpr3_1yr,0,0.0000475463,0.0000475463,0.00000000000000,true
temporary CSI,insample,raw_plus_latent,large_cap,fpr3,1,lockout_1yr,fpr3_1yr,5,-0.0000714364,-0.0000714364,0.00000000000000,true
temporary CSI,insample,raw_plus_latent,large_cap,fpr3,1,lockout_1yr,fpr3_1yr,10,-0.0001904297,-0.0001904297,0.00000000000000,true
temporary CSI,insample,raw_plus_latent,large_cap,fpr3,1,lockout_1yr,fpr3_1yr,20,-0.0004284476,-0.0004284476,0.00000000000000,true
temporary CSI,insample,raw_plus_latent,large_cap,fpr3,2,lockout_2yr,fpr3_2yr,0,0.0001697615,0.0001697615,0.00000000000000,true
temporary CSI,insample,raw_plus_latent,large_cap,fpr3,2,lockout_2yr,fpr3_2yr,5,0.0000509410,0.0000509410,0.00000000000000,true
temporary CSI,insample,raw_plus_latent,large_cap,fpr3,2,lockout_2yr,fpr3_2yr,10,-0.0000678900,-0.0000678900,0.00000000000000,true
temporary CSI,insample,raw_plus_latent,large_cap,fpr3,2,lockout_2yr,fpr3_2yr,20,-0.0003055835,-0.0003055835,0.00000000000000,true
temporary CSI,insample,raw_plus_latent,large_cap,fpr3,3,lockout_3yr,fpr3_3yr,0,0.0003054866,0.0003054866,0.00000000000000,true
temporary CSI,insample,raw_plus_latent,large_cap,fpr3,3,lockout_3yr,fpr3_3yr,5,0.0001870066,0.0001870066,0.00000000000000,true
temporary CSI,insample,raw_plus_latent,large_cap,fpr3,3,lockout_3yr,fpr3_3yr,10,0.0000685161,0.0000685161,0.00000000000000,true
temporary CSI,insample,raw_plus_latent,large_cap,fpr3,3,lockout_3yr,fpr3_3yr,20,-0.0001684969,-0.0001684969,0.00000000000000,true
temporary CSI,insample,raw_plus_latent,large_cap,fpr3,5,lockout_5yr,fpr3_5yr,0,0.0002613668,0.0002613668,0.00000000000000,true
temporary CSI,insample,raw_plus_latent,large_cap,fpr3,5,lockout_5yr,fpr3_5yr,5,0.0001432218,0.0001432218,0.00000000000000,true
temporary CSI,insample,raw_plus_latent,large_cap,fpr3,5,lockout_5yr,fpr3_5yr,10,0.0000250662,0.0000250662,0.00000000000000,true
temporary CSI,insample,raw_plus_latent,large_cap,fpr3,5,lockout_5yr,fpr3_5yr,20,-0.0002112769,-0.0002112769,0.00000000000000,true
temporary CSI,insample,raw_plus_latent,large_cap,fpr5,1,lockout_1yr,fpr5_1yr,0,-0.0000008687,-0.0000008687,0.00000000000000,true
temporary CSI,insample,raw_plus_latent,large_cap,fpr5,1,lockout_1yr,fpr5_1yr,5,-0.0001209997,-0.0001209997,0.00000000000000,true
temporary CSI,insample,raw_plus_latent,large_cap,fpr5,1,lockout_1yr,fpr5_1yr,10,-0.0002411409,-0.0002411409,0.00000000000000,true
temporary CSI,insample,raw_plus_latent,large_cap,fpr5,1,lockout_1yr,fpr5_1yr,20,-0.0004814542,-0.0004814542,0.00000000000000,true
temporary CSI,insample,raw_plus_latent,large_cap,fpr5,2,lockout_2yr,fpr5_2yr,0,0.0002131533,0.0002131533,0.00000000000000,true
temporary CSI,insample,raw_plus_latent,large_cap,fpr5,2,lockout_2yr,fpr5_2yr,5,0.0000936771,0.0000936771,0.00000000000000,true
temporary CSI,insample,raw_plus_latent,large_cap,fpr5,2,lockout_2yr,fpr5_2yr,10,-0.0000258095,-0.0000258095,0.00000000000000,true
temporary CSI,insample,raw_plus_latent,large_cap,fpr5,2,lockout_2yr,fpr5_2yr,20,-0.0002648140,-0.0002648140,0.00000000000000,true
temporary CSI,insample,raw_plus_latent,large_cap,fpr5,3,lockout_3yr,fpr5_3yr,0,0.0004764551,0.0004764551,0.00000000000000,true
temporary CSI,insample,raw_plus_latent,large_cap,fpr5,3,lockout_3yr,fpr5_3yr,5,0.0003574758,0.0003574758,0.00000000000000,true
temporary CSI,insample,raw_plus_latent,large_cap,fpr5,3,lockout_3yr,fpr5_3yr,10,0.0002384859,0.0002384859,0.00000000000000,true
temporary CSI,insample,raw_plus_latent,large_cap,fpr5,3,lockout_3yr,fpr5_3yr,20,0.0000004747,0.0000004747,0.00000000000000,true
temporary CSI,insample,raw_plus_latent,large_cap,fpr5,5,lockout_5yr,fpr5_5yr,0,0.0006914440,0.0006914440,0.00000000000000,true
temporary CSI,insample,raw_plus_latent,large_cap,fpr5,5,lockout_5yr,fpr5_5yr,5,0.0005731762,0.0005731762,0.00000000000000,true
temporary CSI,insample,raw_plus_latent,large_cap,fpr5,5,lockout_5yr,fpr5_5yr,10,0.0004548979,0.0004548979,0.00000000000000,true
temporary CSI,insample,raw_plus_latent,large_cap,fpr5,5,lockout_5yr,fpr5_5yr,20,0.0002183093,0.0002183093,0.00000000000000,true
temporary CSI,insample,raw_plus_latent,large_cap,youden,1,lockout_1yr,youden_1yr,0,-0.0028678430,-0.0028678430,0.00000000000000,true
temporary CSI,insample,raw_plus_latent,large_cap,youden,1,lockout_1yr,youden_1yr,5,-0.0030111239,-0.0030111239,0.00000000000000,true
temporary CSI,insample,raw_plus_latent,large_cap,youden,1,lockout_1yr,youden_1yr,10,-0.0031544122,-0.0031544122,0.00000000000000,true
temporary CSI,insample,raw_plus_latent,large_cap,youden,1,lockout_1yr,youden_1yr,20,-0.0034410110,-0.0034410110,0.00000000000000,true
temporary CSI,insample,raw_plus_latent,large_cap,youden,2,lockout_2yr,youden_2yr,0,-0.0004529805,-0.0004529805,0.00000000000000,true
temporary CSI,insample,raw_plus_latent,large_cap,youden,2,lockout_2yr,youden_2yr,5,-0.0005914949,-0.0005914949,0.00000000000000,true
temporary CSI,insample,raw_plus_latent,large_cap,youden,2,lockout_2yr,youden_2yr,10,-0.0007300176,-0.0007300176,0.00000000000000,true
temporary CSI,insample,raw_plus_latent,large_cap,youden,2,lockout_2yr,youden_2yr,20,-0.0010070879,-0.0010070879,0.00000000000000,true
temporary CSI,insample,raw_plus_latent,large_cap,youden,3,lockout_3yr,youden_3yr,0,0.0015418264,0.0015418264,0.00000000000000,true
temporary CSI,insample,raw_plus_latent,large_cap,youden,3,lockout_3yr,youden_3yr,5,0.0014095206,0.0014095206,0.00000000000000,true
temporary CSI,insample,raw_plus_latent,large_cap,youden,3,lockout_3yr,youden_3yr,10,0.0012772057,0.0012772057,0.00000000000000,true
temporary CSI,insample,raw_plus_latent,large_cap,youden,3,lockout_3yr,youden_3yr,20,0.0010125488,0.0010125488,0.00000000000000,true
temporary CSI,insample,raw_plus_latent,large_cap,youden,5,lockout_5yr,youden_5yr,0,0.0007241241,0.0007241241,0.00000000000000,true
temporary CSI,insample,raw_plus_latent,large_cap,youden,5,lockout_5yr,youden_5yr,5,0.0005961281,0.0005961281,0.00000000000000,true
temporary CSI,insample,raw_plus_latent,large_cap,youden,5,lockout_5yr,youden_5yr,10,0.0004681221,0.0004681221,0.00000000000000,true
temporary CSI,insample,raw_plus_latent,large_cap,youden,5,lockout_5yr,youden_5yr,20,0.0002120806,0.0002120806,0.00000000000000,true
temporary CSI,insample,raw_plus_latent,mid_cap,fpr1,1,lockout_1yr,fpr1_1yr,0,-0.0000676225,-0.0000676225,0.00000000000000,true
temporary CSI,insample,raw_plus_latent,mid_cap,fpr1,1,lockout_1yr,fpr1_1yr,5,-0.0006174111,-0.0006174111,0.00000000000000,true
temporary CSI,insample,raw_plus_latent,mid_cap,fpr1,1,lockout_1yr,fpr1_1yr,10,-0.0011670135,-0.0011670135,0.00000000000000,true
temporary CSI,insample,raw_plus_latent,mid_cap,fpr1,1,lockout_1yr,fpr1_1yr,20,-0.0022656595,-0.0022656595,0.00000000000000,true
temporary CSI,insample,raw_plus_latent,mid_cap,fpr1,2,lockout_2yr,fpr1_2yr,0,0.0001738080,0.0001738080,0.00000000000000,true
temporary CSI,insample,raw_plus_latent,mid_cap,fpr1,2,lockout_2yr,fpr1_2yr,5,-0.0003759588,-0.0003759588,0.00000000000000,true
temporary CSI,insample,raw_plus_latent,mid_cap,fpr1,2,lockout_2yr,fpr1_2yr,10,-0.0009255394,-0.0009255394,0.00000000000000,true
temporary CSI,insample,raw_plus_latent,mid_cap,fpr1,2,lockout_2yr,fpr1_2yr,20,-0.0020241419,-0.0020241419,0.00000000000000,true
temporary CSI,insample,raw_plus_latent,mid_cap,fpr1,3,lockout_3yr,fpr1_3yr,0,0.0001998781,0.0001998781,0.00000000000000,true
temporary CSI,insample,raw_plus_latent,mid_cap,fpr1,3,lockout_3yr,fpr1_3yr,5,-0.0003497926,-0.0003497926,0.00000000000000,true
temporary CSI,insample,raw_plus_latent,mid_cap,fpr1,3,lockout_3yr,fpr1_3yr,10,-0.0008992770,-0.0008992770,0.00000000000000,true
temporary CSI,insample,raw_plus_latent,mid_cap,fpr1,3,lockout_3yr,fpr1_3yr,20,-0.0019976875,-0.0019976875,0.00000000000000,true
temporary CSI,insample,raw_plus_latent,mid_cap,fpr1,5,lockout_5yr,fpr1_5yr,0,0.0000359163,0.0000359163,0.00000000000000,true
temporary CSI,insample,raw_plus_latent,mid_cap,fpr1,5,lockout_5yr,fpr1_5yr,5,-0.0005136834,-0.0005136834,0.00000000000000,true
temporary CSI,insample,raw_plus_latent,mid_cap,fpr1,5,lockout_5yr,fpr1_5yr,10,-0.0010630968,-0.0010630968,0.00000000000000,true
temporary CSI,insample,raw_plus_latent,mid_cap,fpr1,5,lockout_5yr,fpr1_5yr,20,-0.0021613655,-0.0021613655,0.00000000000000,true
temporary CSI,insample,raw_plus_latent,mid_cap,fpr3,1,lockout_1yr,fpr3_1yr,0,0.0002487181,0.0002487181,0.00000000000000,true
temporary CSI,insample,raw_plus_latent,mid_cap,fpr3,1,lockout_1yr,fpr3_1yr,5,-0.0003018814,-0.0003018814,0.00000000000000,true
temporary CSI,insample,raw_plus_latent,mid_cap,fpr3,1,lockout_1yr,fpr3_1yr,10,-0.0008522939,-0.0008522939,0.00000000000000,true
temporary CSI,insample,raw_plus_latent,mid_cap,fpr3,1,lockout_1yr,fpr3_1yr,20,-0.0019525584,-0.0019525584,0.00000000000000,true
temporary CSI,insample,raw_plus_latent,mid_cap,fpr3,2,lockout_2yr,fpr3_2yr,0,0.0008520438,0.0008520438,0.00000000000000,true
temporary CSI,insample,raw_plus_latent,mid_cap,fpr3,2,lockout_2yr,fpr3_2yr,5,0.0003005339,0.0003005339,0.00000000000000,true
temporary CSI,insample,raw_plus_latent,mid_cap,fpr3,2,lockout_2yr,fpr3_2yr,10,-0.0002507885,-0.0002507885,0.00000000000000,true
temporary CSI,insample,raw_plus_latent,mid_cap,fpr3,2,lockout_2yr,fpr3_2yr,20,-0.0013528711,-0.0013528711,0.00000000000000,true
temporary CSI,insample,raw_plus_latent,mid_cap,fpr3,3,lockout_3yr,fpr3_3yr,0,0.0016554007,0.0016554007,0.00000000000000,true
temporary CSI,insample,raw_plus_latent,mid_cap,fpr3,3,lockout_3yr,fpr3_3yr,5,0.0011039246,0.0011039246,0.00000000000000,true
temporary CSI,insample,raw_plus_latent,mid_cap,fpr3,3,lockout_3yr,fpr3_3yr,10,0.0005526358,0.0005526358,0.00000000000000,true
temporary CSI,insample,raw_plus_latent,mid_cap,fpr3,3,lockout_3yr,fpr3_3yr,20,-0.0005493803,-0.0005493803,0.00000000000000,true
temporary CSI,insample,raw_plus_latent,mid_cap,fpr3,5,lockout_5yr,fpr3_5yr,0,0.0014277166,0.0014277166,0.00000000000000,true
temporary CSI,insample,raw_plus_latent,mid_cap,fpr3,5,lockout_5yr,fpr3_5yr,5,0.0008762546,0.0008762546,0.00000000000000,true
temporary CSI,insample,raw_plus_latent,mid_cap,fpr3,5,lockout_5yr,fpr3_5yr,10,0.0003249798,0.0003249798,0.00000000000000,true
temporary CSI,insample,raw_plus_latent,mid_cap,fpr3,5,lockout_5yr,fpr3_5yr,20,-0.0007770085,-0.0007770085,0.00000000000000,true
temporary CSI,insample,raw_plus_latent,mid_cap,fpr5,1,lockout_1yr,fpr5_1yr,0,0.0006130784,0.0006130784,0.00000000000000,true
temporary CSI,insample,raw_plus_latent,mid_cap,fpr5,1,lockout_1yr,fpr5_1yr,5,0.0000615268,0.0000615268,0.00000000000000,true
temporary CSI,insample,raw_plus_latent,mid_cap,fpr5,1,lockout_1yr,fpr5_1yr,10,-0.0004898373,-0.0004898373,0.00000000000000,true
temporary CSI,insample,raw_plus_latent,mid_cap,fpr5,1,lockout_1yr,fpr5_1yr,20,-0.0015920033,-0.0015920033,0.00000000000000,true
temporary CSI,insample,raw_plus_latent,mid_cap,fpr5,2,lockout_2yr,fpr5_2yr,0,0.0014051460,0.0014051460,0.00000000000000,true
temporary CSI,insample,raw_plus_latent,mid_cap,fpr5,2,lockout_2yr,fpr5_2yr,5,0.0008539244,0.0008539244,0.00000000000000,true
temporary CSI,insample,raw_plus_latent,mid_cap,fpr5,2,lockout_2yr,fpr5_2yr,10,0.0003028898,0.0003028898,0.00000000000000,true
temporary CSI,insample,raw_plus_latent,mid_cap,fpr5,2,lockout_2yr,fpr5_2yr,20,-0.0007986184,-0.0007986184,0.00000000000000,true
temporary CSI,insample,raw_plus_latent,mid_cap,fpr5,3,lockout_3yr,fpr5_3yr,0,0.0020431794,0.0020431794,0.00000000000000,true
temporary CSI,insample,raw_plus_latent,mid_cap,fpr5,3,lockout_3yr,fpr5_3yr,5,0.0014925983,0.0014925983,0.00000000000000,true
temporary CSI,insample,raw_plus_latent,mid_cap,fpr5,3,lockout_3yr,fpr5_3yr,10,0.0009422037,0.0009422037,0.00000000000000,true
temporary CSI,insample,raw_plus_latent,mid_cap,fpr5,3,lockout_3yr,fpr5_3yr,20,-0.0001580266,-0.0001580266,0.00000000000000,true
temporary CSI,insample,raw_plus_latent,mid_cap,fpr5,5,lockout_5yr,fpr5_5yr,0,0.0023042504,0.0023042504,0.00000000000000,true
temporary CSI,insample,raw_plus_latent,mid_cap,fpr5,5,lockout_5yr,fpr5_5yr,5,0.0017543622,0.0017543622,0.00000000000000,true
temporary CSI,insample,raw_plus_latent,mid_cap,fpr5,5,lockout_5yr,fpr5_5yr,10,0.0012046597,0.0012046597,0.00000000000000,true
temporary CSI,insample,raw_plus_latent,mid_cap,fpr5,5,lockout_5yr,fpr5_5yr,20,0.0001058115,0.0001058115,0.00000000000000,true
temporary CSI,insample,raw_plus_latent,mid_cap,youden,1,lockout_1yr,youden_1yr,0,-0.0016097462,-0.0016097462,0.00000000000000,true
temporary CSI,insample,raw_plus_latent,mid_cap,youden,1,lockout_1yr,youden_1yr,5,-0.0021847006,-0.0021847006,0.00000000000000,true
temporary CSI,insample,raw_plus_latent,mid_cap,youden,1,lockout_1yr,youden_1yr,10,-0.0027594536,-0.0027594536,0.00000000000000,true
temporary CSI,insample,raw_plus_latent,mid_cap,youden,1,lockout_1yr,youden_1yr,20,-0.0039083552,-0.0039083552,0.00000000000000,true
temporary CSI,insample,raw_plus_latent,mid_cap,youden,2,lockout_2yr,youden_2yr,0,0.0000863384,0.0000863384,0.00000000000000,true
temporary CSI,insample,raw_plus_latent,mid_cap,youden,2,lockout_2yr,youden_2yr,5,-0.0004835416,-0.0004835416,0.00000000000000,true
temporary CSI,insample,raw_plus_latent,mid_cap,youden,2,lockout_2yr,youden_2yr,10,-0.0010532239,-0.0010532239,0.00000000000000,true
temporary CSI,insample,raw_plus_latent,mid_cap,youden,2,lockout_2yr,youden_2yr,20,-0.0021919958,-0.0021919958,0.00000000000000,true
temporary CSI,insample,raw_plus_latent,mid_cap,youden,3,lockout_3yr,youden_3yr,0,0.0003465953,0.0003465953,0.00000000000000,true
temporary CSI,insample,raw_plus_latent,mid_cap,youden,3,lockout_3yr,youden_3yr,5,-0.0002170077,-0.0002170077,0.00000000000000,true
temporary CSI,insample,raw_plus_latent,mid_cap,youden,3,lockout_3yr,youden_3yr,10,-0.0007804181,-0.0007804181,0.00000000000000,true
temporary CSI,insample,raw_plus_latent,mid_cap,youden,3,lockout_3yr,youden_3yr,20,-0.0019066614,-0.0019066614,0.00000000000000,true
temporary CSI,insample,raw_plus_latent,mid_cap,youden,5,lockout_5yr,youden_5yr,0,-0.0028298371,-0.0028298371,0.00000000000000,true
temporary CSI,insample,raw_plus_latent,mid_cap,youden,5,lockout_5yr,youden_5yr,5,-0.0033877907,-0.0033877907,0.00000000000000,true
temporary CSI,insample,raw_plus_latent,mid_cap,youden,5,lockout_5yr,youden_5yr,10,-0.0039455544,-0.0039455544,0.00000000000000,true
temporary CSI,insample,raw_plus_latent,mid_cap,youden,5,lockout_5yr,youden_5yr,20,-0.0050605124,-0.0050605124,0.00000000000000,true
temporary CSI,insample,raw_plus_latent,small_cap,fpr1,1,lockout_1yr,fpr1_1yr,0,0.0004329269,0.0004329269,0.00000000000000,true
temporary CSI,insample,raw_plus_latent,small_cap,fpr1,1,lockout_1yr,fpr1_1yr,5,0.0000165699,0.0000165699,0.00000000000000,true
temporary CSI,insample,raw_plus_latent,small_cap,fpr1,1,lockout_1yr,fpr1_1yr,10,-0.0003996879,-0.0003996879,0.00000000000000,true
temporary CSI,insample,raw_plus_latent,small_cap,fpr1,1,lockout_1yr,fpr1_1yr,20,-0.0012319053,-0.0012319053,0.00000000000000,true
temporary CSI,insample,raw_plus_latent,small_cap,fpr1,2,lockout_2yr,fpr1_2yr,0,0.0005564074,0.0005564074,0.00000000000000,true
temporary CSI,insample,raw_plus_latent,small_cap,fpr1,2,lockout_2yr,fpr1_2yr,5,0.0001397887,0.0001397887,0.00000000000000,true
temporary CSI,insample,raw_plus_latent,small_cap,fpr1,2,lockout_2yr,fpr1_2yr,10,-0.0002767305,-0.0002767305,0.00000000000000,true
temporary CSI,insample,raw_plus_latent,small_cap,fpr1,2,lockout_2yr,fpr1_2yr,20,-0.0011094704,-0.0011094704,0.00000000000000,true
temporary CSI,insample,raw_plus_latent,small_cap,fpr1,3,lockout_3yr,fpr1_3yr,0,0.0008814000,0.0008814000,0.00000000000000,true
temporary CSI,insample,raw_plus_latent,small_cap,fpr1,3,lockout_3yr,fpr1_3yr,5,0.0004651861,0.0004651861,0.00000000000000,true
temporary CSI,insample,raw_plus_latent,small_cap,fpr1,3,lockout_3yr,fpr1_3yr,10,0.0000490715,0.0000490715,0.00000000000000,true
temporary CSI,insample,raw_plus_latent,small_cap,fpr1,3,lockout_3yr,fpr1_3yr,20,-0.0007828603,-0.0007828603,0.00000000000000,true
temporary CSI,insample,raw_plus_latent,small_cap,fpr1,5,lockout_5yr,fpr1_5yr,0,0.0008691117,0.0008691117,0.00000000000000,true
temporary CSI,insample,raw_plus_latent,small_cap,fpr1,5,lockout_5yr,fpr1_5yr,5,0.0004529886,0.0004529886,0.00000000000000,true
temporary CSI,insample,raw_plus_latent,small_cap,fpr1,5,lockout_5yr,fpr1_5yr,10,0.0000369647,0.0000369647,0.00000000000000,true
temporary CSI,insample,raw_plus_latent,small_cap,fpr1,5,lockout_5yr,fpr1_5yr,20,-0.0007947857,-0.0007947857,0.00000000000000,true
temporary CSI,insample,raw_plus_latent,small_cap,fpr3,1,lockout_1yr,fpr3_1yr,0,0.0009677813,0.0009677813,0.00000000000000,true
temporary CSI,insample,raw_plus_latent,small_cap,fpr3,1,lockout_1yr,fpr3_1yr,5,0.0005495657,0.0005495657,0.00000000000000,true
temporary CSI,insample,raw_plus_latent,small_cap,fpr3,1,lockout_1yr,fpr3_1yr,10,0.0001314504,0.0001314504,0.00000000000000,true
temporary CSI,insample,raw_plus_latent,small_cap,fpr3,1,lockout_1yr,fpr3_1yr,20,-0.0007044793,-0.0007044793,0.00000000000000,true
temporary CSI,insample,raw_plus_latent,small_cap,fpr3,2,lockout_2yr,fpr3_2yr,0,0.0014402824,0.0014402824,0.00000000000000,true
temporary CSI,insample,raw_plus_latent,small_cap,fpr3,2,lockout_2yr,fpr3_2yr,5,0.0010223375,0.0010223375,0.00000000000000,true
temporary CSI,insample,raw_plus_latent,small_cap,fpr3,2,lockout_2yr,fpr3_2yr,10,0.0006044928,0.0006044928,0.00000000000000,true
temporary CSI,insample,raw_plus_latent,small_cap,fpr3,2,lockout_2yr,fpr3_2yr,20,-0.0002308964,-0.0002308964,0.00000000000000,true
temporary CSI,insample,raw_plus_latent,small_cap,fpr3,3,lockout_3yr,fpr3_3yr,0,0.0019925299,0.0019925299,0.00000000000000,true
temporary CSI,insample,raw_plus_latent,small_cap,fpr3,3,lockout_3yr,fpr3_3yr,5,0.0015758579,0.0015758579,0.00000000000000,true
temporary CSI,insample,raw_plus_latent,small_cap,fpr3,3,lockout_3yr,fpr3_3yr,10,0.0011592851,0.0011592851,0.00000000000000,true
temporary CSI,insample,raw_plus_latent,small_cap,fpr3,3,lockout_3yr,fpr3_3yr,20,0.0003264373,0.0003264373,0.00000000000000,true
temporary CSI,insample,raw_plus_latent,small_cap,fpr3,5,lockout_5yr,fpr3_5yr,0,0.0018382921,0.0018382921,0.00000000000000,true
temporary CSI,insample,raw_plus_latent,small_cap,fpr3,5,lockout_5yr,fpr3_5yr,5,0.0014237552,0.0014237552,0.00000000000000,true
temporary CSI,insample,raw_plus_latent,small_cap,fpr3,5,lockout_5yr,fpr3_5yr,10,0.0010093164,0.0010093164,0.00000000000000,true
temporary CSI,insample,raw_plus_latent,small_cap,fpr3,5,lockout_5yr,fpr3_5yr,20,0.0001807331,0.0001807331,0.00000000000000,true
temporary CSI,insample,raw_plus_latent,small_cap,fpr5,1,lockout_1yr,fpr5_1yr,0,0.0007518918,0.0007518918,0.00000000000000,true
temporary CSI,insample,raw_plus_latent,small_cap,fpr5,1,lockout_1yr,fpr5_1yr,5,0.0003321176,0.0003321176,0.00000000000000,true
temporary CSI,insample,raw_plus_latent,small_cap,fpr5,1,lockout_1yr,fpr5_1yr,10,-0.0000875554,-0.0000875554,0.00000000000000,true
temporary CSI,insample,raw_plus_latent,small_cap,fpr5,1,lockout_1yr,fpr5_1yr,20,-0.0009265978,-0.0009265978,0.00000000000000,true
temporary CSI,insample,raw_plus_latent,small_cap,fpr5,2,lockout_2yr,fpr5_2yr,0,0.0012774363,0.0012774363,0.00000000000000,true
temporary CSI,insample,raw_plus_latent,small_cap,fpr5,2,lockout_2yr,fpr5_2yr,5,0.0008569879,0.0008569879,0.00000000000000,true
temporary CSI,insample,raw_plus_latent,small_cap,fpr5,2,lockout_2yr,fpr5_2yr,10,0.0004366410,0.0004366410,0.00000000000000,true
temporary CSI,insample,raw_plus_latent,small_cap,fpr5,2,lockout_2yr,fpr5_2yr,20,-0.0004037480,-0.0004037480,0.00000000000000,true
temporary CSI,insample,raw_plus_latent,small_cap,fpr5,3,lockout_3yr,fpr5_3yr,0,0.0019366794,0.0019366794,0.00000000000000,true
temporary CSI,insample,raw_plus_latent,small_cap,fpr5,3,lockout_3yr,fpr5_3yr,5,0.0015183357,0.0015183357,0.00000000000000,true
temporary CSI,insample,raw_plus_latent,small_cap,fpr5,3,lockout_3yr,fpr5_3yr,10,0.0011000923,0.0011000923,0.00000000000000,true
temporary CSI,insample,raw_plus_latent,small_cap,fpr5,3,lockout_3yr,fpr5_3yr,20,0.0002639061,0.0002639061,0.00000000000000,true
temporary CSI,insample,raw_plus_latent,small_cap,fpr5,5,lockout_5yr,fpr5_5yr,0,0.0013254886,0.0013254886,0.00000000000000,true
temporary CSI,insample,raw_plus_latent,small_cap,fpr5,5,lockout_5yr,fpr5_5yr,5,0.0009082329,0.0009082329,0.00000000000000,true
temporary CSI,insample,raw_plus_latent,small_cap,fpr5,5,lockout_5yr,fpr5_5yr,10,0.0004910768,0.0004910768,0.00000000000000,true
temporary CSI,insample,raw_plus_latent,small_cap,fpr5,5,lockout_5yr,fpr5_5yr,20,-0.0003429367,-0.0003429367,0.00000000000000,true
temporary CSI,insample,raw_plus_latent,small_cap,youden,1,lockout_1yr,youden_1yr,0,-0.0027222791,-0.0027222791,0.00000000000000,true
temporary CSI,insample,raw_plus_latent,small_cap,youden,1,lockout_1yr,youden_1yr,5,-0.0031812541,-0.0031812541,0.00000000000000,true
temporary CSI,insample,raw_plus_latent,small_cap,youden,1,lockout_1yr,youden_1yr,10,-0.0036401094,-0.0036401094,0.00000000000000,true
temporary CSI,insample,raw_plus_latent,small_cap,youden,1,lockout_1yr,youden_1yr,20,-0.0045574611,-0.0045574611,0.00000000000000,true
temporary CSI,insample,raw_plus_latent,small_cap,youden,2,lockout_2yr,youden_2yr,0,-0.0011428410,-0.0011428410,0.00000000000000,true
temporary CSI,insample,raw_plus_latent,small_cap,youden,2,lockout_2yr,youden_2yr,5,-0.0015899438,-0.0015899438,0.00000000000000,true
temporary CSI,insample,raw_plus_latent,small_cap,youden,2,lockout_2yr,youden_2yr,10,-0.0020369332,-0.0020369332,0.00000000000000,true
temporary CSI,insample,raw_plus_latent,small_cap,youden,2,lockout_2yr,youden_2yr,20,-0.0029305724,-0.0029305724,0.00000000000000,true
temporary CSI,insample,raw_plus_latent,small_cap,youden,3,lockout_3yr,youden_3yr,0,0.0001383756,0.0001383756,0.00000000000000,true
temporary CSI,insample,raw_plus_latent,small_cap,youden,3,lockout_3yr,youden_3yr,5,-0.0002985160,-0.0002985160,0.00000000000000,true
temporary CSI,insample,raw_plus_latent,small_cap,youden,3,lockout_3yr,youden_3yr,10,-0.0007352993,-0.0007352993,0.00000000000000,true
temporary CSI,insample,raw_plus_latent,small_cap,youden,3,lockout_3yr,youden_3yr,20,-0.0016085409,-0.0016085409,0.00000000000000,true
temporary CSI,insample,raw_plus_latent,small_cap,youden,5,lockout_5yr,youden_5yr,0,-0.0009115655,-0.0009115655,0.00000000000000,true
temporary CSI,insample,raw_plus_latent,small_cap,youden,5,lockout_5yr,youden_5yr,5,-0.0013456628,-0.0013456628,0.00000000000000,true
temporary CSI,insample,raw_plus_latent,small_cap,youden,5,lockout_5yr,youden_5yr,10,-0.0017796533,-0.0017796533,0.00000000000000,true
temporary CSI,insample,raw_plus_latent,small_cap,youden,5,lockout_5yr,youden_5yr,20,-0.0026473141,-0.0026473141,0.00000000000000,true
temporary CSI,insample,raw_plus_latent,total_market,fpr1,1,lockout_1yr,fpr1_1yr,0,0.0001058962,0.0001058962,0.00000000000000,true
temporary CSI,insample,raw_plus_latent,total_market,fpr1,1,lockout_1yr,fpr1_1yr,5,0.0000175931,0.0000175931,0.00000000000000,true
temporary CSI,insample,raw_plus_latent,total_market,fpr1,1,lockout_1yr,fpr1_1yr,10,-0.0000707255,-0.0000707255,0.00000000000000,true
temporary CSI,insample,raw_plus_latent,total_market,fpr1,1,lockout_1yr,fpr1_1yr,20,-0.0002474090,-0.0002474090,0.00000000000000,true
temporary CSI,insample,raw_plus_latent,total_market,fpr1,2,lockout_2yr,fpr1_2yr,0,0.0001372446,0.0001372446,0.00000000000000,true
temporary CSI,insample,raw_plus_latent,total_market,fpr1,2,lockout_2yr,fpr1_2yr,5,0.0000489497,0.0000489497,0.00000000000000,true
temporary CSI,insample,raw_plus_latent,total_market,fpr1,2,lockout_2yr,fpr1_2yr,10,-0.0000393607,-0.0000393607,0.00000000000000,true
temporary CSI,insample,raw_plus_latent,total_market,fpr1,2,lockout_2yr,fpr1_2yr,20,-0.0002160280,-0.0002160280,0.00000000000000,true
temporary CSI,insample,raw_plus_latent,total_market,fpr1,3,lockout_3yr,fpr1_3yr,0,0.0001830321,0.0001830321,0.00000000000000,true
temporary CSI,insample,raw_plus_latent,total_market,fpr1,3,lockout_3yr,fpr1_3yr,5,0.0000948403,0.0000948403,0.00000000000000,true
temporary CSI,insample,raw_plus_latent,total_market,fpr1,3,lockout_3yr,fpr1_3yr,10,0.0000066331,0.0000066331,0.00000000000000,true
temporary CSI,insample,raw_plus_latent,total_market,fpr1,3,lockout_3yr,fpr1_3yr,20,-0.0001698279,-0.0001698279,0.00000000000000,true
temporary CSI,insample,raw_plus_latent,total_market,fpr1,5,lockout_5yr,fpr1_5yr,0,0.0001712420,0.0001712420,0.00000000000000,true
temporary CSI,insample,raw_plus_latent,total_market,fpr1,5,lockout_5yr,fpr1_5yr,5,0.0000831115,0.0000831115,0.00000000000000,true
temporary CSI,insample,raw_plus_latent,total_market,fpr1,5,lockout_5yr,fpr1_5yr,10,-0.0000050345,-0.0000050345,0.00000000000000,true
temporary CSI,insample,raw_plus_latent,total_market,fpr1,5,lockout_5yr,fpr1_5yr,20,-0.0001813731,-0.0001813731,0.00000000000000,true
temporary CSI,insample,raw_plus_latent,total_market,fpr3,1,lockout_1yr,fpr3_1yr,0,0.0002580759,0.0002580759,0.00000000000000,true
temporary CSI,insample,raw_plus_latent,total_market,fpr3,1,lockout_1yr,fpr3_1yr,5,0.0001688531,0.0001688531,0.00000000000000,true
temporary CSI,insample,raw_plus_latent,total_market,fpr3,1,lockout_1yr,fpr3_1yr,10,0.0000796149,0.0000796149,0.00000000000000,true
temporary CSI,insample,raw_plus_latent,total_market,fpr3,1,lockout_1yr,fpr3_1yr,20,-0.0000989077,-0.0000989077,0.00000000000000,true
temporary CSI,insample,raw_plus_latent,total_market,fpr3,2,lockout_2yr,fpr3_2yr,0,0.0004163225,0.0004163225,0.00000000000000,true
temporary CSI,insample,raw_plus_latent,total_market,fpr3,2,lockout_2yr,fpr3_2yr,5,0.0003272326,0.0003272326,0.00000000000000,true
temporary CSI,insample,raw_plus_latent,total_market,fpr3,2,lockout_2yr,fpr3_2yr,10,0.0002381273,0.0002381273,0.00000000000000,true
temporary CSI,insample,raw_plus_latent,total_market,fpr3,2,lockout_2yr,fpr3_2yr,20,0.0000598704,0.0000598704,0.00000000000000,true
temporary CSI,insample,raw_plus_latent,total_market,fpr3,3,lockout_3yr,fpr3_3yr,0,0.0005999634,0.0005999634,0.00000000000000,true
temporary CSI,insample,raw_plus_latent,total_market,fpr3,3,lockout_3yr,fpr3_3yr,5,0.0005111963,0.0005111963,0.00000000000000,true
temporary CSI,insample,raw_plus_latent,total_market,fpr3,3,lockout_3yr,fpr3_3yr,10,0.0004224137,0.0004224137,0.00000000000000,true
temporary CSI,insample,raw_plus_latent,total_market,fpr3,3,lockout_3yr,fpr3_3yr,20,0.0002448022,0.0002448022,0.00000000000000,true
temporary CSI,insample,raw_plus_latent,total_market,fpr3,5,lockout_5yr,fpr3_5yr,0,0.0005285516,0.0005285516,0.00000000000000,true
temporary CSI,insample,raw_plus_latent,total_market,fpr3,5,lockout_5yr,fpr3_5yr,5,0.0004399292,0.0004399292,0.00000000000000,true
temporary CSI,insample,raw_plus_latent,total_market,fpr3,5,lockout_5yr,fpr3_5yr,10,0.0003512914,0.0003512914,0.00000000000000,true
temporary CSI,insample,raw_plus_latent,total_market,fpr3,5,lockout_5yr,fpr3_5yr,20,0.0001739693,0.0001739693,0.00000000000000,true
temporary CSI,insample,raw_plus_latent,total_market,fpr5,1,lockout_1yr,fpr5_1yr,0,0.0002025308,0.0002025308,0.00000000000000,true
temporary CSI,insample,raw_plus_latent,total_market,fpr5,1,lockout_1yr,fpr5_1yr,5,0.0001117332,0.0001117332,0.00000000000000,true
temporary CSI,insample,raw_plus_latent,total_market,fpr5,1,lockout_1yr,fpr5_1yr,10,0.0000209204,0.0000209204,0.00000000000000,true
temporary CSI,insample,raw_plus_latent,total_market,fpr5,1,lockout_1yr,fpr5_1yr,20,-0.0001607507,-0.0001607507,0.00000000000000,true
temporary CSI,insample,raw_plus_latent,total_market,fpr5,2,lockout_2yr,fpr5_2yr,0,0.0004140828,0.0004140828,0.00000000000000,true
temporary CSI,insample,raw_plus_latent,total_market,fpr5,2,lockout_2yr,fpr5_2yr,5,0.0003237762,0.0003237762,0.00000000000000,true
temporary CSI,insample,raw_plus_latent,total_market,fpr5,2,lockout_2yr,fpr5_2yr,10,0.0002334545,0.0002334545,0.00000000000000,true
temporary CSI,insample,raw_plus_latent,total_market,fpr5,2,lockout_2yr,fpr5_2yr,20,0.0000527651,0.0000527651,0.00000000000000,true
temporary CSI,insample,raw_plus_latent,total_market,fpr5,3,lockout_3yr,fpr5_3yr,0,0.0007356365,0.0007356365,0.00000000000000,true
temporary CSI,insample,raw_plus_latent,total_market,fpr5,3,lockout_3yr,fpr5_3yr,5,0.0006459242,0.0006459242,0.00000000000000,true
temporary CSI,insample,raw_plus_latent,total_market,fpr5,3,lockout_3yr,fpr5_3yr,10,0.0005561966,0.0005561966,0.00000000000000,true
temporary CSI,insample,raw_plus_latent,total_market,fpr5,3,lockout_3yr,fpr5_3yr,20,0.0003766954,0.0003766954,0.00000000000000,true
temporary CSI,insample,raw_plus_latent,total_market,fpr5,5,lockout_5yr,fpr5_5yr,0,0.0008242143,0.0008242143,0.00000000000000,true
temporary CSI,insample,raw_plus_latent,total_market,fpr5,5,lockout_5yr,fpr5_5yr,5,0.0007348877,0.0007348877,0.00000000000000,true
temporary CSI,insample,raw_plus_latent,total_market,fpr5,5,lockout_5yr,fpr5_5yr,10,0.0006455457,0.0006455457,0.00000000000000,true
temporary CSI,insample,raw_plus_latent,total_market,fpr5,5,lockout_5yr,fpr5_5yr,20,0.0004668157,0.0004668157,0.00000000000000,true
temporary CSI,insample,raw_plus_latent,total_market,youden,1,lockout_1yr,youden_1yr,0,-0.0035115497,-0.0035115497,0.00000000000000,true
temporary CSI,insample,raw_plus_latent,total_market,youden,1,lockout_1yr,youden_1yr,5,-0.0036355514,-0.0036355514,0.00000000000000,true
temporary CSI,insample,raw_plus_latent,total_market,youden,1,lockout_1yr,youden_1yr,10,-0.0037595649,-0.0037595649,0.00000000000000,true
temporary CSI,insample,raw_plus_latent,total_market,youden,1,lockout_1yr,youden_1yr,20,-0.0040076276,-0.0040076276,0.00000000000000,true
temporary CSI,insample,raw_plus_latent,total_market,youden,2,lockout_2yr,youden_2yr,0,-0.0013708489,-0.0013708489,0.00000000000000,true
temporary CSI,insample,raw_plus_latent,total_market,youden,2,lockout_2yr,youden_2yr,5,-0.0014891795,-0.0014891795,0.00000000000000,true
temporary CSI,insample,raw_plus_latent,total_market,youden,2,lockout_2yr,youden_2yr,10,-0.0016075228,-0.0016075228,0.00000000000000,true
temporary CSI,insample,raw_plus_latent,total_market,youden,2,lockout_2yr,youden_2yr,20,-0.0018442475,-0.0018442475,0.00000000000000,true
temporary CSI,insample,raw_plus_latent,total_market,youden,3,lockout_3yr,youden_3yr,0,0.0005443742,0.0005443742,0.00000000000000,true
temporary CSI,insample,raw_plus_latent,total_market,youden,3,lockout_3yr,youden_3yr,5,0.0004326200,0.0004326200,0.00000000000000,true
temporary CSI,insample,raw_plus_latent,total_market,youden,3,lockout_3yr,youden_3yr,10,0.0003208526,0.0003208526,0.00000000000000,true
temporary CSI,insample,raw_plus_latent,total_market,youden,3,lockout_3yr,youden_3yr,20,0.0000972783,0.0000972783,0.00000000000000,true
temporary CSI,insample,raw_plus_latent,total_market,youden,5,lockout_5yr,youden_5yr,0,-0.0004657160,-0.0004657160,0.00000000000000,true
temporary CSI,insample,raw_plus_latent,total_market,youden,5,lockout_5yr,youden_5yr,5,-0.0005739019,-0.0005739019,0.00000000000000,true
temporary CSI,insample,raw_plus_latent,total_market,youden,5,lockout_5yr,youden_5yr,10,-0.0006821014,-0.0006821014,0.00000000000000,true
temporary CSI,insample,raw_plus_latent,total_market,youden,5,lockout_5yr,youden_5yr,20,-0.0008985417,-0.0008985417,0.00000000000000,true
temporary CSI,oos,raw_plus_latent,large_cap,fpr1,1,lockout_1yr,fpr1_1yr,0,0.0000000000,0.0000000000,0.00000000000000,true
temporary CSI,oos,raw_plus_latent,large_cap,fpr1,1,lockout_1yr,fpr1_1yr,5,-0.0000686126,-0.0000686126,0.00000000000000,true
temporary CSI,oos,raw_plus_latent,large_cap,fpr1,1,lockout_1yr,fpr1_1yr,10,-0.0001372223,-0.0001372223,0.00000000000000,true
temporary CSI,oos,raw_plus_latent,large_cap,fpr1,1,lockout_1yr,fpr1_1yr,20,-0.0002744330,-0.0002744330,0.00000000000000,true
temporary CSI,oos,raw_plus_latent,large_cap,fpr1,2,lockout_2yr,fpr1_2yr,0,0.0000054943,0.0000054943,0.00000000000000,true
temporary CSI,oos,raw_plus_latent,large_cap,fpr1,2,lockout_2yr,fpr1_2yr,5,-0.0000631555,-0.0000631555,0.00000000000000,true
temporary CSI,oos,raw_plus_latent,large_cap,fpr1,2,lockout_2yr,fpr1_2yr,10,-0.0001318023,-0.0001318023,0.00000000000000,true
temporary CSI,oos,raw_plus_latent,large_cap,fpr1,2,lockout_2yr,fpr1_2yr,20,-0.0002690872,-0.0002690872,0.00000000000000,true
temporary CSI,oos,raw_plus_latent,large_cap,fpr1,3,lockout_3yr,fpr1_3yr,0,0.0000846636,0.0000846636,0.00000000000000,true
temporary CSI,oos,raw_plus_latent,large_cap,fpr1,3,lockout_3yr,fpr1_3yr,5,0.0000162692,0.0000162692,0.00000000000000,true
temporary CSI,oos,raw_plus_latent,large_cap,fpr1,3,lockout_3yr,fpr1_3yr,10,-0.0000521222,-0.0000521222,0.00000000000000,true
temporary CSI,oos,raw_plus_latent,large_cap,fpr1,3,lockout_3yr,fpr1_3yr,20,-0.0001888963,-0.0001888963,0.00000000000000,true
temporary CSI,oos,raw_plus_latent,large_cap,fpr1,5,lockout_5yr,fpr1_5yr,0,0.0001531600,0.0001531600,0.00000000000000,true
temporary CSI,oos,raw_plus_latent,large_cap,fpr1,5,lockout_5yr,fpr1_5yr,5,0.0000850950,0.0000850950,0.00000000000000,true
temporary CSI,oos,raw_plus_latent,large_cap,fpr1,5,lockout_5yr,fpr1_5yr,10,0.0000170329,0.0000170329,0.00000000000000,true
temporary CSI,oos,raw_plus_latent,large_cap,fpr1,5,lockout_5yr,fpr1_5yr,20,-0.0001190828,-0.0001190828,0.00000000000000,true
temporary CSI,oos,raw_plus_latent,large_cap,fpr3,1,lockout_1yr,fpr3_1yr,0,-0.0002502421,-0.0002502421,0.00000000000000,true
temporary CSI,oos,raw_plus_latent,large_cap,fpr3,1,lockout_1yr,fpr3_1yr,5,-0.0003196719,-0.0003196719,0.00000000000000,true
temporary CSI,oos,raw_plus_latent,large_cap,fpr3,1,lockout_1yr,fpr3_1yr,10,-0.0003890987,-0.0003890987,0.00000000000000,true
temporary CSI,oos,raw_plus_latent,large_cap,fpr3,1,lockout_1yr,fpr3_1yr,20,-0.0005279434,-0.0005279434,0.00000000000000,true
temporary CSI,oos,raw_plus_latent,large_cap,fpr3,2,lockout_2yr,fpr3_2yr,0,0.0001730100,0.0001730100,0.00000000000000,true
temporary CSI,oos,raw_plus_latent,large_cap,fpr3,2,lockout_2yr,fpr3_2yr,5,0.0001047528,0.0001047528,0.00000000000000,true
temporary CSI,oos,raw_plus_latent,large_cap,fpr3,2,lockout_2yr,fpr3_2yr,10,0.0000364985,0.0000364985,0.00000000000000,true
temporary CSI,oos,raw_plus_latent,large_cap,fpr3,2,lockout_2yr,fpr3_2yr,20,-0.0001000015,-0.0001000015,0.00000000000000,true
temporary CSI,oos,raw_plus_latent,large_cap,fpr3,3,lockout_3yr,fpr3_3yr,0,0.0006760817,0.0006760817,0.00000000000000,true
temporary CSI,oos,raw_plus_latent,large_cap,fpr3,3,lockout_3yr,fpr3_3yr,5,0.0006087964,0.0006087964,0.00000000000000,true
temporary CSI,oos,raw_plus_latent,large_cap,fpr3,3,lockout_3yr,fpr3_3yr,10,0.0005415139,0.0005415139,0.00000000000000,true
temporary CSI,oos,raw_plus_latent,large_cap,fpr3,3,lockout_3yr,fpr3_3yr,20,0.0004069575,0.0004069575,0.00000000000000,true
temporary CSI,oos,raw_plus_latent,large_cap,fpr3,5,lockout_5yr,fpr3_5yr,0,0.0009115556,0.0009115556,0.00000000000000,true
temporary CSI,oos,raw_plus_latent,large_cap,fpr3,5,lockout_5yr,fpr3_5yr,5,0.0008446962,0.0008446962,0.00000000000000,true
temporary CSI,oos,raw_plus_latent,large_cap,fpr3,5,lockout_5yr,fpr3_5yr,10,0.0007778396,0.0007778396,0.00000000000000,true
temporary CSI,oos,raw_plus_latent,large_cap,fpr3,5,lockout_5yr,fpr3_5yr,20,0.0006441346,0.0006441346,0.00000000000000,true
temporary CSI,oos,raw_plus_latent,large_cap,fpr5,1,lockout_1yr,fpr5_1yr,0,-0.0002716502,-0.0002716502,0.00000000000000,true
temporary CSI,oos,raw_plus_latent,large_cap,fpr5,1,lockout_1yr,fpr5_1yr,5,-0.0003411568,-0.0003411568,0.00000000000000,true
temporary CSI,oos,raw_plus_latent,large_cap,fpr5,1,lockout_1yr,fpr5_1yr,10,-0.0004106604,-0.0004106604,0.00000000000000,true
temporary CSI,oos,raw_plus_latent,large_cap,fpr5,1,lockout_1yr,fpr5_1yr,20,-0.0005496587,-0.0005496587,0.00000000000000,true
temporary CSI,oos,raw_plus_latent,large_cap,fpr5,2,lockout_2yr,fpr5_2yr,0,0.0000819083,0.0000819083,0.00000000000000,true
temporary CSI,oos,raw_plus_latent,large_cap,fpr5,2,lockout_2yr,fpr5_2yr,5,0.0000136501,0.0000136501,0.00000000000000,true
temporary CSI,oos,raw_plus_latent,large_cap,fpr5,2,lockout_2yr,fpr5_2yr,10,-0.0000546053,-0.0000546053,0.00000000000000,true
temporary CSI,oos,raw_plus_latent,large_cap,fpr5,2,lockout_2yr,fpr5_2yr,20,-0.0001911072,-0.0001911072,0.00000000000000,true
temporary CSI,oos,raw_plus_latent,large_cap,fpr5,3,lockout_3yr,fpr5_3yr,0,0.0003768049,0.0003768049,0.00000000000000,true
temporary CSI,oos,raw_plus_latent,large_cap,fpr5,3,lockout_3yr,fpr5_3yr,5,0.0003096836,0.0003096836,0.00000000000000,true
temporary CSI,oos,raw_plus_latent,large_cap,fpr5,3,lockout_3yr,fpr5_3yr,10,0.0002425651,0.0002425651,0.00000000000000,true
temporary CSI,oos,raw_plus_latent,large_cap,fpr5,3,lockout_3yr,fpr5_3yr,20,0.0001083367,0.0001083367,0.00000000000000,true
temporary CSI,oos,raw_plus_latent,large_cap,fpr5,5,lockout_5yr,fpr5_5yr,0,0.0010318702,0.0010318702,0.00000000000000,true
temporary CSI,oos,raw_plus_latent,large_cap,fpr5,5,lockout_5yr,fpr5_5yr,5,0.0009655514,0.0009655514,0.00000000000000,true
temporary CSI,oos,raw_plus_latent,large_cap,fpr5,5,lockout_5yr,fpr5_5yr,10,0.0008992354,0.0008992354,0.00000000000000,true
temporary CSI,oos,raw_plus_latent,large_cap,fpr5,5,lockout_5yr,fpr5_5yr,20,0.0007666115,0.0007666115,0.00000000000000,true
temporary CSI,oos,raw_plus_latent,large_cap,youden,1,lockout_1yr,youden_1yr,0,-0.0057455492,-0.0057455492,0.00000000000000,true
temporary CSI,oos,raw_plus_latent,large_cap,youden,1,lockout_1yr,youden_1yr,5,-0.0058388118,-0.0058388118,0.00000000000000,true
temporary CSI,oos,raw_plus_latent,large_cap,youden,1,lockout_1yr,youden_1yr,10,-0.0059320695,-0.0059320695,0.00000000000000,true
temporary CSI,oos,raw_plus_latent,large_cap,youden,1,lockout_1yr,youden_1yr,20,-0.0061185704,-0.0061185704,0.00000000000000,true
temporary CSI,oos,raw_plus_latent,large_cap,youden,2,lockout_2yr,youden_2yr,0,-0.0091774891,-0.0091774891,0.00000000000000,true
temporary CSI,oos,raw_plus_latent,large_cap,youden,2,lockout_2yr,youden_2yr,5,-0.0092574840,-0.0092574840,0.00000000000000,true
temporary CSI,oos,raw_plus_latent,large_cap,youden,2,lockout_2yr,youden_2yr,10,-0.0093374753,-0.0093374753,0.00000000000000,true
temporary CSI,oos,raw_plus_latent,large_cap,youden,2,lockout_2yr,youden_2yr,20,-0.0094974473,-0.0094974473,0.00000000000000,true
temporary CSI,oos,raw_plus_latent,large_cap,youden,3,lockout_3yr,youden_3yr,0,-0.0035798257,-0.0035798257,0.00000000000000,true
temporary CSI,oos,raw_plus_latent,large_cap,youden,3,lockout_3yr,youden_3yr,5,-0.0036496041,-0.0036496041,0.00000000000000,true
temporary CSI,oos,raw_plus_latent,large_cap,youden,3,lockout_3yr,youden_3yr,10,-0.0037193795,-0.0037193795,0.00000000000000,true
temporary CSI,oos,raw_plus_latent,large_cap,youden,3,lockout_3yr,youden_3yr,20,-0.0038589211,-0.0038589211,0.00000000000000,true
temporary CSI,oos,raw_plus_latent,large_cap,youden,5,lockout_5yr,youden_5yr,0,-0.0016487308,-0.0016487308,0.00000000000000,true
temporary CSI,oos,raw_plus_latent,large_cap,youden,5,lockout_5yr,youden_5yr,5,-0.0017144588,-0.0017144588,0.00000000000000,true
temporary CSI,oos,raw_plus_latent,large_cap,youden,5,lockout_5yr,youden_5yr,10,-0.0017801841,-0.0017801841,0.00000000000000,true
temporary CSI,oos,raw_plus_latent,large_cap,youden,5,lockout_5yr,youden_5yr,20,-0.0019116265,-0.0019116265,0.00000000000000,true
temporary CSI,oos,raw_plus_latent,mid_cap,fpr1,1,lockout_1yr,fpr1_1yr,0,0.0000000000,0.0000000000,0.00000000000000,true
temporary CSI,oos,raw_plus_latent,mid_cap,fpr1,1,lockout_1yr,fpr1_1yr,5,-0.0005756112,-0.0005756112,0.00000000000000,true
temporary CSI,oos,raw_plus_latent,mid_cap,fpr1,1,lockout_1yr,fpr1_1yr,10,-0.0011510014,-0.0011510014,0.00000000000000,true
temporary CSI,oos,raw_plus_latent,mid_cap,fpr1,1,lockout_1yr,fpr1_1yr,20,-0.0023011189,-0.0023011189,0.00000000000000,true
temporary CSI,oos,raw_plus_latent,mid_cap,fpr1,2,lockout_2yr,fpr1_2yr,0,0.0000561305,0.0000561305,0.00000000000000,true
temporary CSI,oos,raw_plus_latent,mid_cap,fpr1,2,lockout_2yr,fpr1_2yr,5,-0.0005191813,-0.0005191813,0.00000000000000,true
temporary CSI,oos,raw_plus_latent,mid_cap,fpr1,2,lockout_2yr,fpr1_2yr,10,-0.0010942722,-0.0010942722,0.00000000000000,true
temporary CSI,oos,raw_plus_latent,mid_cap,fpr1,2,lockout_2yr,fpr1_2yr,20,-0.0022437921,-0.0022437921,0.00000000000000,true
temporary CSI,oos,raw_plus_latent,mid_cap,fpr1,3,lockout_3yr,fpr1_3yr,0,0.0004380656,0.0004380656,0.00000000000000,true
temporary CSI,oos,raw_plus_latent,mid_cap,fpr1,3,lockout_3yr,fpr1_3yr,5,-0.0001376678,-0.0001376678,0.00000000000000,true
temporary CSI,oos,raw_plus_latent,mid_cap,fpr1,3,lockout_3yr,fpr1_3yr,10,-0.0007131801,-0.0007131801,0.00000000000000,true
temporary CSI,oos,raw_plus_latent,mid_cap,fpr1,3,lockout_3yr,fpr1_3yr,20,-0.0018635420,-0.0018635420,0.00000000000000,true
temporary CSI,oos,raw_plus_latent,mid_cap,fpr1,5,lockout_5yr,fpr1_5yr,0,0.0006510271,0.0006510271,0.00000000000000,true
temporary CSI,oos,raw_plus_latent,mid_cap,fpr1,5,lockout_5yr,fpr1_5yr,5,0.0000763724,0.0000763724,0.00000000000000,true
temporary CSI,oos,raw_plus_latent,mid_cap,fpr1,5,lockout_5yr,fpr1_5yr,10,-0.0004980623,-0.0004980623,0.00000000000000,true
temporary CSI,oos,raw_plus_latent,mid_cap,fpr1,5,lockout_5yr,fpr1_5yr,20,-0.0016462715,-0.0016462715,0.00000000000000,true
temporary CSI,oos,raw_plus_latent,mid_cap,fpr3,1,lockout_1yr,fpr3_1yr,0,-0.0004504997,-0.0004504997,0.00000000000000,true
temporary CSI,oos,raw_plus_latent,mid_cap,fpr3,1,lockout_1yr,fpr3_1yr,5,-0.0010252979,-0.0010252979,0.00000000000000,true
temporary CSI,oos,raw_plus_latent,mid_cap,fpr3,1,lockout_1yr,fpr3_1yr,10,-0.0015998756,-0.0015998756,0.00000000000000,true
temporary CSI,oos,raw_plus_latent,mid_cap,fpr3,1,lockout_1yr,fpr3_1yr,20,-0.0027483695,-0.0027483695,0.00000000000000,true
temporary CSI,oos,raw_plus_latent,mid_cap,fpr3,2,lockout_2yr,fpr3_2yr,0,0.0008038842,0.0008038842,0.00000000000000,true
temporary CSI,oos,raw_plus_latent,mid_cap,fpr3,2,lockout_2yr,fpr3_2yr,5,0.0002309557,0.0002309557,0.00000000000000,true
temporary CSI,oos,raw_plus_latent,mid_cap,fpr3,2,lockout_2yr,fpr3_2yr,10,-0.0003417541,-0.0003417541,0.00000000000000,true
temporary CSI,oos,raw_plus_latent,mid_cap,fpr3,2,lockout_2yr,fpr3_2yr,20,-0.0014865179,-0.0014865179,0.00000000000000,true
temporary CSI,oos,raw_plus_latent,mid_cap,fpr3,3,lockout_3yr,fpr3_3yr,0,0.0023402977,0.0023402977,0.00000000000000,true
temporary CSI,oos,raw_plus_latent,mid_cap,fpr3,3,lockout_3yr,fpr3_3yr,5,0.0017680641,0.0017680641,0.00000000000000,true
temporary CSI,oos,raw_plus_latent,mid_cap,fpr3,3,lockout_3yr,fpr3_3yr,10,0.0011960483,0.0011960483,0.00000000000000,true
temporary CSI,oos,raw_plus_latent,mid_cap,fpr3,3,lockout_3yr,fpr3_3yr,20,0.0000526700,0.0000526700,0.00000000000000,true
temporary CSI,oos,raw_plus_latent,mid_cap,fpr3,5,lockout_5yr,fpr3_5yr,0,0.0027236921,0.0027236921,0.00000000000000,true
temporary CSI,oos,raw_plus_latent,mid_cap,fpr3,5,lockout_5yr,fpr3_5yr,5,0.0021541586,0.0021541586,0.00000000000000,true
temporary CSI,oos,raw_plus_latent,mid_cap,fpr3,5,lockout_5yr,fpr3_5yr,10,0.0015848408,0.0015848408,0.00000000000000,true
temporary CSI,oos,raw_plus_latent,mid_cap,fpr3,5,lockout_5yr,fpr3_5yr,20,0.0004468519,0.0004468519,0.00000000000000,true
temporary CSI,oos,raw_plus_latent,mid_cap,fpr5,1,lockout_1yr,fpr5_1yr,0,-0.0009200121,-0.0009200121,0.00000000000000,true
temporary CSI,oos,raw_plus_latent,mid_cap,fpr5,1,lockout_1yr,fpr5_1yr,5,-0.0014939000,-0.0014939000,0.00000000000000,true
temporary CSI,oos,raw_plus_latent,mid_cap,fpr5,1,lockout_1yr,fpr5_1yr,10,-0.0020675679,-0.0020675679,0.00000000000000,true
temporary CSI,oos,raw_plus_latent,mid_cap,fpr5,1,lockout_1yr,fpr5_1yr,20,-0.0032142445,-0.0032142445,0.00000000000000,true
temporary CSI,oos,raw_plus_latent,mid_cap,fpr5,2,lockout_2yr,fpr5_2yr,0,0.0001972453,0.0001972453,0.00000000000000,true
temporary CSI,oos,raw_plus_latent,mid_cap,fpr5,2,lockout_2yr,fpr5_2yr,5,-0.0003759573,-0.0003759573,0.00000000000000,true
temporary CSI,oos,raw_plus_latent,mid_cap,fpr5,2,lockout_2yr,fpr5_2yr,10,-0.0009489407,-0.0009489407,0.00000000000000,true
temporary CSI,oos,raw_plus_latent,mid_cap,fpr5,2,lockout_2yr,fpr5_2yr,20,-0.0020942504,-0.0020942504,0.00000000000000,true
temporary CSI,oos,raw_plus_latent,mid_cap,fpr5,3,lockout_3yr,fpr5_3yr,0,0.0019904484,0.0019904484,0.00000000000000,true
temporary CSI,oos,raw_plus_latent,mid_cap,fpr5,3,lockout_3yr,fpr5_3yr,5,0.0014185207,0.0014185207,0.00000000000000,true
temporary CSI,oos,raw_plus_latent,mid_cap,fpr5,3,lockout_3yr,fpr5_3yr,10,0.0008468109,0.0008468109,0.00000000000000,true
temporary CSI,oos,raw_plus_latent,mid_cap,fpr5,3,lockout_3yr,fpr5_3yr,20,-0.0002959553,-0.0002959553,0.00000000000000,true
temporary CSI,oos,raw_plus_latent,mid_cap,fpr5,5,lockout_5yr,fpr5_5yr,0,0.0027505681,0.0027505681,0.00000000000000,true
temporary CSI,oos,raw_plus_latent,mid_cap,fpr5,5,lockout_5yr,fpr5_5yr,5,0.0021804841,0.0021804841,0.00000000000000,true
temporary CSI,oos,raw_plus_latent,mid_cap,fpr5,5,lockout_5yr,fpr5_5yr,10,0.0016106163,0.0016106163,0.00000000000000,true
temporary CSI,oos,raw_plus_latent,mid_cap,fpr5,5,lockout_5yr,fpr5_5yr,20,0.0004715291,0.0004715291,0.00000000000000,true
temporary CSI,oos,raw_plus_latent,mid_cap,youden,1,lockout_1yr,youden_1yr,0,-0.0065595119,-0.0065595119,0.00000000000000,true
temporary CSI,oos,raw_plus_latent,mid_cap,youden,1,lockout_1yr,youden_1yr,5,-0.0071679369,-0.0071679369,0.00000000000000,true
temporary CSI,oos,raw_plus_latent,mid_cap,youden,1,lockout_1yr,youden_1yr,10,-0.0077761127,-0.0077761127,0.00000000000000,true
temporary CSI,oos,raw_plus_latent,mid_cap,youden,1,lockout_1yr,youden_1yr,20,-0.0089917168,-0.0089917168,0.00000000000000,true
temporary CSI,oos,raw_plus_latent,mid_cap,youden,2,lockout_2yr,youden_2yr,0,-0.0080126616,-0.0080126616,0.00000000000000,true
temporary CSI,oos,raw_plus_latent,mid_cap,youden,2,lockout_2yr,youden_2yr,5,-0.0085958012,-0.0085958012,0.00000000000000,true
temporary CSI,oos,raw_plus_latent,mid_cap,youden,2,lockout_2yr,youden_2yr,10,-0.0091787113,-0.0091787113,0.00000000000000,true
temporary CSI,oos,raw_plus_latent,mid_cap,youden,2,lockout_2yr,youden_2yr,20,-0.0103438435,-0.0103438435,0.00000000000000,true
temporary CSI,oos,raw_plus_latent,mid_cap,youden,3,lockout_3yr,youden_3yr,0,-0.0057220704,-0.0057220704,0.00000000000000,true
temporary CSI,oos,raw_plus_latent,mid_cap,youden,3,lockout_3yr,youden_3yr,5,-0.0063032995,-0.0063032995,0.00000000000000,true
temporary CSI,oos,raw_plus_latent,mid_cap,youden,3,lockout_3yr,youden_3yr,10,-0.0068843013,-0.0068843013,0.00000000000000,true
temporary CSI,oos,raw_plus_latent,mid_cap,youden,3,lockout_3yr,youden_3yr,20,-0.0080456238,-0.0080456238,0.00000000000000,true
temporary CSI,oos,raw_plus_latent,mid_cap,youden,5,lockout_5yr,youden_5yr,0,-0.0047962269,-0.0047962269,0.00000000000000,true
temporary CSI,oos,raw_plus_latent,mid_cap,youden,5,lockout_5yr,youden_5yr,5,-0.0053627594,-0.0053627594,0.00000000000000,true
temporary CSI,oos,raw_plus_latent,mid_cap,youden,5,lockout_5yr,youden_5yr,10,-0.0059290767,-0.0059290767,0.00000000000000,true
temporary CSI,oos,raw_plus_latent,mid_cap,youden,5,lockout_5yr,youden_5yr,20,-0.0070610658,-0.0070610658,0.00000000000000,true
temporary CSI,oos,raw_plus_latent,small_cap,fpr1,1,lockout_1yr,fpr1_1yr,0,-0.0005613197,-0.0005613197,0.00000000000000,true
temporary CSI,oos,raw_plus_latent,small_cap,fpr1,1,lockout_1yr,fpr1_1yr,5,-0.0009651614,-0.0009651614,0.00000000000000,true
temporary CSI,oos,raw_plus_latent,small_cap,fpr1,1,lockout_1yr,fpr1_1yr,10,-0.0013688929,-0.0013688929,0.00000000000000,true
temporary CSI,oos,raw_plus_latent,small_cap,fpr1,1,lockout_1yr,fpr1_1yr,20,-0.0021760254,-0.0021760254,0.00000000000000,true
temporary CSI,oos,raw_plus_latent,small_cap,fpr1,2,lockout_2yr,fpr1_2yr,0,0.0008279729,0.0008279729,0.00000000000000,true
temporary CSI,oos,raw_plus_latent,small_cap,fpr1,2,lockout_2yr,fpr1_2yr,5,0.0004229402,0.0004229402,0.00000000000000,true
temporary CSI,oos,raw_plus_latent,small_cap,fpr1,2,lockout_2yr,fpr1_2yr,10,0.0000180180,0.0000180180,0.00000000000000,true
temporary CSI,oos,raw_plus_latent,small_cap,fpr1,2,lockout_2yr,fpr1_2yr,20,-0.0007914950,-0.0007914950,0.00000000000000,true
temporary CSI,oos,raw_plus_latent,small_cap,fpr1,3,lockout_3yr,fpr1_3yr,0,0.0001948994,0.0001948994,0.00000000000000,true
temporary CSI,oos,raw_plus_latent,small_cap,fpr1,3,lockout_3yr,fpr1_3yr,5,-0.0002081162,-0.0002081162,0.00000000000000,true
temporary CSI,oos,raw_plus_latent,small_cap,fpr1,3,lockout_3yr,fpr1_3yr,10,-0.0006110223,-0.0006110223,0.00000000000000,true
temporary CSI,oos,raw_plus_latent,small_cap,fpr1,3,lockout_3yr,fpr1_3yr,20,-0.0014165056,-0.0014165056,0.00000000000000,true
temporary CSI,oos,raw_plus_latent,small_cap,fpr1,5,lockout_5yr,fpr1_5yr,0,0.0014277965,0.0014277965,0.00000000000000,true
temporary CSI,oos,raw_plus_latent,small_cap,fpr1,5,lockout_5yr,fpr1_5yr,5,0.0010269774,0.0010269774,0.00000000000000,true
temporary CSI,oos,raw_plus_latent,small_cap,fpr1,5,lockout_5yr,fpr1_5yr,10,0.0006262665,0.0006262665,0.00000000000000,true
temporary CSI,oos,raw_plus_latent,small_cap,fpr1,5,lockout_5yr,fpr1_5yr,20,-0.0001748306,-0.0001748306,0.00000000000000,true
temporary CSI,oos,raw_plus_latent,small_cap,fpr3,1,lockout_1yr,fpr3_1yr,0,-0.0032629699,-0.0032629699,0.00000000000000,true
temporary CSI,oos,raw_plus_latent,small_cap,fpr3,1,lockout_1yr,fpr3_1yr,5,-0.0036641723,-0.0036641723,0.00000000000000,true
temporary CSI,oos,raw_plus_latent,small_cap,fpr3,1,lockout_1yr,fpr3_1yr,10,-0.0040652657,-0.0040652657,0.00000000000000,true
temporary CSI,oos,raw_plus_latent,small_cap,fpr3,1,lockout_1yr,fpr3_1yr,20,-0.0048671252,-0.0048671252,0.00000000000000,true
temporary CSI,oos,raw_plus_latent,small_cap,fpr3,2,lockout_2yr,fpr3_2yr,0,-0.0027346701,-0.0027346701,0.00000000000000,true
temporary CSI,oos,raw_plus_latent,small_cap,fpr3,2,lockout_2yr,fpr3_2yr,5,-0.0031374300,-0.0031374300,0.00000000000000,true
temporary CSI,oos,raw_plus_latent,small_cap,fpr3,2,lockout_2yr,fpr3_2yr,10,-0.0035400802,-0.0035400802,0.00000000000000,true
temporary CSI,oos,raw_plus_latent,small_cap,fpr3,2,lockout_2yr,fpr3_2yr,20,-0.0043450519,-0.0043450519,0.00000000000000,true
temporary CSI,oos,raw_plus_latent,small_cap,fpr3,3,lockout_3yr,fpr3_3yr,0,-0.0016835810,-0.0016835810,0.00000000000000,true
temporary CSI,oos,raw_plus_latent,small_cap,fpr3,3,lockout_3yr,fpr3_3yr,5,-0.0020844320,-0.0020844320,0.00000000000000,true
temporary CSI,oos,raw_plus_latent,small_cap,fpr3,3,lockout_3yr,fpr3_3yr,10,-0.0024851744,-0.0024851744,0.00000000000000,true
temporary CSI,oos,raw_plus_latent,small_cap,fpr3,3,lockout_3yr,fpr3_3yr,20,-0.0032863334,-0.0032863334,0.00000000000000,true
temporary CSI,oos,raw_plus_latent,small_cap,fpr3,5,lockout_5yr,fpr3_5yr,0,-0.0001670996,-0.0001670996,0.00000000000000,true
temporary CSI,oos,raw_plus_latent,small_cap,fpr3,5,lockout_5yr,fpr3_5yr,5,-0.0005626664,-0.0005626664,0.00000000000000,true
temporary CSI,oos,raw_plus_latent,small_cap,fpr3,5,lockout_5yr,fpr3_5yr,10,-0.0009581279,-0.0009581279,0.00000000000000,true
temporary CSI,oos,raw_plus_latent,small_cap,fpr3,5,lockout_5yr,fpr3_5yr,20,-0.0017487345,-0.0017487345,0.00000000000000,true
temporary CSI,oos,raw_plus_latent,small_cap,fpr5,1,lockout_1yr,fpr5_1yr,0,-0.0043784139,-0.0043784139,0.00000000000000,true
temporary CSI,oos,raw_plus_latent,small_cap,fpr5,1,lockout_1yr,fpr5_1yr,5,-0.0047830555,-0.0047830555,0.00000000000000,true
temporary CSI,oos,raw_plus_latent,small_cap,fpr5,1,lockout_1yr,fpr5_1yr,10,-0.0051875857,-0.0051875857,0.00000000000000,true
temporary CSI,oos,raw_plus_latent,small_cap,fpr5,1,lockout_1yr,fpr5_1yr,20,-0.0059963122,-0.0059963122,0.00000000000000,true
temporary CSI,oos,raw_plus_latent,small_cap,fpr5,2,lockout_2yr,fpr5_2yr,0,-0.0038151021,-0.0038151021,0.00000000000000,true
temporary CSI,oos,raw_plus_latent,small_cap,fpr5,2,lockout_2yr,fpr5_2yr,5,-0.0042255364,-0.0042255364,0.00000000000000,true
temporary CSI,oos,raw_plus_latent,small_cap,fpr5,2,lockout_2yr,fpr5_2yr,10,-0.0046358568,-0.0046358568,0.00000000000000,true
temporary CSI,oos,raw_plus_latent,small_cap,fpr5,2,lockout_2yr,fpr5_2yr,20,-0.0054561561,-0.0054561561,0.00000000000000,true
temporary CSI,oos,raw_plus_latent,small_cap,fpr5,3,lockout_3yr,fpr5_3yr,0,-0.0031429744,-0.0031429744,0.00000000000000,true
temporary CSI,oos,raw_plus_latent,small_cap,fpr5,3,lockout_3yr,fpr5_3yr,5,-0.0035508143,-0.0035508143,0.00000000000000,true
temporary CSI,oos,raw_plus_latent,small_cap,fpr5,3,lockout_3yr,fpr5_3yr,10,-0.0039585414,-0.0039585414,0.00000000000000,true
temporary CSI,oos,raw_plus_latent,small_cap,fpr5,3,lockout_3yr,fpr5_3yr,20,-0.0047736568,-0.0047736568,0.00000000000000,true
temporary CSI,oos,raw_plus_latent,small_cap,fpr5,5,lockout_5yr,fpr5_5yr,0,-0.0016452034,-0.0016452034,0.00000000000000,true
temporary CSI,oos,raw_plus_latent,small_cap,fpr5,5,lockout_5yr,fpr5_5yr,5,-0.0020446392,-0.0020446392,0.00000000000000,true
temporary CSI,oos,raw_plus_latent,small_cap,fpr5,5,lockout_5yr,fpr5_5yr,10,-0.0024439671,-0.0024439671,0.00000000000000,true
temporary CSI,oos,raw_plus_latent,small_cap,fpr5,5,lockout_5yr,fpr5_5yr,20,-0.0032422989,-0.0032422989,0.00000000000000,true
temporary CSI,oos,raw_plus_latent,small_cap,youden,1,lockout_1yr,youden_1yr,0,0.0031491867,0.0031491867,0.00000000000000,true
temporary CSI,oos,raw_plus_latent,small_cap,youden,1,lockout_1yr,youden_1yr,5,0.0026771507,0.0026771507,0.00000000000000,true
temporary CSI,oos,raw_plus_latent,small_cap,youden,1,lockout_1yr,youden_1yr,10,0.0022052630,0.0022052630,0.00000000000000,true
temporary CSI,oos,raw_plus_latent,small_cap,youden,1,lockout_1yr,youden_1yr,20,0.0012619319,0.0012619319,0.00000000000000,true
temporary CSI,oos,raw_plus_latent,small_cap,youden,2,lockout_2yr,youden_2yr,0,0.0038442482,0.0038442482,0.00000000000000,true
temporary CSI,oos,raw_plus_latent,small_cap,youden,2,lockout_2yr,youden_2yr,5,0.0033887640,0.0033887640,0.00000000000000,true
temporary CSI,oos,raw_plus_latent,small_cap,youden,2,lockout_2yr,youden_2yr,10,0.0029334178,0.0029334178,0.00000000000000,true
temporary CSI,oos,raw_plus_latent,small_cap,youden,2,lockout_2yr,youden_2yr,20,0.0020231394,0.0020231394,0.00000000000000,true
temporary CSI,oos,raw_plus_latent,small_cap,youden,3,lockout_3yr,youden_3yr,0,0.0063595077,0.0063595077,0.00000000000000,true
temporary CSI,oos,raw_plus_latent,small_cap,youden,3,lockout_3yr,youden_3yr,5,0.0059051153,0.0059051153,0.00000000000000,true
temporary CSI,oos,raw_plus_latent,small_cap,youden,3,lockout_3yr,youden_3yr,10,0.0054508598,0.0054508598,0.00000000000000,true
temporary CSI,oos,raw_plus_latent,small_cap,youden,3,lockout_3yr,youden_3yr,20,0.0045427595,0.0045427595,0.00000000000000,true
temporary CSI,oos,raw_plus_latent,small_cap,youden,5,lockout_5yr,youden_5yr,0,0.0052536585,0.0052536585,0.00000000000000,true
temporary CSI,oos,raw_plus_latent,small_cap,youden,5,lockout_5yr,youden_5yr,5,0.0048050346,0.0048050346,0.00000000000000,true
temporary CSI,oos,raw_plus_latent,small_cap,youden,5,lockout_5yr,youden_5yr,10,0.0043565451,0.0043565451,0.00000000000000,true
temporary CSI,oos,raw_plus_latent,small_cap,youden,5,lockout_5yr,youden_5yr,20,0.0034599692,0.0034599692,0.00000000000000,true
temporary CSI,oos,raw_plus_latent,total_market,fpr1,1,lockout_1yr,fpr1_1yr,0,-0.0001393876,-0.0001393876,0.00000000000000,true
temporary CSI,oos,raw_plus_latent,total_market,fpr1,1,lockout_1yr,fpr1_1yr,5,-0.0001775892,-0.0001775892,0.00000000000000,true
temporary CSI,oos,raw_plus_latent,total_market,fpr1,1,lockout_1yr,fpr1_1yr,10,-0.0002157898,-0.0002157898,0.00000000000000,true
temporary CSI,oos,raw_plus_latent,total_market,fpr1,1,lockout_1yr,fpr1_1yr,20,-0.0002921884,-0.0002921884,0.00000000000000,true
temporary CSI,oos,raw_plus_latent,total_market,fpr1,2,lockout_2yr,fpr1_2yr,0,0.0001240390,0.0001240390,0.00000000000000,true
temporary CSI,oos,raw_plus_latent,total_market,fpr1,2,lockout_2yr,fpr1_2yr,5,0.0000859790,0.0000859790,0.00000000000000,true
temporary CSI,oos,raw_plus_latent,total_market,fpr1,2,lockout_2yr,fpr1_2yr,10,0.0000479200,0.0000479200,0.00000000000000,true
temporary CSI,oos,raw_plus_latent,total_market,fpr1,2,lockout_2yr,fpr1_2yr,20,-0.0000281954,-0.0000281954,0.00000000000000,true
temporary CSI,oos,raw_plus_latent,total_market,fpr1,3,lockout_3yr,fpr1_3yr,0,0.0001655794,0.0001655794,0.00000000000000,true
temporary CSI,oos,raw_plus_latent,total_market,fpr1,3,lockout_3yr,fpr1_3yr,5,0.0001276851,0.0001276851,0.00000000000000,true
temporary CSI,oos,raw_plus_latent,total_market,fpr1,3,lockout_3yr,fpr1_3yr,10,0.0000897917,0.0000897917,0.00000000000000,true
temporary CSI,oos,raw_plus_latent,total_market,fpr1,3,lockout_3yr,fpr1_3yr,20,0.0000140076,0.0000140076,0.00000000000000,true
temporary CSI,oos,raw_plus_latent,total_market,fpr1,5,lockout_5yr,fpr1_5yr,0,0.0004953010,0.0004953010,0.00000000000000,true
temporary CSI,oos,raw_plus_latent,total_market,fpr1,5,lockout_5yr,fpr1_5yr,5,0.0004579647,0.0004579647,0.00000000000000,true
temporary CSI,oos,raw_plus_latent,total_market,fpr1,5,lockout_5yr,fpr1_5yr,10,0.0004206294,0.0004206294,0.00000000000000,true
temporary CSI,oos,raw_plus_latent,total_market,fpr1,5,lockout_5yr,fpr1_5yr,20,0.0003459612,0.0003459612,0.00000000000000,true
temporary CSI,oos,raw_plus_latent,total_market,fpr3,1,lockout_1yr,fpr3_1yr,0,-0.0005493850,-0.0005493850,0.00000000000000,true
temporary CSI,oos,raw_plus_latent,total_market,fpr3,1,lockout_1yr,fpr3_1yr,5,-0.0005900750,-0.0005900750,0.00000000000000,true
temporary CSI,oos,raw_plus_latent,total_market,fpr3,1,lockout_1yr,fpr3_1yr,10,-0.0006307639,-0.0006307639,0.00000000000000,true
temporary CSI,oos,raw_plus_latent,total_market,fpr3,1,lockout_1yr,fpr3_1yr,20,-0.0007121388,-0.0007121388,0.00000000000000,true
temporary CSI,oos,raw_plus_latent,total_market,fpr3,2,lockout_2yr,fpr3_2yr,0,0.0000392853,0.0000392853,0.00000000000000,true
temporary CSI,oos,raw_plus_latent,total_market,fpr3,2,lockout_2yr,fpr3_2yr,5,-0.0000008470,-0.0000008470,0.00000000000000,true
temporary CSI,oos,raw_plus_latent,total_market,fpr3,2,lockout_2yr,fpr3_2yr,10,-0.0000409784,-0.0000409784,0.00000000000000,true
temporary CSI,oos,raw_plus_latent,total_market,fpr3,2,lockout_2yr,fpr3_2yr,20,-0.0001212380,-0.0001212380,0.00000000000000,true
temporary CSI,oos,raw_plus_latent,total_market,fpr3,3,lockout_3yr,fpr3_3yr,0,0.0006914439,0.0006914439,0.00000000000000,true
temporary CSI,oos,raw_plus_latent,total_market,fpr3,3,lockout_3yr,fpr3_3yr,5,0.0006525008,0.0006525008,0.00000000000000,true
temporary CSI,oos,raw_plus_latent,total_market,fpr3,3,lockout_3yr,fpr3_3yr,10,0.0006135587,0.0006135587,0.00000000000000,true
temporary CSI,oos,raw_plus_latent,total_market,fpr3,3,lockout_3yr,fpr3_3yr,20,0.0005356773,0.0005356773,0.00000000000000,true
temporary CSI,oos,raw_plus_latent,total_market,fpr3,5,lockout_5yr,fpr3_5yr,0,0.0012356586,0.0012356586,0.00000000000000,true
temporary CSI,oos,raw_plus_latent,total_market,fpr3,5,lockout_5yr,fpr3_5yr,5,0.0011979623,0.0011979623,0.00000000000000,true
temporary CSI,oos,raw_plus_latent,total_market,fpr3,5,lockout_5yr,fpr3_5yr,10,0.0011602668,0.0011602668,0.00000000000000,true
temporary CSI,oos,raw_plus_latent,total_market,fpr3,5,lockout_5yr,fpr3_5yr,20,0.0010848786,0.0010848786,0.00000000000000,true
temporary CSI,oos,raw_plus_latent,total_market,fpr5,1,lockout_1yr,fpr5_1yr,0,-0.0006831409,-0.0006831409,0.00000000000000,true
temporary CSI,oos,raw_plus_latent,total_market,fpr5,1,lockout_1yr,fpr5_1yr,5,-0.0007252144,-0.0007252144,0.00000000000000,true
temporary CSI,oos,raw_plus_latent,total_market,fpr5,1,lockout_1yr,fpr5_1yr,10,-0.0007672868,-0.0007672868,0.00000000000000,true
temporary CSI,oos,raw_plus_latent,total_market,fpr5,1,lockout_1yr,fpr5_1yr,20,-0.0008514286,-0.0008514286,0.00000000000000,true
temporary CSI,oos,raw_plus_latent,total_market,fpr5,2,lockout_2yr,fpr5_2yr,0,-0.0000235241,-0.0000235241,0.00000000000000,true
temporary CSI,oos,raw_plus_latent,total_market,fpr5,2,lockout_2yr,fpr5_2yr,5,-0.0000650226,-0.0000650226,0.00000000000000,true
temporary CSI,oos,raw_plus_latent,total_market,fpr5,2,lockout_2yr,fpr5_2yr,10,-0.0001065201,-0.0001065201,0.00000000000000,true
temporary CSI,oos,raw_plus_latent,total_market,fpr5,2,lockout_2yr,fpr5_2yr,20,-0.0001895120,-0.0001895120,0.00000000000000,true
temporary CSI,oos,raw_plus_latent,total_market,fpr5,3,lockout_3yr,fpr5_3yr,0,0.0004241837,0.0004241837,0.00000000000000,true
temporary CSI,oos,raw_plus_latent,total_market,fpr5,3,lockout_3yr,fpr5_3yr,5,0.0003841150,0.0003841150,0.00000000000000,true
temporary CSI,oos,raw_plus_latent,total_market,fpr5,3,lockout_3yr,fpr5_3yr,10,0.0003440472,0.0003440472,0.00000000000000,true
temporary CSI,oos,raw_plus_latent,total_market,fpr5,3,lockout_3yr,fpr5_3yr,20,0.0002639148,0.0002639148,0.00000000000000,true
temporary CSI,oos,raw_plus_latent,total_market,fpr5,5,lockout_5yr,fpr5_5yr,0,0.0013366036,0.0013366036,0.00000000000000,true
temporary CSI,oos,raw_plus_latent,total_market,fpr5,5,lockout_5yr,fpr5_5yr,5,0.0012984828,0.0012984828,0.00000000000000,true
temporary CSI,oos,raw_plus_latent,total_market,fpr5,5,lockout_5yr,fpr5_5yr,10,0.0012603630,0.0012603630,0.00000000000000,true
temporary CSI,oos,raw_plus_latent,total_market,fpr5,5,lockout_5yr,fpr5_5yr,20,0.0011841261,0.0011841261,0.00000000000000,true
temporary CSI,oos,raw_plus_latent,total_market,youden,1,lockout_1yr,youden_1yr,0,-0.0031226088,-0.0031226088,0.00000000000000,true
temporary CSI,oos,raw_plus_latent,total_market,youden,1,lockout_1yr,youden_1yr,5,-0.0031968989,-0.0031968989,0.00000000000000,true
temporary CSI,oos,raw_plus_latent,total_market,youden,1,lockout_1yr,youden_1yr,10,-0.0032711864,-0.0032711864,0.00000000000000,true
temporary CSI,oos,raw_plus_latent,total_market,youden,1,lockout_1yr,youden_1yr,20,-0.0034197541,-0.0034197541,0.00000000000000,true
temporary CSI,oos,raw_plus_latent,total_market,youden,2,lockout_2yr,youden_2yr,0,-0.0055855465,-0.0055855465,0.00000000000000,true
temporary CSI,oos,raw_plus_latent,total_market,youden,2,lockout_2yr,youden_2yr,5,-0.0056470191,-0.0056470191,0.00000000000000,true
temporary CSI,oos,raw_plus_latent,total_market,youden,2,lockout_2yr,youden_2yr,10,-0.0057084899,-0.0057084899,0.00000000000000,true
temporary CSI,oos,raw_plus_latent,total_market,youden,2,lockout_2yr,youden_2yr,20,-0.0058314265,-0.0058314265,0.00000000000000,true
temporary CSI,oos,raw_plus_latent,total_market,youden,3,lockout_3yr,youden_3yr,0,-0.0000301639,-0.0000301639,0.00000000000000,true
temporary CSI,oos,raw_plus_latent,total_market,youden,3,lockout_3yr,youden_3yr,5,-0.0000837530,-0.0000837530,0.00000000000000,true
temporary CSI,oos,raw_plus_latent,total_market,youden,3,lockout_3yr,youden_3yr,10,-0.0001373405,-0.0001373405,0.00000000000000,true
temporary CSI,oos,raw_plus_latent,total_market,youden,3,lockout_3yr,youden_3yr,20,-0.0002445109,-0.0002445109,0.00000000000000,true
temporary CSI,oos,raw_plus_latent,total_market,youden,5,lockout_5yr,youden_5yr,0,0.0018395821,0.0018395821,0.00000000000000,true
temporary CSI,oos,raw_plus_latent,total_market,youden,5,lockout_5yr,youden_5yr,5,0.0017911579,0.0017911579,0.00000000000000,true
temporary CSI,oos,raw_plus_latent,total_market,youden,5,lockout_5yr,youden_5yr,10,0.0017427351,0.0017427351,0.00000000000000,true
temporary CSI,oos,raw_plus_latent,total_market,youden,5,lockout_5yr,youden_5yr,20,0.0016458935,0.0016458935,0.00000000000000,true
temporary CSI,test,raw_plus_latent,large_cap,fpr1,1,lockout_1yr,fpr1_1yr,0,0.0000340683,0.0000340683,0.00000000000000,true
temporary CSI,test,raw_plus_latent,large_cap,fpr1,1,lockout_1yr,fpr1_1yr,5,-0.0000286133,-0.0000286133,0.00000000000000,true
temporary CSI,test,raw_plus_latent,large_cap,fpr1,1,lockout_1yr,fpr1_1yr,10,-0.0000912924,-0.0000912924,0.00000000000000,true
temporary CSI,test,raw_plus_latent,large_cap,fpr1,1,lockout_1yr,fpr1_1yr,20,-0.0002166428,-0.0002166428,0.00000000000000,true
temporary CSI,test,raw_plus_latent,large_cap,fpr1,2,lockout_2yr,fpr1_2yr,0,0.0000340683,0.0000340683,0.00000000000000,true
temporary CSI,test,raw_plus_latent,large_cap,fpr1,2,lockout_2yr,fpr1_2yr,5,-0.0000286133,-0.0000286133,0.00000000000000,true
temporary CSI,test,raw_plus_latent,large_cap,fpr1,2,lockout_2yr,fpr1_2yr,10,-0.0000912924,-0.0000912924,0.00000000000000,true
temporary CSI,test,raw_plus_latent,large_cap,fpr1,2,lockout_2yr,fpr1_2yr,20,-0.0002166428,-0.0002166428,0.00000000000000,true
temporary CSI,test,raw_plus_latent,large_cap,fpr1,3,lockout_3yr,fpr1_3yr,0,0.0000340683,0.0000340683,0.00000000000000,true
temporary CSI,test,raw_plus_latent,large_cap,fpr1,3,lockout_3yr,fpr1_3yr,5,-0.0000286133,-0.0000286133,0.00000000000000,true
temporary CSI,test,raw_plus_latent,large_cap,fpr1,3,lockout_3yr,fpr1_3yr,10,-0.0000912924,-0.0000912924,0.00000000000000,true
temporary CSI,test,raw_plus_latent,large_cap,fpr1,3,lockout_3yr,fpr1_3yr,20,-0.0002166428,-0.0002166428,0.00000000000000,true
temporary CSI,test,raw_plus_latent,large_cap,fpr1,5,lockout_5yr,fpr1_5yr,0,0.0000340683,0.0000340683,0.00000000000000,true
temporary CSI,test,raw_plus_latent,large_cap,fpr1,5,lockout_5yr,fpr1_5yr,5,-0.0000286133,-0.0000286133,0.00000000000000,true
temporary CSI,test,raw_plus_latent,large_cap,fpr1,5,lockout_5yr,fpr1_5yr,10,-0.0000912924,-0.0000912924,0.00000000000000,true
temporary CSI,test,raw_plus_latent,large_cap,fpr1,5,lockout_5yr,fpr1_5yr,20,-0.0002166428,-0.0002166428,0.00000000000000,true
temporary CSI,test,raw_plus_latent,large_cap,fpr3,1,lockout_1yr,fpr3_1yr,0,0.0000351054,0.0000351054,0.00000000000000,true
temporary CSI,test,raw_plus_latent,large_cap,fpr3,1,lockout_1yr,fpr3_1yr,5,-0.0000273023,-0.0000273023,0.00000000000000,true
temporary CSI,test,raw_plus_latent,large_cap,fpr3,1,lockout_1yr,fpr3_1yr,10,-0.0000897074,-0.0000897074,0.00000000000000,true
temporary CSI,test,raw_plus_latent,large_cap,fpr3,1,lockout_1yr,fpr3_1yr,20,-0.0002145099,-0.0002145099,0.00000000000000,true
temporary CSI,test,raw_plus_latent,large_cap,fpr3,2,lockout_2yr,fpr3_2yr,0,0.0000351054,0.0000351054,0.00000000000000,true
temporary CSI,test,raw_plus_latent,large_cap,fpr3,2,lockout_2yr,fpr3_2yr,5,-0.0000273023,-0.0000273023,0.00000000000000,true
temporary CSI,test,raw_plus_latent,large_cap,fpr3,2,lockout_2yr,fpr3_2yr,10,-0.0000897074,-0.0000897074,0.00000000000000,true
temporary CSI,test,raw_plus_latent,large_cap,fpr3,2,lockout_2yr,fpr3_2yr,20,-0.0002145099,-0.0002145099,0.00000000000000,true
temporary CSI,test,raw_plus_latent,large_cap,fpr3,3,lockout_3yr,fpr3_3yr,0,0.0000258073,0.0000258073,0.00000000000000,true
temporary CSI,test,raw_plus_latent,large_cap,fpr3,3,lockout_3yr,fpr3_3yr,5,-0.0000365932,-0.0000365932,0.00000000000000,true
temporary CSI,test,raw_plus_latent,large_cap,fpr3,3,lockout_3yr,fpr3_3yr,10,-0.0000989912,-0.0000989912,0.00000000000000,true
temporary CSI,test,raw_plus_latent,large_cap,fpr3,3,lockout_3yr,fpr3_3yr,20,-0.0002237796,-0.0002237796,0.00000000000000,true
temporary CSI,test,raw_plus_latent,large_cap,fpr3,5,lockout_5yr,fpr3_5yr,0,0.0000753761,0.0000753761,0.00000000000000,true
temporary CSI,test,raw_plus_latent,large_cap,fpr3,5,lockout_5yr,fpr3_5yr,5,0.0000132227,0.0000132227,0.00000000000000,true
temporary CSI,test,raw_plus_latent,large_cap,fpr3,5,lockout_5yr,fpr3_5yr,10,-0.0000489281,-0.0000489281,0.00000000000000,true
temporary CSI,test,raw_plus_latent,large_cap,fpr3,5,lockout_5yr,fpr3_5yr,20,-0.0001732223,-0.0001732223,0.00000000000000,true
temporary CSI,test,raw_plus_latent,large_cap,fpr5,1,lockout_1yr,fpr5_1yr,0,0.0001276294,0.0001276294,0.00000000000000,true
temporary CSI,test,raw_plus_latent,large_cap,fpr5,1,lockout_1yr,fpr5_1yr,5,0.0000650095,0.0000650095,0.00000000000000,true
temporary CSI,test,raw_plus_latent,large_cap,fpr5,1,lockout_1yr,fpr5_1yr,10,0.0000023922,0.0000023922,0.00000000000000,true
temporary CSI,test,raw_plus_latent,large_cap,fpr5,1,lockout_1yr,fpr5_1yr,20,-0.0001228347,-0.0001228347,0.00000000000000,true
temporary CSI,test,raw_plus_latent,large_cap,fpr5,2,lockout_2yr,fpr5_2yr,0,0.0001209958,0.0001209958,0.00000000000000,true
temporary CSI,test,raw_plus_latent,large_cap,fpr5,2,lockout_2yr,fpr5_2yr,5,0.0000583266,0.0000583266,0.00000000000000,true
temporary CSI,test,raw_plus_latent,large_cap,fpr5,2,lockout_2yr,fpr5_2yr,10,-0.0000043401,-0.0000043401,0.00000000000000,true
temporary CSI,test,raw_plus_latent,large_cap,fpr5,2,lockout_2yr,fpr5_2yr,20,-0.0001296658,-0.0001296658,0.00000000000000,true
temporary CSI,test,raw_plus_latent,large_cap,fpr5,3,lockout_3yr,fpr5_3yr,0,0.0001970947,0.0001970947,0.00000000000000,true
temporary CSI,test,raw_plus_latent,large_cap,fpr5,3,lockout_3yr,fpr5_3yr,5,0.0001346504,0.0001346504,0.00000000000000,true
temporary CSI,test,raw_plus_latent,large_cap,fpr5,3,lockout_3yr,fpr5_3yr,10,0.0000722087,0.0000722087,0.00000000000000,true
temporary CSI,test,raw_plus_latent,large_cap,fpr5,3,lockout_3yr,fpr5_3yr,20,-0.0000526672,-0.0000526672,0.00000000000000,true
temporary CSI,test,raw_plus_latent,large_cap,fpr5,5,lockout_5yr,fpr5_5yr,0,0.0003629636,0.0003629636,0.00000000000000,true
temporary CSI,test,raw_plus_latent,large_cap,fpr5,5,lockout_5yr,fpr5_5yr,5,0.0003008260,0.0003008260,0.00000000000000,true
temporary CSI,test,raw_plus_latent,large_cap,fpr5,5,lockout_5yr,fpr5_5yr,10,0.0002386909,0.0002386909,0.00000000000000,true
temporary CSI,test,raw_plus_latent,large_cap,fpr5,5,lockout_5yr,fpr5_5yr,20,0.0001144282,0.0001144282,0.00000000000000,true
temporary CSI,test,raw_plus_latent,large_cap,youden,1,lockout_1yr,youden_1yr,0,0.0016082289,0.0016082289,0.00000000000000,true
temporary CSI,test,raw_plus_latent,large_cap,youden,1,lockout_1yr,youden_1yr,5,0.0015333521,0.0015333521,0.00000000000000,true
temporary CSI,test,raw_plus_latent,large_cap,youden,1,lockout_1yr,youden_1yr,10,0.0014584787,0.0014584787,0.00000000000000,true
temporary CSI,test,raw_plus_latent,large_cap,youden,1,lockout_1yr,youden_1yr,20,0.0013087423,0.0013087423,0.00000000000000,true
temporary CSI,test,raw_plus_latent,large_cap,youden,2,lockout_2yr,youden_2yr,0,0.0019006386,0.0019006386,0.00000000000000,true
temporary CSI,test,raw_plus_latent,large_cap,youden,2,lockout_2yr,youden_2yr,5,0.0018320519,0.0018320519,0.00000000000000,true
temporary CSI,test,raw_plus_latent,large_cap,youden,2,lockout_2yr,youden_2yr,10,0.0017634682,0.0017634682,0.00000000000000,true
temporary CSI,test,raw_plus_latent,large_cap,youden,2,lockout_2yr,youden_2yr,20,0.0016263098,0.0016263098,0.00000000000000,true
temporary CSI,test,raw_plus_latent,large_cap,youden,3,lockout_3yr,youden_3yr,0,0.0024038890,0.0024038890,0.00000000000000,true
temporary CSI,test,raw_plus_latent,large_cap,youden,3,lockout_3yr,youden_3yr,5,0.0023367091,0.0023367091,0.00000000000000,true
temporary CSI,test,raw_plus_latent,large_cap,youden,3,lockout_3yr,youden_3yr,10,0.0022695321,0.0022695321,0.00000000000000,true
temporary CSI,test,raw_plus_latent,large_cap,youden,3,lockout_3yr,youden_3yr,20,0.0021351867,0.0021351867,0.00000000000000,true
temporary CSI,test,raw_plus_latent,large_cap,youden,5,lockout_5yr,youden_5yr,0,0.0018173774,0.0018173774,0.00000000000000,true
temporary CSI,test,raw_plus_latent,large_cap,youden,5,lockout_5yr,youden_5yr,5,0.0017425962,0.0017425962,0.00000000000000,true
temporary CSI,test,raw_plus_latent,large_cap,youden,5,lockout_5yr,youden_5yr,10,0.0016678183,0.0016678183,0.00000000000000,true
temporary CSI,test,raw_plus_latent,large_cap,youden,5,lockout_5yr,youden_5yr,20,0.0015182726,0.0015182726,0.00000000000000,true
temporary CSI,test,raw_plus_latent,mid_cap,fpr1,1,lockout_1yr,fpr1_1yr,0,0.0002053057,0.0002053057,0.00000000000000,true
temporary CSI,test,raw_plus_latent,mid_cap,fpr1,1,lockout_1yr,fpr1_1yr,5,-0.0002594815,-0.0002594815,0.00000000000000,true
temporary CSI,test,raw_plus_latent,mid_cap,fpr1,1,lockout_1yr,fpr1_1yr,10,-0.0007241273,-0.0007241273,0.00000000000000,true
temporary CSI,test,raw_plus_latent,mid_cap,fpr1,1,lockout_1yr,fpr1_1yr,20,-0.0016529954,-0.0016529954,0.00000000000000,true
temporary CSI,test,raw_plus_latent,mid_cap,fpr1,2,lockout_2yr,fpr1_2yr,0,0.0002053057,0.0002053057,0.00000000000000,true
temporary CSI,test,raw_plus_latent,mid_cap,fpr1,2,lockout_2yr,fpr1_2yr,5,-0.0002594815,-0.0002594815,0.00000000000000,true
temporary CSI,test,raw_plus_latent,mid_cap,fpr1,2,lockout_2yr,fpr1_2yr,10,-0.0007241273,-0.0007241273,0.00000000000000,true
temporary CSI,test,raw_plus_latent,mid_cap,fpr1,2,lockout_2yr,fpr1_2yr,20,-0.0016529954,-0.0016529954,0.00000000000000,true
temporary CSI,test,raw_plus_latent,mid_cap,fpr1,3,lockout_3yr,fpr1_3yr,0,0.0002053057,0.0002053057,0.00000000000000,true
temporary CSI,test,raw_plus_latent,mid_cap,fpr1,3,lockout_3yr,fpr1_3yr,5,-0.0002594815,-0.0002594815,0.00000000000000,true
temporary CSI,test,raw_plus_latent,mid_cap,fpr1,3,lockout_3yr,fpr1_3yr,10,-0.0007241273,-0.0007241273,0.00000000000000,true
temporary CSI,test,raw_plus_latent,mid_cap,fpr1,3,lockout_3yr,fpr1_3yr,20,-0.0016529954,-0.0016529954,0.00000000000000,true
temporary CSI,test,raw_plus_latent,mid_cap,fpr1,5,lockout_5yr,fpr1_5yr,0,0.0002053057,0.0002053057,0.00000000000000,true
temporary CSI,test,raw_plus_latent,mid_cap,fpr1,5,lockout_5yr,fpr1_5yr,5,-0.0002594815,-0.0002594815,0.00000000000000,true
temporary CSI,test,raw_plus_latent,mid_cap,fpr1,5,lockout_5yr,fpr1_5yr,10,-0.0007241273,-0.0007241273,0.00000000000000,true
temporary CSI,test,raw_plus_latent,mid_cap,fpr1,5,lockout_5yr,fpr1_5yr,20,-0.0016529954,-0.0016529954,0.00000000000000,true
temporary CSI,test,raw_plus_latent,mid_cap,fpr3,1,lockout_1yr,fpr3_1yr,0,0.0001795622,0.0001795622,0.00000000000000,true
temporary CSI,test,raw_plus_latent,mid_cap,fpr3,1,lockout_1yr,fpr3_1yr,5,-0.0002852024,-0.0002852024,0.00000000000000,true
temporary CSI,test,raw_plus_latent,mid_cap,fpr3,1,lockout_1yr,fpr3_1yr,10,-0.0007498258,-0.0007498258,0.00000000000000,true
temporary CSI,test,raw_plus_latent,mid_cap,fpr3,1,lockout_1yr,fpr3_1yr,20,-0.0016786489,-0.0016786489,0.00000000000000,true
temporary CSI,test,raw_plus_latent,mid_cap,fpr3,2,lockout_2yr,fpr3_2yr,0,0.0001795622,0.0001795622,0.00000000000000,true
temporary CSI,test,raw_plus_latent,mid_cap,fpr3,2,lockout_2yr,fpr3_2yr,5,-0.0002852024,-0.0002852024,0.00000000000000,true
temporary CSI,test,raw_plus_latent,mid_cap,fpr3,2,lockout_2yr,fpr3_2yr,10,-0.0007498258,-0.0007498258,0.00000000000000,true
temporary CSI,test,raw_plus_latent,mid_cap,fpr3,2,lockout_2yr,fpr3_2yr,20,-0.0016786489,-0.0016786489,0.00000000000000,true
temporary CSI,test,raw_plus_latent,mid_cap,fpr3,3,lockout_3yr,fpr3_3yr,0,0.0001285664,0.0001285664,0.00000000000000,true
temporary CSI,test,raw_plus_latent,mid_cap,fpr3,3,lockout_3yr,fpr3_3yr,5,-0.0003359756,-0.0003359756,0.00000000000000,true
temporary CSI,test,raw_plus_latent,mid_cap,fpr3,3,lockout_3yr,fpr3_3yr,10,-0.0008003765,-0.0008003765,0.00000000000000,true
temporary CSI,test,raw_plus_latent,mid_cap,fpr3,3,lockout_3yr,fpr3_3yr,20,-0.0017287550,-0.0017287550,0.00000000000000,true
temporary CSI,test,raw_plus_latent,mid_cap,fpr3,5,lockout_5yr,fpr3_5yr,0,0.0004209951,0.0004209951,0.00000000000000,true
temporary CSI,test,raw_plus_latent,mid_cap,fpr3,5,lockout_5yr,fpr3_5yr,5,-0.0000421679,-0.0000421679,0.00000000000000,true
temporary CSI,test,raw_plus_latent,mid_cap,fpr3,5,lockout_5yr,fpr3_5yr,10,-0.0005051906,-0.0005051906,0.00000000000000,true
temporary CSI,test,raw_plus_latent,mid_cap,fpr3,5,lockout_5yr,fpr3_5yr,20,-0.0014308155,-0.0014308155,0.00000000000000,true
temporary CSI,test,raw_plus_latent,mid_cap,fpr5,1,lockout_1yr,fpr5_1yr,0,0.0007092519,0.0007092519,0.00000000000000,true
temporary CSI,test,raw_plus_latent,mid_cap,fpr5,1,lockout_1yr,fpr5_1yr,5,0.0002427426,0.0002427426,0.00000000000000,true
temporary CSI,test,raw_plus_latent,mid_cap,fpr5,1,lockout_1yr,fpr5_1yr,10,-0.0002236244,-0.0002236244,0.00000000000000,true
temporary CSI,test,raw_plus_latent,mid_cap,fpr5,1,lockout_1yr,fpr5_1yr,20,-0.0011559318,-0.0011559318,0.00000000000000,true
temporary CSI,test,raw_plus_latent,mid_cap,fpr5,2,lockout_2yr,fpr5_2yr,0,0.0006517898,0.0006517898,0.00000000000000,true
temporary CSI,test,raw_plus_latent,mid_cap,fpr5,2,lockout_2yr,fpr5_2yr,5,0.0001856317,0.0001856317,0.00000000000000,true
temporary CSI,test,raw_plus_latent,mid_cap,fpr5,2,lockout_2yr,fpr5_2yr,10,-0.0002803844,-0.0002803844,0.00000000000000,true
temporary CSI,test,raw_plus_latent,mid_cap,fpr5,2,lockout_2yr,fpr5_2yr,20,-0.0012119906,-0.0012119906,0.00000000000000,true
temporary CSI,test,raw_plus_latent,mid_cap,fpr5,3,lockout_3yr,fpr5_3yr,0,0.0006988246,0.0006988246,0.00000000000000,true
temporary CSI,test,raw_plus_latent,mid_cap,fpr5,3,lockout_3yr,fpr5_3yr,5,0.0002353095,0.0002353095,0.00000000000000,true
temporary CSI,test,raw_plus_latent,mid_cap,fpr5,3,lockout_3yr,fpr5_3yr,10,-0.0002280651,-0.0002280651,0.00000000000000,true
temporary CSI,test,raw_plus_latent,mid_cap,fpr5,3,lockout_3yr,fpr5_3yr,20,-0.0011543934,-0.0011543934,0.00000000000000,true
temporary CSI,test,raw_plus_latent,mid_cap,fpr5,5,lockout_5yr,fpr5_5yr,0,0.0010270553,0.0010270553,0.00000000000000,true
temporary CSI,test,raw_plus_latent,mid_cap,fpr5,5,lockout_5yr,fpr5_5yr,5,0.0005641224,0.0005641224,0.00000000000000,true
temporary CSI,test,raw_plus_latent,mid_cap,fpr5,5,lockout_5yr,fpr5_5yr,10,0.0001013295,0.0001013295,0.00000000000000,true
temporary CSI,test,raw_plus_latent,mid_cap,fpr5,5,lockout_5yr,fpr5_5yr,20,-0.0008238364,-0.0008238364,0.00000000000000,true
temporary CSI,test,raw_plus_latent,mid_cap,youden,1,lockout_1yr,youden_1yr,0,-0.0002049096,-0.0002049096,0.00000000000000,true
temporary CSI,test,raw_plus_latent,mid_cap,youden,1,lockout_1yr,youden_1yr,5,-0.0006701706,-0.0006701706,0.00000000000000,true
temporary CSI,test,raw_plus_latent,mid_cap,youden,1,lockout_1yr,youden_1yr,10,-0.0011352913,-0.0011352913,0.00000000000000,true
temporary CSI,test,raw_plus_latent,mid_cap,youden,1,lockout_1yr,youden_1yr,20,-0.0020651117,-0.0020651117,0.00000000000000,true
temporary CSI,test,raw_plus_latent,mid_cap,youden,2,lockout_2yr,youden_2yr,0,-0.0003058644,-0.0003058644,0.00000000000000,true
temporary CSI,test,raw_plus_latent,mid_cap,youden,2,lockout_2yr,youden_2yr,5,-0.0007639177,-0.0007639177,0.00000000000000,true
temporary CSI,test,raw_plus_latent,mid_cap,youden,2,lockout_2yr,youden_2yr,10,-0.0012218342,-0.0012218342,0.00000000000000,true
temporary CSI,test,raw_plus_latent,mid_cap,youden,2,lockout_2yr,youden_2yr,20,-0.0021372572,-0.0021372572,0.00000000000000,true
temporary CSI,test,raw_plus_latent,mid_cap,youden,3,lockout_3yr,youden_3yr,0,0.0001028728,0.0001028728,0.00000000000000,true
temporary CSI,test,raw_plus_latent,mid_cap,youden,3,lockout_3yr,youden_3yr,5,-0.0003467093,-0.0003467093,0.00000000000000,true
temporary CSI,test,raw_plus_latent,mid_cap,youden,3,lockout_3yr,youden_3yr,10,-0.0007961598,-0.0007961598,0.00000000000000,true
temporary CSI,test,raw_plus_latent,mid_cap,youden,3,lockout_3yr,youden_3yr,20,-0.0016946656,-0.0016946656,0.00000000000000,true
temporary CSI,test,raw_plus_latent,mid_cap,youden,5,lockout_5yr,youden_5yr,0,0.0012601567,0.0012601567,0.00000000000000,true
temporary CSI,test,raw_plus_latent,mid_cap,youden,5,lockout_5yr,youden_5yr,5,0.0008106891,0.0008106891,0.00000000000000,true
temporary CSI,test,raw_plus_latent,mid_cap,youden,5,lockout_5yr,youden_5yr,10,0.0003613532,0.0003613532,0.00000000000000,true
temporary CSI,test,raw_plus_latent,mid_cap,youden,5,lockout_5yr,youden_5yr,20,-0.0005369237,-0.0005369237,0.00000000000000,true
temporary CSI,test,raw_plus_latent,small_cap,fpr1,1,lockout_1yr,fpr1_1yr,0,0.0006376199,0.0006376199,0.00000000000000,true
temporary CSI,test,raw_plus_latent,small_cap,fpr1,1,lockout_1yr,fpr1_1yr,5,0.0003040496,0.0003040496,0.00000000000000,true
temporary CSI,test,raw_plus_latent,small_cap,fpr1,1,lockout_1yr,fpr1_1yr,10,-0.0000294464,-0.0000294464,0.00000000000000,true
temporary CSI,test,raw_plus_latent,small_cap,fpr1,1,lockout_1yr,fpr1_1yr,20,-0.0006962151,-0.0006962151,0.00000000000000,true
temporary CSI,test,raw_plus_latent,small_cap,fpr1,2,lockout_2yr,fpr1_2yr,0,0.0005668698,0.0005668698,0.00000000000000,true
temporary CSI,test,raw_plus_latent,small_cap,fpr1,2,lockout_2yr,fpr1_2yr,5,0.0002334636,0.0002334636,0.00000000000000,true
temporary CSI,test,raw_plus_latent,small_cap,fpr1,2,lockout_2yr,fpr1_2yr,10,-0.0000998683,-0.0000998683,0.00000000000000,true
temporary CSI,test,raw_plus_latent,small_cap,fpr1,2,lockout_2yr,fpr1_2yr,20,-0.0007663090,-0.0007663090,0.00000000000000,true
temporary CSI,test,raw_plus_latent,small_cap,fpr1,3,lockout_3yr,fpr1_3yr,0,0.0005589455,0.0005589455,0.00000000000000,true
temporary CSI,test,raw_plus_latent,small_cap,fpr1,3,lockout_3yr,fpr1_3yr,5,0.0002253882,0.0002253882,0.00000000000000,true
temporary CSI,test,raw_plus_latent,small_cap,fpr1,3,lockout_3yr,fpr1_3yr,10,-0.0001080946,-0.0001080946,0.00000000000000,true
temporary CSI,test,raw_plus_latent,small_cap,fpr1,3,lockout_3yr,fpr1_3yr,20,-0.0007748370,-0.0007748370,0.00000000000000,true
temporary CSI,test,raw_plus_latent,small_cap,fpr1,5,lockout_5yr,fpr1_5yr,0,0.0007753395,0.0007753395,0.00000000000000,true
temporary CSI,test,raw_plus_latent,small_cap,fpr1,5,lockout_5yr,fpr1_5yr,5,0.0004419072,0.0004419072,0.00000000000000,true
temporary CSI,test,raw_plus_latent,small_cap,fpr1,5,lockout_5yr,fpr1_5yr,10,0.0001085493,0.0001085493,0.00000000000000,true
temporary CSI,test,raw_plus_latent,small_cap,fpr1,5,lockout_5yr,fpr1_5yr,20,-0.0005579436,-0.0005579436,0.00000000000000,true
temporary CSI,test,raw_plus_latent,small_cap,fpr3,1,lockout_1yr,fpr3_1yr,0,0.0010102641,0.0010102641,0.00000000000000,true
temporary CSI,test,raw_plus_latent,small_cap,fpr3,1,lockout_1yr,fpr3_1yr,5,0.0006791569,0.0006791569,0.00000000000000,true
temporary CSI,test,raw_plus_latent,small_cap,fpr3,1,lockout_1yr,fpr3_1yr,10,0.0003481230,0.0003481230,0.00000000000000,true
temporary CSI,test,raw_plus_latent,small_cap,fpr3,1,lockout_1yr,fpr3_1yr,20,-0.0003137252,-0.0003137252,0.00000000000000,true
temporary CSI,test,raw_plus_latent,small_cap,fpr3,2,lockout_2yr,fpr3_2yr,0,0.0007861906,0.0007861906,0.00000000000000,true
temporary CSI,test,raw_plus_latent,small_cap,fpr3,2,lockout_2yr,fpr3_2yr,5,0.0004554012,0.0004554012,0.00000000000000,true
temporary CSI,test,raw_plus_latent,small_cap,fpr3,2,lockout_2yr,fpr3_2yr,10,0.0001246849,0.0001246849,0.00000000000000,true
temporary CSI,test,raw_plus_latent,small_cap,fpr3,2,lockout_2yr,fpr3_2yr,20,-0.0005365283,-0.0005365283,0.00000000000000,true
temporary CSI,test,raw_plus_latent,small_cap,fpr3,3,lockout_3yr,fpr3_3yr,0,0.0009291782,0.0009291782,0.00000000000000,true
temporary CSI,test,raw_plus_latent,small_cap,fpr3,3,lockout_3yr,fpr3_3yr,5,0.0005970265,0.0005970265,0.00000000000000,true
temporary CSI,test,raw_plus_latent,small_cap,fpr3,3,lockout_3yr,fpr3_3yr,10,0.0002649484,0.0002649484,0.00000000000000,true
temporary CSI,test,raw_plus_latent,small_cap,fpr3,3,lockout_3yr,fpr3_3yr,20,-0.0003989866,-0.0003989866,0.00000000000000,true
temporary CSI,test,raw_plus_latent,small_cap,fpr3,5,lockout_5yr,fpr3_5yr,0,0.0016841819,0.0016841819,0.00000000000000,true
temporary CSI,test,raw_plus_latent,small_cap,fpr3,5,lockout_5yr,fpr3_5yr,5,0.0013536159,0.0013536159,0.00000000000000,true
temporary CSI,test,raw_plus_latent,small_cap,fpr3,5,lockout_5yr,fpr3_5yr,10,0.0010231228,0.0010231228,0.00000000000000,true
temporary CSI,test,raw_plus_latent,small_cap,fpr3,5,lockout_5yr,fpr3_5yr,20,0.0003623557,0.0003623557,0.00000000000000,true
temporary CSI,test,raw_plus_latent,small_cap,fpr5,1,lockout_1yr,fpr5_1yr,0,0.0011188173,0.0011188173,0.00000000000000,true
temporary CSI,test,raw_plus_latent,small_cap,fpr5,1,lockout_1yr,fpr5_1yr,5,0.0007859663,0.0007859663,0.00000000000000,true
temporary CSI,test,raw_plus_latent,small_cap,fpr5,1,lockout_1yr,fpr5_1yr,10,0.0004531893,0.0004531893,0.00000000000000,true
temporary CSI,test,raw_plus_latent,small_cap,fpr5,1,lockout_1yr,fpr5_1yr,20,-0.0002121426,-0.0002121426,0.00000000000000,true
temporary CSI,test,raw_plus_latent,small_cap,fpr5,2,lockout_2yr,fpr5_2yr,0,0.0008793224,0.0008793224,0.00000000000000,true
temporary CSI,test,raw_plus_latent,small_cap,fpr5,2,lockout_2yr,fpr5_2yr,5,0.0005473101,0.0005473101,0.00000000000000,true
temporary CSI,test,raw_plus_latent,small_cap,fpr5,2,lockout_2yr,fpr5_2yr,10,0.0002153714,0.0002153714,0.00000000000000,true
temporary CSI,test,raw_plus_latent,small_cap,fpr5,2,lockout_2yr,fpr5_2yr,20,-0.0004482850,-0.0004482850,0.00000000000000,true
temporary CSI,test,raw_plus_latent,small_cap,fpr5,3,lockout_3yr,fpr5_3yr,0,0.0004801262,0.0004801262,0.00000000000000,true
temporary CSI,test,raw_plus_latent,small_cap,fpr5,3,lockout_3yr,fpr5_3yr,5,0.0001489315,0.0001489315,0.00000000000000,true
temporary CSI,test,raw_plus_latent,small_cap,fpr5,3,lockout_3yr,fpr5_3yr,10,-0.0001821899,-0.0001821899,0.00000000000000,true
temporary CSI,test,raw_plus_latent,small_cap,fpr5,3,lockout_3yr,fpr5_3yr,20,-0.0008442130,-0.0008442130,0.00000000000000,true
temporary CSI,test,raw_plus_latent,small_cap,fpr5,5,lockout_5yr,fpr5_5yr,0,0.0016394919,0.0016394919,0.00000000000000,true
temporary CSI,test,raw_plus_latent,small_cap,fpr5,5,lockout_5yr,fpr5_5yr,5,0.0013088498,0.0013088498,0.00000000000000,true
temporary CSI,test,raw_plus_latent,small_cap,fpr5,5,lockout_5yr,fpr5_5yr,10,0.0009782808,0.0009782808,0.00000000000000,true
temporary CSI,test,raw_plus_latent,small_cap,fpr5,5,lockout_5yr,fpr5_5yr,20,0.0003173617,0.0003173617,0.00000000000000,true
temporary CSI,test,raw_plus_latent,small_cap,youden,1,lockout_1yr,youden_1yr,0,0.0065588666,0.0065588666,0.00000000000000,true
temporary CSI,test,raw_plus_latent,small_cap,youden,1,lockout_1yr,youden_1yr,5,0.0061974837,0.0061974837,0.00000000000000,true
temporary CSI,test,raw_plus_latent,small_cap,youden,1,lockout_1yr,youden_1yr,10,0.0058361858,0.0058361858,0.00000000000000,true
temporary CSI,test,raw_plus_latent,small_cap,youden,1,lockout_1yr,youden_1yr,20,0.0051138444,0.0051138444,0.00000000000000,true
temporary CSI,test,raw_plus_latent,small_cap,youden,2,lockout_2yr,youden_2yr,0,0.0089025643,0.0089025643,0.00000000000000,true
temporary CSI,test,raw_plus_latent,small_cap,youden,2,lockout_2yr,youden_2yr,5,0.0085511992,0.0085511992,0.00000000000000,true
temporary CSI,test,raw_plus_latent,small_cap,youden,2,lockout_2yr,youden_2yr,10,0.0081999149,0.0081999149,0.00000000000000,true
temporary CSI,test,raw_plus_latent,small_cap,youden,2,lockout_2yr,youden_2yr,20,0.0074975886,0.0074975886,0.00000000000000,true
temporary CSI,test,raw_plus_latent,small_cap,youden,3,lockout_3yr,youden_3yr,0,0.0074637453,0.0074637453,0.00000000000000,true
temporary CSI,test,raw_plus_latent,small_cap,youden,3,lockout_3yr,youden_3yr,5,0.0071184280,0.0071184280,0.00000000000000,true
temporary CSI,test,raw_plus_latent,small_cap,youden,3,lockout_3yr,youden_3yr,10,0.0067731891,0.0067731891,0.00000000000000,true
temporary CSI,test,raw_plus_latent,small_cap,youden,3,lockout_3yr,youden_3yr,20,0.0060829461,0.0060829461,0.00000000000000,true
temporary CSI,test,raw_plus_latent,small_cap,youden,5,lockout_5yr,youden_5yr,0,0.0075372819,0.0075372819,0.00000000000000,true
temporary CSI,test,raw_plus_latent,small_cap,youden,5,lockout_5yr,youden_5yr,5,0.0071903449,0.0071903449,0.00000000000000,true
temporary CSI,test,raw_plus_latent,small_cap,youden,5,lockout_5yr,youden_5yr,10,0.0068434871,0.0068434871,0.00000000000000,true
temporary CSI,test,raw_plus_latent,small_cap,youden,5,lockout_5yr,youden_5yr,20,0.0061500090,0.0061500090,0.00000000000000,true
temporary CSI,test,raw_plus_latent,total_market,fpr1,1,lockout_1yr,fpr1_1yr,0,0.0001952876,0.0001952876,0.00000000000000,true
temporary CSI,test,raw_plus_latent,total_market,fpr1,1,lockout_1yr,fpr1_1yr,5,0.0001562068,0.0001562068,0.00000000000000,true
temporary CSI,test,raw_plus_latent,total_market,fpr1,1,lockout_1yr,fpr1_1yr,10,0.0001171270,0.0001171270,0.00000000000000,true
temporary CSI,test,raw_plus_latent,total_market,fpr1,1,lockout_1yr,fpr1_1yr,20,0.0000389703,0.0000389703,0.00000000000000,true
temporary CSI,test,raw_plus_latent,total_market,fpr1,2,lockout_2yr,fpr1_2yr,0,0.0002038687,0.0002038687,0.00000000000000,true
temporary CSI,test,raw_plus_latent,total_market,fpr1,2,lockout_2yr,fpr1_2yr,5,0.0001648404,0.0001648404,0.00000000000000,true
temporary CSI,test,raw_plus_latent,total_market,fpr1,2,lockout_2yr,fpr1_2yr,10,0.0001258132,0.0001258132,0.00000000000000,true
temporary CSI,test,raw_plus_latent,total_market,fpr1,2,lockout_2yr,fpr1_2yr,20,0.0000477616,0.0000477616,0.00000000000000,true
temporary CSI,test,raw_plus_latent,total_market,fpr1,3,lockout_3yr,fpr1_3yr,0,0.0002167417,0.0002167417,0.00000000000000,true
temporary CSI,test,raw_plus_latent,total_market,fpr1,3,lockout_3yr,fpr1_3yr,5,0.0001777113,0.0001777113,0.00000000000000,true
temporary CSI,test,raw_plus_latent,total_market,fpr1,3,lockout_3yr,fpr1_3yr,10,0.0001386819,0.0001386819,0.00000000000000,true
temporary CSI,test,raw_plus_latent,total_market,fpr1,3,lockout_3yr,fpr1_3yr,20,0.0000606261,0.0000606261,0.00000000000000,true
temporary CSI,test,raw_plus_latent,total_market,fpr1,5,lockout_5yr,fpr1_5yr,0,0.0002689266,0.0002689266,0.00000000000000,true
temporary CSI,test,raw_plus_latent,total_market,fpr1,5,lockout_5yr,fpr1_5yr,5,0.0002299630,0.0002299630,0.00000000000000,true
temporary CSI,test,raw_plus_latent,total_market,fpr1,5,lockout_5yr,fpr1_5yr,10,0.0001910004,0.0001910004,0.00000000000000,true
temporary CSI,test,raw_plus_latent,total_market,fpr1,5,lockout_5yr,fpr1_5yr,20,0.0001130780,0.0001130780,0.00000000000000,true
temporary CSI,test,raw_plus_latent,total_market,fpr3,1,lockout_1yr,fpr3_1yr,0,0.0003095502,0.0003095502,0.00000000000000,true
temporary CSI,test,raw_plus_latent,total_market,fpr3,1,lockout_1yr,fpr3_1yr,5,0.0002701861,0.0002701861,0.00000000000000,true
temporary CSI,test,raw_plus_latent,total_market,fpr3,1,lockout_1yr,fpr3_1yr,10,0.0002308230,0.0002308230,0.00000000000000,true
temporary CSI,test,raw_plus_latent,total_market,fpr3,1,lockout_1yr,fpr3_1yr,20,0.0001520999,0.0001520999,0.00000000000000,true
temporary CSI,test,raw_plus_latent,total_market,fpr3,2,lockout_2yr,fpr3_2yr,0,0.0003367603,0.0003367603,0.00000000000000,true
temporary CSI,test,raw_plus_latent,total_market,fpr3,2,lockout_2yr,fpr3_2yr,5,0.0002975230,0.0002975230,0.00000000000000,true
temporary CSI,test,raw_plus_latent,total_market,fpr3,2,lockout_2yr,fpr3_2yr,10,0.0002582868,0.0002582868,0.00000000000000,true
temporary CSI,test,raw_plus_latent,total_market,fpr3,2,lockout_2yr,fpr3_2yr,20,0.0001798173,0.0001798173,0.00000000000000,true
temporary CSI,test,raw_plus_latent,total_market,fpr3,3,lockout_3yr,fpr3_3yr,0,0.0003787648,0.0003787648,0.00000000000000,true
temporary CSI,test,raw_plus_latent,total_market,fpr3,3,lockout_3yr,fpr3_3yr,5,0.0003394410,0.0003394410,0.00000000000000,true
temporary CSI,test,raw_plus_latent,total_market,fpr3,3,lockout_3yr,fpr3_3yr,10,0.0003001182,0.0003001182,0.00000000000000,true
temporary CSI,test,raw_plus_latent,total_market,fpr3,3,lockout_3yr,fpr3_3yr,20,0.0002214757,0.0002214757,0.00000000000000,true
temporary CSI,test,raw_plus_latent,total_market,fpr3,5,lockout_5yr,fpr3_5yr,0,0.0005609495,0.0005609495,0.00000000000000,true
temporary CSI,test,raw_plus_latent,total_market,fpr3,5,lockout_5yr,fpr3_5yr,5,0.0005217649,0.0005217649,0.00000000000000,true
temporary CSI,test,raw_plus_latent,total_market,fpr3,5,lockout_5yr,fpr3_5yr,10,0.0004825814,0.0004825814,0.00000000000000,true
temporary CSI,test,raw_plus_latent,total_market,fpr3,5,lockout_5yr,fpr3_5yr,20,0.0004042174,0.0004042174,0.00000000000000,true
temporary CSI,test,raw_plus_latent,total_market,fpr5,1,lockout_1yr,fpr5_1yr,0,0.0005360428,0.0005360428,0.00000000000000,true
temporary CSI,test,raw_plus_latent,total_market,fpr5,1,lockout_1yr,fpr5_1yr,5,0.0004962779,0.0004962779,0.00000000000000,true
temporary CSI,test,raw_plus_latent,total_market,fpr5,1,lockout_1yr,fpr5_1yr,10,0.0004565141,0.0004565141,0.00000000000000,true
temporary CSI,test,raw_plus_latent,total_market,fpr5,1,lockout_1yr,fpr5_1yr,20,0.0003769896,0.0003769896,0.00000000000000,true
temporary CSI,test,raw_plus_latent,total_market,fpr5,2,lockout_2yr,fpr5_2yr,0,0.0005760926,0.0005760926,0.00000000000000,true
temporary CSI,test,raw_plus_latent,total_market,fpr5,2,lockout_2yr,fpr5_2yr,5,0.0005362829,0.0005362829,0.00000000000000,true
temporary CSI,test,raw_plus_latent,total_market,fpr5,2,lockout_2yr,fpr5_2yr,10,0.0004964742,0.0004964742,0.00000000000000,true
temporary CSI,test,raw_plus_latent,total_market,fpr5,2,lockout_2yr,fpr5_2yr,20,0.0004168599,0.0004168599,0.00000000000000,true
temporary CSI,test,raw_plus_latent,total_market,fpr5,3,lockout_3yr,fpr5_3yr,0,0.0006164881,0.0006164881,0.00000000000000,true
temporary CSI,test,raw_plus_latent,total_market,fpr5,3,lockout_3yr,fpr5_3yr,5,0.0005768138,0.0005768138,0.00000000000000,true
temporary CSI,test,raw_plus_latent,total_market,fpr5,3,lockout_3yr,fpr5_3yr,10,0.0005371406,0.0005371406,0.00000000000000,true
temporary CSI,test,raw_plus_latent,total_market,fpr5,3,lockout_3yr,fpr5_3yr,20,0.0004577972,0.0004577972,0.00000000000000,true
temporary CSI,test,raw_plus_latent,total_market,fpr5,5,lockout_5yr,fpr5_5yr,0,0.0009431037,0.0009431037,0.00000000000000,true
temporary CSI,test,raw_plus_latent,total_market,fpr5,5,lockout_5yr,fpr5_5yr,5,0.0009037535,0.0009037535,0.00000000000000,true
temporary CSI,test,raw_plus_latent,total_market,fpr5,5,lockout_5yr,fpr5_5yr,10,0.0008644044,0.0008644044,0.00000000000000,true
temporary CSI,test,raw_plus_latent,total_market,fpr5,5,lockout_5yr,fpr5_5yr,20,0.0007857092,0.0007857092,0.00000000000000,true
temporary CSI,test,raw_plus_latent,total_market,youden,1,lockout_1yr,youden_1yr,0,0.0031668279,0.0031668279,0.00000000000000,true
temporary CSI,test,raw_plus_latent,total_market,youden,1,lockout_1yr,youden_1yr,5,0.0031071732,0.0031071732,0.00000000000000,true
temporary CSI,test,raw_plus_latent,total_market,youden,1,lockout_1yr,youden_1yr,10,0.0030475204,0.0030475204,0.00000000000000,true
temporary CSI,test,raw_plus_latent,total_market,youden,1,lockout_1yr,youden_1yr,20,0.0029282208,0.0029282208,0.00000000000000,true
temporary CSI,test,raw_plus_latent,total_market,youden,2,lockout_2yr,youden_2yr,0,0.0037663312,0.0037663312,0.00000000000000,true
temporary CSI,test,raw_plus_latent,total_market,youden,2,lockout_2yr,youden_2yr,5,0.0037143778,0.0037143778,0.00000000000000,true
temporary CSI,test,raw_plus_latent,total_market,youden,2,lockout_2yr,youden_2yr,10,0.0036624260,0.0036624260,0.00000000000000,true
temporary CSI,test,raw_plus_latent,total_market,youden,2,lockout_2yr,youden_2yr,20,0.0035585271,0.0035585271,0.00000000000000,true
temporary CSI,test,raw_plus_latent,total_market,youden,3,lockout_3yr,youden_3yr,0,0.0040733476,0.0040733476,0.00000000000000,true
temporary CSI,test,raw_plus_latent,total_market,youden,3,lockout_3yr,youden_3yr,5,0.0040231215,0.0040231215,0.00000000000000,true
temporary CSI,test,raw_plus_latent,total_market,youden,3,lockout_3yr,youden_3yr,10,0.0039728969,0.0039728969,0.00000000000000,true
temporary CSI,test,raw_plus_latent,total_market,youden,3,lockout_3yr,youden_3yr,20,0.0038724522,0.0038724522,0.00000000000000,true
temporary CSI,test,raw_plus_latent,total_market,youden,5,lockout_5yr,youden_5yr,0,0.0036725780,0.0036725780,0.00000000000000,true
temporary CSI,test,raw_plus_latent,total_market,youden,5,lockout_5yr,youden_5yr,5,0.0036161670,0.0036161670,0.00000000000000,true
temporary CSI,test,raw_plus_latent,total_market,youden,5,lockout_5yr,youden_5yr,10,0.0035597578,0.0035597578,0.00000000000000,true
temporary CSI,test,raw_plus_latent,total_market,youden,5,lockout_5yr,youden_5yr,20,0.0034469448,0.0034469448,0.00000000000000,true
permanent CSI,full,raw_plus_latent,large_cap,fpr1,0,permanent_removal,fpr1_permanent,0,0.0001873834,0.0001873834,0.00000000000000,true
permanent CSI,full,raw_plus_latent,large_cap,fpr1,0,permanent_removal,fpr1_permanent,5,0.0000901175,0.0000901175,0.00000000000000,true
permanent CSI,full,raw_plus_latent,large_cap,fpr1,0,permanent_removal,fpr1_permanent,10,-0.0000071543,-0.0000071543,0.00000000000000,true
permanent CSI,full,raw_plus_latent,large_cap,fpr1,0,permanent_removal,fpr1_permanent,20,-0.0002017162,-0.0002017162,0.00000000000000,true
permanent CSI,full,raw_plus_latent,large_cap,fpr3,0,permanent_removal,fpr3_permanent,0,0.0004785996,0.0004785996,0.00000000000000,true
permanent CSI,full,raw_plus_latent,large_cap,fpr3,0,permanent_removal,fpr3_permanent,5,0.0003823313,0.0003823313,0.00000000000000,true
permanent CSI,full,raw_plus_latent,large_cap,fpr3,0,permanent_removal,fpr3_permanent,10,0.0002860568,0.0002860568,0.00000000000000,true
permanent CSI,full,raw_plus_latent,large_cap,fpr3,0,permanent_removal,fpr3_permanent,20,0.0000934892,0.0000934892,0.00000000000000,true
permanent CSI,full,raw_plus_latent,large_cap,fpr5,0,permanent_removal,fpr5_permanent,0,0.0012208825,0.0012208825,0.00000000000000,true
permanent CSI,full,raw_plus_latent,large_cap,fpr5,0,permanent_removal,fpr5_permanent,5,0.0011254573,0.0011254573,0.00000000000000,true
permanent CSI,full,raw_plus_latent,large_cap,fpr5,0,permanent_removal,fpr5_permanent,10,0.0010300257,0.0010300257,0.00000000000000,true
permanent CSI,full,raw_plus_latent,large_cap,fpr5,0,permanent_removal,fpr5_permanent,20,0.0008391437,0.0008391437,0.00000000000000,true
permanent CSI,full,raw_plus_latent,large_cap,youden,0,permanent_removal,youden_permanent,0,-0.0029699754,-0.0029699754,0.00000000000000,true
permanent CSI,full,raw_plus_latent,large_cap,youden,0,permanent_removal,youden_permanent,5,-0.0030602938,-0.0030602938,0.00000000000000,true
permanent CSI,full,raw_plus_latent,large_cap,youden,0,permanent_removal,youden_permanent,10,-0.0031506192,-0.0031506192,0.00000000000000,true
permanent CSI,full,raw_plus_latent,large_cap,youden,0,permanent_removal,youden_permanent,20,-0.0033312913,-0.0033312913,0.00000000000000,true
permanent CSI,full,raw_plus_latent,mid_cap,fpr1,0,permanent_removal,fpr1_permanent,0,0.0008321521,0.0008321521,0.00000000000000,true
permanent CSI,full,raw_plus_latent,mid_cap,fpr1,0,permanent_removal,fpr1_permanent,5,0.0002905027,0.0002905027,0.00000000000000,true
permanent CSI,full,raw_plus_latent,mid_cap,fpr1,0,permanent_removal,fpr1_permanent,10,-0.0002509616,-0.0002509616,0.00000000000000,true
permanent CSI,full,raw_plus_latent,mid_cap,fpr1,0,permanent_removal,fpr1_permanent,20,-0.0013333344,-0.0013333344,0.00000000000000,true
permanent CSI,full,raw_plus_latent,mid_cap,fpr3,0,permanent_removal,fpr3_permanent,0,0.0010318871,0.0010318871,0.00000000000000,true
permanent CSI,full,raw_plus_latent,mid_cap,fpr3,0,permanent_removal,fpr3_permanent,5,0.0004920350,0.0004920350,0.00000000000000,true
permanent CSI,full,raw_plus_latent,mid_cap,fpr3,0,permanent_removal,fpr3_permanent,10,-0.0000476330,-0.0000476330,0.00000000000000,true
permanent CSI,full,raw_plus_latent,mid_cap,fpr3,0,permanent_removal,fpr3_permanent,20,-0.0011264173,-0.0011264173,0.00000000000000,true
permanent CSI,full,raw_plus_latent,mid_cap,fpr5,0,permanent_removal,fpr5_permanent,0,0.0022406651,0.0022406651,0.00000000000000,true
permanent CSI,full,raw_plus_latent,mid_cap,fpr5,0,permanent_removal,fpr5_permanent,5,0.0017016571,0.0017016571,0.00000000000000,true
permanent CSI,full,raw_plus_latent,mid_cap,fpr5,0,permanent_removal,fpr5_permanent,10,0.0011628322,0.0011628322,0.00000000000000,true
permanent CSI,full,raw_plus_latent,mid_cap,fpr5,0,permanent_removal,fpr5_permanent,20,0.0000857312,0.0000857312,0.00000000000000,true
permanent CSI,full,raw_plus_latent,mid_cap,youden,0,permanent_removal,youden_permanent,0,-0.0000168710,-0.0000168710,0.00000000000000,true
permanent CSI,full,raw_plus_latent,mid_cap,youden,0,permanent_removal,youden_permanent,5,-0.0005429173,-0.0005429173,0.00000000000000,true
permanent CSI,full,raw_plus_latent,mid_cap,youden,0,permanent_removal,youden_permanent,10,-0.0010687898,-0.0010687898,0.00000000000000,true
permanent CSI,full,raw_plus_latent,mid_cap,youden,0,permanent_removal,youden_permanent,20,-0.0021200142,-0.0021200142,0.00000000000000,true
permanent CSI,full,raw_plus_latent,small_cap,fpr1,0,permanent_removal,fpr1_permanent,0,0.0011685683,0.0011685683,0.00000000000000,true
permanent CSI,full,raw_plus_latent,small_cap,fpr1,0,permanent_removal,fpr1_permanent,5,0.0007715256,0.0007715256,0.00000000000000,true
permanent CSI,full,raw_plus_latent,small_cap,fpr1,0,permanent_removal,fpr1_permanent,10,0.0003745785,0.0003745785,0.00000000000000,true
permanent CSI,full,raw_plus_latent,small_cap,fpr1,0,permanent_removal,fpr1_permanent,20,-0.0004190290,-0.0004190290,0.00000000000000,true
permanent CSI,full,raw_plus_latent,small_cap,fpr3,0,permanent_removal,fpr3_permanent,0,0.0001564285,0.0001564285,0.00000000000000,true
permanent CSI,full,raw_plus_latent,small_cap,fpr3,0,permanent_removal,fpr3_permanent,5,-0.0002398603,-0.0002398603,0.00000000000000,true
permanent CSI,full,raw_plus_latent,small_cap,fpr3,0,permanent_removal,fpr3_permanent,10,-0.0006360539,-0.0006360539,0.00000000000000,true
permanent CSI,full,raw_plus_latent,small_cap,fpr3,0,permanent_removal,fpr3_permanent,20,-0.0014281555,-0.0014281555,0.00000000000000,true
permanent CSI,full,raw_plus_latent,small_cap,fpr5,0,permanent_removal,fpr5_permanent,0,0.0007491145,0.0007491145,0.00000000000000,true
permanent CSI,full,raw_plus_latent,small_cap,fpr5,0,permanent_removal,fpr5_permanent,5,0.0003537773,0.0003537773,0.00000000000000,true
permanent CSI,full,raw_plus_latent,small_cap,fpr5,0,permanent_removal,fpr5_permanent,10,-0.0000414653,-0.0000414653,0.00000000000000,true
permanent CSI,full,raw_plus_latent,small_cap,fpr5,0,permanent_removal,fpr5_permanent,20,-0.0008316669,-0.0008316669,0.00000000000000,true
permanent CSI,full,raw_plus_latent,small_cap,youden,0,permanent_removal,youden_permanent,0,-0.0011259176,-0.0011259176,0.00000000000000,true
permanent CSI,full,raw_plus_latent,small_cap,youden,0,permanent_removal,youden_permanent,5,-0.0015372019,-0.0015372019,0.00000000000000,true
permanent CSI,full,raw_plus_latent,small_cap,youden,0,permanent_removal,youden_permanent,10,-0.0019483839,-0.0019483839,0.00000000000000,true
permanent CSI,full,raw_plus_latent,small_cap,youden,0,permanent_removal,youden_permanent,20,-0.0027704416,-0.0027704416,0.00000000000000,true
permanent CSI,full,raw_plus_latent,total_market,fpr1,0,permanent_removal,fpr1_permanent,0,0.0004623715,0.0004623715,0.00000000000000,true
permanent CSI,full,raw_plus_latent,total_market,fpr1,0,permanent_removal,fpr1_permanent,5,0.0003943842,0.0003943842,0.00000000000000,true
permanent CSI,full,raw_plus_latent,total_market,fpr1,0,permanent_removal,fpr1_permanent,10,0.0003263873,0.0003263873,0.00000000000000,true
permanent CSI,full,raw_plus_latent,total_market,fpr1,0,permanent_removal,fpr1_permanent,20,0.0001903649,0.0001903649,0.00000000000000,true
permanent CSI,full,raw_plus_latent,total_market,fpr3,0,permanent_removal,fpr3_permanent,0,0.0007013953,0.0007013953,0.00000000000000,true
permanent CSI,full,raw_plus_latent,total_market,fpr3,0,permanent_removal,fpr3_permanent,5,0.0006333843,0.0006333843,0.00000000000000,true
permanent CSI,full,raw_plus_latent,total_market,fpr3,0,permanent_removal,fpr3_permanent,10,0.0005653637,0.0005653637,0.00000000000000,true
permanent CSI,full,raw_plus_latent,total_market,fpr3,0,permanent_removal,fpr3_permanent,20,0.0004292939,0.0004292939,0.00000000000000,true
permanent CSI,full,raw_plus_latent,total_market,fpr5,0,permanent_removal,fpr5_permanent,0,0.0014636222,0.0014636222,0.00000000000000,true
permanent CSI,full,raw_plus_latent,total_market,fpr5,0,permanent_removal,fpr5_permanent,5,0.0013956454,0.0013956454,0.00000000000000,true
permanent CSI,full,raw_plus_latent,total_market,fpr5,0,permanent_removal,fpr5_permanent,10,0.0013276590,0.0013276590,0.00000000000000,true
permanent CSI,full,raw_plus_latent,total_market,fpr5,0,permanent_removal,fpr5_permanent,20,0.0011916575,0.0011916575,0.00000000000000,true
permanent CSI,full,raw_plus_latent,total_market,youden,0,permanent_removal,youden_permanent,0,-0.0025689669,-0.0025689669,0.00000000000000,true
permanent CSI,full,raw_plus_latent,total_market,youden,0,permanent_removal,youden_permanent,5,-0.0026429974,-0.0026429974,0.00000000000000,true
permanent CSI,full,raw_plus_latent,total_market,youden,0,permanent_removal,youden_permanent,10,-0.0027170370,-0.0027170370,0.00000000000000,true
permanent CSI,full,raw_plus_latent,total_market,youden,0,permanent_removal,youden_permanent,20,-0.0028651433,-0.0028651433,0.00000000000000,true
permanent CSI,insample,raw_plus_latent,large_cap,fpr1,0,permanent_removal,fpr1_permanent,0,0.0000336899,0.0000336899,0.00000000000000,true
permanent CSI,insample,raw_plus_latent,large_cap,fpr1,0,permanent_removal,fpr1_permanent,5,-0.0000849065,-0.0000849065,0.00000000000000,true
permanent CSI,insample,raw_plus_latent,large_cap,fpr1,0,permanent_removal,fpr1_permanent,10,-0.0002035133,-0.0002035133,0.00000000000000,true
permanent CSI,insample,raw_plus_latent,large_cap,fpr1,0,permanent_removal,fpr1_permanent,20,-0.0004407587,-0.0004407587,0.00000000000000,true
permanent CSI,insample,raw_plus_latent,large_cap,fpr3,0,permanent_removal,fpr3_permanent,0,0.0001565219,0.0001565219,0.00000000000000,true
permanent CSI,insample,raw_plus_latent,large_cap,fpr3,0,permanent_removal,fpr3_permanent,5,0.0000388340,0.0000388340,0.00000000000000,true
permanent CSI,insample,raw_plus_latent,large_cap,fpr3,0,permanent_removal,fpr3_permanent,10,-0.0000788646,-0.0000788646,0.00000000000000,true
permanent CSI,insample,raw_plus_latent,large_cap,fpr3,0,permanent_removal,fpr3_permanent,20,-0.0003142941,-0.0003142941,0.00000000000000,true
permanent CSI,insample,raw_plus_latent,large_cap,fpr5,0,permanent_removal,fpr5_permanent,0,0.0010170071,0.0010170071,0.00000000000000,true
permanent CSI,insample,raw_plus_latent,large_cap,fpr5,0,permanent_removal,fpr5_permanent,5,0.0009003331,0.0009003331,0.00000000000000,true
permanent CSI,insample,raw_plus_latent,large_cap,fpr5,0,permanent_removal,fpr5_permanent,10,0.0007836481,0.0007836481,0.00000000000000,true
permanent CSI,insample,raw_plus_latent,large_cap,fpr5,0,permanent_removal,fpr5_permanent,20,0.0005502452,0.0005502452,0.00000000000000,true
permanent CSI,insample,raw_plus_latent,large_cap,youden,0,permanent_removal,youden_permanent,0,0.0005643307,0.0005643307,0.00000000000000,true
permanent CSI,insample,raw_plus_latent,large_cap,youden,0,permanent_removal,youden_permanent,5,0.0004534461,0.0004534461,0.00000000000000,true
permanent CSI,insample,raw_plus_latent,large_cap,youden,0,permanent_removal,youden_permanent,10,0.0003425492,0.0003425492,0.00000000000000,true
permanent CSI,insample,raw_plus_latent,large_cap,youden,0,permanent_removal,youden_permanent,20,0.0001207189,0.0001207189,0.00000000000000,true
permanent CSI,insample,raw_plus_latent,mid_cap,fpr1,0,permanent_removal,fpr1_permanent,0,0.0002558647,0.0002558647,0.00000000000000,true
permanent CSI,insample,raw_plus_latent,mid_cap,fpr1,0,permanent_removal,fpr1_permanent,5,-0.0002944328,-0.0002944328,0.00000000000000,true
permanent CSI,insample,raw_plus_latent,mid_cap,fpr1,0,permanent_removal,fpr1_permanent,10,-0.0008445436,-0.0008445436,0.00000000000000,true
permanent CSI,insample,raw_plus_latent,mid_cap,fpr1,0,permanent_removal,fpr1_permanent,20,-0.0019442053,-0.0019442053,0.00000000000000,true
permanent CSI,insample,raw_plus_latent,mid_cap,fpr3,0,permanent_removal,fpr3_permanent,0,0.0005133298,0.0005133298,0.00000000000000,true
permanent CSI,insample,raw_plus_latent,mid_cap,fpr3,0,permanent_removal,fpr3_permanent,5,-0.0000352986,-0.0000352986,0.00000000000000,true
permanent CSI,insample,raw_plus_latent,mid_cap,fpr3,0,permanent_removal,fpr3_permanent,10,-0.0005837416,-0.0005837416,0.00000000000000,true
permanent CSI,insample,raw_plus_latent,mid_cap,fpr3,0,permanent_removal,fpr3_permanent,20,-0.0016800712,-0.0016800712,0.00000000000000,true
permanent CSI,insample,raw_plus_latent,mid_cap,fpr5,0,permanent_removal,fpr5_permanent,0,0.0018137378,0.0018137378,0.00000000000000,true
permanent CSI,insample,raw_plus_latent,mid_cap,fpr5,0,permanent_removal,fpr5_permanent,5,0.0012666883,0.0012666883,0.00000000000000,true
permanent CSI,insample,raw_plus_latent,mid_cap,fpr5,0,permanent_removal,fpr5_permanent,10,0.0007198226,0.0007198226,0.00000000000000,true
permanent CSI,insample,raw_plus_latent,mid_cap,fpr5,0,permanent_removal,fpr5_permanent,20,-0.0003733574,-0.0003733574,0.00000000000000,true
permanent CSI,insample,raw_plus_latent,mid_cap,youden,0,permanent_removal,youden_permanent,0,0.0017868512,0.0017868512,0.00000000000000,true
permanent CSI,insample,raw_plus_latent,mid_cap,youden,0,permanent_removal,youden_permanent,5,0.0012493601,0.0012493601,0.00000000000000,true
permanent CSI,insample,raw_plus_latent,mid_cap,youden,0,permanent_removal,youden_permanent,10,0.0007120447,0.0007120447,0.00000000000000,true
permanent CSI,insample,raw_plus_latent,mid_cap,youden,0,permanent_removal,youden_permanent,20,-0.0003620588,-0.0003620588,0.00000000000000,true
permanent CSI,insample,raw_plus_latent,small_cap,fpr1,0,permanent_removal,fpr1_permanent,0,0.0017093330,0.0017093330,0.00000000000000,true
permanent CSI,insample,raw_plus_latent,small_cap,fpr1,0,permanent_removal,fpr1_permanent,5,0.0012928065,0.0012928065,0.00000000000000,true
permanent CSI,insample,raw_plus_latent,small_cap,fpr1,0,permanent_removal,fpr1_permanent,10,0.0008763794,0.0008763794,0.00000000000000,true
permanent CSI,insample,raw_plus_latent,small_cap,fpr1,0,permanent_removal,fpr1_permanent,20,0.0000438228,0.0000438228,0.00000000000000,true
permanent CSI,insample,raw_plus_latent,small_cap,fpr3,0,permanent_removal,fpr3_permanent,0,0.0015948420,0.0015948420,0.00000000000000,true
permanent CSI,insample,raw_plus_latent,small_cap,fpr3,0,permanent_removal,fpr3_permanent,5,0.0011784423,0.0011784423,0.00000000000000,true
permanent CSI,insample,raw_plus_latent,small_cap,fpr3,0,permanent_removal,fpr3_permanent,10,0.0007621417,0.0007621417,0.00000000000000,true
permanent CSI,insample,raw_plus_latent,small_cap,fpr3,0,permanent_removal,fpr3_permanent,20,-0.0000701622,-0.0000701622,0.00000000000000,true
permanent CSI,insample,raw_plus_latent,small_cap,fpr5,0,permanent_removal,fpr5_permanent,0,0.0018832906,0.0018832906,0.00000000000000,true
permanent CSI,insample,raw_plus_latent,small_cap,fpr5,0,permanent_removal,fpr5_permanent,5,0.0014686172,0.0014686172,0.00000000000000,true
permanent CSI,insample,raw_plus_latent,small_cap,fpr5,0,permanent_removal,fpr5_permanent,10,0.0010540419,0.0010540419,0.00000000000000,true
permanent CSI,insample,raw_plus_latent,small_cap,fpr5,0,permanent_removal,fpr5_permanent,20,0.0002251856,0.0002251856,0.00000000000000,true
permanent CSI,insample,raw_plus_latent,small_cap,youden,0,permanent_removal,youden_permanent,0,-0.0024651039,-0.0024651039,0.00000000000000,true
permanent CSI,insample,raw_plus_latent,small_cap,youden,0,permanent_removal,youden_permanent,5,-0.0028817514,-0.0028817514,0.00000000000000,true
permanent CSI,insample,raw_plus_latent,small_cap,youden,0,permanent_removal,youden_permanent,10,-0.0032983008,-0.0032983008,0.00000000000000,true
permanent CSI,insample,raw_plus_latent,small_cap,youden,0,permanent_removal,youden_permanent,20,-0.0041311054,-0.0041311054,0.00000000000000,true
permanent CSI,insample,raw_plus_latent,total_market,fpr1,0,permanent_removal,fpr1_permanent,0,0.0003034408,0.0003034408,0.00000000000000,true
permanent CSI,insample,raw_plus_latent,total_market,fpr1,0,permanent_removal,fpr1_permanent,5,0.0002155132,0.0002155132,0.00000000000000,true
permanent CSI,insample,raw_plus_latent,total_market,fpr1,0,permanent_removal,fpr1_permanent,10,0.0001275702,0.0001275702,0.00000000000000,true
permanent CSI,insample,raw_plus_latent,total_market,fpr1,0,permanent_removal,fpr1_permanent,20,-0.0000483626,-0.0000483626,0.00000000000000,true
permanent CSI,insample,raw_plus_latent,total_market,fpr3,0,permanent_removal,fpr3_permanent,0,0.0003819318,0.0003819318,0.00000000000000,true
permanent CSI,insample,raw_plus_latent,total_market,fpr3,0,permanent_removal,fpr3_permanent,5,0.0002941469,0.0002941469,0.00000000000000,true
permanent CSI,insample,raw_plus_latent,total_market,fpr3,0,permanent_removal,fpr3_permanent,10,0.0002063465,0.0002063465,0.00000000000000,true
permanent CSI,insample,raw_plus_latent,total_market,fpr3,0,permanent_removal,fpr3_permanent,20,0.0000306989,0.0000306989,0.00000000000000,true
permanent CSI,insample,raw_plus_latent,total_market,fpr5,0,permanent_removal,fpr5_permanent,0,0.0011179709,0.0011179709,0.00000000000000,true
permanent CSI,insample,raw_plus_latent,total_market,fpr5,0,permanent_removal,fpr5_permanent,5,0.0010303460,0.0010303460,0.00000000000000,true
permanent CSI,insample,raw_plus_latent,total_market,fpr5,0,permanent_removal,fpr5_permanent,10,0.0009427054,0.0009427054,0.00000000000000,true
permanent CSI,insample,raw_plus_latent,total_market,fpr5,0,permanent_removal,fpr5_permanent,20,0.0007673773,0.0007673773,0.00000000000000,true
permanent CSI,insample,raw_plus_latent,total_market,youden,0,permanent_removal,youden_permanent,0,-0.0007910941,-0.0007910941,0.00000000000000,true
permanent CSI,insample,raw_plus_latent,total_market,youden,0,permanent_removal,youden_permanent,5,-0.0008833095,-0.0008833095,0.00000000000000,true
permanent CSI,insample,raw_plus_latent,total_market,youden,0,permanent_removal,youden_permanent,10,-0.0009755400,-0.0009755400,0.00000000000000,true
permanent CSI,insample,raw_plus_latent,total_market,youden,0,permanent_removal,youden_permanent,20,-0.0011600468,-0.0011600468,0.00000000000000,true
permanent CSI,oos,raw_plus_latent,large_cap,fpr1,0,permanent_removal,fpr1_permanent,0,0.0006795683,0.0006795683,0.00000000000000,true
permanent CSI,oos,raw_plus_latent,large_cap,fpr1,0,permanent_removal,fpr1_permanent,5,0.0006126803,0.0006126803,0.00000000000000,true
permanent CSI,oos,raw_plus_latent,large_cap,fpr1,0,permanent_removal,fpr1_permanent,10,0.0005457952,0.0005457952,0.00000000000000,true
permanent CSI,oos,raw_plus_latent,large_cap,fpr1,0,permanent_removal,fpr1_permanent,20,0.0004120332,0.0004120332,0.00000000000000,true
permanent CSI,oos,raw_plus_latent,large_cap,fpr3,0,permanent_removal,fpr3_permanent,0,0.0013667011,0.0013667011,0.00000000000000,true
permanent CSI,oos,raw_plus_latent,large_cap,fpr3,0,permanent_removal,fpr3_permanent,5,0.0013015806,0.0013015806,0.00000000000000,true
permanent CSI,oos,raw_plus_latent,large_cap,fpr3,0,permanent_removal,fpr3_permanent,10,0.0012364628,0.0012364628,0.00000000000000,true
permanent CSI,oos,raw_plus_latent,large_cap,fpr3,0,permanent_removal,fpr3_permanent,20,0.0011062350,0.0011062350,0.00000000000000,true
permanent CSI,oos,raw_plus_latent,large_cap,fpr5,0,permanent_removal,fpr5_permanent,0,0.0022826178,0.0022826178,0.00000000000000,true
permanent CSI,oos,raw_plus_latent,large_cap,fpr5,0,permanent_removal,fpr5_permanent,5,0.0022180696,0.0022180696,0.00000000000000,true
permanent CSI,oos,raw_plus_latent,large_cap,fpr5,0,permanent_removal,fpr5_permanent,10,0.0021535240,0.0021535240,0.00000000000000,true
permanent CSI,oos,raw_plus_latent,large_cap,fpr5,0,permanent_removal,fpr5_permanent,20,0.0020244405,0.0020244405,0.00000000000000,true
permanent CSI,oos,raw_plus_latent,large_cap,youden,0,permanent_removal,youden_permanent,0,-0.0169439242,-0.0169439242,0.00000000000000,true
permanent CSI,oos,raw_plus_latent,large_cap,youden,0,permanent_removal,youden_permanent,5,-0.0170017145,-0.0170017145,0.00000000000000,true
permanent CSI,oos,raw_plus_latent,large_cap,youden,0,permanent_removal,youden_permanent,10,-0.0170595026,-0.0170595026,0.00000000000000,true
permanent CSI,oos,raw_plus_latent,large_cap,youden,0,permanent_removal,youden_permanent,20,-0.0171750723,-0.0171750723,0.00000000000000,true
permanent CSI,oos,raw_plus_latent,mid_cap,fpr1,0,permanent_removal,fpr1_permanent,0,0.0024961158,0.0024961158,0.00000000000000,true
permanent CSI,oos,raw_plus_latent,mid_cap,fpr1,0,permanent_removal,fpr1_permanent,5,0.0019178250,0.0019178250,0.00000000000000,true
permanent CSI,oos,raw_plus_latent,mid_cap,fpr1,0,permanent_removal,fpr1_permanent,10,0.0013397569,0.0013397569,0.00000000000000,true
permanent CSI,oos,raw_plus_latent,mid_cap,fpr1,0,permanent_removal,fpr1_permanent,20,0.0001842884,0.0001842884,0.00000000000000,true
permanent CSI,oos,raw_plus_latent,mid_cap,fpr3,0,permanent_removal,fpr3_permanent,0,0.0030778374,0.0030778374,0.00000000000000,true
permanent CSI,oos,raw_plus_latent,mid_cap,fpr3,0,permanent_removal,fpr3_permanent,5,0.0025035908,0.0025035908,0.00000000000000,true
permanent CSI,oos,raw_plus_latent,mid_cap,fpr3,0,permanent_removal,fpr3_permanent,10,0.0019295637,0.0019295637,0.00000000000000,true
permanent CSI,oos,raw_plus_latent,mid_cap,fpr3,0,permanent_removal,fpr3_permanent,20,0.0007821674,0.0007821674,0.00000000000000,true
permanent CSI,oos,raw_plus_latent,mid_cap,fpr5,0,permanent_removal,fpr5_permanent,0,0.0041226603,0.0041226603,0.00000000000000,true
permanent CSI,oos,raw_plus_latent,mid_cap,fpr5,0,permanent_removal,fpr5_permanent,5,0.0035462767,0.0035462767,0.00000000000000,true
permanent CSI,oos,raw_plus_latent,mid_cap,fpr5,0,permanent_removal,fpr5_permanent,10,0.0029701139,0.0029701139,0.00000000000000,true
permanent CSI,oos,raw_plus_latent,mid_cap,fpr5,0,permanent_removal,fpr5_permanent,20,0.0018184502,0.0018184502,0.00000000000000,true
permanent CSI,oos,raw_plus_latent,mid_cap,youden,0,permanent_removal,youden_permanent,0,-0.0078700348,-0.0078700348,0.00000000000000,true
permanent CSI,oos,raw_plus_latent,mid_cap,youden,0,permanent_removal,youden_permanent,5,-0.0084314931,-0.0084314931,0.00000000000000,true
permanent CSI,oos,raw_plus_latent,mid_cap,youden,0,permanent_removal,youden_permanent,10,-0.0089927384,-0.0089927384,0.00000000000000,true
permanent CSI,oos,raw_plus_latent,mid_cap,youden,0,permanent_removal,youden_permanent,20,-0.0101145905,-0.0101145905,0.00000000000000,true
permanent CSI,oos,raw_plus_latent,small_cap,fpr1,0,permanent_removal,fpr1_permanent,0,0.0007327528,0.0007327528,0.00000000000000,true
permanent CSI,oos,raw_plus_latent,small_cap,fpr1,0,permanent_removal,fpr1_permanent,5,0.0003360147,0.0003360147,0.00000000000000,true
permanent CSI,oos,raw_plus_latent,small_cap,fpr1,0,permanent_removal,fpr1_permanent,10,-0.0000606172,-0.0000606172,0.00000000000000,true
permanent CSI,oos,raw_plus_latent,small_cap,fpr1,0,permanent_removal,fpr1_permanent,20,-0.0008535621,-0.0008535621,0.00000000000000,true
permanent CSI,oos,raw_plus_latent,small_cap,fpr3,0,permanent_removal,fpr3_permanent,0,-0.0027787749,-0.0027787749,0.00000000000000,true
permanent CSI,oos,raw_plus_latent,small_cap,fpr3,0,permanent_removal,fpr3_permanent,5,-0.0031725109,-0.0031725109,0.00000000000000,true
permanent CSI,oos,raw_plus_latent,small_cap,fpr3,0,permanent_removal,fpr3_permanent,10,-0.0035661420,-0.0035661420,0.00000000000000,true
permanent CSI,oos,raw_plus_latent,small_cap,fpr3,0,permanent_removal,fpr3_permanent,20,-0.0043530899,-0.0043530899,0.00000000000000,true
permanent CSI,oos,raw_plus_latent,small_cap,fpr5,0,permanent_removal,fpr5_permanent,0,-0.0019545784,-0.0019545784,0.00000000000000,true
permanent CSI,oos,raw_plus_latent,small_cap,fpr5,0,permanent_removal,fpr5_permanent,5,-0.0023497059,-0.0023497059,0.00000000000000,true
permanent CSI,oos,raw_plus_latent,small_cap,fpr5,0,permanent_removal,fpr5_permanent,10,-0.0027447281,-0.0027447281,0.00000000000000,true
permanent CSI,oos,raw_plus_latent,small_cap,fpr5,0,permanent_removal,fpr5_permanent,20,-0.0035344565,-0.0035344565,0.00000000000000,true
permanent CSI,oos,raw_plus_latent,small_cap,youden,0,permanent_removal,youden_permanent,0,-0.0050018022,-0.0050018022,0.00000000000000,true
permanent CSI,oos,raw_plus_latent,small_cap,youden,0,permanent_removal,youden_permanent,5,-0.0054484804,-0.0054484804,0.00000000000000,true
permanent CSI,oos,raw_plus_latent,small_cap,youden,0,permanent_removal,youden_permanent,10,-0.0058950234,-0.0058950234,0.00000000000000,true
permanent CSI,oos,raw_plus_latent,small_cap,youden,0,permanent_removal,youden_permanent,20,-0.0067877038,-0.0067877038,0.00000000000000,true
permanent CSI,oos,raw_plus_latent,total_market,fpr1,0,permanent_removal,fpr1_permanent,0,0.0010331253,0.0010331253,0.00000000000000,true
permanent CSI,oos,raw_plus_latent,total_market,fpr1,0,permanent_removal,fpr1_permanent,5,0.0009957914,0.0009957914,0.00000000000000,true
permanent CSI,oos,raw_plus_latent,total_market,fpr1,0,permanent_removal,fpr1_permanent,10,0.0009584583,0.0009584583,0.00000000000000,true
permanent CSI,oos,raw_plus_latent,total_market,fpr1,0,permanent_removal,fpr1_permanent,20,0.0008837948,0.0008837948,0.00000000000000,true
permanent CSI,oos,raw_plus_latent,total_market,fpr3,0,permanent_removal,fpr3_permanent,0,0.0015815431,0.0015815431,0.00000000000000,true
permanent CSI,oos,raw_plus_latent,total_market,fpr3,0,permanent_removal,fpr3_permanent,5,0.0015437216,0.0015437216,0.00000000000000,true
permanent CSI,oos,raw_plus_latent,total_market,fpr3,0,permanent_removal,fpr3_permanent,10,0.0015059010,0.0015059010,0.00000000000000,true
permanent CSI,oos,raw_plus_latent,total_market,fpr3,0,permanent_removal,fpr3_permanent,20,0.0014302625,0.0014302625,0.00000000000000,true
permanent CSI,oos,raw_plus_latent,total_market,fpr5,0,permanent_removal,fpr5_permanent,0,0.0026602448,0.0026602448,0.00000000000000,true
permanent CSI,oos,raw_plus_latent,total_market,fpr5,0,permanent_removal,fpr5_permanent,5,0.0026222394,0.0026222394,0.00000000000000,true
permanent CSI,oos,raw_plus_latent,total_market,fpr5,0,permanent_removal,fpr5_permanent,10,0.0025842349,0.0025842349,0.00000000000000,true
permanent CSI,oos,raw_plus_latent,total_market,fpr5,0,permanent_removal,fpr5_permanent,20,0.0025082285,0.0025082285,0.00000000000000,true
permanent CSI,oos,raw_plus_latent,total_market,youden,0,permanent_removal,youden_permanent,0,-0.0129116617,-0.0129116617,0.00000000000000,true
permanent CSI,oos,raw_plus_latent,total_market,youden,0,permanent_removal,youden_permanent,5,-0.0129582161,-0.0129582161,0.00000000000000,true
permanent CSI,oos,raw_plus_latent,total_market,youden,0,permanent_removal,youden_permanent,10,-0.0130047691,-0.0130047691,0.00000000000000,true
permanent CSI,oos,raw_plus_latent,total_market,youden,0,permanent_removal,youden_permanent,20,-0.0130978713,-0.0130978713,0.00000000000000,true
permanent CSI,test,raw_plus_latent,large_cap,fpr1,0,permanent_removal,fpr1_permanent,0,0.0000965019,0.0000965019,0.00000000000000,true
permanent CSI,test,raw_plus_latent,large_cap,fpr1,0,permanent_removal,fpr1_permanent,5,0.0000341965,0.0000341965,0.00000000000000,true
permanent CSI,test,raw_plus_latent,large_cap,fpr1,0,permanent_removal,fpr1_permanent,10,-0.0000281064,-0.0000281064,0.00000000000000,true
permanent CSI,test,raw_plus_latent,large_cap,fpr1,0,permanent_removal,fpr1_permanent,20,-0.0001527045,-0.0001527045,0.00000000000000,true
permanent CSI,test,raw_plus_latent,large_cap,fpr3,0,permanent_removal,fpr3_permanent,0,0.0004672234,0.0004672234,0.00000000000000,true
permanent CSI,test,raw_plus_latent,large_cap,fpr3,0,permanent_removal,fpr3_permanent,5,0.0004052853,0.0004052853,0.00000000000000,true
permanent CSI,test,raw_plus_latent,large_cap,fpr3,0,permanent_removal,fpr3_permanent,10,0.0003433498,0.0003433498,0.00000000000000,true
permanent CSI,test,raw_plus_latent,large_cap,fpr3,0,permanent_removal,fpr3_permanent,20,0.0002194862,0.0002194862,0.00000000000000,true
permanent CSI,test,raw_plus_latent,large_cap,fpr5,0,permanent_removal,fpr5_permanent,0,0.0005887396,0.0005887396,0.00000000000000,true
permanent CSI,test,raw_plus_latent,large_cap,fpr5,0,permanent_removal,fpr5_permanent,5,0.0005273741,0.0005273741,0.00000000000000,true
permanent CSI,test,raw_plus_latent,large_cap,fpr5,0,permanent_removal,fpr5_permanent,10,0.0004660111,0.0004660111,0.00000000000000,true
permanent CSI,test,raw_plus_latent,large_cap,fpr5,0,permanent_removal,fpr5_permanent,20,0.0003432925,0.0003432925,0.00000000000000,true
permanent CSI,test,raw_plus_latent,large_cap,youden,0,permanent_removal,youden_permanent,0,0.0025779793,0.0025779793,0.00000000000000,true
permanent CSI,test,raw_plus_latent,large_cap,youden,0,permanent_removal,youden_permanent,5,0.0025166762,0.0025166762,0.00000000000000,true
permanent CSI,test,raw_plus_latent,large_cap,youden,0,permanent_removal,youden_permanent,10,0.0024553755,0.0024553755,0.00000000000000,true
permanent CSI,test,raw_plus_latent,large_cap,youden,0,permanent_removal,youden_permanent,20,0.0023327814,0.0023327814,0.00000000000000,true
permanent CSI,test,raw_plus_latent,mid_cap,fpr1,0,permanent_removal,fpr1_permanent,0,0.0005926292,0.0005926292,0.00000000000000,true
permanent CSI,test,raw_plus_latent,mid_cap,fpr1,0,permanent_removal,fpr1_permanent,5,0.0001274296,0.0001274296,0.00000000000000,true
permanent CSI,test,raw_plus_latent,mid_cap,fpr1,0,permanent_removal,fpr1_permanent,10,-0.0003376286,-0.0003376286,0.00000000000000,true
permanent CSI,test,raw_plus_latent,mid_cap,fpr1,0,permanent_removal,fpr1_permanent,20,-0.0012673207,-0.0012673207,0.00000000000000,true
permanent CSI,test,raw_plus_latent,mid_cap,fpr3,0,permanent_removal,fpr3_permanent,0,0.0001056661,0.0001056661,0.00000000000000,true
permanent CSI,test,raw_plus_latent,mid_cap,fpr3,0,permanent_removal,fpr3_permanent,5,-0.0003602927,-0.0003602927,0.00000000000000,true
permanent CSI,test,raw_plus_latent,mid_cap,fpr3,0,permanent_removal,fpr3_permanent,10,-0.0008261095,-0.0008261095,0.00000000000000,true
permanent CSI,test,raw_plus_latent,mid_cap,fpr3,0,permanent_removal,fpr3_permanent,20,-0.0017573173,-0.0017573173,0.00000000000000,true
permanent CSI,test,raw_plus_latent,mid_cap,fpr5,0,permanent_removal,fpr5_permanent,0,0.0012214177,0.0012214177,0.00000000000000,true
permanent CSI,test,raw_plus_latent,mid_cap,fpr5,0,permanent_removal,fpr5_permanent,5,0.0007577125,0.0007577125,0.00000000000000,true
permanent CSI,test,raw_plus_latent,mid_cap,fpr5,0,permanent_removal,fpr5_permanent,10,0.0002941479,0.0002941479,0.00000000000000,true
permanent CSI,test,raw_plus_latent,mid_cap,fpr5,0,permanent_removal,fpr5_permanent,20,-0.0006325597,-0.0006325597,0.00000000000000,true
permanent CSI,test,raw_plus_latent,mid_cap,youden,0,permanent_removal,youden_permanent,0,0.0042201160,0.0042201160,0.00000000000000,true
permanent CSI,test,raw_plus_latent,mid_cap,youden,0,permanent_removal,youden_permanent,5,0.0037790400,0.0037790400,0.00000000000000,true
permanent CSI,test,raw_plus_latent,mid_cap,youden,0,permanent_removal,youden_permanent,10,0.0033380904,0.0033380904,0.00000000000000,true
permanent CSI,test,raw_plus_latent,mid_cap,youden,0,permanent_removal,youden_permanent,20,0.0024565703,0.0024565703,0.00000000000000,true
permanent CSI,test,raw_plus_latent,small_cap,fpr1,0,permanent_removal,fpr1_permanent,0,-0.0000259423,-0.0000259423,0.00000000000000,true
permanent CSI,test,raw_plus_latent,small_cap,fpr1,0,permanent_removal,fpr1_permanent,5,-0.0003598717,-0.0003598717,0.00000000000000,true
permanent CSI,test,raw_plus_latent,small_cap,fpr1,0,permanent_removal,fpr1_permanent,10,-0.0006937265,-0.0006937265,0.00000000000000,true
permanent CSI,test,raw_plus_latent,small_cap,fpr1,0,permanent_removal,fpr1_permanent,20,-0.0013612123,-0.0013612123,0.00000000000000,true
permanent CSI,test,raw_plus_latent,small_cap,fpr3,0,permanent_removal,fpr3_permanent,0,-0.0007159320,-0.0007159320,0.00000000000000,true
permanent CSI,test,raw_plus_latent,small_cap,fpr3,0,permanent_removal,fpr3_permanent,5,-0.0010499777,-0.0010499777,0.00000000000000,true
permanent CSI,test,raw_plus_latent,small_cap,fpr3,0,permanent_removal,fpr3_permanent,10,-0.0013839488,-0.0013839488,0.00000000000000,true
permanent CSI,test,raw_plus_latent,small_cap,fpr3,0,permanent_removal,fpr3_permanent,20,-0.0020516668,-0.0020516668,0.00000000000000,true
permanent CSI,test,raw_plus_latent,small_cap,fpr5,0,permanent_removal,fpr5_permanent,0,0.0005641256,0.0005641256,0.00000000000000,true
permanent CSI,test,raw_plus_latent,small_cap,fpr5,0,permanent_removal,fpr5_permanent,5,0.0002316052,0.0002316052,0.00000000000000,true
permanent CSI,test,raw_plus_latent,small_cap,fpr5,0,permanent_removal,fpr5_permanent,10,-0.0001008413,-0.0001008413,0.00000000000000,true
permanent CSI,test,raw_plus_latent,small_cap,fpr5,0,permanent_removal,fpr5_permanent,20,-0.0007655124,-0.0007655124,0.00000000000000,true
permanent CSI,test,raw_plus_latent,small_cap,youden,0,permanent_removal,youden_permanent,0,0.0082971201,0.0082971201,0.00000000000000,true
permanent CSI,test,raw_plus_latent,small_cap,youden,0,permanent_removal,youden_permanent,5,0.0079501258,0.0079501258,0.00000000000000,true
permanent CSI,test,raw_plus_latent,small_cap,youden,0,permanent_removal,youden_permanent,10,0.0076032111,0.0076032111,0.00000000000000,true
permanent CSI,test,raw_plus_latent,small_cap,youden,0,permanent_removal,youden_permanent,20,0.0069096203,0.0069096203,0.00000000000000,true
permanent CSI,test,raw_plus_latent,total_market,fpr1,0,permanent_removal,fpr1_permanent,0,0.0002836504,0.0002836504,0.00000000000000,true
permanent CSI,test,raw_plus_latent,total_market,fpr1,0,permanent_removal,fpr1_permanent,5,0.0002447682,0.0002447682,0.00000000000000,true
permanent CSI,test,raw_plus_latent,total_market,fpr1,0,permanent_removal,fpr1_permanent,10,0.0002058869,0.0002058869,0.00000000000000,true
permanent CSI,test,raw_plus_latent,total_market,fpr1,0,permanent_removal,fpr1_permanent,20,0.0001281273,0.0001281273,0.00000000000000,true
permanent CSI,test,raw_plus_latent,total_market,fpr3,0,permanent_removal,fpr3_permanent,0,0.0006777449,0.0006777449,0.00000000000000,true
permanent CSI,test,raw_plus_latent,total_market,fpr3,0,permanent_removal,fpr3_permanent,5,0.0006388825,0.0006388825,0.00000000000000,true
permanent CSI,test,raw_plus_latent,total_market,fpr3,0,permanent_removal,fpr3_permanent,10,0.0006000212,0.0006000212,0.00000000000000,true
permanent CSI,test,raw_plus_latent,total_market,fpr3,0,permanent_removal,fpr3_permanent,20,0.0005223015,0.0005223015,0.00000000000000,true
permanent CSI,test,raw_plus_latent,total_market,fpr5,0,permanent_removal,fpr5_permanent,0,0.0011310380,0.0011310380,0.00000000000000,true
permanent CSI,test,raw_plus_latent,total_market,fpr5,0,permanent_removal,fpr5_permanent,5,0.0010920603,0.0010920603,0.00000000000000,true
permanent CSI,test,raw_plus_latent,total_market,fpr5,0,permanent_removal,fpr5_permanent,10,0.0010530836,0.0010530836,0.00000000000000,true
permanent CSI,test,raw_plus_latent,total_market,fpr5,0,permanent_removal,fpr5_permanent,20,0.0009751332,0.0009751332,0.00000000000000,true
permanent CSI,test,raw_plus_latent,total_market,youden,0,permanent_removal,youden_permanent,0,0.0044839571,0.0044839571,0.00000000000000,true
permanent CSI,test,raw_plus_latent,total_market,youden,0,permanent_removal,youden_permanent,5,0.0044368059,0.0044368059,0.00000000000000,true
permanent CSI,test,raw_plus_latent,total_market,youden,0,permanent_removal,youden_permanent,10,0.0043896560,0.0043896560,0.00000000000000,true
permanent CSI,test,raw_plus_latent,total_market,youden,0,permanent_removal,youden_permanent,20,0.0042953604,0.0042953604,0.00000000000000,true
