CSI type,Split,y,Obs,Share,Firms
Permanent,CV,0,90866,0.956806503243198,12352
Permanent,CV,1,4102,0.0431934967568023,3102
Permanent,Full,0,181368,0.966646413610054,19565
Permanent,Full,1,6258,0.033353586389946,4696
Temporary,CV,0,89844,0.946044983573414,12352
Temporary,CV,1,5124,0.0539550164265858,3474
Temporary,Full,0,171269,0.952627012114403,19073
Temporary,Full,1,8517,0.0473729878855973,5603
