permno,permco_pre,ticker_pre,issuernm_pre,size_segment_pre,bankruptcy_date,dlstcd,dlret,last_index_qdate_pre_or_at,last_index_id_pre,same_permno_reentered,first_reentry_date_permno,reentry_index_ids_permno,same_permco_reentered,first_reentry_date_permco,reentry_permnos_permco,reentry_index_ids_permco,reentered_index_after_bankruptcy,temporary_any_y1,temporary_y1_before_or_at_bankruptcy_year,temporary_first_y1_year,temporary_y1_years,temporary_any_confirmed_or_terminal_event,temporary_any_terminal_failure_event,temporary_terminal_failure_codes,permanent_any_y1,permanent_first_y1_year,permanent_y1_years,csi_classification_summary
10508,,,,,1930-02-05,574,,,,FALSE,,,FALSE,,,,FALSE,FALSE,FALSE,,,FALSE,FALSE,,FALSE,,,no_csi_classification_found_in_available_labels_or_events
16520,,,,,1932-04-12,574,,,,FALSE,,,FALSE,,,,FALSE,FALSE,FALSE,,,FALSE,FALSE,,FALSE,,,no_csi_classification_found_in_available_labels_or_events
16854,,,,,1932-06-28,574,-1,,,FALSE,,,FALSE,,,,FALSE,FALSE,FALSE,,,FALSE,FALSE,,FALSE,,,no_csi_classification_found_in_available_labels_or_events
10663,,,,,1932-08-10,574,2,,,FALSE,,,FALSE,,,,FALSE,FALSE,FALSE,,,FALSE,FALSE,,FALSE,,,no_csi_classification_found_in_available_labels_or_events
10794,,,,,1932-11-09,574,-1,,,FALSE,,,FALSE,,,,FALSE,FALSE,FALSE,,,FALSE,FALSE,,FALSE,,,no_csi_classification_found_in_available_labels_or_events
17937,,,,,1932-12-09,574,-1,,,FALSE,,,FALSE,,,,FALSE,FALSE,FALSE,,,FALSE,FALSE,,FALSE,,,no_csi_classification_found_in_available_labels_or_events
15421,,,,,1933-03-30,574,-0.6,,,FALSE,,,FALSE,,,,FALSE,FALSE,FALSE,,,FALSE,FALSE,,FALSE,,,no_csi_classification_found_in_available_labels_or_events
10882,,,,,1933-09-05,574,-0.785714,,,FALSE,,,FALSE,,,,FALSE,FALSE,FALSE,,,FALSE,FALSE,,FALSE,,,no_csi_classification_found_in_available_labels_or_events
18120,,,,,1933-12-11,574,-0.565714,,,FALSE,,,FALSE,,,,FALSE,FALSE,FALSE,,,FALSE,FALSE,,FALSE,,,no_csi_classification_found_in_available_labels_or_events
14031,,,,,1934-05-07,574,-0.75,,,FALSE,,,FALSE,,,,FALSE,FALSE,FALSE,,,FALSE,FALSE,,FALSE,,,no_csi_classification_found_in_available_labels_or_events
12992,,,,,1935-07-15,574,0.125,,,FALSE,,,FALSE,,,,FALSE,FALSE,FALSE,,,FALSE,FALSE,,FALSE,,,no_csi_classification_found_in_available_labels_or_events
15122,,,,,1936-08-12,574,-0.714286,,,FALSE,,,FALSE,,,,FALSE,FALSE,FALSE,,,FALSE,FALSE,,FALSE,,,no_csi_classification_found_in_available_labels_or_events
18892,,,,,1938-11-05,574,-0.75,,,FALSE,,,FALSE,,,,FALSE,FALSE,FALSE,,,FALSE,FALSE,,FALSE,,,no_csi_classification_found_in_available_labels_or_events
15210,,,,,1941-08-25,574,-1,,,FALSE,,,FALSE,,,,FALSE,FALSE,FALSE,,,FALSE,FALSE,,FALSE,,,no_csi_classification_found_in_available_labels_or_events
14787,,,,,1955-08-05,574,-0.68,,,FALSE,,,FALSE,,,,FALSE,FALSE,FALSE,,,FALSE,FALSE,,FALSE,,,no_csi_classification_found_in_available_labels_or_events
36724,,,,,1962-11-15,574,-1,,,FALSE,,,FALSE,,,,FALSE,FALSE,FALSE,,,FALSE,FALSE,,FALSE,,,no_csi_classification_found_in_available_labels_or_events
31165,,,,,1962-12-13,574,-0.874286,,,FALSE,,,FALSE,,,,FALSE,FALSE,FALSE,,,FALSE,FALSE,,FALSE,,,no_csi_classification_found_in_available_labels_or_events
37831,,,,,1963-02-25,574,-0.4375,,,FALSE,,,FALSE,,,,FALSE,FALSE,FALSE,,,FALSE,FALSE,,FALSE,,,no_csi_classification_found_in_available_labels_or_events
29540,,,,,1963-03-20,574,-0.545455,,,FALSE,,,FALSE,,,,FALSE,FALSE,FALSE,,,FALSE,FALSE,,FALSE,,,no_csi_classification_found_in_available_labels_or_events
18745,,,,,1963-04-15,574,-1,,,FALSE,,,FALSE,,,,FALSE,FALSE,FALSE,,,FALSE,FALSE,,FALSE,,,no_csi_classification_found_in_available_labels_or_events
31253,,,,,1963-12-17,574,-0.666667,,,FALSE,,,FALSE,,,,FALSE,FALSE,FALSE,,,FALSE,FALSE,,FALSE,,,no_csi_classification_found_in_available_labels_or_events
39001,,,,,1964-05-22,574,-1,,,FALSE,,,FALSE,,,,FALSE,FALSE,FALSE,,,FALSE,FALSE,,FALSE,,,no_csi_classification_found_in_available_labels_or_events
35473,,,,,1967-02-06,574,-0.625,,,FALSE,,,FALSE,,,,FALSE,FALSE,FALSE,,,FALSE,FALSE,,FALSE,,,no_csi_classification_found_in_available_labels_or_events
41339,,,,,1967-03-23,574,-1,,,FALSE,,,FALSE,,,,FALSE,FALSE,FALSE,,,FALSE,FALSE,,FALSE,,,no_csi_classification_found_in_available_labels_or_events
37241,,,,,1967-07-25,574,-0.470588,,,FALSE,,,FALSE,,,,FALSE,FALSE,FALSE,,,FALSE,FALSE,,FALSE,,,no_csi_classification_found_in_available_labels_or_events
40117,,,,,1967-11-30,574,-1,,,FALSE,,,FALSE,,,,FALSE,FALSE,FALSE,,,FALSE,FALSE,,FALSE,,,no_csi_classification_found_in_available_labels_or_events
34569,,,,,1969-02-20,574,-1,,,FALSE,,,FALSE,,,,FALSE,FALSE,FALSE,,,FALSE,FALSE,,FALSE,,,no_csi_classification_found_in_available_labels_or_events
32766,,,,,1969-07-01,574,-1,,,FALSE,,,FALSE,,,,FALSE,FALSE,FALSE,,,FALSE,FALSE,,FALSE,,,no_csi_classification_found_in_available_labels_or_events
31675,,,,,1969-07-02,574,-1,,,FALSE,,,FALSE,,,,FALSE,FALSE,FALSE,,,FALSE,FALSE,,FALSE,,,no_csi_classification_found_in_available_labels_or_events
37444,,,,,1970-03-13,574,-1,,,FALSE,,,FALSE,,,,FALSE,FALSE,FALSE,,,FALSE,FALSE,,FALSE,,,no_csi_classification_found_in_available_labels_or_events
47124,,,,,1970-04-29,574,-0.310526,,,FALSE,,,FALSE,,,,FALSE,FALSE,FALSE,,,FALSE,FALSE,,FALSE,,,no_csi_classification_found_in_available_labels_or_events
34200,,,,,1970-06-26,574,-1,,,FALSE,,,FALSE,,,,FALSE,FALSE,FALSE,,,FALSE,FALSE,,FALSE,,,no_csi_classification_found_in_available_labels_or_events
32045,,,,,1970-07-16,574,-1,,,FALSE,,,FALSE,,,,FALSE,FALSE,FALSE,,,FALSE,FALSE,,FALSE,,,no_csi_classification_found_in_available_labels_or_events
29719,,,,,1970-07-30,574,-0.684211,,,FALSE,,,FALSE,,,,FALSE,FALSE,FALSE,,,FALSE,FALSE,,FALSE,,,no_csi_classification_found_in_available_labels_or_events
34518,,,,,1970-08-11,574,-1,,,FALSE,,,FALSE,,,,FALSE,FALSE,FALSE,,,FALSE,FALSE,,FALSE,,,no_csi_classification_found_in_available_labels_or_events
41267,,,,,1971-01-21,574,-1,,,FALSE,,,FALSE,,,,FALSE,FALSE,FALSE,,,FALSE,FALSE,,FALSE,,,no_csi_classification_found_in_available_labels_or_events
43158,,,,,1971-02-17,574,0,,,FALSE,,,FALSE,,,,FALSE,FALSE,FALSE,,,FALSE,FALSE,,FALSE,,,no_csi_classification_found_in_available_labels_or_events
45188,,,,,1971-05-07,574,-0.886792,,,FALSE,,,FALSE,,,,FALSE,FALSE,FALSE,,,FALSE,FALSE,,FALSE,,,no_csi_classification_found_in_available_labels_or_events
28601,,,,,1971-06-08,574,-0.071429,,,FALSE,,,FALSE,,,,FALSE,FALSE,FALSE,,,FALSE,FALSE,,FALSE,,,no_csi_classification_found_in_available_labels_or_events
42251,,,,,1972-04-21,574,-1,,,FALSE,,,FALSE,,,,FALSE,FALSE,FALSE,,,FALSE,FALSE,,FALSE,,,no_csi_classification_found_in_available_labels_or_events
31835,,,,,1972-08-14,574,-0.333333,,,FALSE,,,FALSE,,,,FALSE,FALSE,FALSE,,,FALSE,FALSE,,FALSE,,,no_csi_classification_found_in_available_labels_or_events
35684,,,,,1973-02-13,574,0.037037,,,FALSE,,,FALSE,,,,FALSE,FALSE,FALSE,,,FALSE,FALSE,,FALSE,,,no_csi_classification_found_in_available_labels_or_events
61541,,,,,1973-05-07,574,-1,,,FALSE,,,FALSE,,,,FALSE,FALSE,FALSE,,,FALSE,FALSE,,FALSE,,,no_csi_classification_found_in_available_labels_or_events
38631,,,,,1973-05-25,574,-0.555556,,,FALSE,,,FALSE,,,,FALSE,FALSE,FALSE,,,FALSE,FALSE,,FALSE,,,no_csi_classification_found_in_available_labels_or_events
21710,,,,,1973-07-02,574,-0.652174,,,FALSE,,,FALSE,,,,FALSE,FALSE,FALSE,,,FALSE,FALSE,,FALSE,,,no_csi_classification_found_in_available_labels_or_events
39060,,,,,1973-09-06,574,-1,,,FALSE,,,FALSE,,,,FALSE,FALSE,FALSE,,,FALSE,FALSE,,FALSE,,,no_csi_classification_found_in_available_labels_or_events
79178,,,,,1973-10-24,574,-0.141176,,,FALSE,,,FALSE,,,,FALSE,FALSE,FALSE,,,FALSE,FALSE,,FALSE,,,no_csi_classification_found_in_available_labels_or_events
33670,,,,,1973-11-29,574,-1,,,FALSE,,,FALSE,,,,FALSE,FALSE,FALSE,,,FALSE,FALSE,,FALSE,,,no_csi_classification_found_in_available_labels_or_events
39749,,,,,1973-11-29,574,-0.692308,,,FALSE,,,FALSE,,,,FALSE,FALSE,FALSE,,,FALSE,FALSE,,FALSE,,,no_csi_classification_found_in_available_labels_or_events
49306,,,,,1974-02-22,573,0,,,FALSE,,,FALSE,,,,FALSE,FALSE,FALSE,,,FALSE,FALSE,,FALSE,,,no_csi_classification_found_in_available_labels_or_events
38615,,,,,1974-02-25,574,-1,,,FALSE,,,FALSE,,,,FALSE,FALSE,FALSE,,,FALSE,FALSE,,FALSE,,,no_csi_classification_found_in_available_labels_or_events
30243,,,,,1974-05-08,573,0,,,FALSE,,,FALSE,,,,FALSE,FALSE,FALSE,,,FALSE,FALSE,,FALSE,,,no_csi_classification_found_in_available_labels_or_events
17072,,,,,1974-05-24,574,-0.875,,,FALSE,,,FALSE,,,,FALSE,FALSE,FALSE,,,FALSE,FALSE,,FALSE,,,no_csi_classification_found_in_available_labels_or_events
41690,,,,,1974-05-29,574,-0.619048,,,FALSE,,,FALSE,,,,FALSE,FALSE,FALSE,,,FALSE,FALSE,,FALSE,,,no_csi_classification_found_in_available_labels_or_events
29743,,,,,1974-07-24,574,-1,,,FALSE,,,FALSE,,,,FALSE,FALSE,FALSE,,,FALSE,FALSE,,FALSE,,,no_csi_classification_found_in_available_labels_or_events
42040,,,,,1974-08-22,574,-0.19,,,FALSE,,,FALSE,,,,FALSE,FALSE,FALSE,,,FALSE,FALSE,,FALSE,,,no_csi_classification_found_in_available_labels_or_events
33216,,,,,1974-08-28,574,-1,,,FALSE,,,FALSE,,,,FALSE,FALSE,FALSE,,,FALSE,FALSE,,FALSE,,,no_csi_classification_found_in_available_labels_or_events
32344,,,,,1975-03-04,574,-1,,,FALSE,,,FALSE,,,,FALSE,FALSE,FALSE,,,FALSE,FALSE,,FALSE,,,no_csi_classification_found_in_available_labels_or_events
23587,,,,,1975-03-27,574,-0.263158,,,FALSE,,,FALSE,,,,FALSE,FALSE,FALSE,,,FALSE,FALSE,,FALSE,,,no_csi_classification_found_in_available_labels_or_events
51668,,,,,1975-08-13,574,-0.03125,,,FALSE,,,FALSE,,,,FALSE,FALSE,FALSE,,,FALSE,FALSE,,FALSE,,,no_csi_classification_found_in_available_labels_or_events
16969,,,,,1975-09-26,574,-0.392857,,,FALSE,,,FALSE,,,,FALSE,FALSE,FALSE,,,FALSE,FALSE,,FALSE,,,no_csi_classification_found_in_available_labels_or_events
53400,,,,,1975-11-20,574,-1,,,FALSE,,,FALSE,,,,FALSE,FALSE,FALSE,,,FALSE,FALSE,,FALSE,,,no_csi_classification_found_in_available_labels_or_events
25515,,,,,1975-12-09,574,-1,,,FALSE,,,FALSE,,,,FALSE,FALSE,FALSE,,,FALSE,FALSE,,FALSE,,,no_csi_classification_found_in_available_labels_or_events
34059,,,,,1976-03-29,574,-1,,,FALSE,,,FALSE,,,,FALSE,FALSE,FALSE,,,FALSE,FALSE,,FALSE,,,no_csi_classification_found_in_available_labels_or_events
54965,,,,,1976-08-02,573,0,,,FALSE,,,FALSE,,,,FALSE,FALSE,FALSE,,,FALSE,FALSE,,FALSE,,,no_csi_classification_found_in_available_labels_or_events
28791,,,,,1977-06-09,574,-0.156863,,,FALSE,,,FALSE,,,,FALSE,FALSE,FALSE,,,FALSE,FALSE,,FALSE,,,no_csi_classification_found_in_available_labels_or_events
73067,,,,,1977-06-27,574,1.88,,,FALSE,,,FALSE,,,,FALSE,FALSE,FALSE,,,FALSE,FALSE,,FALSE,,,no_csi_classification_found_in_available_labels_or_events
81585,,,,,1977-08-17,574,0,,,FALSE,,,FALSE,,,,FALSE,FALSE,FALSE,,,FALSE,FALSE,,FALSE,,,no_csi_classification_found_in_available_labels_or_events
44118,,,,,1977-08-19,573,0,,,FALSE,,,FALSE,,,,FALSE,FALSE,FALSE,,,FALSE,FALSE,,FALSE,,,no_csi_classification_found_in_available_labels_or_events
49912,,,,,1977-09-30,573,,,,FALSE,,,FALSE,,,,FALSE,FALSE,FALSE,,,FALSE,FALSE,,FALSE,,,no_csi_classification_found_in_available_labels_or_events
33996,,,,,1977-10-19,574,-1,,,FALSE,,,FALSE,,,,FALSE,FALSE,FALSE,,,FALSE,FALSE,,FALSE,,,no_csi_classification_found_in_available_labels_or_events
28679,,,,,1978-01-27,574,-0.045455,,,FALSE,,,FALSE,,,,FALSE,FALSE,FALSE,,,FALSE,FALSE,,FALSE,,,no_csi_classification_found_in_available_labels_or_events
37719,,,,,1978-03-08,574,-0.1,,,FALSE,,,FALSE,,,,FALSE,FALSE,FALSE,,,FALSE,FALSE,,FALSE,,,no_csi_classification_found_in_available_labels_or_events
46113,,,,,1978-03-10,574,-0.2,,,FALSE,,,FALSE,,,,FALSE,FALSE,FALSE,,,FALSE,FALSE,,FALSE,,,no_csi_classification_found_in_available_labels_or_events
42957,,,,,1978-03-31,574,-1,,,FALSE,,,FALSE,,,,FALSE,FALSE,FALSE,,,FALSE,FALSE,,FALSE,,,no_csi_classification_found_in_available_labels_or_events
34593,,,,,1978-05-17,574,-1,,,FALSE,,,FALSE,,,,FALSE,FALSE,FALSE,,,FALSE,FALSE,,FALSE,,,no_csi_classification_found_in_available_labels_or_events
60680,,,,,1978-06-07,574,-0.428571,,,FALSE,,,FALSE,,,,FALSE,FALSE,FALSE,,,FALSE,FALSE,,FALSE,,,no_csi_classification_found_in_available_labels_or_events
21346,,,,,1978-10-16,574,-0.181818,,,FALSE,,,FALSE,,,,FALSE,FALSE,FALSE,,,FALSE,FALSE,,FALSE,,,no_csi_classification_found_in_available_labels_or_events
62915,,,,,1978-11-21,573,0.076923,,,FALSE,,,FALSE,,,,FALSE,FALSE,FALSE,,,FALSE,FALSE,,FALSE,,,no_csi_classification_found_in_available_labels_or_events
48952,,,,,1978-12-01,574,0.0625,,,FALSE,,,FALSE,,,,FALSE,FALSE,FALSE,,,FALSE,FALSE,,FALSE,,,no_csi_classification_found_in_available_labels_or_events
54762,,,,,1979-02-21,574,-0.136364,,,FALSE,,,FALSE,,,,FALSE,FALSE,FALSE,,,FALSE,FALSE,,FALSE,,,no_csi_classification_found_in_available_labels_or_events
58747,,,,,1979-03-23,574,0.380952,,,FALSE,,,FALSE,,,,FALSE,FALSE,FALSE,,,FALSE,FALSE,,FALSE,,,no_csi_classification_found_in_available_labels_or_events
38026,,,,,1979-09-26,574,-0.272727,,,FALSE,,,FALSE,,,,FALSE,FALSE,FALSE,,,FALSE,FALSE,,FALSE,,,no_csi_classification_found_in_available_labels_or_events
38068,,,,,1980-02-07,574,-0.492063,,,FALSE,,,FALSE,,,,FALSE,FALSE,FALSE,,,FALSE,FALSE,,FALSE,,,no_csi_classification_found_in_available_labels_or_events
52644,,,,,1980-05-28,574,-1,,,FALSE,,,FALSE,,,,FALSE,FALSE,FALSE,,,FALSE,FALSE,,FALSE,,,no_csi_classification_found_in_available_labels_or_events
77076,,,,,1980-09-08,574,-1,,,FALSE,,,FALSE,,,,FALSE,FALSE,FALSE,,,FALSE,FALSE,,FALSE,,,no_csi_classification_found_in_available_labels_or_events
57955,,,,,1980-09-09,574,-0.5,,,FALSE,,,FALSE,,,,FALSE,FALSE,FALSE,,,FALSE,FALSE,,FALSE,,,no_csi_classification_found_in_available_labels_or_events
19334,,,,,1980-09-18,574,-0.414894,,,FALSE,,,FALSE,,,,FALSE,FALSE,FALSE,,,FALSE,FALSE,,FALSE,,,no_csi_classification_found_in_available_labels_or_events
40934,,,,,1981-01-19,574,0,,,FALSE,,,FALSE,,,,FALSE,FALSE,FALSE,,,FALSE,FALSE,,FALSE,,,no_csi_classification_found_in_available_labels_or_events
48450,,,,,1981-02-26,574,-0.5,,,FALSE,,,FALSE,,,,FALSE,FALSE,FALSE,,,FALSE,FALSE,,FALSE,,,no_csi_classification_found_in_available_labels_or_events
35457,,,,,1981-04-01,574,-0.454545,,,FALSE,,,FALSE,,,,FALSE,FALSE,FALSE,,,FALSE,FALSE,,FALSE,,,no_csi_classification_found_in_available_labels_or_events
10971,,,,,1981-04-14,574,-1,,,FALSE,,,FALSE,,,,FALSE,FALSE,FALSE,,,FALSE,FALSE,,FALSE,,,no_csi_classification_found_in_available_labels_or_events
45073,,,,,1981-06-15,574,-0.777778,,,FALSE,,,FALSE,,,,FALSE,FALSE,FALSE,,,FALSE,FALSE,,FALSE,,,no_csi_classification_found_in_available_labels_or_events
52330,,,,,1981-09-30,574,-1,,,FALSE,,,FALSE,,,,FALSE,FALSE,FALSE,,,FALSE,FALSE,,FALSE,,,no_csi_classification_found_in_available_labels_or_events
49171,,,,,1981-10-05,574,-0.362909,,,FALSE,,,FALSE,,,,FALSE,FALSE,FALSE,,,FALSE,FALSE,,FALSE,,,no_csi_classification_found_in_available_labels_or_events
53276,,,,,1981-11-13,574,-0.65625,,,FALSE,,,FALSE,,,,FALSE,FALSE,FALSE,,,FALSE,FALSE,,FALSE,,,no_csi_classification_found_in_available_labels_or_events
50825,,,,,1981-12-10,574,0.000533,,,FALSE,,,FALSE,,,,FALSE,FALSE,FALSE,,,FALSE,FALSE,,FALSE,,,no_csi_classification_found_in_available_labels_or_events
46287,,,,,1982-01-05,574,-0.4,,,FALSE,,,FALSE,,,,FALSE,FALSE,FALSE,,,FALSE,FALSE,,FALSE,,,no_csi_classification_found_in_available_labels_or_events
57058,,,,,1982-04-12,574,-1,,,FALSE,,,FALSE,,,,FALSE,FALSE,FALSE,,,FALSE,FALSE,,FALSE,,,no_csi_classification_found_in_available_labels_or_events
36222,,,,,1982-04-28,574,-0.384615,,,FALSE,,,FALSE,,,,FALSE,FALSE,FALSE,,,FALSE,FALSE,,FALSE,,,no_csi_classification_found_in_available_labels_or_events
21864,,,,,1982-05-26,574,-0.777778,,,FALSE,,,FALSE,,,,FALSE,FALSE,FALSE,,,FALSE,FALSE,,FALSE,,,no_csi_classification_found_in_available_labels_or_events
28600,,,,,1982-06-07,574,0,,,FALSE,,,FALSE,,,,FALSE,FALSE,FALSE,,,FALSE,FALSE,,FALSE,,,no_csi_classification_found_in_available_labels_or_events
62535,,,,,1982-06-29,574,-0.72093,,,FALSE,,,FALSE,,,,FALSE,FALSE,FALSE,,,FALSE,FALSE,,FALSE,,,no_csi_classification_found_in_available_labels_or_events
34439,,,,,1982-07-08,574,0,,,FALSE,,,FALSE,,,,FALSE,FALSE,FALSE,,,FALSE,FALSE,,FALSE,,,no_csi_classification_found_in_available_labels_or_events
49270,,,,,1982-07-23,574,-0.430857,,,FALSE,,,FALSE,,,,FALSE,FALSE,FALSE,,,FALSE,FALSE,,FALSE,,,no_csi_classification_found_in_available_labels_or_events
39925,,,,,1982-08-18,574,-0.428571,,,FALSE,,,FALSE,,,,FALSE,FALSE,FALSE,,,FALSE,FALSE,,FALSE,,,no_csi_classification_found_in_available_labels_or_events
52098,,,,,1982-09-09,574,-0.008,,,FALSE,,,FALSE,,,,FALSE,FALSE,FALSE,,,FALSE,FALSE,,FALSE,,,no_csi_classification_found_in_available_labels_or_events
67468,,,,,1982-09-17,574,-0.285714,,,FALSE,,,FALSE,,,,FALSE,FALSE,FALSE,,,FALSE,FALSE,,FALSE,,,no_csi_classification_found_in_available_labels_or_events
51941,,,,,1982-10-12,574,0,,,FALSE,,,FALSE,,,,FALSE,FALSE,FALSE,,,FALSE,FALSE,,FALSE,,,no_csi_classification_found_in_available_labels_or_events
59273,,,,,1982-10-19,574,-0.142857,,,FALSE,,,FALSE,,,,FALSE,FALSE,FALSE,,,FALSE,FALSE,,FALSE,,,no_csi_classification_found_in_available_labels_or_events
33989,,,,,1982-10-27,574,-0.082667,,,FALSE,,,FALSE,,,,FALSE,FALSE,FALSE,,,FALSE,FALSE,,FALSE,,,no_csi_classification_found_in_available_labels_or_events
78351,,,,,1982-11-01,574,-0.067886,,,FALSE,,,FALSE,,,,FALSE,FALSE,FALSE,,,FALSE,FALSE,,FALSE,,,no_csi_classification_found_in_available_labels_or_events
58210,,,,,1982-11-23,573,0.09589,,,FALSE,,,FALSE,,,,FALSE,FALSE,FALSE,,,FALSE,FALSE,,FALSE,,,no_csi_classification_found_in_available_labels_or_events
50665,,,,,1982-12-20,574,-0.0992,,,FALSE,,,FALSE,,,,FALSE,FALSE,FALSE,,,FALSE,FALSE,,FALSE,,,no_csi_classification_found_in_available_labels_or_events
36581,,,,,1983-02-03,574,-0.333333,,,FALSE,,,FALSE,,,,FALSE,FALSE,FALSE,,,FALSE,FALSE,,FALSE,,,no_csi_classification_found_in_available_labels_or_events
50411,,,,,1983-02-18,574,-0.513514,,,FALSE,,,FALSE,,,,FALSE,FALSE,FALSE,,,FALSE,FALSE,,FALSE,,,no_csi_classification_found_in_available_labels_or_events
45779,,,,,1983-02-25,574,0,,,FALSE,,,FALSE,,,,FALSE,FALSE,FALSE,,,FALSE,FALSE,,FALSE,,,no_csi_classification_found_in_available_labels_or_events
58668,,,,,1983-02-25,574,0.181818,,,FALSE,,,FALSE,,,,FALSE,FALSE,FALSE,,,FALSE,FALSE,,FALSE,,,no_csi_classification_found_in_available_labels_or_events
63001,,,,,1983-03-11,574,-0.076923,,,FALSE,,,FALSE,,,,FALSE,FALSE,FALSE,,,FALSE,FALSE,,FALSE,,,no_csi_classification_found_in_available_labels_or_events
60602,,,,,1983-04-27,574,0.563,,,FALSE,,,FALSE,,,,FALSE,FALSE,FALSE,,,FALSE,FALSE,,FALSE,,,no_csi_classification_found_in_available_labels_or_events
64849,,,,,1983-04-27,574,-1,,,FALSE,,,FALSE,,,,FALSE,FALSE,FALSE,,,FALSE,FALSE,,FALSE,,,no_csi_classification_found_in_available_labels_or_events
67206,,,,,1983-05-17,574,0.1,,,FALSE,,,FALSE,,,,FALSE,FALSE,FALSE,,,FALSE,FALSE,,FALSE,,,no_csi_classification_found_in_available_labels_or_events
28090,,,,,1983-05-20,574,-0.270833,,,FALSE,,,FALSE,,,,FALSE,FALSE,FALSE,,,FALSE,FALSE,,FALSE,,,no_csi_classification_found_in_available_labels_or_events
38122,,,,,1983-05-20,574,-0.333333,,,FALSE,,,FALSE,,,,FALSE,FALSE,FALSE,,,FALSE,FALSE,,FALSE,,,no_csi_classification_found_in_available_labels_or_events
64857,,,,,1983-06-01,574,0.284571,,,FALSE,,,FALSE,,,,FALSE,FALSE,FALSE,,,FALSE,FALSE,,FALSE,,,no_csi_classification_found_in_available_labels_or_events
23043,,,,,1983-06-28,574,-0.344828,,,FALSE,,,FALSE,,,,FALSE,FALSE,FALSE,,,FALSE,FALSE,,FALSE,,,no_csi_classification_found_in_available_labels_or_events
47160,,,,,1983-06-29,574,0,,,FALSE,,,FALSE,,,,FALSE,FALSE,FALSE,,,FALSE,FALSE,,FALSE,,,no_csi_classification_found_in_available_labels_or_events
35975,,,,,1983-07-22,574,-0.473684,,,FALSE,,,FALSE,,,,FALSE,FALSE,FALSE,,,FALSE,FALSE,,FALSE,,,no_csi_classification_found_in_available_labels_or_events
44580,,,,,1983-11-17,574,-1,,,FALSE,,,FALSE,,,,FALSE,FALSE,FALSE,,,FALSE,FALSE,,FALSE,,,no_csi_classification_found_in_available_labels_or_events
64389,,,,,1983-12-07,574,-0.5,,,FALSE,,,FALSE,,,,FALSE,FALSE,FALSE,,,FALSE,FALSE,,FALSE,,,no_csi_classification_found_in_available_labels_or_events
62965,,,,,1983-12-20,574,-1,,,FALSE,,,FALSE,,,,FALSE,FALSE,FALSE,,,FALSE,FALSE,,FALSE,,,no_csi_classification_found_in_available_labels_or_events
32572,,,,,1984-01-09,574,0,,,FALSE,,,FALSE,,,,FALSE,FALSE,FALSE,,,FALSE,FALSE,,FALSE,,,no_csi_classification_found_in_available_labels_or_events
39386,,,,,1984-01-19,574,-0.05,,,FALSE,,,FALSE,,,,FALSE,FALSE,FALSE,,,FALSE,FALSE,,FALSE,,,no_csi_classification_found_in_available_labels_or_events
51158,,,,,1984-02-03,574,-0.5,,,FALSE,,,FALSE,,,,FALSE,FALSE,FALSE,,,FALSE,FALSE,,FALSE,,,no_csi_classification_found_in_available_labels_or_events
12240,,,,,1984-02-17,574,-1,,,FALSE,,,FALSE,,,,FALSE,FALSE,FALSE,,,FALSE,FALSE,,FALSE,,,no_csi_classification_found_in_available_labels_or_events
50315,,,,,1984-08-15,574,-0.136364,,,FALSE,,,FALSE,,,,FALSE,FALSE,FALSE,,,FALSE,FALSE,,FALSE,,,no_csi_classification_found_in_available_labels_or_events
11317,,,,,1984-08-16,574,-1,,,FALSE,,,FALSE,,,,FALSE,FALSE,FALSE,,,FALSE,FALSE,,FALSE,,,no_csi_classification_found_in_available_labels_or_events
61196,,,,,1984-09-19,574,-0.055556,,,FALSE,,,FALSE,,,,FALSE,FALSE,FALSE,,,FALSE,FALSE,,FALSE,,,no_csi_classification_found_in_available_labels_or_events
30832,,,,,1984-10-02,574,0,,,FALSE,,,FALSE,,,,FALSE,FALSE,FALSE,,,FALSE,FALSE,,FALSE,,,no_csi_classification_found_in_available_labels_or_events
60732,,,,,1984-10-02,574,-0.111111,,,FALSE,,,FALSE,,,,FALSE,FALSE,FALSE,,,FALSE,FALSE,,FALSE,,,no_csi_classification_found_in_available_labels_or_events
63917,,,,,1984-10-04,574,-0.166667,,,FALSE,,,FALSE,,,,FALSE,FALSE,FALSE,,,FALSE,FALSE,,FALSE,,,no_csi_classification_found_in_available_labels_or_events
63474,,,,,1984-10-08,574,-1,,,FALSE,,,FALSE,,,,FALSE,FALSE,FALSE,,,FALSE,FALSE,,FALSE,,,no_csi_classification_found_in_available_labels_or_events
47634,,,,,1984-10-24,574,-0.561644,,,FALSE,,,FALSE,,,,FALSE,FALSE,FALSE,,,FALSE,FALSE,,FALSE,,,no_csi_classification_found_in_available_labels_or_events
35756,,,,,1985-01-04,574,-0.555556,,,FALSE,,,FALSE,,,,FALSE,FALSE,FALSE,,,FALSE,FALSE,,FALSE,,,no_csi_classification_found_in_available_labels_or_events
78249,,,,,1985-01-10,573,0.043478,,,FALSE,,,FALSE,,,,FALSE,FALSE,FALSE,,,FALSE,FALSE,,FALSE,,,no_csi_classification_found_in_available_labels_or_events
32409,,,,,1985-02-06,574,0,,,FALSE,,,FALSE,,,,FALSE,FALSE,FALSE,,,FALSE,FALSE,,FALSE,,,no_csi_classification_found_in_available_labels_or_events
47351,,,,,1985-03-19,574,-0.217391,,,FALSE,,,FALSE,,,,FALSE,FALSE,FALSE,,,FALSE,FALSE,,FALSE,,,no_csi_classification_found_in_available_labels_or_events
34681,,,,,1985-04-03,574,0,,,FALSE,,,FALSE,,,,FALSE,FALSE,FALSE,,,FALSE,FALSE,,FALSE,,,no_csi_classification_found_in_available_labels_or_events
83169,,,,,1985-05-15,574,-0.04,,,FALSE,,,FALSE,,,,FALSE,FALSE,FALSE,,,FALSE,FALSE,,FALSE,,,no_csi_classification_found_in_available_labels_or_events
48127,,,,,1985-06-13,574,-0.833333,,,FALSE,,,FALSE,,,,FALSE,FALSE,FALSE,,,FALSE,FALSE,,FALSE,,,no_csi_classification_found_in_available_labels_or_events
32927,,,,,1985-07-17,574,-0.1,,,FALSE,,,FALSE,,,,FALSE,FALSE,FALSE,,,FALSE,FALSE,,FALSE,,,no_csi_classification_found_in_available_labels_or_events
41145,,,,,1985-07-18,573,-0.368421,,,FALSE,,,FALSE,,,,FALSE,FALSE,FALSE,,,FALSE,FALSE,,FALSE,,,no_csi_classification_found_in_available_labels_or_events
20029,,,,,1985-08-02,574,0,,,FALSE,,,FALSE,,,,FALSE,FALSE,FALSE,,,FALSE,FALSE,,FALSE,,,no_csi_classification_found_in_available_labels_or_events
55167,,,,,1985-08-22,574,-1,,,FALSE,,,FALSE,,,,FALSE,FALSE,FALSE,,,FALSE,FALSE,,FALSE,,,no_csi_classification_found_in_available_labels_or_events
12889,,,,,1985-08-27,574,0.333333,,,FALSE,,,FALSE,,,,FALSE,FALSE,FALSE,,,FALSE,FALSE,,FALSE,,,no_csi_classification_found_in_available_labels_or_events
31705,,,,,1985-09-18,574,-0.090909,,,FALSE,,,FALSE,,,,FALSE,FALSE,FALSE,,,FALSE,FALSE,,FALSE,,,no_csi_classification_found_in_available_labels_or_events
61655,,,,,1986-03-18,574,-0.222222,,,FALSE,,,FALSE,,,,FALSE,FALSE,FALSE,,,FALSE,FALSE,,FALSE,,,no_csi_classification_found_in_available_labels_or_events
22307,,,,,1986-04-03,574,-1,,,FALSE,,,FALSE,,,,FALSE,FALSE,FALSE,,,FALSE,FALSE,,FALSE,,,no_csi_classification_found_in_available_labels_or_events
63909,,,,,1986-04-25,574,-1,,,FALSE,,,FALSE,,,,FALSE,FALSE,FALSE,,,FALSE,FALSE,,FALSE,,,no_csi_classification_found_in_available_labels_or_events
64566,,,,,1986-05-02,574,0,,,FALSE,,,FALSE,,,,FALSE,FALSE,FALSE,,,FALSE,FALSE,,FALSE,,,no_csi_classification_found_in_available_labels_or_events
22605,,,,,1986-05-28,574,-1,,,FALSE,,,FALSE,,,,FALSE,FALSE,FALSE,,,FALSE,FALSE,,FALSE,,,no_csi_classification_found_in_available_labels_or_events
36134,,,,,1986-06-04,574,0,,,FALSE,,,FALSE,,,,FALSE,FALSE,FALSE,,,FALSE,FALSE,,FALSE,,,no_csi_classification_found_in_available_labels_or_events
14307,,,,,1986-06-12,573,-0.020408,,,FALSE,,,FALSE,,,,FALSE,FALSE,FALSE,,,FALSE,FALSE,,FALSE,,,no_csi_classification_found_in_available_labels_or_events
61719,,,,,1986-07-03,574,0.083333,,,FALSE,,,FALSE,,,,FALSE,FALSE,FALSE,,,FALSE,FALSE,,FALSE,,,no_csi_classification_found_in_available_labels_or_events
66712,,,,,1986-07-17,574,-1,,,FALSE,,,FALSE,,,,FALSE,FALSE,FALSE,,,FALSE,FALSE,,FALSE,,,no_csi_classification_found_in_available_labels_or_events
64549,,,,,1986-09-09,574,-1,,,FALSE,,,FALSE,,,,FALSE,FALSE,FALSE,,,FALSE,FALSE,,FALSE,,,no_csi_classification_found_in_available_labels_or_events
68785,,,,,1986-10-14,574,-0.333333,,,FALSE,,,FALSE,,,,FALSE,FALSE,FALSE,,,FALSE,FALSE,,FALSE,,,no_csi_classification_found_in_available_labels_or_events
93172,,,,,1986-10-14,574,-0.333333,,,FALSE,,,FALSE,,,,FALSE,FALSE,FALSE,,,FALSE,FALSE,,FALSE,,,no_csi_classification_found_in_available_labels_or_events
66405,,,,,1986-10-29,574,-0.125,,,FALSE,,,FALSE,,,,FALSE,FALSE,FALSE,,,FALSE,FALSE,,FALSE,,,no_csi_classification_found_in_available_labels_or_events
43430,,,,,1986-11-13,574,0.6,,,FALSE,,,FALSE,,,,FALSE,FALSE,FALSE,,,FALSE,FALSE,,FALSE,,,no_csi_classification_found_in_available_labels_or_events
58333,,,,,1986-12-01,574,-1,,,FALSE,,,FALSE,,,,FALSE,FALSE,FALSE,,,FALSE,FALSE,,FALSE,,,no_csi_classification_found_in_available_labels_or_events
66704,,,,,1987-01-22,574,-0.777778,,,FALSE,,,FALSE,,,,FALSE,FALSE,FALSE,,,FALSE,FALSE,,FALSE,,,no_csi_classification_found_in_available_labels_or_events
24185,,,,,1987-03-24,573,0.090909,,,FALSE,,,FALSE,,,,FALSE,FALSE,FALSE,,,FALSE,FALSE,,FALSE,,,no_csi_classification_found_in_available_labels_or_events
63175,,,,,1987-05-01,574,-0.168,,,FALSE,,,FALSE,,,,FALSE,FALSE,FALSE,,,FALSE,FALSE,,FALSE,,,no_csi_classification_found_in_available_labels_or_events
67352,,,,,1987-06-26,574,-0.222222,,,FALSE,,,FALSE,,,,FALSE,FALSE,FALSE,,,FALSE,FALSE,,FALSE,,,no_csi_classification_found_in_available_labels_or_events
60425,,,,,1987-07-02,574,-1,,,FALSE,,,FALSE,,,,FALSE,FALSE,FALSE,,,FALSE,FALSE,,FALSE,,,no_csi_classification_found_in_available_labels_or_events
10919,,,,,1987-07-30,574,-1,,,FALSE,,,FALSE,,,,FALSE,FALSE,FALSE,,,FALSE,FALSE,,FALSE,,,no_csi_classification_found_in_available_labels_or_events
58528,,,,,1987-08-13,574,-0.428571,,,FALSE,,,FALSE,,,,FALSE,FALSE,FALSE,,,FALSE,FALSE,,FALSE,,,no_csi_classification_found_in_available_labels_or_events
41152,,,,,1987-11-24,574,-1,,,FALSE,,,FALSE,,,,FALSE,FALSE,FALSE,,,FALSE,FALSE,,FALSE,,,no_csi_classification_found_in_available_labels_or_events
67871,,,,,1988-01-22,574,2.333333,,,FALSE,,,FALSE,,,,FALSE,FALSE,FALSE,,,FALSE,FALSE,,FALSE,,,no_csi_classification_found_in_available_labels_or_events
46501,,,,,1988-02-05,574,0,,,FALSE,,,FALSE,,,,FALSE,FALSE,FALSE,,,FALSE,FALSE,,FALSE,,,no_csi_classification_found_in_available_labels_or_events
10601,,,,,1988-03-09,574,-0.478261,,,FALSE,,,FALSE,,,,FALSE,FALSE,FALSE,,,FALSE,FALSE,,FALSE,,,no_csi_classification_found_in_available_labels_or_events
65673,,,,,1988-03-10,574,-0.166667,,,FALSE,,,FALSE,,,,FALSE,FALSE,FALSE,,,FALSE,FALSE,,FALSE,,,no_csi_classification_found_in_available_labels_or_events
67846,,,,,1988-03-22,574,0.142857,,,FALSE,,,FALSE,,,,FALSE,FALSE,FALSE,,,FALSE,FALSE,,FALSE,,,no_csi_classification_found_in_available_labels_or_events
81024,,,,,1988-03-28,574,-0.4,,,FALSE,,,FALSE,,,,FALSE,FALSE,FALSE,,,FALSE,FALSE,,FALSE,,,no_csi_classification_found_in_available_labels_or_events
66843,,,,,1988-03-29,574,-0.571429,,,FALSE,,,FALSE,,,,FALSE,FALSE,FALSE,,,FALSE,FALSE,,FALSE,,,no_csi_classification_found_in_available_labels_or_events
44231,,,,,1988-04-06,574,-0.16,,,FALSE,,,FALSE,,,,FALSE,FALSE,FALSE,,,FALSE,FALSE,,FALSE,,,no_csi_classification_found_in_available_labels_or_events
70886,,,,,1988-04-22,573,0.028986,,,FALSE,,,FALSE,,,,FALSE,FALSE,FALSE,,,FALSE,FALSE,,FALSE,,,no_csi_classification_found_in_available_labels_or_events
78347,,,,,1988-05-06,574,-0.05,,,FALSE,,,FALSE,,,,FALSE,FALSE,FALSE,,,FALSE,FALSE,,FALSE,,,no_csi_classification_found_in_available_labels_or_events
78657,,,,,1988-05-06,574,-0.125,,,FALSE,,,FALSE,,,,FALSE,FALSE,FALSE,,,FALSE,FALSE,,FALSE,,,no_csi_classification_found_in_available_labels_or_events
46826,,,,,1988-05-09,574,0,,,FALSE,,,FALSE,,,,FALSE,FALSE,FALSE,,,FALSE,FALSE,,FALSE,,,no_csi_classification_found_in_available_labels_or_events
10403,,,,,1988-05-16,574,0.09375,,,FALSE,,,FALSE,,,,FALSE,FALSE,FALSE,,,FALSE,FALSE,,FALSE,,,no_csi_classification_found_in_available_labels_or_events
68873,,,,,1988-05-20,574,-0.130435,,,FALSE,,,FALSE,,,,FALSE,FALSE,FALSE,,,FALSE,FALSE,,FALSE,,,no_csi_classification_found_in_available_labels_or_events
10577,,,,,1988-05-24,574,0,,,FALSE,,,FALSE,,,,FALSE,FALSE,FALSE,,,FALSE,FALSE,,FALSE,,,no_csi_classification_found_in_available_labels_or_events
76663,,,,,1988-05-25,574,-0.4,,,FALSE,,,FALSE,,,,FALSE,FALSE,FALSE,,,FALSE,FALSE,,FALSE,,,no_csi_classification_found_in_available_labels_or_events
27610,,,,,1988-05-26,574,0.090909,,,FALSE,,,FALSE,,,,FALSE,FALSE,FALSE,,,FALSE,FALSE,,FALSE,,,no_csi_classification_found_in_available_labels_or_events
50738,,,,,1988-06-28,574,-0.2,,,FALSE,,,FALSE,,,,FALSE,FALSE,FALSE,,,FALSE,FALSE,,FALSE,,,no_csi_classification_found_in_available_labels_or_events
58894,,,,,1988-07-18,574,0.2,,,FALSE,,,FALSE,,,,FALSE,FALSE,FALSE,,,FALSE,FALSE,,FALSE,,,no_csi_classification_found_in_available_labels_or_events
75061,,,,,1988-07-29,574,,,,FALSE,,,FALSE,,,,FALSE,FALSE,FALSE,,,FALSE,FALSE,,FALSE,,,no_csi_classification_found_in_available_labels_or_events
59109,,,,,1988-08-01,574,0,,,FALSE,,,FALSE,,,,FALSE,FALSE,FALSE,,,FALSE,FALSE,,FALSE,,,no_csi_classification_found_in_available_labels_or_events
67221,,,,,1988-08-29,574,-0.529412,,,FALSE,,,FALSE,,,,FALSE,FALSE,FALSE,,,FALSE,FALSE,,FALSE,,,no_csi_classification_found_in_available_labels_or_events
65664,,,,,1988-09-06,574,0.25,,,FALSE,,,FALSE,,,,FALSE,FALSE,FALSE,,,FALSE,FALSE,,FALSE,,,no_csi_classification_found_in_available_labels_or_events
29962,,,,,1988-09-08,574,-0.818182,,,FALSE,,,FALSE,,,,FALSE,FALSE,FALSE,,,FALSE,FALSE,,FALSE,,,no_csi_classification_found_in_available_labels_or_events
61436,,,,,1988-09-23,574,-1,,,FALSE,,,FALSE,,,,FALSE,FALSE,FALSE,,,FALSE,FALSE,,FALSE,,,no_csi_classification_found_in_available_labels_or_events
57488,,,,,1988-10-10,574,-1,,,FALSE,,,FALSE,,,,FALSE,FALSE,FALSE,,,FALSE,FALSE,,FALSE,,,no_csi_classification_found_in_available_labels_or_events
53365,,,,,1988-10-13,573,0.07234,,,FALSE,,,FALSE,,,,FALSE,FALSE,FALSE,,,FALSE,FALSE,,FALSE,,,no_csi_classification_found_in_available_labels_or_events
44767,,,,,1989-02-13,574,-0.333333,,,FALSE,,,FALSE,,,,FALSE,FALSE,FALSE,,,FALSE,FALSE,,FALSE,,,no_csi_classification_found_in_available_labels_or_events
67280,,,,,1989-03-07,574,-1,,,FALSE,,,FALSE,,,,FALSE,FALSE,FALSE,,,FALSE,FALSE,,FALSE,,,no_csi_classification_found_in_available_labels_or_events
75314,,,,,1989-03-16,574,0,,,FALSE,,,FALSE,,,,FALSE,FALSE,FALSE,,,FALSE,FALSE,,FALSE,,,no_csi_classification_found_in_available_labels_or_events
51124,,,,,1989-04-26,573,0.216,,,FALSE,,,FALSE,,,,FALSE,FALSE,FALSE,,,FALSE,FALSE,,FALSE,,,no_csi_classification_found_in_available_labels_or_events
49840,,,,,1989-06-16,574,-0.4,,,FALSE,,,FALSE,,,,FALSE,FALSE,FALSE,,,FALSE,FALSE,,FALSE,,,no_csi_classification_found_in_available_labels_or_events
67643,,,,,1989-07-07,574,0,,,FALSE,,,FALSE,,,,FALSE,FALSE,FALSE,,,FALSE,FALSE,,FALSE,,,no_csi_classification_found_in_available_labels_or_events
64370,,,,,1989-07-25,574,-0.428571,,,FALSE,,,FALSE,,,,FALSE,FALSE,FALSE,,,FALSE,FALSE,,FALSE,,,no_csi_classification_found_in_available_labels_or_events
50593,,,,,1989-08-25,574,-0.285714,,,FALSE,,,FALSE,,,,FALSE,FALSE,FALSE,,,FALSE,FALSE,,FALSE,,,no_csi_classification_found_in_available_labels_or_events
42729,,,,,1989-09-01,574,1,,,FALSE,,,FALSE,,,,FALSE,FALSE,FALSE,,,FALSE,FALSE,,FALSE,,,no_csi_classification_found_in_available_labels_or_events
46615,,,,,1989-09-20,574,-0.230769,,,FALSE,,,FALSE,,,,FALSE,FALSE,FALSE,,,FALSE,FALSE,,FALSE,,,no_csi_classification_found_in_available_labels_or_events
92946,,,,,1989-09-27,574,0,,,FALSE,,,FALSE,,,,FALSE,FALSE,FALSE,,,FALSE,FALSE,,FALSE,,,no_csi_classification_found_in_available_labels_or_events
66886,,,,,1989-10-25,574,-1,,,FALSE,,,FALSE,,,,FALSE,FALSE,FALSE,,,FALSE,FALSE,,FALSE,,,no_csi_classification_found_in_available_labels_or_events
62288,,,,,1989-11-27,574,-0.047619,,,FALSE,,,FALSE,,,,FALSE,FALSE,FALSE,,,FALSE,FALSE,,FALSE,,,no_csi_classification_found_in_available_labels_or_events
64741,,,,,1989-11-28,574,0.1875,,,FALSE,,,FALSE,,,,FALSE,FALSE,FALSE,,,FALSE,FALSE,,FALSE,,,no_csi_classification_found_in_available_labels_or_events
32782,,,,,1990-01-22,573,-0.015385,,,FALSE,,,FALSE,,,,FALSE,FALSE,FALSE,,,FALSE,FALSE,,FALSE,,,no_csi_classification_found_in_available_labels_or_events
75043,,,,,1990-01-22,574,-1,,,FALSE,,,FALSE,,,,FALSE,FALSE,FALSE,,,FALSE,FALSE,,FALSE,,,no_csi_classification_found_in_available_labels_or_events
70586,,,,,1990-02-13,574,-1,,,FALSE,,,FALSE,,,,FALSE,FALSE,FALSE,,,FALSE,FALSE,,FALSE,,,no_csi_classification_found_in_available_labels_or_events
59846,,,,,1990-02-14,574,-0.666667,,,FALSE,,,FALSE,,,,FALSE,FALSE,FALSE,,,FALSE,FALSE,,FALSE,,,no_csi_classification_found_in_available_labels_or_events
29663,,,,,1990-03-01,574,-0.666667,,,FALSE,,,FALSE,,,,FALSE,FALSE,FALSE,,,FALSE,FALSE,,FALSE,,,no_csi_classification_found_in_available_labels_or_events
58035,,,,,1990-03-02,574,-0.538462,,,FALSE,,,FALSE,,,,FALSE,FALSE,FALSE,,,FALSE,FALSE,,FALSE,,,no_csi_classification_found_in_available_labels_or_events
75190,,,,,1990-03-08,574,0.8,,,FALSE,,,FALSE,,,,FALSE,FALSE,FALSE,,,FALSE,FALSE,,FALSE,,,no_csi_classification_found_in_available_labels_or_events
66974,,,,,1990-03-09,574,0,,,FALSE,,,FALSE,,,,FALSE,FALSE,FALSE,,,FALSE,FALSE,,FALSE,,,no_csi_classification_found_in_available_labels_or_events
28409,,,,,1990-03-28,574,-1,,,FALSE,,,FALSE,,,,FALSE,FALSE,FALSE,,,FALSE,FALSE,,FALSE,,,no_csi_classification_found_in_available_labels_or_events
50219,,,,,1990-04-16,574,-0.333333,,,FALSE,,,FALSE,,,,FALSE,FALSE,FALSE,,,FALSE,FALSE,,FALSE,,,no_csi_classification_found_in_available_labels_or_events
67555,,,,,1990-04-18,574,-0.729167,,,FALSE,,,FALSE,,,,FALSE,FALSE,FALSE,,,FALSE,FALSE,,FALSE,,,no_csi_classification_found_in_available_labels_or_events
63095,,,,,1990-05-08,574,-1,,,FALSE,,,FALSE,,,,FALSE,FALSE,FALSE,,,FALSE,FALSE,,FALSE,,,no_csi_classification_found_in_available_labels_or_events
55853,,,,,1990-05-15,574,-0.822222,,,FALSE,,,FALSE,,,,FALSE,FALSE,FALSE,,,FALSE,FALSE,,FALSE,,,no_csi_classification_found_in_available_labels_or_events
59782,,,,,1990-05-15,574,-1,,,FALSE,,,FALSE,,,,FALSE,FALSE,FALSE,,,FALSE,FALSE,,FALSE,,,no_csi_classification_found_in_available_labels_or_events
46084,,,,,1990-05-30,574,-1,,,FALSE,,,FALSE,,,,FALSE,FALSE,FALSE,,,FALSE,FALSE,,FALSE,,,no_csi_classification_found_in_available_labels_or_events
46025,,,,,1990-06-12,574,-0.105263,,,FALSE,,,FALSE,,,,FALSE,FALSE,FALSE,,,FALSE,FALSE,,FALSE,,,no_csi_classification_found_in_available_labels_or_events
51335,,,,,1990-06-26,574,-0.583333,,,FALSE,,,FALSE,,,,FALSE,FALSE,FALSE,,,FALSE,FALSE,,FALSE,,,no_csi_classification_found_in_available_labels_or_events
42359,,,,,1990-07-03,574,-1,,,FALSE,,,FALSE,,,,FALSE,FALSE,FALSE,,,FALSE,FALSE,,FALSE,,,no_csi_classification_found_in_available_labels_or_events
49947,,,,,1990-07-11,574,1.8,,,FALSE,,,FALSE,,,,FALSE,FALSE,FALSE,,,FALSE,FALSE,,FALSE,,,no_csi_classification_found_in_available_labels_or_events
12091,,,,,1990-07-24,574,-1,,,FALSE,,,FALSE,,,,FALSE,FALSE,FALSE,,,FALSE,FALSE,,FALSE,,,no_csi_classification_found_in_available_labels_or_events
56549,,,,,1990-08-02,574,0,,,FALSE,,,FALSE,,,,FALSE,FALSE,FALSE,,,FALSE,FALSE,,FALSE,,,no_csi_classification_found_in_available_labels_or_events
60409,,,,,1990-08-14,574,-1,,,FALSE,,,FALSE,,,,FALSE,FALSE,FALSE,,,FALSE,FALSE,,FALSE,,,no_csi_classification_found_in_available_labels_or_events
70367,,,,,1990-08-31,574,0.5,,,FALSE,,,FALSE,,,,FALSE,FALSE,FALSE,,,FALSE,FALSE,,FALSE,,,no_csi_classification_found_in_available_labels_or_events
18817,,,,,1990-09-28,574,-1,,,FALSE,,,FALSE,,,,FALSE,FALSE,FALSE,,,FALSE,FALSE,,FALSE,,,no_csi_classification_found_in_available_labels_or_events
39984,,,,,1990-10-12,574,1,,,FALSE,,,FALSE,,,,FALSE,FALSE,FALSE,,,FALSE,FALSE,,FALSE,,,no_csi_classification_found_in_available_labels_or_events
47204,,,,,1990-10-30,574,-0.8,,,FALSE,,,FALSE,,,,FALSE,FALSE,FALSE,,,FALSE,FALSE,,FALSE,,,no_csi_classification_found_in_available_labels_or_events
67918,,,,,1990-11-05,574,-1,,,FALSE,,,FALSE,,,,FALSE,FALSE,FALSE,,,FALSE,FALSE,,FALSE,,,no_csi_classification_found_in_available_labels_or_events
67512,,,,,1990-11-21,574,-1,,,FALSE,,,FALSE,,,,FALSE,FALSE,FALSE,,,FALSE,FALSE,,FALSE,,,no_csi_classification_found_in_available_labels_or_events
63642,,,,,1990-12-07,574,-1,,,FALSE,,,FALSE,,,,FALSE,FALSE,FALSE,,,FALSE,FALSE,,FALSE,,,no_csi_classification_found_in_available_labels_or_events
49998,,,,,1990-12-10,574,-0.862069,,,FALSE,,,FALSE,,,,FALSE,FALSE,FALSE,,,FALSE,FALSE,,FALSE,,,no_csi_classification_found_in_available_labels_or_events
65891,,,,,1990-12-14,574,-1,,,FALSE,,,FALSE,,,,FALSE,FALSE,FALSE,,,FALSE,FALSE,,FALSE,,,no_csi_classification_found_in_available_labels_or_events
16695,,,,,1991-01-07,574,-1,,,FALSE,,,FALSE,,,,FALSE,FALSE,FALSE,,,FALSE,FALSE,,FALSE,,,no_csi_classification_found_in_available_labels_or_events
78674,,,,,1991-01-08,574,0,,,FALSE,,,FALSE,,,,FALSE,FALSE,FALSE,,,FALSE,FALSE,,FALSE,,,no_csi_classification_found_in_available_labels_or_events
67299,,,,,1991-01-24,574,-1,,,FALSE,,,FALSE,,,,FALSE,FALSE,FALSE,,,FALSE,FALSE,,FALSE,,,no_csi_classification_found_in_available_labels_or_events
63212,,,,,1991-01-28,574,-1,,,FALSE,,,FALSE,,,,FALSE,FALSE,FALSE,,,FALSE,FALSE,,FALSE,,,no_csi_classification_found_in_available_labels_or_events
78708,,,,,1991-01-28,574,0,,,FALSE,,,FALSE,,,,FALSE,FALSE,FALSE,,,FALSE,FALSE,,FALSE,,,no_csi_classification_found_in_available_labels_or_events
10498,,,,,1991-02-06,573,0,,,FALSE,,,FALSE,,,,FALSE,FALSE,FALSE,,,FALSE,FALSE,,FALSE,,,no_csi_classification_found_in_available_labels_or_events
17225,,,,,1991-02-12,574,-1,,,FALSE,,,FALSE,,,,FALSE,FALSE,FALSE,,,FALSE,FALSE,,FALSE,,,no_csi_classification_found_in_available_labels_or_events
66675,,,,,1991-02-12,574,-0.083333,,,FALSE,,,FALSE,,,,FALSE,FALSE,FALSE,,,FALSE,FALSE,,FALSE,,,no_csi_classification_found_in_available_labels_or_events
10653,,,,,1991-02-15,574,-1,,,FALSE,,,FALSE,,,,FALSE,FALSE,FALSE,,,FALSE,FALSE,,FALSE,,,no_csi_classification_found_in_available_labels_or_events
63618,,,,,1991-02-15,574,-0.454545,,,FALSE,,,FALSE,,,,FALSE,FALSE,FALSE,,,FALSE,FALSE,,FALSE,,,no_csi_classification_found_in_available_labels_or_events
78505,,,,,1991-02-19,574,0.1664,,,FALSE,,,FALSE,,,,FALSE,FALSE,FALSE,,,FALSE,FALSE,,FALSE,,,no_csi_classification_found_in_available_labels_or_events
78663,,,,,1991-02-26,574,-0.000229,,,FALSE,,,FALSE,,,,FALSE,FALSE,FALSE,,,FALSE,FALSE,,FALSE,,,no_csi_classification_found_in_available_labels_or_events
78344,,,,,1991-02-28,574,0,,,FALSE,,,FALSE,,,,FALSE,FALSE,FALSE,,,FALSE,FALSE,,FALSE,,,no_csi_classification_found_in_available_labels_or_events
53284,,,,,1991-03-12,574,-0.854167,,,FALSE,,,FALSE,,,,FALSE,FALSE,FALSE,,,FALSE,FALSE,,FALSE,,,no_csi_classification_found_in_available_labels_or_events
78649,,,,,1991-03-13,574,0,,,FALSE,,,FALSE,,,,FALSE,FALSE,FALSE,,,FALSE,FALSE,,FALSE,,,no_csi_classification_found_in_available_labels_or_events
78716,,,,,1991-03-28,574,,,,FALSE,,,FALSE,,,,FALSE,FALSE,FALSE,,,FALSE,FALSE,,FALSE,,,no_csi_classification_found_in_available_labels_or_events
78731,,,,,1991-04-09,574,-0.5,,,FALSE,,,FALSE,,,,FALSE,FALSE,FALSE,,,FALSE,FALSE,,FALSE,,,no_csi_classification_found_in_available_labels_or_events
67117,,,,,1991-04-10,574,0.6,,,FALSE,,,FALSE,,,,FALSE,FALSE,FALSE,,,FALSE,FALSE,,FALSE,,,no_csi_classification_found_in_available_labels_or_events
66560,,,,,1991-04-12,574,-0.5625,,,FALSE,,,FALSE,,,,FALSE,FALSE,FALSE,,,FALSE,FALSE,,FALSE,,,no_csi_classification_found_in_available_labels_or_events
78719,,,,,1991-04-26,574,0.636364,,,FALSE,,,FALSE,,,,FALSE,FALSE,FALSE,,,FALSE,FALSE,,FALSE,,,no_csi_classification_found_in_available_labels_or_events
33292,,,,,1991-05-08,574,-1,,,FALSE,,,FALSE,,,,FALSE,FALSE,FALSE,,,FALSE,FALSE,,FALSE,,,no_csi_classification_found_in_available_labels_or_events
75303,,,,,1991-05-23,574,-0.1664,,,FALSE,,,FALSE,,,,FALSE,FALSE,FALSE,,,FALSE,FALSE,,FALSE,,,no_csi_classification_found_in_available_labels_or_events
75166,,,,,1991-05-31,574,-1,,,FALSE,,,FALSE,,,,FALSE,FALSE,FALSE,,,FALSE,FALSE,,FALSE,,,no_csi_classification_found_in_available_labels_or_events
70754,,,,,1991-06-10,574,-1,,,FALSE,,,FALSE,,,,FALSE,FALSE,FALSE,,,FALSE,FALSE,,FALSE,,,no_csi_classification_found_in_available_labels_or_events
78550,,,,,1991-06-19,574,0,,,FALSE,,,FALSE,,,,FALSE,FALSE,FALSE,,,FALSE,FALSE,,FALSE,,,no_csi_classification_found_in_available_labels_or_events
68056,,,,,1991-06-20,574,-1,,,FALSE,,,FALSE,,,,FALSE,FALSE,FALSE,,,FALSE,FALSE,,FALSE,,,no_csi_classification_found_in_available_labels_or_events
68734,,,,,1991-07-15,574,-1,,,FALSE,,,FALSE,,,,FALSE,FALSE,FALSE,,,FALSE,FALSE,,FALSE,,,no_csi_classification_found_in_available_labels_or_events
72581,,,,,1991-07-16,574,-0.785714,,,FALSE,,,FALSE,,,,FALSE,FALSE,FALSE,,,FALSE,FALSE,,FALSE,,,no_csi_classification_found_in_available_labels_or_events
70244,,,,,1991-07-19,574,-1,,,FALSE,,,FALSE,,,,FALSE,FALSE,FALSE,,,FALSE,FALSE,,FALSE,,,no_csi_classification_found_in_available_labels_or_events
71239,,,,,1991-07-19,574,-0.963542,,,FALSE,,,FALSE,,,,FALSE,FALSE,FALSE,,,FALSE,FALSE,,FALSE,,,no_csi_classification_found_in_available_labels_or_events
87090,,,,,1991-08-01,574,-0.25,,,FALSE,,,FALSE,,,,FALSE,FALSE,FALSE,,,FALSE,FALSE,,FALSE,,,no_csi_classification_found_in_available_labels_or_events
33232,,,,,1991-08-20,574,-1,,,FALSE,,,FALSE,,,,FALSE,FALSE,FALSE,,,FALSE,FALSE,,FALSE,,,no_csi_classification_found_in_available_labels_or_events
78673,,,,,1991-08-23,574,0.142857,,,FALSE,,,FALSE,,,,FALSE,FALSE,FALSE,,,FALSE,FALSE,,FALSE,,,no_csi_classification_found_in_available_labels_or_events
10125,,,,,1991-08-30,574,-0.111111,,,FALSE,,,FALSE,,,,FALSE,FALSE,FALSE,,,FALSE,FALSE,,FALSE,,,no_csi_classification_found_in_available_labels_or_events
67045,,,,,1991-09-13,574,-1,,,FALSE,,,FALSE,,,,FALSE,FALSE,FALSE,,,FALSE,FALSE,,FALSE,,,no_csi_classification_found_in_available_labels_or_events
55247,,,,,1991-09-19,574,-0.5,,,FALSE,,,FALSE,,,,FALSE,FALSE,FALSE,,,FALSE,FALSE,,FALSE,,,no_csi_classification_found_in_available_labels_or_events
20984,,,,,1991-09-25,574,-0.847222,,,FALSE,,,FALSE,,,,FALSE,FALSE,FALSE,,,FALSE,FALSE,,FALSE,,,no_csi_classification_found_in_available_labels_or_events
63589,,,,,1991-09-27,574,-0.960938,,,FALSE,,,FALSE,,,,FALSE,FALSE,FALSE,,,FALSE,FALSE,,FALSE,,,no_csi_classification_found_in_available_labels_or_events
75080,,,,,1991-09-27,574,0,,,FALSE,,,FALSE,,,,FALSE,FALSE,FALSE,,,FALSE,FALSE,,FALSE,,,no_csi_classification_found_in_available_labels_or_events
53939,,,,,1991-10-01,574,-1,,,FALSE,,,FALSE,,,,FALSE,FALSE,FALSE,,,FALSE,FALSE,,FALSE,,,no_csi_classification_found_in_available_labels_or_events
75217,,,,,1991-10-07,574,-0.6875,,,FALSE,,,FALSE,,,,FALSE,FALSE,FALSE,,,FALSE,FALSE,,FALSE,,,no_csi_classification_found_in_available_labels_or_events
78377,,,,,1991-10-08,574,0,,,FALSE,,,FALSE,,,,FALSE,FALSE,FALSE,,,FALSE,FALSE,,FALSE,,,no_csi_classification_found_in_available_labels_or_events
78391,,,,,1991-10-15,574,-0.000533,,,FALSE,,,FALSE,,,,FALSE,FALSE,FALSE,,,FALSE,FALSE,,FALSE,,,no_csi_classification_found_in_available_labels_or_events
33646,,,,,1991-10-23,574,-0.55,,,FALSE,,,FALSE,,,,FALSE,FALSE,FALSE,,,FALSE,FALSE,,FALSE,,,no_csi_classification_found_in_available_labels_or_events
64813,,,,,1991-10-25,574,-1,,,FALSE,,,FALSE,,,,FALSE,FALSE,FALSE,,,FALSE,FALSE,,FALSE,,,no_csi_classification_found_in_available_labels_or_events
75161,,,,,1991-11-11,574,-1,,,FALSE,,,FALSE,,,,FALSE,FALSE,FALSE,,,FALSE,FALSE,,FALSE,,,no_csi_classification_found_in_available_labels_or_events
25444,,,,,1991-11-14,574,-1,,,FALSE,,,FALSE,,,,FALSE,FALSE,FALSE,,,FALSE,FALSE,,FALSE,,,no_csi_classification_found_in_available_labels_or_events
66579,,,,,1991-11-14,574,-1,,,FALSE,,,FALSE,,,,FALSE,FALSE,FALSE,,,FALSE,FALSE,,FALSE,,,no_csi_classification_found_in_available_labels_or_events
33347,,,,,1991-11-18,574,-0.749867,,,FALSE,,,FALSE,,,,FALSE,FALSE,FALSE,,,FALSE,FALSE,,FALSE,,,no_csi_classification_found_in_available_labels_or_events
69913,,,,,1991-11-27,574,0.142857,,,FALSE,,,FALSE,,,,FALSE,FALSE,FALSE,,,FALSE,FALSE,,FALSE,,,no_csi_classification_found_in_available_labels_or_events
56215,,,,,1991-11-29,574,-0.1248,,,FALSE,,,FALSE,,,,FALSE,FALSE,FALSE,,,FALSE,FALSE,,FALSE,,,no_csi_classification_found_in_available_labels_or_events
66915,,,,,1991-11-29,574,0.000533,,,FALSE,,,FALSE,,,,FALSE,FALSE,FALSE,,,FALSE,FALSE,,FALSE,,,no_csi_classification_found_in_available_labels_or_events
62439,,,,,1991-12-05,574,-0.769231,,,FALSE,,,FALSE,,,,FALSE,FALSE,FALSE,,,FALSE,FALSE,,FALSE,,,no_csi_classification_found_in_available_labels_or_events
63482,,,,,1991-12-05,574,-0.25,,,FALSE,,,FALSE,,,,FALSE,FALSE,FALSE,,,FALSE,FALSE,,FALSE,,,no_csi_classification_found_in_available_labels_or_events
63693,,,,,1991-12-05,574,0.333333,,,FALSE,,,FALSE,,,,FALSE,FALSE,FALSE,,,FALSE,FALSE,,FALSE,,,no_csi_classification_found_in_available_labels_or_events
66536,,,,,1991-12-05,574,0.000533,,,FALSE,,,FALSE,,,,FALSE,FALSE,FALSE,,,FALSE,FALSE,,FALSE,,,no_csi_classification_found_in_available_labels_or_events
73323,,,,,1991-12-13,574,-0.333333,,,FALSE,,,FALSE,,,,FALSE,FALSE,FALSE,,,FALSE,FALSE,,FALSE,,,no_csi_classification_found_in_available_labels_or_events
78699,,,,,1991-12-13,574,-0.39968,,,FALSE,,,FALSE,,,,FALSE,FALSE,FALSE,,,FALSE,FALSE,,FALSE,,,no_csi_classification_found_in_available_labels_or_events
70850,,,,,1991-12-27,574,-0.2,,,FALSE,,,FALSE,,,,FALSE,FALSE,FALSE,,,FALSE,FALSE,,FALSE,,,no_csi_classification_found_in_available_labels_or_events
75085,,,,,1991-12-27,574,-0.6876,,,FALSE,,,FALSE,,,,FALSE,FALSE,FALSE,,,FALSE,FALSE,,FALSE,,,no_csi_classification_found_in_available_labels_or_events
75220,,,,,1991-12-31,574,-0.181818,,,FALSE,,,FALSE,,,,FALSE,FALSE,FALSE,,,FALSE,FALSE,,FALSE,,,no_csi_classification_found_in_available_labels_or_events
47029,,,,,1992-01-10,573,-0.018605,,,FALSE,,,FALSE,,,,FALSE,FALSE,FALSE,,,FALSE,FALSE,,FALSE,,,no_csi_classification_found_in_available_labels_or_events
78332,,,,,1992-01-15,574,0,,,FALSE,,,FALSE,,,,FALSE,FALSE,FALSE,,,FALSE,FALSE,,FALSE,,,no_csi_classification_found_in_available_labels_or_events
10285,,,,,1992-01-17,574,-1,,,FALSE,,,FALSE,,,,FALSE,FALSE,FALSE,,,FALSE,FALSE,,FALSE,,,no_csi_classification_found_in_available_labels_or_events
78732,,,,,1992-02-03,574,-0.052632,,,FALSE,,,FALSE,,,,FALSE,FALSE,FALSE,,,FALSE,FALSE,,FALSE,,,no_csi_classification_found_in_available_labels_or_events
68435,,,,,1992-02-12,574,-1,,,FALSE,,,FALSE,,,,FALSE,FALSE,FALSE,,,FALSE,FALSE,,FALSE,,,no_csi_classification_found_in_available_labels_or_events
65955,,,,,1992-03-09,574,-0.583333,,,FALSE,,,FALSE,,,,FALSE,FALSE,FALSE,,,FALSE,FALSE,,FALSE,,,no_csi_classification_found_in_available_labels_or_events
50818,,,,,1992-03-12,573,0,,,FALSE,,,FALSE,,,,FALSE,FALSE,FALSE,,,FALSE,FALSE,,FALSE,,,no_csi_classification_found_in_available_labels_or_events
38447,,,,,1992-03-13,574,-1,,,FALSE,,,FALSE,,,,FALSE,FALSE,FALSE,,,FALSE,FALSE,,FALSE,,,no_csi_classification_found_in_available_labels_or_events
78686,,,,,1992-03-16,574,-0.073171,,,FALSE,,,FALSE,,,,FALSE,FALSE,FALSE,,,FALSE,FALSE,,FALSE,,,no_csi_classification_found_in_available_labels_or_events
60388,,,,,1992-03-20,574,-0.736111,,,FALSE,,,FALSE,,,,FALSE,FALSE,FALSE,,,FALSE,FALSE,,FALSE,,,no_csi_classification_found_in_available_labels_or_events
29276,,,,,1992-03-30,574,-0.142857,,,FALSE,,,FALSE,,,,FALSE,FALSE,FALSE,,,FALSE,FALSE,,FALSE,,,no_csi_classification_found_in_available_labels_or_events
78493,,,,,1992-04-01,574,0.084579,,,FALSE,,,FALSE,,,,FALSE,FALSE,FALSE,,,FALSE,FALSE,,FALSE,,,no_csi_classification_found_in_available_labels_or_events
37874,,,,,1992-04-03,574,-1,,,FALSE,,,FALSE,,,,FALSE,FALSE,FALSE,,,FALSE,FALSE,,FALSE,,,no_csi_classification_found_in_available_labels_or_events
66202,,,,,1992-04-10,574,-1,,,FALSE,,,FALSE,,,,FALSE,FALSE,FALSE,,,FALSE,FALSE,,FALSE,,,no_csi_classification_found_in_available_labels_or_events
71539,,,,,1992-04-21,573,-0.005714,,,FALSE,,,FALSE,,,,FALSE,FALSE,FALSE,,,FALSE,FALSE,,FALSE,,,no_csi_classification_found_in_available_labels_or_events
38711,,,,,1992-04-28,574,-0.666667,,,FALSE,,,FALSE,,,,FALSE,FALSE,FALSE,,,FALSE,FALSE,,FALSE,,,no_csi_classification_found_in_available_labels_or_events
45233,,,,,1992-05-01,574,-1,,,FALSE,,,FALSE,,,,FALSE,FALSE,FALSE,,,FALSE,FALSE,,FALSE,,,no_csi_classification_found_in_available_labels_or_events
78428,,,,,1992-05-13,574,0,,,FALSE,,,FALSE,,,,FALSE,FALSE,FALSE,,,FALSE,FALSE,,FALSE,,,no_csi_classification_found_in_available_labels_or_events
11523,,,,,1992-06-04,574,0,,,FALSE,,,FALSE,,,,FALSE,FALSE,FALSE,,,FALSE,FALSE,,FALSE,,,no_csi_classification_found_in_available_labels_or_events
68769,,,,,1992-06-16,574,0.142857,,,FALSE,,,FALSE,,,,FALSE,FALSE,FALSE,,,FALSE,FALSE,,FALSE,,,no_csi_classification_found_in_available_labels_or_events
78280,,,,,1992-06-16,574,-0.00032,,,FALSE,,,FALSE,,,,FALSE,FALSE,FALSE,,,FALSE,FALSE,,FALSE,,,no_csi_classification_found_in_available_labels_or_events
28250,,,,,1992-06-19,573,0.013514,,,FALSE,,,FALSE,,,,FALSE,FALSE,FALSE,,,FALSE,FALSE,,FALSE,,,no_csi_classification_found_in_available_labels_or_events
18278,,,,,1992-06-26,574,-1,,,FALSE,,,FALSE,,,,FALSE,FALSE,FALSE,,,FALSE,FALSE,,FALSE,,,no_csi_classification_found_in_available_labels_or_events
87645,,,,,1992-06-26,574,-1,,,FALSE,,,FALSE,,,,FALSE,FALSE,FALSE,,,FALSE,FALSE,,FALSE,,,no_csi_classification_found_in_available_labels_or_events
78302,,,,,1992-06-29,574,-0.309562,,,FALSE,,,FALSE,,,,FALSE,FALSE,FALSE,,,FALSE,FALSE,,FALSE,,,no_csi_classification_found_in_available_labels_or_events
62586,,,,,1992-07-01,574,-1,,,FALSE,,,FALSE,,,,FALSE,FALSE,FALSE,,,FALSE,FALSE,,FALSE,,,no_csi_classification_found_in_available_labels_or_events
76092,,,,,1992-07-10,574,-0.902778,,,FALSE,,,FALSE,,,,FALSE,FALSE,FALSE,,,FALSE,FALSE,,FALSE,,,no_csi_classification_found_in_available_labels_or_events
76093,,,,,1992-07-10,574,-0.902778,,,FALSE,,,FALSE,,,,FALSE,FALSE,FALSE,,,FALSE,FALSE,,FALSE,,,no_csi_classification_found_in_available_labels_or_events
78573,,,,,1992-07-10,574,0,,,FALSE,,,FALSE,,,,FALSE,FALSE,FALSE,,,FALSE,FALSE,,FALSE,,,no_csi_classification_found_in_available_labels_or_events
78656,,,,,1992-07-10,574,0.384615,,,FALSE,,,FALSE,,,,FALSE,FALSE,FALSE,,,FALSE,FALSE,,FALSE,,,no_csi_classification_found_in_available_labels_or_events
78667,,,,,1992-07-10,574,0,,,FALSE,,,FALSE,,,,FALSE,FALSE,FALSE,,,FALSE,FALSE,,FALSE,,,no_csi_classification_found_in_available_labels_or_events
78571,,,,,1992-07-13,574,0.75,,,FALSE,,,FALSE,,,,FALSE,FALSE,FALSE,,,FALSE,FALSE,,FALSE,,,no_csi_classification_found_in_available_labels_or_events
75291,,,,,1992-07-14,574,-0.466667,,,FALSE,,,FALSE,,,,FALSE,FALSE,FALSE,,,FALSE,FALSE,,FALSE,,,no_csi_classification_found_in_available_labels_or_events
78682,,,,,1992-07-23,574,-0.964444,,,FALSE,,,FALSE,,,,FALSE,FALSE,FALSE,,,FALSE,FALSE,,FALSE,,,no_csi_classification_found_in_available_labels_or_events
78608,,,,,1992-08-03,574,-0.00032,,,FALSE,,,FALSE,,,,FALSE,FALSE,FALSE,,,FALSE,FALSE,,FALSE,,,no_csi_classification_found_in_available_labels_or_events
78611,,,,,1992-08-03,574,0.5,,,FALSE,,,FALSE,,,,FALSE,FALSE,FALSE,,,FALSE,FALSE,,FALSE,,,no_csi_classification_found_in_available_labels_or_events
78598,,,,,1992-08-10,574,-0.333333,,,FALSE,,,FALSE,,,,FALSE,FALSE,FALSE,,,FALSE,FALSE,,FALSE,,,no_csi_classification_found_in_available_labels_or_events
47191,,,,,1992-08-25,574,-0.895833,,,FALSE,,,FALSE,,,,FALSE,FALSE,FALSE,,,FALSE,FALSE,,FALSE,,,no_csi_classification_found_in_available_labels_or_events
44548,,,,,1992-09-04,574,-0.642857,,,FALSE,,,FALSE,,,,FALSE,FALSE,FALSE,,,FALSE,FALSE,,FALSE,,,no_csi_classification_found_in_available_labels_or_events
58069,,,,,1992-09-21,574,-1,,,FALSE,,,FALSE,,,,FALSE,FALSE,FALSE,,,FALSE,FALSE,,FALSE,,,no_csi_classification_found_in_available_labels_or_events
48047,,,,,1992-09-25,574,-0.9,,,FALSE,,,FALSE,,,,FALSE,FALSE,FALSE,,,FALSE,FALSE,,FALSE,,,no_csi_classification_found_in_available_labels_or_events
82887,,,,,1992-09-30,573,,,,FALSE,,,FALSE,,,,FALSE,FALSE,FALSE,,,FALSE,FALSE,,FALSE,,,no_csi_classification_found_in_available_labels_or_events
60978,,,,,1992-10-06,574,-0.75,,,FALSE,,,FALSE,,,,FALSE,FALSE,FALSE,,,FALSE,FALSE,,FALSE,,,no_csi_classification_found_in_available_labels_or_events
68486,,,,,1992-10-23,574,-1,,,FALSE,,,FALSE,,,,FALSE,FALSE,FALSE,,,FALSE,FALSE,,FALSE,,,no_csi_classification_found_in_available_labels_or_events
75042,,,,,1992-10-28,574,-1,,,FALSE,,,FALSE,,,,FALSE,FALSE,FALSE,,,FALSE,FALSE,,FALSE,,,no_csi_classification_found_in_available_labels_or_events
75344,,,,,1992-11-03,574,-0.725,,,FALSE,,,FALSE,,,,FALSE,FALSE,FALSE,,,FALSE,FALSE,,FALSE,,,no_csi_classification_found_in_available_labels_or_events
78303,,,,,1992-11-05,574,0,,,FALSE,,,FALSE,,,,FALSE,FALSE,FALSE,,,FALSE,FALSE,,FALSE,,,no_csi_classification_found_in_available_labels_or_events
78728,,,,,1992-11-05,574,0.5,,,FALSE,,,FALSE,,,,FALSE,FALSE,FALSE,,,FALSE,FALSE,,FALSE,,,no_csi_classification_found_in_available_labels_or_events
64039,,,,,1992-11-12,574,2.2,,,FALSE,,,FALSE,,,,FALSE,FALSE,FALSE,,,FALSE,FALSE,,FALSE,,,no_csi_classification_found_in_available_labels_or_events
78660,,,,,1992-11-19,574,-0.2,,,FALSE,,,FALSE,,,,FALSE,FALSE,FALSE,,,FALSE,FALSE,,FALSE,,,no_csi_classification_found_in_available_labels_or_events
78565,,,,,1992-12-09,574,0.126316,,,FALSE,,,FALSE,,,,FALSE,FALSE,FALSE,,,FALSE,FALSE,,FALSE,,,no_csi_classification_found_in_available_labels_or_events
56303,,,,,1992-12-16,574,-0.166667,,,FALSE,,,FALSE,,,,FALSE,FALSE,FALSE,,,FALSE,FALSE,,FALSE,,,no_csi_classification_found_in_available_labels_or_events
11549,,,,,1993-01-11,574,0,,,FALSE,,,FALSE,,,,FALSE,FALSE,FALSE,,,FALSE,FALSE,,FALSE,,,no_csi_classification_found_in_available_labels_or_events
78454,,,,,1993-01-15,574,0.500267,,,FALSE,,,FALSE,,,,FALSE,FALSE,FALSE,,,FALSE,FALSE,,FALSE,,,no_csi_classification_found_in_available_labels_or_events
78738,,,,,1993-01-19,574,0.5,,,FALSE,,,FALSE,,,,FALSE,FALSE,FALSE,,,FALSE,FALSE,,FALSE,,,no_csi_classification_found_in_available_labels_or_events
48776,,,,,1993-01-27,574,-1,,,FALSE,,,FALSE,,,,FALSE,FALSE,FALSE,,,FALSE,FALSE,,FALSE,,,no_csi_classification_found_in_available_labels_or_events
75872,,,,,1993-02-09,574,0.333333,,,FALSE,,,FALSE,,,,FALSE,FALSE,FALSE,,"",FALSE,FALSE,,FALSE,,"",no_csi_classification_found_in_available_labels_or_events
43211,,,,,1993-02-10,574,-1,,,FALSE,,,FALSE,,,,FALSE,FALSE,FALSE,,"",FALSE,FALSE,,FALSE,,"",no_csi_classification_found_in_available_labels_or_events
12933,,,,,1993-02-22,574,-0.829268,,,FALSE,,,FALSE,,,,FALSE,FALSE,FALSE,,"",FALSE,FALSE,,FALSE,,"",no_csi_classification_found_in_available_labels_or_events
10174,,,,,1993-02-26,574,-0.090909,,,FALSE,,,FALSE,,,,FALSE,FALSE,FALSE,,"",FALSE,FALSE,,FALSE,,"",no_csi_classification_found_in_available_labels_or_events
24731,,,,,1993-03-01,574,0,,,FALSE,,,FALSE,,,,FALSE,FALSE,FALSE,,"",FALSE,FALSE,,FALSE,,"",no_csi_classification_found_in_available_labels_or_events
11276,,,,,1993-03-11,573,0.044706,,,FALSE,,,FALSE,,,,FALSE,FALSE,FALSE,,"",FALSE,FALSE,,FALSE,,"",no_csi_classification_found_in_available_labels_or_events
67803,4898,WIEN,WIENER CORP,micro,1993-04-05,574,-1,1993-03-31,total_market,FALSE,,,FALSE,,,,FALSE,FALSE,FALSE,,"",FALSE,FALSE,,FALSE,,"",no_csi_classification_found_in_available_labels_or_events
15325,21911,,WESTERN UNION TELEGRAPH CO,micro,1993-04-08,574,-0.454545,1993-03-31,total_market,FALSE,,,FALSE,,,,FALSE,FALSE,FALSE,,"",FALSE,FALSE,,FALSE,,"",no_csi_classification_found_in_available_labels_or_events
63810,4669,UMII,UNITED MEDICAL CORP,micro,1993-05-13,573,0,1993-03-31,total_market,FALSE,,,FALSE,,,,FALSE,FALSE,FALSE,,"",FALSE,FALSE,,FALSE,,"",no_csi_classification_found_in_available_labels_or_events
18980,20009,,ADDRESSOGRAPH INTL CO,micro,1993-05-19,574,-0.84375,1993-03-31,total_market,FALSE,,,FALSE,,,,FALSE,FALSE,FALSE,,"",FALSE,FALSE,,FALSE,,"",no_csi_classification_found_in_available_labels_or_events
77176,11252,FCIN,F & C INTERNATIONAL INC,micro,1993-05-24,574,-0.333333,1993-03-31,total_market,FALSE,,,FALSE,,,,FALSE,FALSE,FALSE,,"",TRUE,TRUE,574,FALSE,,"",classified_as_csi_in_available_labels_or_events
11792,9593,WACP,WESTERN ACCEPTANCE CORP,micro,1993-05-28,574,,1993-03-31,total_market,FALSE,,,FALSE,,,,FALSE,FALSE,FALSE,,"",FALSE,FALSE,,FALSE,,"",no_csi_classification_found_in_available_labels_or_events
65867,278,SHLD,SHAREHOLDERS CAP CORP,micro,1993-05-28,574,-1,1993-03-31,total_market,FALSE,,,FALSE,,,,FALSE,FALSE,FALSE,,"",TRUE,FALSE,"",FALSE,,"",classified_as_csi_in_available_labels_or_events
78647,26273,BULKF,B & H BULK CARRIERS LTD,micro,1993-06-10,574,-0.052632,1993-03-31,total_market,FALSE,,,FALSE,,,,FALSE,FALSE,FALSE,,"",FALSE,FALSE,,FALSE,,"",no_csi_classification_found_in_available_labels_or_events
77168,11241,PNUT,JIMBOS JUMBOS INC,micro,1993-07-08,573,0.009259,1993-06-30,total_market,FALSE,,,FALSE,,,,FALSE,FALSE,FALSE,,"",FALSE,FALSE,,FALSE,,"",no_csi_classification_found_in_available_labels_or_events
66297,3825,RELT,RELTRON CORP,micro,1993-08-19,573,0.039711,1993-06-30,total_market,FALSE,,,FALSE,,,,FALSE,FALSE,FALSE,,"",FALSE,FALSE,,FALSE,,"",no_csi_classification_found_in_available_labels_or_events
46770,21883,WAN,WANG LABORATORIES INC,micro,1993-09-21,574,-0.65196,1993-06-30,total_market,FALSE,,,FALSE,,,,FALSE,FALSE,FALSE,,"",TRUE,TRUE,574,FALSE,,"",classified_as_csi_in_available_labels_or_events
65816,,,,,1993-09-21,574,-0.506944,,,FALSE,,,FALSE,,,,FALSE,FALSE,FALSE,,,FALSE,FALSE,,FALSE,,,no_csi_classification_found_in_available_labels_or_events
60177,,,,,1993-09-29,574,-0.833333,,,FALSE,,,FALSE,,,,FALSE,FALSE,FALSE,,,FALSE,FALSE,,FALSE,,,no_csi_classification_found_in_available_labels_or_events
68291,20249,BSD,B S D BANCORP INC,micro,1993-09-30,574,0,1993-09-30,total_market,FALSE,,,FALSE,,,,FALSE,FALSE,FALSE,,"",FALSE,FALSE,,FALSE,,"",no_csi_classification_found_in_available_labels_or_events
46288,2482,JWTR,JAMAICA WATER & UTILITIES INC,micro,1993-10-08,574,-1,1993-09-30,total_market,FALSE,,,FALSE,,,,FALSE,FALSE,FALSE,,"",FALSE,FALSE,,FALSE,,"",no_csi_classification_found_in_available_labels_or_events
74123,4363,SYSM,SYSTEM INDUSTRIES INC,micro,1993-10-18,574,-0.807692,1993-09-30,total_market,FALSE,,,FALSE,,,,FALSE,FALSE,FALSE,,"",FALSE,FALSE,,FALSE,,"",no_csi_classification_found_in_available_labels_or_events
82975,5020,WWWM,WILLIAMS W W CO,micro,1993-10-18,573,0,1993-09-30,total_market,FALSE,,,FALSE,,,,FALSE,FALSE,FALSE,,"",FALSE,FALSE,,FALSE,,"",no_csi_classification_found_in_available_labels_or_events
15974,20099,,AMERICAN SHIP BLDG CO,micro,1993-11-09,574,-0.772727,1993-09-30,total_market,FALSE,,,FALSE,,,,FALSE,FALSE,FALSE,,"",FALSE,FALSE,,FALSE,,"",no_csi_classification_found_in_available_labels_or_events
21872,20621,,EAGLE PICHER LEAD CO,micro,1993-11-15,574,-0.764706,1993-09-30,total_market,FALSE,,,FALSE,,,,FALSE,FALSE,FALSE,,"",FALSE,FALSE,,FALSE,,"",no_csi_classification_found_in_available_labels_or_events
11453,9289,WTOY,WISCONSIN TOY CO INC,micro,1993-12-17,574,-0.833333,1993-09-30,total_market,FALSE,,,FALSE,,,,FALSE,FALSE,FALSE,,"",FALSE,FALSE,,FALSE,,"",no_csi_classification_found_in_available_labels_or_events
78692,10078,GDXMF,GOLDEX MINES LTD,micro,1993-12-21,574,0.078947,1993-09-30,total_market,FALSE,,,FALSE,,,,FALSE,FALSE,FALSE,,"",FALSE,FALSE,,FALSE,,"",no_csi_classification_found_in_available_labels_or_events
12285,10033,WLPI,WELLINGTON LEISURE PRODUCTS INC,micro,1994-01-12,573,0.070175,1993-12-31,total_market,FALSE,,,FALSE,,,,FALSE,FALSE,FALSE,,"",FALSE,FALSE,,FALSE,,"",no_csi_classification_found_in_available_labels_or_events
76491,10775,VCRT,VIDEOCART INC,micro,1994-01-18,574,0.125008,1993-12-31,total_market,FALSE,,,FALSE,,,,FALSE,FALSE,FALSE,,"",TRUE,FALSE,"",FALSE,,"",classified_as_csi_in_available_labels_or_events
77349,,,,,1994-02-11,574,-0.333333,,,FALSE,,,FALSE,,,,FALSE,FALSE,FALSE,,,FALSE,FALSE,,FALSE,,,no_csi_classification_found_in_available_labels_or_events
66595,2394,IRTC,I R T CORP,micro,1994-02-25,574,-0.555556,1993-12-31,total_market,FALSE,,,FALSE,,,,FALSE,FALSE,FALSE,,"",FALSE,FALSE,,FALSE,,"",no_csi_classification_found_in_available_labels_or_events
57832,25590,HWL,HAWAIIAN AIRLINES INC,micro,1994-03-15,574,-0.5,1993-12-31,total_market,FALSE,,,FALSE,,,,FALSE,FALSE,FALSE,,"",FALSE,FALSE,,FALSE,,"",no_csi_classification_found_in_available_labels_or_events
31712,20668,EE,ESQUIRE RADIO & ELECTRONICS INC,micro,1994-09-01,573,0,1994-06-30,total_market,FALSE,,,FALSE,,,,FALSE,FALSE,FALSE,,"",FALSE,FALSE,,FALSE,,"",no_csi_classification_found_in_available_labels_or_events
79270,12175,HITTF,HARVARD INTERNATIONAL TECH LTD,micro,1994-10-11,574,-0.222222,1994-09-30,total_market,FALSE,,,FALSE,,,,FALSE,TRUE,TRUE,1993,1993,TRUE,TRUE,574,TRUE,1993,1993,classified_as_csi_in_available_labels_or_events
79924,,,,,1994-11-01,574,-0.733333,,,FALSE,,,FALSE,,,,FALSE,FALSE,FALSE,,,FALSE,FALSE,,FALSE,,,no_csi_classification_found_in_available_labels_or_events
63386,4662,ULTC,ULTIMATE CORP,micro,1994-12-06,574,-1,1994-09-30,total_market,FALSE,,,FALSE,,,,FALSE,TRUE,TRUE,1993,1993,TRUE,TRUE,574,FALSE,,"",classified_as_csi_in_available_labels_or_events
48208,2629,GIFF,GIFFEN INDS,micro,1995-01-30,573,0.034483,1994-12-30,total_market,FALSE,,,FALSE,,,,FALSE,FALSE,FALSE,,"",FALSE,FALSE,,FALSE,,"",no_csi_classification_found_in_available_labels_or_events
67620,3924,RSTO,ROSES STORES INC,micro,1995-04-28,574,-0.071429,1995-03-31,total_market,FALSE,,,FALSE,,,,FALSE,FALSE,FALSE,,"",TRUE,FALSE,"",FALSE,,"",classified_as_csi_in_available_labels_or_events
67628,,,,,1995-04-28,574,0,,,FALSE,,,FALSE,,,,FALSE,FALSE,FALSE,,,FALSE,FALSE,,FALSE,,,no_csi_classification_found_in_available_labels_or_events
67790,6524,UDCO,UNIVERSAL DEVELOPMENT CORP,micro,1995-04-28,574,-0.375,1995-03-31,total_market,FALSE,,,FALSE,,,,FALSE,TRUE,TRUE,1993,1993;1994,TRUE,TRUE,574,TRUE,1994,1994,classified_as_csi_in_available_labels_or_events
78790,26278,SPH,S P I HOLDING INC,micro,1995-04-28,574,-0.9375,1995-03-31,total_market,FALSE,,,FALSE,,,,FALSE,TRUE,TRUE,1993,1993,TRUE,TRUE,574,TRUE,1993,1993,classified_as_csi_in_available_labels_or_events
75869,10351,CRAY,CRAY COMPUTER CORP,micro,1995-07-12,574,0.4,1995-06-30,total_market,FALSE,,,FALSE,,,,FALSE,TRUE,TRUE,1993,1993;1994,TRUE,TRUE,574,FALSE,,"",classified_as_csi_in_available_labels_or_events
77423,11414,TLIO,TELIOS PHARMACEUTICALS INC,micro,1995-08-15,574,-0.5,1995-06-30,total_market,FALSE,,,FALSE,,,,FALSE,TRUE,TRUE,1993,1993,TRUE,TRUE,574,TRUE,1993,1993,classified_as_csi_in_available_labels_or_events
79779,29995,COI,COBRA INDUSTRIES INC,micro,1995-10-27,574,-0.992188,1995-09-29,total_market,FALSE,,,FALSE,,,,FALSE,FALSE,FALSE,,"",FALSE,FALSE,,FALSE,,"",no_csi_classification_found_in_available_labels_or_events
60927,1514,ELSN,ELSINORE CORP,micro,1995-10-31,574,-0.6,1995-06-30,total_market,FALSE,,,FALSE,,,,FALSE,TRUE,TRUE,1994,1994,TRUE,TRUE,574,TRUE,1994,1994,classified_as_csi_in_available_labels_or_events
78725,28896,MODAF,MODATECH SYSTEMS INC,micro,1995-11-02,574,0.333333,1995-09-29,total_market,FALSE,,,FALSE,,,,FALSE,TRUE,TRUE,1993,1993;1994,TRUE,TRUE,574,TRUE,1994,1994,classified_as_csi_in_available_labels_or_events
26375,1006,CNSC,CONESCO INDUSTRIES LTD,micro,1995-12-05,573,-0.956818,1995-09-29,total_market,FALSE,,,FALSE,,,,FALSE,FALSE,FALSE,,"",FALSE,FALSE,,FALSE,,"",no_csi_classification_found_in_available_labels_or_events
81662,,,,,1995-12-29,574,1.25,,,FALSE,,,FALSE,,,,FALSE,FALSE,FALSE,,,FALSE,FALSE,,FALSE,,,no_csi_classification_found_in_available_labels_or_events
64151,265,ANCM,ANACOMP INC,micro,1996-01-05,574,-0.555556,1995-12-29,total_market,FALSE,,,FALSE,,,,FALSE,TRUE,TRUE,1994,1994,TRUE,TRUE,574,TRUE,1994,1994,classified_as_csi_in_available_labels_or_events
53050,6139,MGRE,MERRY GO ROUND ENTERPRISES INC,micro,1996-02-06,574,-0.9232,1995-12-29,total_market,FALSE,,,FALSE,,,,FALSE,TRUE,TRUE,1993,1993;1994,TRUE,TRUE,574,TRUE,1993,1993;1994,classified_as_csi_in_available_labels_or_events
20968,21824,,UNITED MERCHANTS & MFRS INC,micro,1996-02-22,574,0.125,1995-12-29,total_market,FALSE,,,FALSE,,,,FALSE,FALSE,FALSE,,"",FALSE,FALSE,,FALSE,,"",no_csi_classification_found_in_available_labels_or_events
75643,22090,SCO,SMITH CORONA CORP,micro,1996-05-24,574,-0.583333,1996-03-29,total_market,FALSE,,,FALSE,,,,FALSE,TRUE,TRUE,1994,1994,TRUE,TRUE,574,TRUE,1994,1994,classified_as_csi_in_available_labels_or_events
76678,29036,FTC,FRUEHAUF TRAILER CORP,micro,1996-10-07,574,0,1996-09-30,total_market,FALSE,,,FALSE,,,,FALSE,TRUE,TRUE,1995,1995,TRUE,FALSE,"",TRUE,1995,1995,classified_as_csi_in_available_labels_or_events
76278,10753,GRNT,GRANT NORPAC INC,micro,1997-01-24,574,-0.499947,1996-12-31,total_market,FALSE,,,FALSE,,,,FALSE,TRUE,TRUE,1995,1995,TRUE,FALSE,"",TRUE,1995,1995,classified_as_csi_in_available_labels_or_events
80931,13324,FMAC,FIRST MERCHANTS ACCEPTANCE CORP,micro,1997-07-08,574,-0.358974,1997-06-30,total_market,FALSE,,,FALSE,,,,FALSE,TRUE,TRUE,1996,1996,TRUE,TRUE,574,FALSE,,"",classified_as_csi_in_available_labels_or_events
10175,8118,BARY,BARRYS JEWELERS INC,micro,1997-07-11,574,-0.166667,1997-06-30,total_market,FALSE,,,FALSE,,,,FALSE,TRUE,TRUE,1996,1996,TRUE,TRUE,574,TRUE,1996,1996,classified_as_csi_in_available_labels_or_events
71117,4193,SOLV,SOLV EX CORP,micro,1997-07-11,574,0.283019,1997-06-30,total_market,FALSE,,,FALSE,,,,FALSE,TRUE,TRUE,1996,1996,TRUE,FALSE,"",TRUE,1996,1996,classified_as_csi_in_available_labels_or_events
79982,12700,IRCO,INTERLINE RESOURCES CORP,micro,1997-07-30,574,0,1997-06-30,total_market,FALSE,,,FALSE,,,,FALSE,TRUE,TRUE,1995,1995,TRUE,TRUE,574,TRUE,1995,1995,classified_as_csi_in_available_labels_or_events
62316,2680,LLAS,LURIA L & SON INC,micro,1997-08-13,574,-0.708333,1997-06-30,total_market,FALSE,,,FALSE,,,,FALSE,TRUE,TRUE,1995,1995;1996,TRUE,TRUE,574,TRUE,1996,1996,classified_as_csi_in_available_labels_or_events
77002,10809,USAL,U S ALCOHOL TESTING OF AMER INC,micro,1997-09-09,574,-0.972222,1997-06-30,total_market,FALSE,,,FALSE,,,,FALSE,TRUE,TRUE,1996,1996,TRUE,FALSE,"",TRUE,1996,1996,classified_as_csi_in_available_labels_or_events
79102,12109,OASI,OLD AMERICA STORES INC,micro,1997-10-09,574,-0.566656,1997-09-30,total_market,FALSE,,,FALSE,,,,FALSE,TRUE,TRUE,1996,1996,TRUE,FALSE,"",TRUE,1996,1996,classified_as_csi_in_available_labels_or_events
79483,12360,ELEK,ELEK TEK INC,micro,1997-10-27,574,-0.95832,1997-09-30,total_market,FALSE,,,FALSE,,,,FALSE,TRUE,TRUE,1995,1995;1996,TRUE,TRUE,574,TRUE,1996,1996,classified_as_csi_in_available_labels_or_events
81529,30876,OMG,OMNI MULTIMEDIA GROUP INC,micro,1997-11-14,574,-0.694444,1997-09-30,total_market,FALSE,,,FALSE,,,,FALSE,TRUE,TRUE,1995,1995;1996,TRUE,TRUE,574,TRUE,1996,1996,classified_as_csi_in_available_labels_or_events
92524,7610,TCJC,TOWN & COUNTRY JEWELRY MFG CORP,micro,1997-11-17,574,-0.875,1997-09-30,total_market,FALSE,,,FALSE,,,,FALSE,TRUE,TRUE,1995,1995;1996,TRUE,TRUE,574,TRUE,1996,1996,classified_as_csi_in_available_labels_or_events
78558,26203,REOGF,REA GOLD CORP,micro,1997-12-12,574,-0.4,1997-09-30,total_market,FALSE,,,FALSE,,,,FALSE,TRUE,TRUE,1996,1996,TRUE,TRUE,574,TRUE,1996,1996,classified_as_csi_in_available_labels_or_events
81879,13836,MCCI,MIDCOM COMMUNICATIONS INC,micro,1997-12-19,574,-0.964274,1997-09-30,total_market,FALSE,,,FALSE,,,,FALSE,TRUE,TRUE,1996,1996,TRUE,FALSE,"",TRUE,1996,1996,classified_as_csi_in_available_labels_or_events
83530,14656,MLMI,MICROLEAGUE MULTIMEDIA INC,micro,1998-01-09,574,0.166667,1997-12-31,total_market,FALSE,,,FALSE,,,,FALSE,TRUE,TRUE,1996,1996,TRUE,FALSE,"",TRUE,1996,1996,classified_as_csi_in_available_labels_or_events
75309,21371,PGULF,PEGASUS GOLD LTD,micro,1998-01-15,574,-0.824992,1997-12-31,total_market,FALSE,,,FALSE,,,,FALSE,TRUE,TRUE,1996,1996,TRUE,TRUE,574,TRUE,1996,1996,classified_as_csi_in_available_labels_or_events
54981,21682,SNI,SUN CITY INDS INC,micro,1998-01-16,574,-0.972213,1997-12-31,total_market,FALSE,,,FALSE,,,,FALSE,TRUE,TRUE,1995,1995;1996,TRUE,TRUE,574,TRUE,1996,1996,classified_as_csi_in_available_labels_or_events
76498,28914,VEN,VENTURE STORES INC,micro,1998-01-16,574,-0.714286,1997-12-31,total_market,FALSE,,,FALSE,,,,FALSE,TRUE,TRUE,1995,1995,TRUE,FALSE,"",TRUE,1995,1995,classified_as_csi_in_available_labels_or_events
79855,12548,PIPE,CONSOLIDATED STAINLESS INC,micro,1998-01-23,574,-0.555556,1997-12-31,total_market,FALSE,,,FALSE,,,,FALSE,TRUE,TRUE,1996,1996,TRUE,TRUE,574,TRUE,1996,1996,classified_as_csi_in_available_labels_or_events
78897,11954,MLTN,MOLTEN METAL TECHNOLOGY INC,micro,1998-02-10,574,-0.192295,1997-12-31,total_market,FALSE,,,FALSE,,,,FALSE,TRUE,TRUE,1996,1996,TRUE,TRUE,574,TRUE,1996,1996,classified_as_csi_in_available_labels_or_events
80519,13108,CTFG,COLE TAYLOR FINANCIAL GROUP INC,micro,1998-02-25,574,-0.6,1997-12-31,total_market,FALSE,,,FALSE,,,,FALSE,TRUE,TRUE,1996,1996,TRUE,TRUE,574,TRUE,1996,1996,classified_as_csi_in_available_labels_or_events
82252,13973,BYDS,BOYDS WHEELS INC,micro,1998-03-02,574,-0.733333,1997-12-31,total_market,FALSE,,,FALSE,,,,FALSE,TRUE,TRUE,1996,1996,TRUE,TRUE,574,TRUE,1996,1996,classified_as_csi_in_available_labels_or_events
42586,6657,HSSI,HOSPITAL STAFFING SVCS INC,micro,1998-03-12,574,-0.375,1997-12-31,total_market,FALSE,,,FALSE,,,,FALSE,TRUE,TRUE,1996,1996,TRUE,FALSE,"",TRUE,1996,1996,classified_as_csi_in_available_labels_or_events
84653,,,,,1998-06-01,574,-0.499947,,,FALSE,,,FALSE,,,,FALSE,FALSE,FALSE,,,FALSE,FALSE,,FALSE,,,no_csi_classification_found_in_available_labels_or_events
75710,10123,GOTK,GEOTEK INDUSTRIES INC,micro,1998-06-30,574,0,1998-06-30,total_market,FALSE,,,FALSE,,,,FALSE,TRUE,TRUE,1996,1996;1997,TRUE,TRUE,574,TRUE,1997,1997,classified_as_csi_in_available_labels_or_events
82189,13904,LVNTF,LIVENT INC,micro,1998-08-07,574,-0.084746,1998-06-30,total_market,FALSE,,,FALSE,,,,FALSE,FALSE,FALSE,,"",FALSE,FALSE,,FALSE,,"",no_csi_classification_found_in_available_labels_or_events
79942,12649,BEAN,BROTHERS GOURMET COFFEES INC,micro,1998-08-27,574,-0.84,1998-06-30,total_market,FALSE,,,FALSE,,,,FALSE,TRUE,TRUE,1996,1996,TRUE,TRUE,574,TRUE,1996,1996,classified_as_csi_in_available_labels_or_events
27800,1141,CRWN,CROWN BOOKS CORP,micro,1998-09-17,574,-0.499994,1998-06-30,total_market,FALSE,,,FALSE,,,,FALSE,TRUE,TRUE,1997,1997,TRUE,FALSE,"",TRUE,1997,1997,classified_as_csi_in_available_labels_or_events
60230,351,ARRO,ARROW AUTOMOTIVE INDS INC,micro,1998-09-21,574,-0.241379,1998-06-30,total_market,FALSE,,,FALSE,,,,FALSE,TRUE,TRUE,1997,1997,TRUE,TRUE,574,FALSE,,"",classified_as_csi_in_available_labels_or_events
80542,13055,JAVC,JAVA CENTRALE INC,micro,1998-09-22,574,-0.91664,1998-06-30,total_market,FALSE,,,FALSE,,,,FALSE,TRUE,TRUE,1995,1995;1997,TRUE,TRUE,574,TRUE,1995,1995;1997,classified_as_csi_in_available_labels_or_events
10611,8514,ACME,ACME STEEL CO,micro,1998-09-28,574,-0.911111,1998-06-30,total_market,FALSE,,,FALSE,,,,FALSE,TRUE,TRUE,1997,1997,TRUE,FALSE,"",TRUE,1997,1997,classified_as_csi_in_available_labels_or_events
83611,31678,SFC,SOUTHERN PACIFIC FUNDING CORP,micro,1998-09-30,574,0.444444,1998-09-30,total_market,FALSE,,,FALSE,,,,FALSE,FALSE,FALSE,,"",FALSE,FALSE,,FALSE,,"",no_csi_classification_found_in_available_labels_or_events
80314,10368,CGMV,CEDAR GROUP INC,micro,1998-10-15,574,-0.74992,1998-09-30,total_market,FALSE,,,FALSE,,,,FALSE,TRUE,TRUE,1996,1996;1997,TRUE,TRUE,574,TRUE,1997,1997,classified_as_csi_in_available_labels_or_events
76738,11028,SNTV,SUN TELEVISION & APPLIANCES INC,micro,1998-10-21,574,-0.428571,1998-09-30,total_market,FALSE,,,FALSE,,,,FALSE,TRUE,TRUE,1995,1995;1996;1997,TRUE,TRUE,574,TRUE,1995,1995;1997,classified_as_csi_in_available_labels_or_events
76848,11121,CPRO,CELLPRO INC,micro,1998-10-23,574,0,1998-09-30,total_market,FALSE,,,FALSE,,,,FALSE,TRUE,TRUE,1996,1996,TRUE,TRUE,574,TRUE,1996,1996,classified_as_csi_in_available_labels_or_events
81150,,,,,1998-11-17,574,-0.333333,,,FALSE,,,FALSE,,,,FALSE,FALSE,FALSE,,,FALSE,FALSE,,FALSE,,,no_csi_classification_found_in_available_labels_or_events
80610,13144,BGLS,MANHATTAN BAGEL INC,micro,1998-11-25,574,0.333333,1998-09-30,total_market,FALSE,,,FALSE,,,,FALSE,TRUE,TRUE,1996,1996,TRUE,FALSE,"",TRUE,1996,1996,classified_as_csi_in_available_labels_or_events
84221,15119,IMRI,INTEGRATED MEDICAL RESOURCES INC,micro,1998-12-01,574,0,1998-09-30,total_market,FALSE,,,FALSE,,,,FALSE,TRUE,TRUE,1997,1997,TRUE,FALSE,"",TRUE,1997,1997,classified_as_csi_in_available_labels_or_events
52943,21554,SLT,SALANT CORP,micro,1998-12-29,574,-0.785691,1998-09-30,total_market,FALSE,,,FALSE,,,,FALSE,TRUE,TRUE,1996,1996;1997,TRUE,TRUE,574,TRUE,1997,1997,classified_as_csi_in_available_labels_or_events
83319,14411,TMEI,T M C I ELECTRONICS INC,micro,1999-02-16,574,-0.0416,1998-12-31,total_market,FALSE,,,FALSE,,,,FALSE,TRUE,TRUE,1997,1997,TRUE,FALSE,"",TRUE,1997,1997,classified_as_csi_in_available_labels_or_events
51983,8927,ULC,UNITED COMPANIES LIFE INS CO,micro,1999-03-05,574,-0.285714,1998-12-31,total_market,FALSE,,,FALSE,,,,FALSE,TRUE,TRUE,1997,1997,TRUE,TRUE,574,TRUE,1997,1997,classified_as_csi_in_available_labels_or_events
21039,20632,,EDISON BROTHERS STORES INC,micro,1999-03-08,574,-0.470494,1998-12-31,total_market,FALSE,,,FALSE,,,,FALSE,TRUE,TRUE,1994,1994;1996;1997,TRUE,TRUE,574,TRUE,1994,1994;1997,classified_as_csi_in_available_labels_or_events
84308,,,,,1999-03-22,574,-0.284298,,,FALSE,,,FALSE,,,,FALSE,FALSE,FALSE,,,FALSE,FALSE,,FALSE,,,no_csi_classification_found_in_available_labels_or_events
83550,14669,PTRN,PHOTRAN CORP,micro,1999-04-12,574,-0.333333,1999-03-31,total_market,FALSE,,,FALSE,,,,FALSE,TRUE,TRUE,1997,1997,TRUE,TRUE,574,FALSE,,"",classified_as_csi_in_available_labels_or_events
70691,4116,SILV,SILVER KING MINES INC,micro,1999-04-14,574,-0.326052,1999-03-31,total_market,FALSE,,,FALSE,,,,FALSE,TRUE,TRUE,1998,1998,TRUE,TRUE,574,FALSE,,"",classified_as_csi_in_available_labels_or_events
80371,12909,TTXG,TRANSTEXAS GAS CORP,micro,1999-04-19,574,-0.25,1999-03-31,total_market,FALSE,,,FALSE,,,,FALSE,TRUE,TRUE,1997,1997,TRUE,FALSE,"",TRUE,1997,1997,classified_as_csi_in_available_labels_or_events
84645,31940,PLU,PLUMA INC,micro,1999-05-13,574,0,1999-03-31,total_market,FALSE,,,FALSE,,,,FALSE,TRUE,TRUE,1997,1997,TRUE,TRUE,574,TRUE,1997,1997,classified_as_csi_in_available_labels_or_events
84360,,,,,1999-05-26,574,-0.52,,,FALSE,,,FALSE,,,,FALSE,FALSE,FALSE,,,FALSE,FALSE,,FALSE,,,no_csi_classification_found_in_available_labels_or_events
80841,13263,SIRN,SIRENA APPAREL GROUP INC,micro,1999-06-08,574,-0.53928,1999-03-31,total_market,FALSE,,,FALSE,,,,FALSE,FALSE,FALSE,,"",FALSE,FALSE,,FALSE,,"",no_csi_classification_found_in_available_labels_or_events
84374,31840,SWR,SWISHER INTERNATIONAL GROUP INC,micro,1999-06-14,573,0.013333,1999-03-31,total_market,FALSE,,,FALSE,,,,FALSE,FALSE,FALSE,,"",FALSE,FALSE,,FALSE,,"",no_csi_classification_found_in_available_labels_or_events
81572,13697,NWCA,NEWCARE HEALTH CORP,micro,1999-06-22,574,-0.739968,1999-03-31,total_market,FALSE,,,FALSE,,,,FALSE,TRUE,TRUE,1998,1998,TRUE,TRUE,574,FALSE,,"",classified_as_csi_in_available_labels_or_events
84423,15301,GDCOF,GENESIS DEVELOPMENT & CONST LTD,micro,1999-08-10,574,-0.392857,1999-06-30,total_market,FALSE,,,FALSE,,,,FALSE,TRUE,TRUE,1998,1998,TRUE,TRUE,574,FALSE,,"",classified_as_csi_in_available_labels_or_events
83403,14543,PHII,PLANET HOLLYWOOD INTL INC,micro,1999-08-17,574,-0.076923,1999-06-30,total_market,FALSE,,,FALSE,,,,FALSE,TRUE,TRUE,1997,1997,TRUE,TRUE,574,TRUE,1997,1997,classified_as_csi_in_available_labels_or_events
86065,16095,GEND,GENESIS DIRECT INC,micro,1999-08-19,574,-0.480738,1999-06-30,total_market,FALSE,,,FALSE,,,,FALSE,TRUE,TRUE,1998,1998,TRUE,FALSE,"",TRUE,1998,1998,classified_as_csi_in_available_labels_or_events
65103,4700,UNVD,UNITEL VIDEO INC,micro,1999-09-02,574,-0.142857,1999-06-30,total_market,FALSE,,,FALSE,,,,FALSE,TRUE,TRUE,1997,1997,TRUE,TRUE,574,TRUE,1997,1997,classified_as_csi_in_available_labels_or_events
83873,,,,,1999-09-08,574,0.029459,,,FALSE,,,FALSE,,,,FALSE,FALSE,FALSE,,,FALSE,FALSE,,FALSE,,,no_csi_classification_found_in_available_labels_or_events
78074,29691,BDT,BREED TECHNOLOGIES INC,micro,1999-09-20,574,-0.592727,1999-06-30,total_market,FALSE,,,FALSE,,,,FALSE,TRUE,TRUE,1997,1997;1998,TRUE,TRUE,574,TRUE,1998,1998,classified_as_csi_in_available_labels_or_events
46519,20980,ISN,INSTRON CORP,micro,1999-09-29,573,0.093168,1999-06-30,total_market,FALSE,,,FALSE,,,,FALSE,FALSE,FALSE,,"",FALSE,FALSE,,FALSE,,"",no_csi_classification_found_in_available_labels_or_events
85286,15635,EGEO,EAGLE GEOPHYSICAL INC,micro,1999-09-29,574,-0.35,1999-06-30,total_market,FALSE,,,FALSE,,,,FALSE,TRUE,TRUE,1997,1997;1998,TRUE,TRUE,574,TRUE,1998,1998,classified_as_csi_in_available_labels_or_events
75196,21929,WRS,WINSTON RESOURCES INC,micro,1999-10-06,573,0.013699,1999-09-30,total_market,FALSE,,,FALSE,,,,FALSE,FALSE,FALSE,,"",FALSE,FALSE,,FALSE,,"",no_csi_classification_found_in_available_labels_or_events
80327,12907,FEET,JUST FOR FEET INC,micro,1999-11-01,574,-0.090909,1999-09-30,total_market,FALSE,,,FALSE,,,,FALSE,TRUE,TRUE,1998,1998,TRUE,FALSE,"",TRUE,1998,1998,classified_as_csi_in_available_labels_or_events
78980,12051,LSSI,LEASING SOLUTIONS INC,micro,1999-11-16,574,-0.125,1999-09-30,total_market,FALSE,,,FALSE,,,,FALSE,TRUE,TRUE,1997,1997;1998,TRUE,TRUE,574,TRUE,1998,1998,classified_as_csi_in_available_labels_or_events
80184,30105,OSU,O SULLIVAN INDUSTRIES HLDNGS INC,small,1999-11-30,573,-0.014706,1999-09-30,total_market,FALSE,,,FALSE,,,,FALSE,FALSE,FALSE,,"",FALSE,FALSE,,FALSE,,"",no_csi_classification_found_in_available_labels_or_events
62463,4594,TULT,TULTEX CORP,micro,1999-12-02,574,-0.4062,1999-09-30,total_market,FALSE,,,FALSE,,,,FALSE,TRUE,TRUE,1997,1997,TRUE,TRUE,574,TRUE,1997,1997,classified_as_csi_in_available_labels_or_events
82632,31189,BGF,BIG FLOWER PRESS HOLDINGS INC,small,1999-12-07,573,0.01002,1999-09-30,total_market,FALSE,,,FALSE,,,,FALSE,FALSE,FALSE,,"",FALSE,FALSE,,FALSE,,"",no_csi_classification_found_in_available_labels_or_events
32563,20882,HRC,HARNISCHFEGER CORP,micro,1999-12-08,574,-0.705882,1999-09-30,total_market,FALSE,,,FALSE,,,,FALSE,TRUE,TRUE,1998,1998,TRUE,TRUE,574,TRUE,1998,1998,classified_as_csi_in_available_labels_or_events
78041,29614,PFG,PENNCORP FINANCIAL GROUP INC,micro,2000-01-07,574,-0.928571,1999-12-31,total_market,FALSE,,,FALSE,,,,FALSE,TRUE,TRUE,1997,1997,TRUE,FALSE,"",TRUE,1997,1997,classified_as_csi_in_available_labels_or_events
75398,21978,GLO,GLOBAL OCEAN CARRIERS LTD,micro,2000-01-11,574,-0.95832,1999-12-31,total_market,FALSE,,,FALSE,,,,FALSE,TRUE,TRUE,1997,1997;1998,TRUE,TRUE,574,TRUE,1998,1998,classified_as_csi_in_available_labels_or_events
84556,15318,PEGI,PREFERRED EMPLOYERS HOLDING INC,micro,2000-01-18,573,0.176471,1999-12-31,total_market,FALSE,,,FALSE,,,,FALSE,FALSE,FALSE,,"",FALSE,FALSE,,FALSE,,"",no_csi_classification_found_in_available_labels_or_events
81596,13740,ABTX,AGRIBIOTECH INC NEW,micro,2000-01-24,574,-0.026316,1999-12-31,total_market,FALSE,,,FALSE,,,,FALSE,TRUE,TRUE,1998,1998,TRUE,TRUE,574,TRUE,1998,1998,classified_as_csi_in_available_labels_or_events
84771,31968,AOI,APPLE ORTHODONTIX INC,micro,2000-01-27,574,-0.142857,1999-12-31,total_market,FALSE,,,FALSE,,,,FALSE,TRUE,TRUE,1997,1997;1998,TRUE,TRUE,574,TRUE,1998,1998,classified_as_csi_in_available_labels_or_events
83925,14986,CNDS,CELLNET DATA SYSTEMS INC,micro,2000-01-31,574,0.010887,1999-12-31,total_market,FALSE,,,FALSE,,,,FALSE,TRUE,TRUE,1998,1998,TRUE,TRUE,574,TRUE,1998,1998,classified_as_csi_in_available_labels_or_events
11170,9020,CECI,CALIFORNIA ENERGY CO INC,small,2000-03-14,573,0.012274,1999-12-31,total_market,FALSE,,,FALSE,,,,FALSE,FALSE,FALSE,,"",FALSE,FALSE,,FALSE,,"",no_csi_classification_found_in_available_labels_or_events
87003,,,,,2000-03-17,574,-0.134615,,,FALSE,,,FALSE,,,,FALSE,FALSE,FALSE,,,FALSE,FALSE,,FALSE,,,no_csi_classification_found_in_available_labels_or_events
85872,16013,GCLI,GRAND COURT LIFESTYLES INC,micro,2000-03-20,574,-0.25,1999-12-31,total_market,FALSE,,,FALSE,,,,FALSE,TRUE,TRUE,1998,1998;1999,TRUE,TRUE,574,FALSE,,"",classified_as_csi_in_available_labels_or_events
83751,14847,FACO,FIRST ALLIANCE CORP,micro,2000-03-23,574,-0.285714,1999-12-31,total_market,FALSE,,,FALSE,,,,FALSE,TRUE,TRUE,1997,1997;1998;1999,TRUE,TRUE,574,FALSE,,"",classified_as_csi_in_available_labels_or_events
85584,15795,TWFC,T & W FINANCIAL CORP,micro,2000-03-23,574,0.033333,1999-12-31,total_market,FALSE,,,FALSE,,,,FALSE,TRUE,TRUE,1998,1998,TRUE,TRUE,574,TRUE,1998,1998,classified_as_csi_in_available_labels_or_events
81548,13665,CHSE,C H S ELECTRONICS INC,micro,2000-04-03,574,-0.977265,2000-03-31,total_market,FALSE,,,FALSE,,,,FALSE,TRUE,TRUE,1998,1998,TRUE,TRUE,574,TRUE,1998,1998,classified_as_csi_in_available_labels_or_events
77619,11534,NVAL,NATIONAL VISION ASSOC LTD,micro,2000-04-04,574,-0.071429,2000-03-31,total_market,FALSE,,,FALSE,,,,FALSE,TRUE,TRUE,1997,1997;1998,TRUE,TRUE,574,TRUE,1998,1998,classified_as_csi_in_available_labels_or_events
30728,21704,CMM,COMMUNITY PUBLIC SERVICE CO,small,2000-04-07,573,0.00428,2000-03-31,total_market,FALSE,,,FALSE,,,,FALSE,FALSE,FALSE,,"",FALSE,FALSE,,FALSE,,"",no_csi_classification_found_in_available_labels_or_events
84235,15149,MMGC,MEGO MORTGAGE CORP,micro,2000-04-12,574,-0.269231,2000-03-31,total_market,FALSE,,,FALSE,,,,FALSE,TRUE,TRUE,1997,1997;1999,TRUE,TRUE,574,TRUE,1997,1997,classified_as_csi_in_available_labels_or_events
11484,9316,MICA,MICROAGE INC,micro,2000-04-13,574,-0.213355,2000-03-31,total_market,FALSE,,,FALSE,,,,FALSE,TRUE,TRUE,1998,1998,TRUE,TRUE,574,TRUE,1998,1998,classified_as_csi_in_available_labels_or_events
71984,20769,FTL,FRUIT OF THE LOOM INC,micro,2000-04-20,574,-0.776312,2000-03-31,total_market,FALSE,,,FALSE,,,,FALSE,TRUE,TRUE,1998,1998,TRUE,TRUE,574,TRUE,1998,1998,classified_as_csi_in_available_labels_or_events
80105,30091,AAP,AMWAY ASIA PACIFIC LTD,small,2000-04-26,573,0.017668,2000-03-31,total_market,FALSE,,,FALSE,,,,FALSE,TRUE,TRUE,1998,1998,TRUE,TRUE,573,FALSE,,"",classified_as_csi_in_available_labels_or_events
81079,13435,FGCI,FAMILY GOLF CENTERS,micro,2000-05-03,574,-0.333333,2000-03-31,total_market,FALSE,,,FALSE,,,,FALSE,TRUE,TRUE,1998,1998,TRUE,TRUE,574,TRUE,1998,1998,classified_as_csi_in_available_labels_or_events
18198,21675,,STONE & WEBSTER INC,micro,2000-05-08,574,-0.946682,2000-03-31,total_market,FALSE,,,FALSE,,,,FALSE,FALSE,FALSE,,"",FALSE,FALSE,,FALSE,,"",no_csi_classification_found_in_available_labels_or_events
80391,30354,GST,GREENSTAR TELECOMMUNICATIONS INC,micro,2000-05-16,574,-0.979259,2000-03-31,total_market,FALSE,,,FALSE,,,,FALSE,FALSE,FALSE,,"",FALSE,FALSE,,FALSE,,"",no_csi_classification_found_in_available_labels_or_events
83901,14904,SIGR,SIGNATURE RESORTS INC,micro,2000-05-30,574,-0.954545,2000-03-31,total_market,FALSE,,,FALSE,,,,FALSE,TRUE,TRUE,1999,1999,TRUE,FALSE,"",TRUE,1999,1999,classified_as_csi_in_available_labels_or_events
84132,,,,,2000-06-01,574,-0.6,,,FALSE,,,FALSE,,,,FALSE,FALSE,FALSE,,,FALSE,FALSE,,FALSE,,,no_csi_classification_found_in_available_labels_or_events
64477,21529,RENA,ROLLINS ENVIRONMENTAL SVCS INC,micro,2000-06-09,574,-0.7,2000-03-31,total_market,FALSE,,,FALSE,,,,FALSE,TRUE,TRUE,1999,1999,TRUE,TRUE,574,TRUE,1999,1999,classified_as_csi_in_available_labels_or_events
85507,15789,TCMS,TRANSCOASTAL MARINE SERVICES INC,micro,2000-06-20,574,-0.59374,2000-03-31,total_market,FALSE,,,FALSE,,,,FALSE,TRUE,TRUE,1997,1997;1998;1999,TRUE,TRUE,574,TRUE,1999,1999,classified_as_csi_in_available_labels_or_events
76703,10983,GHVI,GENESIS HEALTH VENTURES INC,micro,2000-06-23,574,-0.5,2000-03-31,total_market,FALSE,,,FALSE,,,,FALSE,TRUE,TRUE,1998,1998,TRUE,TRUE,574,TRUE,1998,1998,classified_as_csi_in_available_labels_or_events
87203,35268,AOP,APPONLINE COM INC,micro,2000-06-29,574,-0.897724,2000-03-31,total_market,FALSE,,,FALSE,,,,FALSE,FALSE,FALSE,,"",FALSE,FALSE,,FALSE,,"",no_csi_classification_found_in_available_labels_or_events
48709,21761,TOK,TOKHEIM CORP,micro,2000-07-13,574,-0.192308,2000-06-30,total_market,FALSE,,,FALSE,,,,FALSE,TRUE,TRUE,1998,1998;1999,TRUE,TRUE,574,TRUE,1999,1999,classified_as_csi_in_available_labels_or_events
77038,11132,PAGE,PAGING NETWORK INC,micro,2000-07-14,574,-0.239123,2000-06-30,total_market,FALSE,,,FALSE,,,,FALSE,TRUE,TRUE,1998,1998;1999,TRUE,TRUE,574,TRUE,1999,1999,classified_as_csi_in_available_labels_or_events
10442,8359,KLLM,K L L M TRANSPORT SVCS INC,micro,2000-07-19,573,0.018182,2000-06-30,total_market,FALSE,,,FALSE,,,,FALSE,FALSE,FALSE,,"",FALSE,FALSE,,FALSE,,"",no_csi_classification_found_in_available_labels_or_events
84050,15064,ALYN,ALYN CORP,micro,2000-08-01,574,-0.250133,2000-06-30,total_market,FALSE,,,FALSE,,,,FALSE,TRUE,TRUE,1998,1998;1999,TRUE,TRUE,574,TRUE,1999,1999,classified_as_csi_in_available_labels_or_events
80667,13164,TRND,TREND LINES INC,micro,2000-08-11,574,-0.541667,2000-06-30,total_market,FALSE,,,FALSE,,,,FALSE,TRUE,TRUE,1998,1998;1999,TRUE,TRUE,574,TRUE,1999,1999,classified_as_csi_in_available_labels_or_events
64979,2165,HMEY,HEILIG MEYERS CO,micro,2000-08-15,574,-0.733333,2000-06-30,total_market,FALSE,,,FALSE,,,,FALSE,TRUE,TRUE,1998,1998;1999,TRUE,TRUE,574,TRUE,1999,1999,classified_as_csi_in_available_labels_or_events
81011,13363,STRO,STROUDS INC,micro,2000-09-07,574,-0.984844,2000-06-30,total_market,FALSE,,,FALSE,,,,FALSE,TRUE,TRUE,1998,1998;1999,TRUE,TRUE,574,TRUE,1999,1999,classified_as_csi_in_available_labels_or_events
86275,,,,,2000-09-07,574,0.197995,,,FALSE,,,FALSE,,,,FALSE,FALSE,FALSE,,,FALSE,FALSE,,FALSE,,,no_csi_classification_found_in_available_labels_or_events
26331,20050,,ALLIED PRODUCTS CORP MICH,micro,2000-10-02,574,0.0625,2000-09-29,total_market,FALSE,,,FALSE,,,,FALSE,TRUE,TRUE,1998,1998;1999,TRUE,TRUE,574,TRUE,1999,1999,classified_as_csi_in_available_labels_or_events
87202,35267,AFV,AMERICAN QUANTUM CYCLES INC,micro,2000-10-12,574,-0.5,2000-09-29,total_market,FALSE,,,FALSE,,,,FALSE,TRUE,TRUE,1999,1999,TRUE,TRUE,574,FALSE,,"",classified_as_csi_in_available_labels_or_events
79105,3559,PAUH,PAUL HARRIS STORES INC,micro,2000-10-16,574,-0.5625,2000-09-29,total_market,FALSE,,,FALSE,,,,FALSE,TRUE,TRUE,1998,1998;1999,TRUE,TRUE,574,TRUE,1999,1999,classified_as_csi_in_available_labels_or_events
86045,16131,AIRS,AMERICAN AIRCARRIERS SUPPORT INC,micro,2000-10-31,574,-0.027733,2000-09-29,total_market,FALSE,,,FALSE,,,,FALSE,FALSE,FALSE,,"",FALSE,FALSE,,FALSE,,"",no_csi_classification_found_in_available_labels_or_events
77323,11212,STAN,STANDISH CARE CO,micro,2000-11-09,574,-0.5,2000-09-29,total_market,FALSE,,,FALSE,,,,FALSE,TRUE,TRUE,1998,1998,TRUE,FALSE,"",TRUE,1998,1998,classified_as_csi_in_available_labels_or_events
79053,29793,PTX,PILLOWTEX CORP,micro,2000-11-13,574,-0.653846,2000-09-29,total_market,FALSE,,,FALSE,,,,FALSE,TRUE,TRUE,1998,1998;1999,TRUE,TRUE,574,TRUE,1999,1999,classified_as_csi_in_available_labels_or_events
77483,29467,ITR,INTERTEL COMMUNICATIONS INC,micro,2000-11-14,574,-0.908571,2000-09-29,total_market,FALSE,,,FALSE,,,,FALSE,TRUE,TRUE,1999,1999,TRUE,FALSE,"",TRUE,1999,1999,classified_as_csi_in_available_labels_or_events
79535,12229,UPIX,UNAPIX ENTERTAINMENT,micro,2000-11-21,574,-0.45008,2000-09-29,total_market,FALSE,,,FALSE,,,,FALSE,TRUE,TRUE,1999,1999,TRUE,TRUE,574,TRUE,1999,1999,classified_as_csi_in_available_labels_or_events
75967,10265,AMCR,AMCOR CAPITAL CORP,micro,2000-12-07,574,-0.57,2000-09-29,total_market,FALSE,,,FALSE,,,,FALSE,TRUE,TRUE,1999,1999,TRUE,TRUE,574,FALSE,,"",classified_as_csi_in_available_labels_or_events
11874,9760,IHKS,IMPERIAL HOLLY CORP,micro,2000-12-13,574,-0.52,2000-09-29,total_market,FALSE,,,FALSE,,,,FALSE,TRUE,TRUE,1999,1999,TRUE,FALSE,"",TRUE,1999,1999,classified_as_csi_in_available_labels_or_events
88261,37525,SLEE,STAN LEE MEDIA INC,micro,2000-12-15,574,-0.997377,2000-09-29,total_market,FALSE,,,FALSE,,,,FALSE,FALSE,FALSE,,"",TRUE,TRUE,574,FALSE,,"",classified_as_csi_in_available_labels_or_events
79335,,,,,2000-12-28,574,-0.9062,,,FALSE,,,FALSE,,,,FALSE,FALSE,FALSE,,,FALSE,FALSE,,FALSE,,,no_csi_classification_found_in_available_labels_or_events
86905,16537,NPNT,NORTHPOINT COMMUNICATIONS GP INC,micro,2001-01-16,574,-0.36,2000-12-29,total_market,FALSE,,,FALSE,,,,FALSE,TRUE,TRUE,1999,1999,TRUE,FALSE,"",TRUE,1999,1999,classified_as_csi_in_available_labels_or_events
81607,13749,CLCX,COMPUTER LEARNING CENTERS INC,micro,2001-01-19,574,0.6,2000-12-29,total_market,FALSE,,,FALSE,,,,FALSE,TRUE,TRUE,1998,1998,TRUE,FALSE,"",TRUE,1998,1998,classified_as_csi_in_available_labels_or_events
87191,16745,USIT,U S INTERACTIVE INC,micro,2001-01-19,574,-0.786667,2000-12-29,total_market,FALSE,,,FALSE,,,,FALSE,TRUE,TRUE,1999,1999,TRUE,FALSE,"",TRUE,1999,1999,classified_as_csi_in_available_labels_or_events
85930,34706,VL,VLASIC FOODS INTERNATIONAL INC,micro,2001-01-26,574,0,2000-12-29,total_market,FALSE,,,FALSE,,,,FALSE,TRUE,TRUE,1999,1999,TRUE,FALSE,"",TRUE,1999,1999,classified_as_csi_in_available_labels_or_events
84227,15105,KVCO,KEVCO INC,micro,2001-02-02,574,-0.214171,2000-12-29,total_market,FALSE,,,FALSE,,,,FALSE,TRUE,TRUE,1998,1998,TRUE,TRUE,574,TRUE,1998,1998,classified_as_csi_in_available_labels_or_events
86891,16536,ETYS,ETOYS INC,micro,2001-02-26,574,-0.9488,2000-12-29,total_market,FALSE,,,FALSE,,,,FALSE,TRUE,TRUE,1999,1999,TRUE,TRUE,574,TRUE,1999,1999,classified_as_csi_in_available_labels_or_events
83128,14375,CYCH,CYBERCASH INC,micro,2001-03-01,574,-0.893333,2000-12-29,total_market,FALSE,,,FALSE,,,,FALSE,TRUE,TRUE,1998,1998;1999,TRUE,TRUE,574,TRUE,1999,1999,classified_as_csi_in_available_labels_or_events
78594,8257,CHANF,CHANDLER INSURANCE COMPANY LTD,micro,2001-03-28,573,0.029316,2000-12-29,total_market,FALSE,,,FALSE,,,,FALSE,FALSE,FALSE,,"",FALSE,FALSE,,FALSE,,"",no_csi_classification_found_in_available_labels_or_events
75385,,,,,2001-04-03,574,-0.928571,,,FALSE,,,FALSE,,,,FALSE,FALSE,FALSE,,,FALSE,FALSE,,FALSE,,,no_csi_classification_found_in_available_labels_or_events
86094,16106,UTCC,URSUS TELECOM CORP,micro,2001-04-06,574,-0.989333,2001-03-30,total_market,FALSE,,,FALSE,,,,FALSE,TRUE,TRUE,1999,1999;2000,TRUE,TRUE,574,TRUE,2000,2000,classified_as_csi_in_available_labels_or_events
83580,14585,WHIT,WHITTMAN HART INC,micro,2001-04-12,574,-0.857778,2001-03-30,total_market,FALSE,,,FALSE,,,,FALSE,TRUE,TRUE,1999,1999,TRUE,FALSE,"",TRUE,1999,1999,classified_as_csi_in_available_labels_or_events
88382,37748,TSCP,TELSCAPE INTL INC NEW,micro,2001-04-27,574,-0.933333,2001-03-30,total_market,FALSE,,,FALSE,,,,FALSE,TRUE,TRUE,2000,2000,TRUE,TRUE,574,TRUE,2000,2000,classified_as_csi_in_available_labels_or_events
85484,15766,NTRL,NEUTRAL POSTURE ERGONOMICS INC,micro,2001-04-30,573,,2001-03-30,total_market,FALSE,,,FALSE,,,,FALSE,TRUE,TRUE,1998,1998;1999,TRUE,TRUE,573,FALSE,,"",classified_as_csi_in_available_labels_or_events
47141,5331,KASL,KASLER CORP,micro,2001-05-14,574,-0.863636,2001-03-30,total_market,FALSE,,,FALSE,,,,FALSE,TRUE,TRUE,2000,2000,TRUE,FALSE,"",TRUE,2000,2000,classified_as_csi_in_available_labels_or_events
58704,21712,TAC,TANDYCRAFTS INC,micro,2001-05-14,574,-0.9,2001-03-30,total_market,FALSE,,,FALSE,,,,FALSE,TRUE,TRUE,1998,1998;1999,TRUE,TRUE,574,TRUE,1999,1999,classified_as_csi_in_available_labels_or_events
87240,17133,JORE,JORE CORP,micro,2001-05-21,574,-0.981818,2001-03-30,total_market,FALSE,,,FALSE,,,,FALSE,TRUE,TRUE,2000,2000,TRUE,TRUE,574,FALSE,,"",classified_as_csi_in_available_labels_or_events
10745,8641,BPAO,BALDWIN PIANO & ORGAN CO,micro,2001-05-30,574,-0.324324,2001-03-30,total_market,FALSE,,,FALSE,,,,FALSE,TRUE,TRUE,1999,1999;2000,TRUE,TRUE,574,TRUE,2000,2000,classified_as_csi_in_available_labels_or_events
76079,10497,ARVX,AEROVOX INC,micro,2001-06-07,574,-0.948276,2001-03-30,total_market,FALSE,,,FALSE,,,,FALSE,TRUE,TRUE,1999,1999;2000,TRUE,TRUE,574,TRUE,2000,2000,classified_as_csi_in_available_labels_or_events
77080,,,,,2001-06-08,574,-0.732759,,,FALSE,,,FALSE,,,,FALSE,FALSE,FALSE,,,FALSE,FALSE,,FALSE,,,no_csi_classification_found_in_available_labels_or_events
79902,30029,GCX,G C COS INC,micro,2001-06-12,574,-0.906367,2001-03-30,total_market,FALSE,,,FALSE,,,,FALSE,TRUE,TRUE,1999,1999;2000,TRUE,TRUE,574,FALSE,,"",classified_as_csi_in_available_labels_or_events
88201,37193,TSIX,360NETWORKS INC,small,2001-06-27,574,-0.835938,2001-03-30,total_market,FALSE,,,FALSE,,,,FALSE,TRUE,TRUE,2000,2000,TRUE,FALSE,"",TRUE,2000,2000,classified_as_csi_in_available_labels_or_events
49614,2648,LFTM,LIFETIME COMMUNITIES INC,micro,2001-06-29,574,-0.827586,2001-06-29,total_market,FALSE,,,FALSE,,,,FALSE,TRUE,TRUE,1998,1998;2000,TRUE,TRUE,574,TRUE,1998,1998;2000,classified_as_csi_in_available_labels_or_events
86344,34863,EZR,EASYRIDERS INC,micro,2001-07-17,574,-0.663043,2001-06-29,total_market,FALSE,,,FALSE,,,,FALSE,TRUE,TRUE,1999,1999;2000,TRUE,TRUE,574,FALSE,,"",classified_as_csi_in_available_labels_or_events
76462,10670,WRTH,WORTH CORP,micro,2001-07-20,574,-0.5,2001-06-29,total_market,FALSE,,,FALSE,,,,FALSE,TRUE,TRUE,1999,1999,TRUE,TRUE,574,TRUE,1999,1999,classified_as_csi_in_available_labels_or_events
85242,32037,HZP,HORIZON PHARMACIES INC,micro,2001-07-24,574,-0.744186,2001-06-29,total_market,FALSE,,,FALSE,,,,FALSE,TRUE,TRUE,1999,1999,TRUE,TRUE,574,TRUE,1999,1999,classified_as_csi_in_available_labels_or_events
83959,14943,RMII,ROCKY MOUNTAIN INTERNET INC,micro,2001-07-31,574,-0.375,2001-06-29,total_market,FALSE,,,FALSE,,,,FALSE,TRUE,TRUE,1999,1999,TRUE,TRUE,574,TRUE,1999,1999,classified_as_csi_in_available_labels_or_events
80819,13249,FVNB,FIRST VICTORIA NATL BK TEX NEW,micro,2001-08-13,573,0.011791,2001-06-29,total_market,FALSE,,,FALSE,,,,FALSE,FALSE,FALSE,,"",FALSE,FALSE,,FALSE,,"",no_csi_classification_found_in_available_labels_or_events
85700,15873,MDWY,MIDWAY AIRLINES CORP,micro,2001-08-13,574,-0.070206,2001-06-29,total_market,FALSE,,,FALSE,,,,FALSE,TRUE,TRUE,1999,1999;2000,TRUE,TRUE,574,FALSE,,"",classified_as_csi_in_available_labels_or_events
82829,14301,NESC,NATIONAL ENVIRONMENTAL SVCS CO,micro,2001-08-16,574,-0.93007,2001-06-29,total_market,FALSE,,,FALSE,,,,FALSE,FALSE,FALSE,,"",FALSE,FALSE,,FALSE,,"",no_csi_classification_found_in_available_labels_or_events
55044,20303,BIN,BINKS MANUFACTURING CO,micro,2001-08-17,574,-0.954545,2001-06-29,total_market,FALSE,,,FALSE,,,,FALSE,TRUE,TRUE,2000,2000,TRUE,FALSE,"",TRUE,2000,2000,classified_as_csi_in_available_labels_or_events
78120,20106,AMES,AMES DEPARTMENT STORES INC,micro,2001-08-20,574,-0.75,2001-06-29,total_market,FALSE,,,FALSE,,,,FALSE,TRUE,TRUE,1999,1999;2000,TRUE,TRUE,574,TRUE,2000,2000,classified_as_csi_in_available_labels_or_events
83567,14606,TLXAF,TOOLEX ALPHA NV,micro,2001-09-04,574,-0.999,2001-06-29,total_market,FALSE,,,FALSE,,,,FALSE,TRUE,TRUE,2000,2000,TRUE,FALSE,"",TRUE,2000,2000,classified_as_csi_in_available_labels_or_events
86289,16240,RWKS,RAILWORKS CORP,micro,2001-09-20,574,-0.5125,2001-06-29,total_market,FALSE,,,FALSE,,,,FALSE,TRUE,TRUE,1999,1999;2000,TRUE,TRUE,574,TRUE,2000,2000,classified_as_csi_in_available_labels_or_events
75488,10164,SEVN,SEVENSON ENVIRONMENTAL SVCS INC,micro,2001-09-21,573,-0.094203,2001-06-29,total_market,FALSE,,,FALSE,,,,FALSE,FALSE,FALSE,,"",FALSE,FALSE,,FALSE,,"",no_csi_classification_found_in_available_labels_or_events
82253,13970,CGGI,CARBIDE GRAPHITE GROUP INC,micro,2001-09-21,574,-0.980392,2001-06-29,total_market,FALSE,,,FALSE,,,,FALSE,TRUE,TRUE,1999,1999,TRUE,TRUE,574,TRUE,1999,1999,classified_as_csi_in_available_labels_or_events
87151,,,,,2001-09-21,574,-0.989796,,,FALSE,,,FALSE,,,,FALSE,FALSE,FALSE,,,FALSE,FALSE,,FALSE,,,no_csi_classification_found_in_available_labels_or_events
81051,30509,ALF,ASSISTED LIVING CONCEPTS INC,micro,2001-10-01,574,-0.714286,2001-09-28,total_market,FALSE,,,FALSE,,,,FALSE,TRUE,TRUE,1998,1998;2000,TRUE,FALSE,"",TRUE,1998,1998;2000,classified_as_csi_in_available_labels_or_events
87491,17479,HCEN,HEALTHCENTRAL COM INC,micro,2001-10-09,574,-0.96,2001-09-28,total_market,FALSE,,,FALSE,,,,FALSE,TRUE,TRUE,1999,1999,TRUE,FALSE,"",TRUE,1999,1999,classified_as_csi_in_available_labels_or_events
88251,37515,IBEM,IBEAM BROADCASTING CORP,micro,2001-10-10,574,-0.033333,2001-09-28,total_market,FALSE,,,FALSE,,,,FALSE,TRUE,TRUE,2000,2000,TRUE,TRUE,574,TRUE,2000,2000,classified_as_csi_in_available_labels_or_events
79932,12673,ABCR,A B C RAIL PRODUCTS CORP,micro,2001-10-12,574,0.764706,2001-09-28,total_market,FALSE,,,FALSE,,,,FALSE,TRUE,TRUE,1999,1999;2000,TRUE,TRUE,574,TRUE,2000,2000,classified_as_csi_in_available_labels_or_events
77389,11385,DQSB,DELTA QUEEN STEAMBOAT CO,micro,2001-10-17,574,-0.661765,2001-09-28,total_market,FALSE,,,FALSE,,,,FALSE,TRUE,TRUE,2000,2000,TRUE,FALSE,"",TRUE,2000,2000,classified_as_csi_in_available_labels_or_events
89077,7394,IMRK,INTERMARK CORP,micro,2001-10-22,574,-0.933333,2001-09-28,total_market,FALSE,,,FALSE,,,,FALSE,TRUE,TRUE,1995,1995;1999;2000,TRUE,TRUE,574,TRUE,2000,2000,classified_as_csi_in_available_labels_or_events
82582,14151,IAAPF,IONA APPLIANCES INC,micro,2001-10-25,574,-0.9,2001-09-28,total_market,FALSE,,,FALSE,,,,FALSE,TRUE,TRUE,1999,1999;2000,TRUE,TRUE,574,TRUE,2000,2000,classified_as_csi_in_available_labels_or_events
80084,30073,GLR,G & L REALTY CORP,micro,2001-10-29,573,-0.076923,2001-09-28,total_market,FALSE,,,FALSE,,,,FALSE,FALSE,FALSE,,"",FALSE,FALSE,,FALSE,,"",no_csi_classification_found_in_available_labels_or_events
77919,11710,NTRX,NETRIX CORP,micro,2001-10-30,574,0.111111,2001-09-28,total_market,FALSE,,,FALSE,,,,FALSE,TRUE,TRUE,1996,1996;1999;2000,TRUE,TRUE,574,TRUE,2000,2000,classified_as_csi_in_available_labels_or_events
75621,22085,WBN,WABAN INC,micro,2001-11-06,574,-0.967742,2001-09-28,total_market,FALSE,,,FALSE,,,,FALSE,TRUE,TRUE,1999,1999;2000,TRUE,TRUE,574,TRUE,2000,2000,classified_as_csi_in_available_labels_or_events
83323,,,,,2001-11-08,574,-0.991304,,,FALSE,,,FALSE,,,,FALSE,FALSE,FALSE,,,FALSE,FALSE,,FALSE,,,no_csi_classification_found_in_available_labels_or_events
68495,4235,SRSC,SAFETY RAILWAY SERVICE CORP,micro,2001-11-12,574,0,2001-09-28,total_market,FALSE,,,FALSE,,,,FALSE,TRUE,TRUE,1999,1999;2000,TRUE,TRUE,574,TRUE,2000,2000,classified_as_csi_in_available_labels_or_events
83905,,,,,2001-11-12,574,-0.999947,,,FALSE,,,FALSE,,,,FALSE,FALSE,FALSE,,,FALSE,FALSE,,FALSE,,,no_csi_classification_found_in_available_labels_or_events
87480,17485,CLSC,CLASSIC COMMUNICATIONS INC,micro,2001-11-13,574,-0.999167,2001-09-28,total_market,FALSE,,,FALSE,,,,FALSE,TRUE,TRUE,1999,1999;2000,TRUE,TRUE,574,TRUE,2000,2000,classified_as_csi_in_available_labels_or_events
77465,29449,BUR,BURLINGTON INDUSTRIES EQUITY INC,micro,2001-11-14,574,-0.854839,2001-09-28,total_market,FALSE,,,FALSE,,,,FALSE,TRUE,TRUE,1999,1999,TRUE,FALSE,"",TRUE,1999,1999,classified_as_csi_in_available_labels_or_events
87796,18365,NTKK,NET2000 COMMUNICATIONS INC,micro,2001-11-15,574,-0.961905,2001-09-28,total_market,FALSE,,,FALSE,,,,FALSE,TRUE,TRUE,2000,2000,TRUE,TRUE,574,TRUE,2000,2000,classified_as_csi_in_available_labels_or_events
24918,6194,,FANSTEEL METAL CORP,micro,2001-11-19,574,-0.964912,2001-09-28,total_market,FALSE,,,FALSE,,,,FALSE,FALSE,FALSE,,"",FALSE,FALSE,,FALSE,,"",no_csi_classification_found_in_available_labels_or_events
87259,17125,LUMT,LUMINANT WORLDWIDE CORP,micro,2001-12-07,574,-0.945098,2001-09-28,total_market,FALSE,,,FALSE,,,,FALSE,TRUE,TRUE,1999,1999,TRUE,TRUE,574,TRUE,1999,1999,classified_as_csi_in_available_labels_or_events
75675,10073,TOPS,TOP SOUND INTERNATIONAL INC,micro,2001-12-18,574,-0.962963,2001-09-28,total_market,FALSE,,,FALSE,,,,FALSE,TRUE,TRUE,1999,1999;2000,TRUE,TRUE,574,TRUE,1999,1999,classified_as_csi_in_available_labels_or_events
80268,12814,QUIZ,QUIZNOS FRANCHISE CORP,micro,2001-12-21,573,-0.054505,2001-09-28,total_market,FALSE,,,FALSE,,,,FALSE,FALSE,FALSE,,"",FALSE,FALSE,,FALSE,,"",no_csi_classification_found_in_available_labels_or_events
81470,13638,ACTM,A C T MANUFACTURING INC,micro,2001-12-24,574,-0.853846,2001-09-28,total_market,FALSE,,,FALSE,,,,FALSE,TRUE,TRUE,2000,2000,TRUE,TRUE,574,TRUE,2000,2000,classified_as_csi_in_available_labels_or_events
87667,36964,UBI,UBRANDIT COM,micro,2001-12-31,574,0,2001-12-31,total_market,FALSE,,,FALSE,,,,FALSE,TRUE,TRUE,2000,2000,TRUE,TRUE,574,TRUE,2000,2000,classified_as_csi_in_available_labels_or_events
88241,37506,APRN,M S I HOLDINGS INC,micro,2002-01-02,574,-0.363636,2001-12-31,total_market,FALSE,,,FALSE,,,,FALSE,FALSE,FALSE,,"",TRUE,FALSE,"",FALSE,,"",classified_as_csi_in_available_labels_or_events
23317,20654,,NORTHERN NAT GAS CO,small,2002-01-11,574,-0.166667,2001-12-31,total_market,FALSE,,,FALSE,,,,FALSE,TRUE,TRUE,2000,2000,TRUE,FALSE,"",TRUE,2000,2000,classified_as_csi_in_available_labels_or_events
46237,2441,JCBS,JACOBSON STORES INC,micro,2002-01-14,574,-0.435484,2001-12-31,total_market,FALSE,,,FALSE,,,,FALSE,TRUE,TRUE,2000,2000,TRUE,TRUE,574,TRUE,2000,2000,classified_as_csi_in_available_labels_or_events
86193,16161,SWNT,SOFTWARE NET CORP,micro,2002-01-24,574,-0.984001,2001-12-31,total_market,FALSE,,,FALSE,,,,FALSE,TRUE,TRUE,1999,1999;2000,TRUE,TRUE,574,TRUE,1999,1999;2000,classified_as_csi_in_available_labels_or_events
83674,14707,MCLD,MCLEOD INC,micro,2002-01-30,574,-0.783784,2001-12-31,total_market,FALSE,,,FALSE,,,,FALSE,TRUE,TRUE,2000,2000,TRUE,TRUE,574,TRUE,2000,2000,classified_as_csi_in_available_labels_or_events
86326,,,,,2002-01-30,574,-0.884524,,,FALSE,,,FALSE,,,,FALSE,FALSE,FALSE,,,FALSE,FALSE,,FALSE,,,no_csi_classification_found_in_available_labels_or_events
89325,7482,JUDG,JUDICATE INC,micro,2002-02-01,574,-0.952381,2001-12-31,total_market,FALSE,,,FALSE,,,,FALSE,TRUE,TRUE,1995,1995;1999;2000,TRUE,TRUE,574,TRUE,1995,1995;1999;2000,classified_as_csi_in_available_labels_or_events
77464,29455,GFC,G F C FINANCIAL CORP,micro,2002-02-07,574,-0.022727,2001-12-31,total_market,FALSE,,,FALSE,,,,FALSE,TRUE,TRUE,1999,1999,TRUE,FALSE,"",TRUE,1999,1999,classified_as_csi_in_available_labels_or_events
85302,15667,NSPR,INSPIRE INSURANCE SOLUTIONS INC,micro,2002-02-14,574,-0.583333,2001-12-31,total_market,FALSE,,,FALSE,,,,FALSE,TRUE,TRUE,1998,1998;2000,TRUE,TRUE,574,TRUE,1998,1998;2000,classified_as_csi_in_available_labels_or_events
82615,14138,SIMN,SIMON TRANSPORTATION SVCS INC,micro,2002-02-22,574,-0.958678,2001-12-31,total_market,FALSE,,,FALSE,,,,FALSE,TRUE,TRUE,1999,1999;2000,TRUE,TRUE,574,TRUE,2000,2000,classified_as_csi_in_available_labels_or_events
34665,21281,NEW,NATIONAL ELEC WELDING MACH,micro,2002-02-25,574,-0.986842,2001-12-31,total_market,FALSE,,,FALSE,,,,FALSE,TRUE,TRUE,1999,1999;2000,TRUE,TRUE,574,TRUE,2000,2000,classified_as_csi_in_available_labels_or_events
88599,15838,OBJ,QUERYOBJECT SYSTEMS CORP,micro,2002-02-28,574,-0.25,2001-12-31,total_market,FALSE,,,FALSE,,,,FALSE,TRUE,TRUE,2000,2000,TRUE,TRUE,574,TRUE,2000,2000,classified_as_csi_in_available_labels_or_events
87665,36960,MWB,MY WEB INC COM,micro,2002-03-11,574,-0.8,2001-12-31,total_market,FALSE,,,FALSE,,,,FALSE,FALSE,FALSE,,"",TRUE,TRUE,574,FALSE,,"",classified_as_csi_in_available_labels_or_events
79062,21257,NS,NATIONAL STEEL CORP,micro,2002-03-15,574,-0.776471,2001-12-31,total_market,FALSE,,,FALSE,,,,FALSE,TRUE,TRUE,1999,1999;2000;2001,TRUE,TRUE,574,TRUE,2001,2001,classified_as_csi_in_available_labels_or_events
55336,3011,MOTR,MOTOR CLUB AMER,micro,2002-03-18,573,-0.003223,2001-12-31,total_market,FALSE,,,FALSE,,,,FALSE,FALSE,FALSE,,"",FALSE,FALSE,,FALSE,,"",no_csi_classification_found_in_available_labels_or_events
85775,34640,AJX,STANDARD AUTOMOTIVE CORP,micro,2002-03-19,574,-0.90625,2001-12-31,total_market,FALSE,,,FALSE,,,,FALSE,TRUE,TRUE,1999,1999;2000,TRUE,TRUE,574,TRUE,2000,2000,classified_as_csi_in_available_labels_or_events
76799,11058,OHCO,O C O M CORP,micro,2002-03-26,574,-0.616667,2001-12-31,total_market,FALSE,,,FALSE,,,,FALSE,TRUE,TRUE,2000,2000,TRUE,FALSE,"",TRUE,2000,2000,classified_as_csi_in_available_labels_or_events
34841,21324,OG,OGDEN CORP,micro,2002-03-28,574,-0.913889,2002-03-28,total_market,FALSE,,,FALSE,,,,FALSE,TRUE,TRUE,2000,2000,TRUE,FALSE,"",TRUE,2000,2000,classified_as_csi_in_available_labels_or_events
87185,16755,RSII,RECKSON SERVICE INDUSTRIES INC,micro,2002-03-28,574,0,2002-03-28,total_market,FALSE,,,FALSE,,,,FALSE,TRUE,TRUE,2000,2000,TRUE,TRUE,574,TRUE,2000,2000,classified_as_csi_in_available_labels_or_events
87468,36562,PSU,PLASTIC SURGERY CO,micro,2002-03-28,574,-0.95,2002-03-28,total_market,FALSE,,,FALSE,,,,FALSE,TRUE,TRUE,2000,2000,TRUE,FALSE,"",TRUE,2000,2000,classified_as_csi_in_available_labels_or_events
85733,15923,IFLY,800 TRAVEL SYSTEMS INC,micro,2002-04-03,574,-0.285714,2002-03-28,total_market,FALSE,,,FALSE,,,,FALSE,TRUE,TRUE,1999,1999;2000,TRUE,TRUE,574,TRUE,2000,2000,classified_as_csi_in_available_labels_or_events
84564,15359,SMCX,SPECIAL METALS CORP,micro,2002-04-04,574,-0.485294,2002-03-28,total_market,FALSE,,,FALSE,,,,FALSE,TRUE,TRUE,1999,1999;2000,TRUE,TRUE,574,TRUE,2000,2000,classified_as_csi_in_available_labels_or_events
86070,16086,HYPT,HYPERION TELECOMMUNICATIONS INC,micro,2002-04-04,574,-0.25,2002-03-28,total_market,FALSE,,,FALSE,,,,FALSE,TRUE,TRUE,1999,1999,TRUE,FALSE,"",TRUE,1999,1999,classified_as_csi_in_available_labels_or_events
86816,16497,ATHY,APPLIEDTHEORY CORP,micro,2002-04-25,574,-0.710145,2002-03-28,total_market,FALSE,,,FALSE,,,,FALSE,TRUE,TRUE,1999,1999,TRUE,FALSE,"",TRUE,1999,1999,classified_as_csi_in_available_labels_or_events
84216,15182,GRLL,ROADHOUSE GRILL INC,micro,2002-05-01,574,-0.5,2002-03-28,total_market,FALSE,,,FALSE,,,,FALSE,TRUE,TRUE,1999,1999;2000,TRUE,TRUE,574,TRUE,2000,2000,classified_as_csi_in_available_labels_or_events
70288,4090,SCHJ,SCHJELDAHL G T CO,micro,2002-05-09,574,-0.964286,2002-03-28,total_market,FALSE,,,FALSE,,,,FALSE,TRUE,TRUE,1999,1999;2000,TRUE,TRUE,574,TRUE,2000,2000,classified_as_csi_in_available_labels_or_events
83457,31641,PGH,POLYMER GROUP INC,micro,2002-05-13,574,-0.847458,2002-03-28,total_market,FALSE,,,FALSE,,,,FALSE,TRUE,TRUE,2000,2000,TRUE,TRUE,574,TRUE,2000,2000,classified_as_csi_in_available_labels_or_events
87395,17320,KQIP,KPNQWEST NV,micro,2002-05-30,574,-0.847222,2002-03-28,total_market,FALSE,,,FALSE,,,,FALSE,TRUE,TRUE,2000,2000,TRUE,TRUE,574,TRUE,2000,2000,classified_as_csi_in_available_labels_or_events
87607,17971,FTHL,FLAG TELECOM HOLDINGS LTD,micro,2002-06-12,574,-0.277778,2002-03-28,total_market,FALSE,,,FALSE,,,,FALSE,TRUE,TRUE,2000,2000,TRUE,TRUE,574,TRUE,2000,2000,classified_as_csi_in_available_labels_or_events
87096,,,,,2002-06-26,574,-0.172749,,,FALSE,,,FALSE,,,,FALSE,FALSE,FALSE,,,FALSE,FALSE,,FALSE,,,no_csi_classification_found_in_available_labels_or_events
86371,34885,GBT,G S T GLOBAL TELECOM INC,micro,2002-06-28,574,-0.857143,2002-06-28,total_market,FALSE,,,FALSE,,,,FALSE,TRUE,TRUE,2000,2000,TRUE,TRUE,574,TRUE,2000,2000,classified_as_csi_in_available_labels_or_events
87535,36611,MED,E MEDSOFT COM,micro,2002-07-15,574,-0.3,2002-06-28,total_market,FALSE,,,FALSE,,,,FALSE,TRUE,TRUE,2000,2000;2001,TRUE,TRUE,574,TRUE,2001,2001,classified_as_csi_in_available_labels_or_events
11042,61,ADCO,ADVANTAGE COS INC,mega,2002-07-29,574,-0.918675,2002-03-28,total_market,FALSE,,,FALSE,,,,FALSE,TRUE,TRUE,2001,2001,TRUE,FALSE,"",TRUE,2001,2001,classified_as_csi_in_available_labels_or_events
87772,18399,GTTLB,G T GROUP TELECOM INC,micro,2002-07-29,574,-0.666667,2002-06-28,total_market,FALSE,,,FALSE,,,,FALSE,TRUE,TRUE,2000,2000,TRUE,FALSE,"",TRUE,2000,2000,classified_as_csi_in_available_labels_or_events
89027,,,,,2002-07-29,574,-0.918085,,,FALSE,,,FALSE,,,,FALSE,FALSE,FALSE,,,FALSE,FALSE,,FALSE,,,no_csi_classification_found_in_available_labels_or_events
89212,42397,SCNT,SCIENT INC,micro,2002-07-29,574,-0.931818,2002-06-28,total_market,FALSE,,,FALSE,,,,FALSE,TRUE,TRUE,2001,2001,TRUE,TRUE,574,FALSE,,"",classified_as_csi_in_available_labels_or_events
28847,21827,ALA,ALLEGHENY AIRLINES INC,micro,2002-08-09,574,-0.813433,2002-06-28,total_market,FALSE,,,FALSE,,,,FALSE,TRUE,TRUE,2000,2000,TRUE,FALSE,"",TRUE,2000,2000,classified_as_csi_in_available_labels_or_events
88589,39132,CDS,CREDIT STORE INC,micro,2002-08-15,574,-0.999167,2002-06-28,total_market,FALSE,,,FALSE,,,,FALSE,TRUE,TRUE,2000,2000;2001,TRUE,TRUE,574,TRUE,2001,2001,classified_as_csi_in_available_labels_or_events
85473,15779,ITCD,I T C DELTACOM INC,micro,2002-08-27,574,-0.25,2002-06-28,total_market,FALSE,,,FALSE,,,,FALSE,TRUE,TRUE,2000,2000,TRUE,TRUE,574,TRUE,2000,2000,classified_as_csi_in_available_labels_or_events
77964,11723,UTCI,UNIROYAL TECHNOLOGY CORP,micro,2002-09-05,574,0,2002-06-28,total_market,FALSE,,,FALSE,,,,FALSE,TRUE,TRUE,2000,2000,TRUE,TRUE,574,TRUE,2000,2000,classified_as_csi_in_available_labels_or_events
85742,15929,NOGAF,NOGA ELECTRO MECHANICAL INDS,micro,2002-10-02,574,0.018519,2002-09-30,total_market,FALSE,,,FALSE,,,,FALSE,TRUE,TRUE,2000,2000;2001,TRUE,TRUE,574,TRUE,2001,2001,classified_as_csi_in_available_labels_or_events
85651,32180,FMM,F F P MARKETING CO,micro,2002-10-03,573,-0.935065,2002-09-30,total_market,FALSE,,,FALSE,,,,FALSE,TRUE,TRUE,2001,2001,TRUE,TRUE,573,FALSE,,"",classified_as_csi_in_available_labels_or_events
80387,,,,,2002-10-08,574,-0.735849,,,FALSE,,,FALSE,,,,FALSE,FALSE,FALSE,,,FALSE,FALSE,,FALSE,,,no_csi_classification_found_in_available_labels_or_events
88536,38434,ITXI,INTEGRATED TELECOM EXPRESS INC,micro,2002-10-17,574,-0.027397,2002-09-30,total_market,FALSE,,,FALSE,,,,FALSE,TRUE,TRUE,2000,2000;2001,TRUE,TRUE,574,TRUE,2000,2000,classified_as_csi_in_available_labels_or_events
11895,9815,MAROA,MARROW TECH INC,micro,2002-10-21,574,-0.946753,2002-09-30,total_market,FALSE,,,FALSE,,,,FALSE,TRUE,TRUE,2000,2000;2001,TRUE,TRUE,574,TRUE,2001,2001,classified_as_csi_in_available_labels_or_events
84729,15442,DGJLF,D G JEWELLERY OF CANADA LTD,micro,2002-10-23,574,-0.733333,2002-09-30,total_market,FALSE,,,FALSE,,,,FALSE,TRUE,TRUE,2000,2000;2001,TRUE,TRUE,574,TRUE,2001,2001,classified_as_csi_in_available_labels_or_events
84138,,,,,2002-10-24,574,-0.562798,,,FALSE,,,FALSE,,,,FALSE,FALSE,FALSE,,,FALSE,FALSE,,FALSE,,,no_csi_classification_found_in_available_labels_or_events
19692,20215,,ARMSTRONG CORK CO,micro,2002-11-04,574,-0.676301,2002-09-30,total_market,FALSE,,,FALSE,,,,FALSE,TRUE,TRUE,1999,1999;2001,TRUE,TRUE,574,TRUE,1999,1999;2001,classified_as_csi_in_available_labels_or_events
82221,13900,UACA,UNION ACCEPTANCE CORP,micro,2002-11-11,574,-0.93576,2002-09-30,total_market,FALSE,,,FALSE,,,,FALSE,TRUE,TRUE,2001,2001,TRUE,TRUE,574,FALSE,,"",classified_as_csi_in_available_labels_or_events
58026,3319,OAKW,OAKWOOD HOMES CORP,micro,2002-11-14,574,-0.84127,2002-09-30,total_market,FALSE,,,FALSE,,,,FALSE,TRUE,TRUE,1998,1998;2000,TRUE,FALSE,"",TRUE,1998,1998;2000,classified_as_csi_in_available_labels_or_events
87252,16918,SITE,SPECTRASITE HOLDINGS INC,micro,2002-11-25,574,-0.615385,2002-09-30,total_market,FALSE,,,FALSE,,,,FALSE,TRUE,TRUE,2000,2000,TRUE,FALSE,"",TRUE,2000,2000,classified_as_csi_in_available_labels_or_events
88345,37721,GENU,GENUITY INC,micro,2002-12-04,574,-0.357143,2002-09-30,total_market,FALSE,,,FALSE,,,,FALSE,TRUE,TRUE,2000,2000,TRUE,TRUE,574,TRUE,2000,2000,classified_as_csi_in_available_labels_or_events
12749,21028,,KRESGE S S CO,small,2002-12-18,574,-0.573529,2002-09-30,total_market,FALSE,,,FALSE,,,,FALSE,TRUE,TRUE,2001,2001,TRUE,TRUE,574,TRUE,2001,2001,classified_as_csi_in_available_labels_or_events
24811,21347,,OWENS CORNING FIBERGLAS CORP,micro,2002-12-18,574,-0.526316,2002-09-30,total_market,FALSE,,,FALSE,,,,FALSE,TRUE,TRUE,1999,1999;2001,TRUE,TRUE,574,TRUE,1999,1999,classified_as_csi_in_available_labels_or_events
83816,31701,ALI,ALTERNATIVE LIVING SERVICES INC,micro,2003-01-22,574,-0.999091,2002-12-31,total_market,FALSE,,,FALSE,,,,FALSE,TRUE,TRUE,1999,1999;2000;2001,TRUE,TRUE,574,TRUE,1999,1999;2001,classified_as_csi_in_available_labels_or_events
88175,37169,LUMM,LUMENON INNOVATIVE LTWVE TECH IN,micro,2003-02-19,574,-0.830508,2002-12-31,total_market,FALSE,,,FALSE,,,,FALSE,TRUE,TRUE,2000,2000;2001,TRUE,TRUE,574,TRUE,2000,2000;2001,classified_as_csi_in_available_labels_or_events
77440,11427,STMI,SATELLITE TECHNOLOGY MGMNT INC,micro,2003-02-28,574,-0.5,2002-12-31,total_market,FALSE,,,FALSE,,,,FALSE,TRUE,TRUE,2000,2000;2001,TRUE,TRUE,574,TRUE,2000,2000;2001,classified_as_csi_in_available_labels_or_events
84434,15295,PECX,PHOTOELECTRON CORP,micro,2003-03-06,574,-0.887892,2002-12-31,total_market,FALSE,,,FALSE,,,,FALSE,TRUE,TRUE,2001,2001;2002,TRUE,TRUE,574,FALSE,,"",classified_as_csi_in_available_labels_or_events
83487,14600,BTRN,BIOTRANSPLANT INC,micro,2003-03-10,574,-0.243697,2002-12-31,total_market,FALSE,,,FALSE,,,,FALSE,TRUE,TRUE,2001,2001,TRUE,TRUE,574,TRUE,2001,2001,classified_as_csi_in_available_labels_or_events
88472,37962,DVIN,DIVINE INTERVENTURES INC,micro,2003-03-11,574,-0.2,2002-12-31,total_market,FALSE,,,FALSE,,,,FALSE,TRUE,TRUE,2000,2000;2002,TRUE,TRUE,574,TRUE,2000,2000,classified_as_csi_in_available_labels_or_events
80703,28332,CFWC,C F W COMMUNICATIONS CO,micro,2003-03-12,574,-0.75,2002-12-31,total_market,FALSE,,,FALSE,,,,FALSE,TRUE,TRUE,2000,2000;2001,TRUE,TRUE,574,TRUE,2001,2001,classified_as_csi_in_available_labels_or_events
88479,38382,ANX,ANTEX BIOLOGICS INC,micro,2003-03-27,574,-0.5,2002-12-31,total_market,FALSE,,,FALSE,,,,FALSE,TRUE,TRUE,2000,2000;2001,TRUE,TRUE,574,TRUE,2001,2001,classified_as_csi_in_available_labels_or_events
88522,38422,EVLV,EVOLVE SOFTWARE INC,micro,2003-03-28,574,-0.992308,2002-12-31,total_market,FALSE,,,FALSE,,,,FALSE,TRUE,TRUE,2000,2000;2001,TRUE,TRUE,574,TRUE,2000,2000;2001,classified_as_csi_in_available_labels_or_events
47271,20736,FLM,FLEMING INC,micro,2003-04-01,574,-0.48,2003-03-31,total_market,FALSE,,,FALSE,,,,FALSE,TRUE,TRUE,2001,2001,TRUE,TRUE,574,TRUE,2001,2001,classified_as_csi_in_available_labels_or_events
79009,11995,SIII,S3 INC,micro,2003-04-01,574,-0.464286,2003-03-31,total_market,FALSE,,,FALSE,,,,FALSE,TRUE,TRUE,2000,2000;2001,TRUE,TRUE,574,TRUE,2001,2001,classified_as_csi_in_available_labels_or_events
87452,17390,KOREA,KOREA THRUNET CO LTD,micro,2003-04-04,574,-0.995833,2003-03-31,total_market,FALSE,,,FALSE,,,,FALSE,TRUE,TRUE,1999,1999;2001,TRUE,TRUE,574,TRUE,1999,1999;2001,classified_as_csi_in_available_labels_or_events
65964,3796,RCOT,RECOTON CORP,micro,2003-04-17,574,-0.958333,2003-03-31,total_market,FALSE,,,FALSE,,,,FALSE,TRUE,TRUE,2001,2001,TRUE,TRUE,574,TRUE,2001,2001,classified_as_csi_in_available_labels_or_events
79152,12127,ASPX,AUSPEX SYSTEMS INC,micro,2003-05-01,574,0.166667,2003-03-31,total_market,FALSE,,,FALSE,,,,FALSE,TRUE,TRUE,2000,2000;2002,TRUE,TRUE,574,TRUE,2000,2000,classified_as_csi_in_available_labels_or_events
87582,36765,PRB,PROBEX CORP,micro,2003-05-13,574,-0.928571,2003-03-31,total_market,FALSE,,,FALSE,,,,FALSE,TRUE,TRUE,2000,2000;2001,TRUE,TRUE,574,TRUE,2001,2001,classified_as_csi_in_available_labels_or_events
80413,30379,AZC,A Z C O MINING INC,micro,2003-05-23,574,0,2003-03-31,total_market,FALSE,,,FALSE,,,,FALSE,TRUE,TRUE,2000,2000;2001,TRUE,TRUE,574,TRUE,2001,2001,classified_as_csi_in_available_labels_or_events
86238,16190,ALGX,ALLEGIANCE TELECOM INC,micro,2003-05-23,574,-0.683594,2003-03-31,total_market,FALSE,,,FALSE,,,,FALSE,TRUE,TRUE,2000,2000;2002,TRUE,TRUE,574,TRUE,2000,2000,classified_as_csi_in_available_labels_or_events
88492,38394,SSM,SYMPOSIUM CORP,micro,2003-05-23,574,-0.5,2003-03-31,total_market,FALSE,,,FALSE,,,,FALSE,TRUE,TRUE,2001,2001,TRUE,FALSE,"",TRUE,2001,2001,classified_as_csi_in_available_labels_or_events
75310,21374,PNF,PENN TRAFFIC CO NEW,micro,2003-05-29,574,-0.915254,2003-03-31,total_market,FALSE,,,FALSE,,,,FALSE,TRUE,TRUE,1997,1997;2000;2001,TRUE,TRUE,574,TRUE,1997,1997;2001,classified_as_csi_in_available_labels_or_events
79124,11961,SHEF,SHEFFIELD MEDICAL TECHS INC,micro,2003-06-02,574,-0.83871,2003-03-31,total_market,FALSE,,,FALSE,,,,FALSE,TRUE,TRUE,2001,2001,TRUE,TRUE,574,TRUE,2001,2001,classified_as_csi_in_available_labels_or_events
79197,12118,THDO,3D0 CO THE,micro,2003-06-06,574,-0.25,2003-03-31,total_market,FALSE,,,FALSE,,,,FALSE,TRUE,TRUE,1995,1995;2000;2002,TRUE,TRUE,574,TRUE,2000,2000;2002,classified_as_csi_in_available_labels_or_events
81202,13531,DZTK,DAISYTEK INTERNATIONAL CORP,micro,2003-06-12,574,-0.850746,2003-03-31,total_market,FALSE,,,FALSE,,,,FALSE,TRUE,TRUE,2002,2002,TRUE,TRUE,574,TRUE,2002,2002,classified_as_csi_in_available_labels_or_events
88601,39144,SOE,SOUTHERN ENERGY INC DEL,small,2003-07-14,574,-0.87931,2003-06-30,total_market,FALSE,,,FALSE,,,,FALSE,TRUE,TRUE,2001,2001,TRUE,FALSE,"",TRUE,2001,2001,classified_as_csi_in_available_labels_or_events
83342,31623,LSP,LORAL SPACE & COMMUNICATIONS LTD,micro,2003-07-15,574,-0.895082,2003-06-30,total_market,FALSE,,,FALSE,,,,FALSE,TRUE,TRUE,2000,2000;2001,TRUE,TRUE,574,TRUE,2000,2000;2001,classified_as_csi_in_available_labels_or_events
86170,16156,HLMD,H L M DESIGN INC,micro,2003-07-22,573,0.015228,2003-06-30,total_market,FALSE,,,FALSE,,,,FALSE,FALSE,FALSE,,"",FALSE,FALSE,,FALSE,,"",no_csi_classification_found_in_available_labels_or_events
11159,8734,DVIC,DIAGNOSTIC VENTURES INC,micro,2003-08-13,574,-0.928571,2003-06-30,total_market,FALSE,,,FALSE,,,,FALSE,TRUE,TRUE,2001,2001;2002,TRUE,TRUE,574,FALSE,,"",classified_as_csi_in_available_labels_or_events
88513,,,,,2003-08-28,574,-0.954487,,,FALSE,,,FALSE,,,,FALSE,FALSE,FALSE,,,FALSE,FALSE,,FALSE,,,no_csi_classification_found_in_available_labels_or_events
58406,3309,NWPS,NORTHWESTERN PUBLIC SERVICE CO,micro,2003-09-12,574,-0.674419,2003-06-30,total_market,FALSE,,,FALSE,,,,FALSE,TRUE,TRUE,2002,2002,TRUE,TRUE,574,TRUE,2002,2002,classified_as_csi_in_available_labels_or_events
77688,36363,COE,CONE MILLS CORP NC,micro,2003-09-15,574,-0.904762,2003-06-30,total_market,FALSE,,,FALSE,,,,FALSE,TRUE,TRUE,2001,2001,TRUE,TRUE,574,TRUE,2001,2001,classified_as_csi_in_available_labels_or_events
84341,15211,TMAM,TEAM AMERICA CORP,micro,2003-09-25,574,0.238095,2003-06-30,total_market,FALSE,,,FALSE,,,,FALSE,TRUE,TRUE,2001,2001,TRUE,TRUE,574,TRUE,2001,2001,classified_as_csi_in_available_labels_or_events
87287,35280,RAC,RAMPART CAPTIAL CORP,micro,2003-11-05,573,0.007257,2003-09-30,total_market,FALSE,,,FALSE,,,,FALSE,TRUE,TRUE,2001,2001;2002,TRUE,TRUE,573,FALSE,,"",classified_as_csi_in_available_labels_or_events
85266,32063,SOI,SOLUTIA INC,small,2003-12-16,574,-0.861818,2003-09-30,total_market,FALSE,,,FALSE,,,,FALSE,TRUE,TRUE,2001,2001;2002,TRUE,TRUE,574,TRUE,2002,2002,classified_as_csi_in_available_labels_or_events
11665,9485,LONG,LONGWOOD GROUP LTD,micro,2004-01-21,574,-0.511306,2003-12-31,total_market,FALSE,,,FALSE,,,,FALSE,TRUE,TRUE,2001,2001;2002,TRUE,TRUE,574,TRUE,2002,2002,classified_as_csi_in_available_labels_or_events
59110,3343,OGLE,OGLEBAY NORTON CO,micro,2004-03-02,574,0.24,2003-12-31,total_market,FALSE,,,FALSE,,,,FALSE,TRUE,TRUE,2001,2001;2002,TRUE,TRUE,574,TRUE,2002,2002,classified_as_csi_in_available_labels_or_events
67432,20353,BSH,BUSH INDUSTRIES INC,micro,2004-03-30,574,-0.96063,2003-12-31,total_market,FALSE,,,FALSE,,,,FALSE,TRUE,TRUE,2001,2001;2002,TRUE,TRUE,574,TRUE,2002,2002,classified_as_csi_in_available_labels_or_events
79010,12007,SPBI,SPECIALTY PAPERBOARD INC,micro,2004-03-30,574,-0.871134,2003-12-31,total_market,FALSE,,,FALSE,,,,FALSE,TRUE,TRUE,2002,2002,TRUE,FALSE,"",TRUE,2002,2002,classified_as_csi_in_available_labels_or_events
80443,13007,DTII,D T INDUSTRIES INC,micro,2004-05-24,574,-0.8,2004-03-31,total_market,FALSE,,,FALSE,,,,FALSE,TRUE,TRUE,2001,2001;2002;2003,TRUE,TRUE,574,TRUE,2001,2001;2003,classified_as_csi_in_available_labels_or_events
87296,36361,CZ,CELANESE A G,small,2004-06-01,573,-0.010067,2004-03-31,total_market,FALSE,,,FALSE,,,,FALSE,FALSE,FALSE,,"",FALSE,FALSE,,FALSE,,"",no_csi_classification_found_in_available_labels_or_events
78198,11835,SALD,FRESH CHOICE INC,micro,2004-07-20,574,-0.680982,2004-06-30,total_market,FALSE,,,FALSE,,,,FALSE,TRUE,TRUE,2002,2002;2003,TRUE,TRUE,574,FALSE,,"",classified_as_csi_in_available_labels_or_events
81676,30911,DJT,TRUMP HOTELS & CASINO RESRTS INC,micro,2004-08-09,574,-0.820895,2004-06-30,total_market,FALSE,,,FALSE,,,,FALSE,TRUE,TRUE,2002,2002;2003,TRUE,TRUE,574,FALSE,,"",classified_as_csi_in_available_labels_or_events
82675,14234,BUNZ,SCHLOTZSKYS INC,micro,2004-08-11,574,-0.829897,2004-06-30,total_market,FALSE,,,FALSE,,,,FALSE,TRUE,TRUE,2002,2002;2003,TRUE,TRUE,574,FALSE,,"",classified_as_csi_in_available_labels_or_events
87823,18436,UAXS,UNIVERSAL ACCESS INC,micro,2004-09-01,574,-0.230769,2004-06-30,total_market,FALSE,,,FALSE,,,,FALSE,TRUE,TRUE,2001,2001;2002,TRUE,FALSE,"",TRUE,2001,2001;2002,classified_as_csi_in_available_labels_or_events
91682,,,,,2004-09-21,574,-0.649533,,,FALSE,,,FALSE,,,,FALSE,FALSE,FALSE,,,FALSE,FALSE,,FALSE,,,no_csi_classification_found_in_available_labels_or_events
76745,11041,IBCC,INTERSTATE BAKERIES CORP DE NEW,small,2004-09-22,574,-0.203095,2004-06-30,total_market,FALSE,,,FALSE,,,,FALSE,TRUE,TRUE,2003,2003,TRUE,TRUE,574,FALSE,,"",classified_as_csi_in_available_labels_or_events
89093,7638,INMT,INTERMET CORP,micro,2004-10-11,574,-0.230769,2004-09-30,total_market,FALSE,,,FALSE,,,,FALSE,TRUE,TRUE,2002,2002;2003,TRUE,TRUE,574,TRUE,2003,2003,classified_as_csi_in_available_labels_or_events
87103,16628,CMRC,COMMERCE ONE INC,micro,2004-10-18,574,-0.772222,2004-09-30,total_market,FALSE,,,FALSE,,,,FALSE,TRUE,TRUE,2000,2000;2001;2003,TRUE,TRUE,574,TRUE,2000,2000;2001;2003,classified_as_csi_in_available_labels_or_events
79149,12123,AMTR,AMTRAN INC,micro,2004-11-04,574,-0.208791,2004-09-30,total_market,FALSE,,,FALSE,,,,FALSE,TRUE,TRUE,2002,2002;2003,TRUE,TRUE,574,TRUE,2003,2003,classified_as_csi_in_available_labels_or_events
85512,15786,TSIC,TROPICAL SPORTSWEAR INTL CORP,micro,2004-12-30,574,-0.886525,2004-09-30,total_market,FALSE,,,FALSE,,,,FALSE,TRUE,TRUE,2002,2002,TRUE,TRUE,574,TRUE,2002,2002,classified_as_csi_in_available_labels_or_events
84508,15340,ABFI,AMERICAN BUSINESS FINL SRVCS INC,micro,2005-02-01,574,-0.0625,2004-12-31,total_market,FALSE,,,FALSE,,,,FALSE,TRUE,TRUE,2003,2003,TRUE,TRUE,574,TRUE,2003,2003,classified_as_csi_in_available_labels_or_events
80852,13257,TWER,TOWER AUTOMOTIVE INC,micro,2005-02-02,574,-0.57716,2004-12-31,total_market,FALSE,,,FALSE,,,,FALSE,TRUE,TRUE,2002,2002;2003,TRUE,TRUE,574,TRUE,2003,2003,classified_as_csi_in_available_labels_or_events
24803,21926,,WINN & LOVETT GROCERY CO,small,2005-02-18,574,-0.806094,2004-12-31,total_market,FALSE,,,FALSE,,,,FALSE,TRUE,TRUE,2002,2002;2003,TRUE,TRUE,574,TRUE,2003,2003,classified_as_csi_in_available_labels_or_events
81590,13667,WEFC,WELLS FINANCIAL CORP,micro,2005-02-22,573,-0.022032,2004-12-31,total_market,FALSE,,,FALSE,,,,FALSE,FALSE,FALSE,,"",FALSE,FALSE,,FALSE,,"",no_csi_classification_found_in_available_labels_or_events
89423,43259,STBI,STURGIS BANCORP INC,micro,2005-02-23,573,-0.095303,2004-12-31,total_market,FALSE,,,FALSE,,,,FALSE,FALSE,FALSE,,"",FALSE,FALSE,,FALSE,,"",no_csi_classification_found_in_available_labels_or_events
83764,14784,HWEN,HOME FINANCIAL BANCORP,micro,2005-02-25,573,-0.194631,2004-12-31,total_market,FALSE,,,FALSE,,,,FALSE,FALSE,FALSE,,"",FALSE,FALSE,,FALSE,,"",no_csi_classification_found_in_available_labels_or_events
79742,12482,ULTE,ULTIMATE ELECTRONICS INC,micro,2005-02-28,574,-0.125,2004-12-31,total_market,FALSE,,,FALSE,,,,FALSE,TRUE,TRUE,2002,2002;2003,TRUE,TRUE,574,TRUE,2003,2003,classified_as_csi_in_available_labels_or_events
17337,56283,WHX,W H X CORP,micro,2005-03-07,574,-0.846154,2004-12-31,total_market,FALSE,,,FALSE,,,,FALSE,TRUE,TRUE,2000,2000;2002;2003,TRUE,TRUE,574,TRUE,2000,2000;2003,classified_as_csi_in_available_labels_or_events
86037,34760,SHD,SHERWOOD BRANDS INC,micro,2005-03-07,573,-0.250936,2004-12-31,total_market,FALSE,,,FALSE,,,,FALSE,TRUE,TRUE,2003,2003,TRUE,TRUE,573,FALSE,,"",classified_as_csi_in_available_labels_or_events
89032,41704,TORC,TORCH OFFSHORE INC,micro,2005-03-24,574,-0.459459,2004-12-31,total_market,FALSE,,,FALSE,,,,FALSE,TRUE,TRUE,2003,2003;2004,TRUE,TRUE,574,FALSE,,"",classified_as_csi_in_available_labels_or_events
81601,13720,ASBP,A S B FINANCIAL CORP OH,micro,2005-07-08,573,-0.005618,2005-06-30,total_market,FALSE,,,FALSE,,,,FALSE,FALSE,FALSE,,"",FALSE,FALSE,,FALSE,,"",no_csi_classification_found_in_available_labels_or_events
89559,,,,,2005-07-27,574,-0.675287,,,FALSE,,,FALSE,,,,FALSE,FALSE,FALSE,,,FALSE,FALSE,,FALSE,,,no_csi_classification_found_in_available_labels_or_events
89829,44376,AGCC,ANCHOR GLASS CONTAINER CORP NEW,micro,2005-08-16,574,-0.680851,2005-06-30,total_market,FALSE,,,FALSE,,,,FALSE,TRUE,TRUE,2004,2004,TRUE,TRUE,574,TRUE,2004,2004,classified_as_csi_in_available_labels_or_events
81244,13548,CIBI,COMMUNITY INVESTORS BANCORP INC,micro,2005-09-22,573,-0.051095,2005-06-30,total_market,FALSE,,,FALSE,,,,FALSE,FALSE,FALSE,,"",FALSE,FALSE,,FALSE,,"",no_csi_classification_found_in_available_labels_or_events
80345,12934,NWAC,NORTHWEST AIRLINES CORP,small,2005-09-23,574,-0.875348,2005-06-30,total_market,FALSE,,,FALSE,,,,FALSE,TRUE,TRUE,2003,2003,TRUE,TRUE,574,TRUE,2003,2003,classified_as_csi_in_available_labels_or_events
79971,12639,FMXI,FOAMEX INTERNATIONAL INC,micro,2005-09-27,574,-0.7,2005-06-30,total_market,FALSE,,,FALSE,,,,FALSE,TRUE,TRUE,2003,2003;2004,TRUE,TRUE,574,TRUE,2004,2004,classified_as_csi_in_available_labels_or_events
86591,34988,DPH,DELPHI AUTOMOTIVE SYSTEMS CORP,small,2005-10-10,574,-0.889493,2005-09-30,total_market,FALSE,,,FALSE,,,,FALSE,TRUE,TRUE,2004,2004,TRUE,TRUE,574,FALSE,,"",classified_as_csi_in_available_labels_or_events
79366,12291,ACAI,ATLANTIC COAST AIRLINES INC,micro,2005-11-15,574,-0.892857,2005-09-30,total_market,FALSE,,,FALSE,,,,FALSE,TRUE,TRUE,2003,2003,TRUE,TRUE,574,TRUE,2003,2003,classified_as_csi_in_available_labels_or_events
83709,14712,VRLK,VERILINK CORP,micro,2006-04-18,574,-0.865431,2006-03-31,total_market,FALSE,,,FALSE,,,,FALSE,TRUE,TRUE,2000,2000;2003;2004,TRUE,TRUE,574,TRUE,2004,2004,classified_as_csi_in_available_labels_or_events
87156,16915,BAMB,BAMBOO COM INC,micro,2006-07-28,574,-0.930394,2006-06-30,total_market,FALSE,,,FALSE,,,,FALSE,TRUE,TRUE,1999,1999;2003;2005,TRUE,TRUE,574,TRUE,1999,1999;2003;2005,classified_as_csi_in_available_labels_or_events
19289,21195,,MESTA MACH CO,micro,2006-08-29,573,-0.047932,2006-06-30,total_market,FALSE,,,FALSE,,,,FALSE,FALSE,FALSE,,"",FALSE,FALSE,,FALSE,,"",no_csi_classification_found_in_available_labels_or_events
75066,20872,HKF,HANCOCK FABRICS INC,micro,2007-03-21,574,-0.740625,2006-12-29,total_market,FALSE,,,FALSE,,,,FALSE,TRUE,TRUE,2005,2005;2006,TRUE,TRUE,574,FALSE,,"",classified_as_csi_in_available_labels_or_events
87358,17168,AHMH,AMERICAN HOME MORTGAGE HLDGS INC,small,2007-08-03,574,-0.855769,2007-06-29,total_market,FALSE,,,FALSE,,,,FALSE,TRUE,TRUE,2006,2006,TRUE,TRUE,574,FALSE,,"",classified_as_csi_in_available_labels_or_events
78922,11941,CNFL,CITIZENS FINANCIAL CORP KY,micro,2007-11-13,573,-0.478519,2007-09-28,total_market,FALSE,,,FALSE,,,,FALSE,FALSE,FALSE,,"",FALSE,FALSE,,FALSE,,"",no_csi_classification_found_in_available_labels_or_events
84164,31793,DFC,DELTA FINANCIAL CORP,micro,2007-12-27,574,-0.980978,2007-09-28,total_market,FALSE,,,FALSE,,,,FALSE,TRUE,TRUE,1999,1999;2005;2006,TRUE,TRUE,574,TRUE,1999,1999;2006,classified_as_csi_in_available_labels_or_events
82784,30812,PRW,QUEBECOR PRINTING INC,micro,2008-01-22,574,-0.802778,2007-12-31,total_market,FALSE,,,FALSE,,,,FALSE,TRUE,TRUE,2006,2006,TRUE,FALSE,"",TRUE,2006,2006,classified_as_csi_in_available_labels_or_events
11278,9132,SHRP,SHARPER IMAGE CORP,micro,2008-02-28,574,-0.902222,2007-12-31,total_market,FALSE,,,FALSE,,,,FALSE,TRUE,TRUE,2006,2006;2007,TRUE,TRUE,574,FALSE,,"",classified_as_csi_in_available_labels_or_events
80528,13095,FRNT,FRONTIER AIRLINES INC NEW,micro,2008-04-21,574,-0.802372,2008-03-31,total_market,FALSE,,,FALSE,,,,FALSE,TRUE,TRUE,2007,2007,TRUE,TRUE,574,FALSE,,"",classified_as_csi_in_available_labels_or_events
83359,14515,BATS,BATTERIES BATTERIES INC,micro,2008-04-23,573,-0.457364,2008-03-31,total_market,FALSE,,,FALSE,,,,FALSE,TRUE,TRUE,2006,2006,TRUE,TRUE,573,TRUE,2006,2006,classified_as_csi_in_available_labels_or_events
78145,11832,ELTX,ELTRAX SYSTEMS INC,micro,2008-04-29,574,-0.903226,2008-03-31,total_market,FALSE,,,FALSE,,,,FALSE,TRUE,TRUE,1999,1999;2003;2005;2006,TRUE,FALSE,"",TRUE,2003,2003;2005;2006,classified_as_csi_in_available_labels_or_events
77781,11628,AMPX,AMPEX INC,micro,2008-05-07,574,-0.333016,2008-03-31,total_market,FALSE,,,FALSE,,,,FALSE,TRUE,TRUE,1999,1999;2002;2005;2006,TRUE,TRUE,574,TRUE,1999,1999;2002;2006,classified_as_csi_in_available_labels_or_events
86823,16464,FBEI,FIRST BANCORP OF INDIANA INC,micro,2008-05-07,573,0.044402,2008-03-31,total_market,FALSE,,,FALSE,,,,FALSE,FALSE,FALSE,,"",FALSE,FALSE,,FALSE,,"",no_csi_classification_found_in_available_labels_or_events
85051,15524,WWIN,WASTE INDUSTRIES INC,small,2008-05-08,573,0.005033,2008-03-31,total_market,FALSE,,,FALSE,,,,FALSE,FALSE,FALSE,,"",FALSE,FALSE,,FALSE,,"",no_csi_classification_found_in_available_labels_or_events
89831,44378,BRLC,BRILLIAN CORP,micro,2008-07-21,574,-0.975,2008-06-30,total_market,FALSE,,,FALSE,,,,FALSE,TRUE,TRUE,2007,2007,TRUE,TRUE,574,TRUE,2007,2007,classified_as_csi_in_available_labels_or_events
85846,15981,SHOE,SHOE PAVILLION INC,micro,2008-07-25,574,-0.6875,2008-06-30,total_market,FALSE,,,FALSE,,,,FALSE,TRUE,TRUE,2006,2006;2007,TRUE,TRUE,574,TRUE,2007,2007,classified_as_csi_in_available_labels_or_events
79518,12332,PILL,PROXYMED PHARMACY INC,micro,2008-07-31,574,-0.495,2008-06-30,total_market,FALSE,,,FALSE,,,,FALSE,TRUE,TRUE,2003,2003;2006,TRUE,TRUE,574,TRUE,2003,2003;2006,classified_as_csi_in_available_labels_or_events
80599,21606,LEH,LEHMAN BROTHERS HOLDINGS INC,mid,2008-09-17,574,-0.996768,2008-06-30,total_market,FALSE,,,FALSE,,,,FALSE,FALSE,FALSE,,"",FALSE,FALSE,,FALSE,,"",no_csi_classification_found_in_available_labels_or_events
88498,38400,AGIX,ATHEROGENICS INC,micro,2008-10-13,574,-0.828571,2008-09-30,total_market,FALSE,,,FALSE,,,,FALSE,TRUE,TRUE,2006,2006,TRUE,TRUE,574,TRUE,2006,2006,classified_as_csi_in_available_labels_or_events
88964,41459,FBTC,FIRST BANCTRUST,micro,2008-10-21,573,-0.319728,2008-09-30,total_market,FALSE,,,FALSE,,,,FALSE,FALSE,FALSE,,"",FALSE,FALSE,,FALSE,,"",no_csi_classification_found_in_available_labels_or_events
90437,45692,HCO,HYPERSPACE COMMUNICATIONS INC,micro,2008-10-21,574,-0.888889,2008-09-30,total_market,FALSE,,,FALSE,,,,FALSE,TRUE,TRUE,2006,2006,TRUE,TRUE,574,TRUE,2006,2006,classified_as_csi_in_available_labels_or_events
89743,44065,BXX,BROOKE CORP,micro,2008-10-23,574,-0.904762,2008-09-30,total_market,FALSE,,,FALSE,,,,FALSE,TRUE,TRUE,2007,2007,TRUE,FALSE,"",TRUE,2007,2007,classified_as_csi_in_available_labels_or_events
92235,52682,BCP,BROOKE CAPITAL CORP,micro,2008-10-23,574,-0.702128,2008-09-30,total_market,FALSE,,,FALSE,,,,FALSE,TRUE,TRUE,2007,2007,TRUE,TRUE,574,FALSE,,"",classified_as_csi_in_available_labels_or_events
90877,47222,WRSP,WORLDSPACE INC,micro,2008-10-29,574,-0.938462,2008-09-30,total_market,FALSE,,,FALSE,,,,FALSE,TRUE,TRUE,2006,2006;2007,TRUE,TRUE,574,TRUE,2007,2007,classified_as_csi_in_available_labels_or_events
91322,50850,VSE,VERASUN ENERGY CORP,small,2008-10-31,574,-0.895833,2008-09-30,total_market,FALSE,,,FALSE,,,,FALSE,TRUE,TRUE,2007,2007,TRUE,TRUE,574,TRUE,2007,2007,classified_as_csi_in_available_labels_or_events
91903,51994,HYDG,HYDROGEN CORP,micro,2008-11-06,574,-0.5,2008-09-30,total_market,FALSE,,,FALSE,,,,FALSE,TRUE,TRUE,2007,2007,TRUE,TRUE,574,TRUE,2007,2007,classified_as_csi_in_available_labels_or_events
47175,20453,WRD,WARDS INC,micro,2008-11-07,574,-0.5,2008-09-30,total_market,FALSE,,,FALSE,,,,FALSE,TRUE,TRUE,2006,2006;2007,TRUE,TRUE,574,TRUE,2007,2007,classified_as_csi_in_available_labels_or_events
70965,21407,CHX,PILGRIMS PRIDE CORP,micro,2008-12-01,574,-0.873913,2008-09-30,total_market,FALSE,,,FALSE,,,,FALSE,TRUE,TRUE,2007,2007,TRUE,FALSE,"",TRUE,2007,2007,classified_as_csi_in_available_labels_or_events
89308,42785,MBVA,MILLENNIUM BANKSHARES CORP,micro,2008-12-19,573,-0.673913,2008-09-30,total_market,FALSE,,,FALSE,,,,FALSE,TRUE,TRUE,2007,2007,TRUE,FALSE,"",TRUE,2007,2007,classified_as_csi_in_available_labels_or_events
89458,43335,AMY,AMREIT INC,micro,2008-12-19,573,-0.270929,2008-09-30,total_market,FALSE,,,FALSE,,,,FALSE,FALSE,FALSE,,"",FALSE,FALSE,,FALSE,,"",no_csi_classification_found_in_available_labels_or_events
81028,30485,EXX,E X X INC,micro,2008-12-24,573,-0.088889,2008-09-30,total_market,FALSE,,,FALSE,,,,FALSE,FALSE,FALSE,,"",FALSE,FALSE,,FALSE,,"",no_csi_classification_found_in_available_labels_or_events
81029,,,,,2008-12-24,573,-0.651163,,,FALSE,,,FALSE,,,,FALSE,FALSE,FALSE,,,FALSE,FALSE,,FALSE,,,no_csi_classification_found_in_available_labels_or_events
92340,7507,TCDN,TECHDYNE INC,micro,2008-12-26,573,-0.849057,2008-09-30,total_market,FALSE,,,FALSE,,,,FALSE,TRUE,TRUE,2007,2007,TRUE,FALSE,"",TRUE,2007,2007,classified_as_csi_in_available_labels_or_events
91896,,,,,2008-12-31,573,0.034965,,,FALSE,,,FALSE,,,,FALSE,FALSE,FALSE,,,FALSE,FALSE,,FALSE,,,no_csi_classification_found_in_available_labels_or_events
89566,43682,CNST,CONSTAR INTERNATIONAL INC NEW,micro,2009-01-07,574,-0.171271,2008-12-31,total_market,FALSE,,,FALSE,,,,FALSE,TRUE,TRUE,2007,2007,TRUE,TRUE,574,TRUE,2007,2007,classified_as_csi_in_available_labels_or_events
90826,47180,BUN,BABYUNIVERSE INC,micro,2009-01-07,574,0.5,2008-12-31,total_market,FALSE,,,FALSE,,,,FALSE,TRUE,TRUE,2007,2007,TRUE,TRUE,574,TRUE,2007,2007,classified_as_csi_in_available_labels_or_events
85633,32169,SIL,APEX SILVER MINES LTD,micro,2009-01-12,574,-0.989796,2008-12-31,total_market,FALSE,,,FALSE,,,,FALSE,TRUE,TRUE,2007,2007,TRUE,FALSE,"",TRUE,2007,2007,classified_as_csi_in_available_labels_or_events
58640,21301,NE,NORTHERN ELECTRIC LTD,micro,2009-01-13,574,-0.596154,2008-12-31,total_market,FALSE,,,FALSE,,,,FALSE,TRUE,TRUE,2000,2000;2003;2006;2007,TRUE,TRUE,574,TRUE,2000,2000;2003;2007,classified_as_csi_in_available_labels_or_events
26535,,,,,2009-01-21,574,-0.697337,,,FALSE,,,FALSE,,,,FALSE,FALSE,FALSE,,,FALSE,FALSE,,FALSE,,,no_csi_classification_found_in_available_labels_or_events
91420,,,,,2009-01-23,574,-0.631579,,,FALSE,,,FALSE,,,,FALSE,FALSE,FALSE,,,FALSE,FALSE,,FALSE,,,no_csi_classification_found_in_available_labels_or_events
91022,49998,DEIX,DIRECTED ELECTRONICS INC,micro,2009-02-05,573,-0.454545,2008-12-31,total_market,FALSE,,,FALSE,,,,FALSE,TRUE,TRUE,2006,2006;2007,TRUE,TRUE,573,TRUE,2007,2007,classified_as_csi_in_available_labels_or_events
11998,9856,LENS,CONCORD CAMERA CORP,micro,2009-02-06,574,-0.137255,2008-12-31,total_market,FALSE,,,FALSE,,,,FALSE,TRUE,TRUE,2003,2003;2006;2007;2008,TRUE,TRUE,574,TRUE,2003,2003,classified_as_csi_in_available_labels_or_events
84031,31768,MWY,MIDWAY GAMES INC,micro,2009-02-12,574,-0.58,2008-12-31,total_market,FALSE,,,FALSE,,,,FALSE,TRUE,TRUE,2006,2006;2007,TRUE,TRUE,574,TRUE,2007,2007,classified_as_csi_in_available_labels_or_events
85923,34698,PEN,PENTEGRA DENTAL GROUP INC,micro,2009-02-13,573,-0.800133,2008-12-31,total_market,FALSE,,,FALSE,,,,FALSE,TRUE,TRUE,1999,1999;2003;2006,TRUE,TRUE,573,TRUE,2006,2006,classified_as_csi_in_available_labels_or_events
90911,47449,TRMP,TRUMP ENTERTAINMENT RESORTS INC,micro,2009-02-25,574,-0.652174,2008-12-31,total_market,FALSE,,,FALSE,,,,FALSE,TRUE,TRUE,2006,2006;2007,TRUE,TRUE,574,TRUE,2007,2007,classified_as_csi_in_available_labels_or_events
11881,9689,ILEX,INTERNATIONAL LEISURE ENTPR INC,micro,2009-03-03,574,-0.998113,2008-12-31,total_market,FALSE,,,FALSE,,,,FALSE,TRUE,TRUE,2007,2007,TRUE,FALSE,"",TRUE,2007,2007,classified_as_csi_in_available_labels_or_events
87619,18311,MIEC,MAGNA ENTERTAINMENT CORP,micro,2009-03-13,574,-0.777778,2008-12-31,total_market,FALSE,,,FALSE,,,,FALSE,TRUE,TRUE,2006,2006,TRUE,FALSE,"",TRUE,2006,2006,classified_as_csi_in_available_labels_or_events
85837,15964,NASI,NORTH AMERICAN SCIENTIFIC INC,micro,2009-03-20,574,-0.840426,2008-12-31,total_market,FALSE,,,FALSE,,,,FALSE,TRUE,TRUE,2004,2004;2006;2007;2008,TRUE,TRUE,574,TRUE,2004,2004;2006;2008,classified_as_csi_in_available_labels_or_events
87002,16598,TFIN,TEAM FINANCIAL INC,micro,2009-03-24,574,0.333333,2008-12-31,total_market,FALSE,,,FALSE,,,,FALSE,TRUE,TRUE,2007,2007,TRUE,TRUE,574,TRUE,2007,2007,classified_as_csi_in_available_labels_or_events
87378,,,,,2009-04-06,574,0.274038,,,FALSE,,,FALSE,,,,FALSE,FALSE,FALSE,,,FALSE,FALSE,,FALSE,,,no_csi_classification_found_in_available_labels_or_events
91740,51658,MMPI,MERUELO MADDUX PROPERTIES INC,micro,2009-04-06,574,-0.246575,2009-03-31,total_market,FALSE,,,FALSE,,,,FALSE,TRUE,TRUE,2007,2007,TRUE,FALSE,"",TRUE,2007,2007,classified_as_csi_in_available_labels_or_events
74529,4599,TVIE,T V I ENERGY CORP,micro,2009-04-09,574,-0.75,2009-03-31,total_market,FALSE,,,FALSE,,,,FALSE,TRUE,TRUE,2006,2006;2007,TRUE,FALSE,"",TRUE,2006,2006;2007,classified_as_csi_in_available_labels_or_events
92012,52272,NBF,NOVA BIOSOURCE FUELS INC,micro,2009-04-13,574,-0.923077,2009-03-31,total_market,FALSE,,,FALSE,,,,FALSE,TRUE,TRUE,2007,2007;2008,TRUE,TRUE,574,FALSE,,"",classified_as_csi_in_available_labels_or_events
66130,20325,BOW,BOWATER INC,micro,2009-04-15,574,-0.763636,2009-03-31,total_market,FALSE,,,FALSE,,,,FALSE,TRUE,TRUE,2007,2007,TRUE,TRUE,574,TRUE,2007,2007,classified_as_csi_in_available_labels_or_events
91663,,,,,2009-04-28,574,-0.585366,,,FALSE,,,FALSE,,,,FALSE,FALSE,FALSE,,,FALSE,FALSE,,FALSE,,,no_csi_classification_found_in_available_labels_or_events
79568,12417,ASYT,ASYST TECHNOLOGIES INC,micro,2009-04-29,574,-0.846429,2009-03-31,total_market,FALSE,,,FALSE,,,,FALSE,TRUE,TRUE,2003,2003;2005;2006;2007,TRUE,TRUE,574,TRUE,2005,2005;2007,classified_as_csi_in_available_labels_or_events
89631,43797,ILE,ISOLAGEN INC,micro,2009-05-06,574,-0.807692,2009-03-31,total_market,FALSE,,,FALSE,,,,FALSE,TRUE,TRUE,2007,2007,TRUE,TRUE,574,TRUE,2007,2007,classified_as_csi_in_available_labels_or_events
91681,51567,WSFG,W S B FINANCIAL GROUP,micro,2009-05-11,574,-0.865772,2009-03-31,total_market,FALSE,,,FALSE,,,,FALSE,TRUE,TRUE,2007,2007,TRUE,FALSE,"",TRUE,2007,2007,classified_as_csi_in_available_labels_or_events
48101,5616,KRSL,KREISLER MANUFACTURING CORP,micro,2009-05-13,573,-0.214286,2009-03-31,total_market,FALSE,,,FALSE,,,,FALSE,TRUE,TRUE,2008,2008,TRUE,TRUE,573,FALSE,,"",classified_as_csi_in_available_labels_or_events
92193,52539,ALUS,ALSIUS CORP DE,micro,2009-05-14,574,0.222222,2009-03-31,total_market,FALSE,,,FALSE,,,,FALSE,TRUE,TRUE,2007,2007,TRUE,TRUE,574,TRUE,2007,2007,classified_as_csi_in_available_labels_or_events
89930,14804,HAYZ,HAYES LEMMERZ INTERNATIONAL INC,micro,2009-05-20,574,-0.585799,2009-03-31,total_market,FALSE,,,FALSE,,,,FALSE,TRUE,TRUE,2007,2007,TRUE,TRUE,574,TRUE,2007,2007,classified_as_csi_in_available_labels_or_events
33815,4609,TXCO,EXPLORATION CO,micro,2009-05-27,574,-0.489362,2009-03-31,total_market,FALSE,,,FALSE,,,,FALSE,TRUE,TRUE,2007,2007;2008,TRUE,TRUE,574,TRUE,2008,2008,classified_as_csi_in_available_labels_or_events
12079,20799,,GENERAL MOTORS CORP,small,2009-06-01,574,-0.186667,2009-03-31,total_market,FALSE,,,FALSE,,,,FALSE,TRUE,TRUE,2007,2007,TRUE,TRUE,574,TRUE,2007,2007,classified_as_csi_in_available_labels_or_events
80479,12972,SPOR,SPORT HALEY INC,micro,2009-06-05,573,0.05,2009-03-31,total_market,FALSE,,,FALSE,,,,FALSE,TRUE,TRUE,2006,2006;2008,TRUE,TRUE,573,TRUE,2006,2006,classified_as_csi_in_available_labels_or_events
77967,11724,CSAR,CARAUSTAR INDUSTRIES INC,micro,2009-06-10,574,-0.61326,2009-03-31,total_market,FALSE,,,FALSE,,,,FALSE,TRUE,TRUE,2006,2006,TRUE,FALSE,"",TRUE,2006,2006,classified_as_csi_in_available_labels_or_events
80559,13110,NFLD,NORTHFIELD LABORATORIES INC,micro,2009-06-10,574,-0.52809,2009-03-31,total_market,FALSE,,,FALSE,,,,FALSE,TRUE,TRUE,2006,2006;2008,TRUE,FALSE,"",TRUE,2006,2006;2008,classified_as_csi_in_available_labels_or_events
91036,50011,AVZA,AVIZA TECHNOLOGY INC,micro,2009-06-18,574,-0.386503,2009-03-31,total_market,FALSE,,,FALSE,,,,FALSE,TRUE,TRUE,2007,2007,TRUE,FALSE,"",TRUE,2007,2007,classified_as_csi_in_available_labels_or_events
76904,11095,COOP,COOPERATIVE BANK FOR SAVINGS INC,micro,2009-06-19,574,-0.963636,2009-03-31,total_market,FALSE,,,FALSE,,,,FALSE,TRUE,TRUE,2007,2007,TRUE,TRUE,574,TRUE,2007,2007,classified_as_csi_in_available_labels_or_events
91280,50733,NSTR,NORTHSTAR NEUROSCIENCE INC,micro,2009-06-19,574,-0.029851,2009-03-31,total_market,FALSE,,,FALSE,,,,FALSE,TRUE,TRUE,2007,2007;2008,TRUE,TRUE,574,FALSE,,"",classified_as_csi_in_available_labels_or_events
82242,30953,TPR,TRANSPRO INC,micro,2009-06-24,574,-0.941176,2009-03-31,total_market,FALSE,,,FALSE,,,,FALSE,TRUE,TRUE,2006,2006;2007,TRUE,TRUE,574,TRUE,2007,2007,classified_as_csi_in_available_labels_or_events
91496,51304,EBHI,EDDIE BAUER HOLDINGS INC,micro,2009-06-25,574,-0.728884,2009-03-31,total_market,FALSE,,,FALSE,,,,FALSE,TRUE,TRUE,2007,2007,TRUE,FALSE,"",TRUE,2007,2007,classified_as_csi_in_available_labels_or_events
90355,45556,CALL,CALLWAVE INC,micro,2009-06-26,573,0.304348,2009-03-31,total_market,FALSE,,,FALSE,,,,FALSE,TRUE,TRUE,2007,2007,TRUE,TRUE,573,TRUE,2007,2007,classified_as_csi_in_available_labels_or_events
80422,,,,,2009-07-01,574,-0.54,,,FALSE,,,FALSE,,,,FALSE,FALSE,FALSE,,,FALSE,FALSE,,FALSE,,,no_csi_classification_found_in_available_labels_or_events
86006,16068,UPFC,UNITED PANAM FINANCIAL CORP,micro,2009-07-02,573,-0.253521,2009-06-30,total_market,FALSE,,,FALSE,,,,FALSE,TRUE,TRUE,2007,2007,TRUE,FALSE,"",TRUE,2007,2007,classified_as_csi_in_available_labels_or_events
85714,15864,SNBJ,S N B BANCSHARES INC GA,micro,2009-07-24,574,-0.886105,2009-06-30,total_market,FALSE,,,FALSE,,,,FALSE,TRUE,TRUE,2007,2007,TRUE,TRUE,574,TRUE,2007,2007,classified_as_csi_in_available_labels_or_events
91268,50726,BWTR,BASIN WATER INC,micro,2009-07-24,574,-0.825,2009-06-30,total_market,FALSE,,,FALSE,,,,FALSE,TRUE,TRUE,2007,2007,TRUE,TRUE,574,TRUE,2007,2007,classified_as_csi_in_available_labels_or_events
90480,46002,FSTF,FIRST STATE FINANCIAL CORP,micro,2009-08-11,574,-0.857143,2009-06-30,total_market,FALSE,,,FALSE,,,,FALSE,TRUE,TRUE,2007,2007,TRUE,TRUE,574,TRUE,2007,2007,classified_as_csi_in_available_labels_or_events
89237,7502,IUCO,IRWIN UNION CORP,micro,2009-09-18,574,-0.909091,2009-06-30,total_market,FALSE,,,FALSE,,,,FALSE,TRUE,TRUE,2007,2007,TRUE,TRUE,574,TRUE,2007,2007,classified_as_csi_in_available_labels_or_events
90093,45001,TBHS,BANK HOLDINGS THE,micro,2009-09-28,573,-0.226415,2009-06-30,total_market,FALSE,,,FALSE,,,,FALSE,TRUE,TRUE,2007,2007,TRUE,FALSE,"",TRUE,2007,2007,classified_as_csi_in_available_labels_or_events
84530,15360,EPEX,EDGE PETROLEUM CORP DEL,micro,2009-10-12,574,-0.835685,2009-09-30,total_market,FALSE,,,FALSE,,,,FALSE,TRUE,TRUE,2007,2007,TRUE,TRUE,574,TRUE,2007,2007,classified_as_csi_in_available_labels_or_events
90555,,,,,2009-10-23,574,-0.790244,,,FALSE,,,FALSE,,,,FALSE,FALSE,FALSE,,,FALSE,FALSE,,FALSE,,,no_csi_classification_found_in_available_labels_or_events
90229,45302,LDIS,LEADIS TECHNOLOGY INC,micro,2009-10-27,574,-0.04902,2009-09-30,total_market,FALSE,,,FALSE,,,,FALSE,TRUE,TRUE,2007,2007,TRUE,TRUE,574,TRUE,2007,2007,classified_as_csi_in_available_labels_or_events
89463,,,,,2009-11-02,574,-0.6625,,,FALSE,,,FALSE,,,,FALSE,FALSE,FALSE,,,FALSE,FALSE,,FALSE,,,no_csi_classification_found_in_available_labels_or_events
92315,52783,STXX,SOUTH TEXAS OIL CO,micro,2009-11-05,574,-0.758308,2009-09-30,total_market,FALSE,,,FALSE,,,,FALSE,TRUE,TRUE,2007,2007,TRUE,FALSE,"",TRUE,2007,2007,classified_as_csi_in_available_labels_or_events
75764,10197,CSLR,CONSULIER ENGINEERING INC,micro,2009-11-06,573,-0.176172,2009-09-30,total_market,FALSE,,,FALSE,,,,FALSE,FALSE,FALSE,,"",FALSE,FALSE,,FALSE,,"",no_csi_classification_found_in_available_labels_or_events
41419,20426,CHB,CHAMPION HOME BLDRS CO,micro,2009-11-13,574,-0.75,2009-09-30,total_market,FALSE,,,FALSE,,,,FALSE,TRUE,TRUE,2007,2007,TRUE,TRUE,574,TRUE,2007,2007,classified_as_csi_in_available_labels_or_events
77576,,,,,2009-11-17,574,-0.846154,,,FALSE,,,FALSE,,,,FALSE,FALSE,FALSE,,,FALSE,FALSE,,FALSE,,,no_csi_classification_found_in_available_labels_or_events
89751,44076,TPE,TETON PETROLEUM CO,micro,2009-11-17,574,-0.909091,2009-09-30,total_market,FALSE,,,FALSE,,,,FALSE,TRUE,TRUE,2007,2007,TRUE,FALSE,"",TRUE,2007,2007,classified_as_csi_in_available_labels_or_events
92284,7801,TSOF,TSO FINL CORP,micro,2009-11-17,574,-0.861034,2009-09-30,total_market,FALSE,,,FALSE,,,,FALSE,TRUE,TRUE,2007,2007,TRUE,TRUE,574,TRUE,2007,2007,classified_as_csi_in_available_labels_or_events
91347,50853,XNL,XETHANOL CORP,micro,2009-11-24,574,-0.818512,2009-09-30,total_market,FALSE,,,FALSE,,,,FALSE,TRUE,TRUE,2006,2006;2008,TRUE,TRUE,574,TRUE,2006,2006;2008,classified_as_csi_in_available_labels_or_events
88165,37159,GOAM,GOAMERICA INC,micro,2009-11-25,573,-0.821418,2009-09-30,total_market,FALSE,,,FALSE,,,,FALSE,TRUE,TRUE,2000,2000;2003;2007,TRUE,TRUE,573,TRUE,2000,2000;2003;2007,classified_as_csi_in_available_labels_or_events
89498,43502,BOMK,BANK MCKENNEY VA,micro,2009-12-17,573,-0.011628,2009-09-30,total_market,FALSE,,,FALSE,,,,FALSE,FALSE,FALSE,,"",FALSE,FALSE,,FALSE,,"",no_csi_classification_found_in_available_labels_or_events
84911,26020,STC,STEPHAN CO,micro,2009-12-18,573,0.026415,2009-09-30,total_market,FALSE,,,FALSE,,,,FALSE,TRUE,TRUE,2007,2007;2008,TRUE,TRUE,573,FALSE,,"",classified_as_csi_in_available_labels_or_events
85192,15570,LZRCF,T L C THE LASER CENTER INC,micro,2009-12-24,574,-0.768561,2009-09-30,total_market,FALSE,,,FALSE,,,,FALSE,TRUE,TRUE,2000,2000;2006;2008,TRUE,TRUE,574,TRUE,2006,2006;2008,classified_as_csi_in_available_labels_or_events
88432,37927,DCGN,DECODE GENETICS INC,micro,2010-01-05,574,-0.607143,2009-12-31,total_market,FALSE,,,FALSE,,,,FALSE,TRUE,TRUE,2007,2007;2008,TRUE,FALSE,"",TRUE,2007,2007;2008,classified_as_csi_in_available_labels_or_events
10563,8472,HRZB,HORIZON BANK BELLINGHAM WA,micro,2010-01-11,574,-0.82238,2009-12-31,total_market,FALSE,,,FALSE,,,,FALSE,TRUE,TRUE,2007,2007;2008,TRUE,TRUE,574,TRUE,2008,2008,classified_as_csi_in_available_labels_or_events
11162,9014,MESL,MESA AIRLINES INC,micro,2010-01-13,574,-0.559435,2009-12-31,total_market,FALSE,,,FALSE,,,,FALSE,TRUE,TRUE,2007,2007;2008,TRUE,TRUE,574,TRUE,2007,2007;2008,classified_as_csi_in_available_labels_or_events
90127,45083,GMTN,GANDER MOUNTAIN CO,micro,2010-01-14,573,-0.005882,2009-12-31,total_market,FALSE,,,FALSE,,,,FALSE,TRUE,TRUE,2007,2007;2008,TRUE,TRUE,573,FALSE,,"",classified_as_csi_in_available_labels_or_events
86419,16311,CBBO,COLUMBIA BANCORP ORE,micro,2010-01-25,574,-0.930435,2009-12-31,total_market,FALSE,,,FALSE,,,,FALSE,TRUE,TRUE,2007,2007,TRUE,TRUE,574,TRUE,2007,2007,classified_as_csi_in_available_labels_or_events
39766,2026,GRTB,GREAT AMERICAN BANK CENTURY,micro,2010-01-28,574,-0.833795,2009-12-31,total_market,FALSE,,,FALSE,,,,FALSE,TRUE,TRUE,2007,2007,TRUE,TRUE,574,TRUE,2007,2007,classified_as_csi_in_available_labels_or_events
33690,1606,EXCA,EXCALIBUR TECHNOLOGIES CORP,micro,2010-02-08,574,-0.26087,2009-12-31,total_market,FALSE,,,FALSE,,,,FALSE,TRUE,TRUE,2000,2000;2006;2008;2009,TRUE,TRUE,574,TRUE,2006,2006,classified_as_csi_in_available_labels_or_events
54439,20683,FPO,F P A CORP,micro,2010-03-01,574,-0.831206,2009-12-31,total_market,FALSE,,,FALSE,,,,FALSE,TRUE,TRUE,2007,2007;2008,TRUE,TRUE,574,TRUE,2008,2008,classified_as_csi_in_available_labels_or_events
90719,46845,BFNB,BEACH FIRST NATL BANCSHARES INC,micro,2010-04-09,574,-0.824561,2010-03-31,total_market,FALSE,,,FALSE,,,,FALSE,TRUE,TRUE,2007,2007,TRUE,FALSE,"",TRUE,2007,2007,classified_as_csi_in_available_labels_or_events
87024,16572,CTBK,CITY BANK LYNNWOOD WASHINGTON,micro,2010-04-16,574,-0.690265,2010-03-31,total_market,FALSE,,,FALSE,,,,FALSE,TRUE,TRUE,2007,2007,TRUE,FALSE,"",TRUE,2007,2007,classified_as_csi_in_available_labels_or_events
90317,45481,EPIK,EPIC BANCORP,micro,2010-04-16,574,-0.772676,2010-03-31,total_market,FALSE,,,FALSE,,,,FALSE,TRUE,TRUE,2008,2008,TRUE,FALSE,"",TRUE,2008,2008,classified_as_csi_in_available_labels_or_events
10304,8224,AMFI,AMCORE FINANCIAL INC,micro,2010-04-23,574,-0.735683,2010-03-31,total_market,FALSE,,,FALSE,,,,FALSE,TRUE,TRUE,2007,2007,TRUE,FALSE,"",TRUE,2007,2007,classified_as_csi_in_available_labels_or_events
75435,10062,HENG,HENLEY GROUP INC NEW,micro,2010-04-26,574,0.070176,2010-03-31,total_market,FALSE,,,FALSE,,,,FALSE,TRUE,TRUE,2006,2006;2008;2009,TRUE,TRUE,574,TRUE,2006,2006,classified_as_csi_in_available_labels_or_events
85978,16053,FTBK,FRONTIER FINANCIAL CORP WA,micro,2010-04-30,574,-0.879552,2010-03-31,total_market,FALSE,,,FALSE,,,,FALSE,TRUE,TRUE,2007,2007,TRUE,TRUE,574,TRUE,2007,2007,classified_as_csi_in_available_labels_or_events
81062,,,,,2010-06-17,574,-0.101796,,,FALSE,,,FALSE,,,,FALSE,FALSE,FALSE,,,FALSE,FALSE,,FALSE,,,no_csi_classification_found_in_available_labels_or_events
90970,48772,FNSC,FIRST NATIONAL BANCSHARES INC SC,micro,2010-07-07,574,-0.071429,2010-06-30,total_market,FALSE,,,FALSE,,,,FALSE,TRUE,TRUE,2007,2007;2009,TRUE,FALSE,"",TRUE,2007,2007;2009,classified_as_csi_in_available_labels_or_events
92099,,,,,2010-10-28,574,-0.639873,,,FALSE,,,FALSE,,,,FALSE,FALSE,FALSE,,,FALSE,FALSE,,FALSE,,,no_csi_classification_found_in_available_labels_or_events
11908,9721,NWGI,N W GROUP INC,micro,2010-11-03,573,-0.017595,2010-09-30,total_market,FALSE,,,FALSE,,,,FALSE,TRUE,TRUE,1999,1999;2005;2008;2009,TRUE,TRUE,573,TRUE,1999,1999;2005,classified_as_csi_in_available_labels_or_events
76757,29052,ABK,AMBAC INC,micro,2010-11-08,574,-0.814882,2010-09-30,total_market,FALSE,,,FALSE,,,,FALSE,TRUE,TRUE,2007,2007;2008;2009,TRUE,TRUE,574,TRUE,2007,2007;2009,classified_as_csi_in_available_labels_or_events
81889,13889,PHHM,PALM HARBOR HOMES INC,micro,2010-12-08,574,-0.238166,2010-09-30,total_market,FALSE,,,FALSE,,,,FALSE,TRUE,TRUE,2007,2007;2009,TRUE,FALSE,"",TRUE,2007,2007;2009,classified_as_csi_in_available_labels_or_events
26657,20844,,GREAT ATLANTIC & PAC TEA INC,micro,2010-12-10,574,-0.844,2010-09-30,total_market,FALSE,,,FALSE,,,,FALSE,TRUE,TRUE,2008,2008;2009,TRUE,TRUE,574,TRUE,2009,2009,classified_as_csi_in_available_labels_or_events
60273,1271,DCOR,DECORATOR INDUSTRIES INC,micro,2010-12-20,573,-0.705882,2010-09-30,total_market,FALSE,,,FALSE,,,,FALSE,TRUE,TRUE,2008,2008;2009,TRUE,TRUE,573,FALSE,,"",classified_as_csi_in_available_labels_or_events
91820,51809,MIPI,MOLECULAR INSIGHT PHARMS INC,micro,2010-12-20,574,-0.735,2010-09-30,total_market,FALSE,,,FALSE,,,,FALSE,TRUE,TRUE,2008,2008;2009,TRUE,TRUE,574,TRUE,2009,2009,classified_as_csi_in_available_labels_or_events
93348,,,,,2011-01-19,574,-0.842105,,,FALSE,,,FALSE,,,,FALSE,FALSE,FALSE,,,FALSE,FALSE,,FALSE,,,no_csi_classification_found_in_available_labels_or_events
93006,53200,HAWK,SEAHAWK DRILLING INC,micro,2011-02-23,574,-0.37797,2010-12-31,total_market,FALSE,,,FALSE,,,,FALSE,FALSE,FALSE,,"",FALSE,FALSE,,FALSE,,"",no_csi_classification_found_in_available_labels_or_events
82155,13907,AMIE,AMBASSADORS INTERNATIONAL INC,micro,2011-04-12,574,-0.905714,2011-03-31,total_market,FALSE,,,FALSE,,,,FALSE,TRUE,TRUE,2007,2007;2008;2009,TRUE,TRUE,574,TRUE,2007,2007;2009,classified_as_csi_in_available_labels_or_events
12188,9683,EARS,HEARX LTD,micro,2011-05-16,574,0.09375,2011-03-31,total_market,FALSE,,,FALSE,,,,FALSE,TRUE,TRUE,1999,1999;2003;2008;2009,TRUE,TRUE,574,TRUE,2003,2003;2009,classified_as_csi_in_available_labels_or_events
91179,50596,ONAV,OMEGA NAVIGATION ENTERPRISES INC,micro,2011-07-18,574,-0.402299,2011-06-30,total_market,FALSE,,,FALSE,,,,FALSE,TRUE,TRUE,2009,2009,TRUE,TRUE,574,TRUE,2009,2009,classified_as_csi_in_available_labels_or_events
88797,40986,CWBS,COMMONWEALTH BANKSHARES INC,micro,2011-09-26,574,-0.991538,2011-06-30,total_market,FALSE,,,FALSE,,,,FALSE,TRUE,TRUE,2009,2009,TRUE,TRUE,574,TRUE,2009,2009,classified_as_csi_in_available_labels_or_events
87129,16647,CHINA,CHINA COM CORP,micro,2011-10-05,574,-0.871287,2011-09-30,total_market,FALSE,,,FALSE,,,,FALSE,TRUE,TRUE,1999,1999;2003;2009,TRUE,TRUE,574,TRUE,2009,2009,classified_as_csi_in_available_labels_or_events
56602,20376,,CAGLES INC,micro,2011-10-19,574,-1,2011-09-30,total_market,FALSE,,,FALSE,,,,FALSE,TRUE,TRUE,2010,2010,TRUE,TRUE,574,FALSE,,"",classified_as_csi_in_available_labels_or_events
81530,30877,PMA,P M I GROUP INC,micro,2011-10-21,574,-0.74,2011-09-30,total_market,FALSE,,,FALSE,,,,FALSE,TRUE,TRUE,2007,2007;2009,TRUE,TRUE,574,TRUE,2007,2007;2009,classified_as_csi_in_available_labels_or_events
92190,52536,MF,M F GLOBAL LTD,small,2011-10-28,574,-0.939467,2011-09-30,total_market,FALSE,,,FALSE,,,,FALSE,TRUE,TRUE,2009,2009;2010,TRUE,TRUE,574,TRUE,2010,2010,classified_as_csi_in_available_labels_or_events
89018,41695,GMR,GENERAL MARITIME CORP,micro,2011-11-16,574,-0.846154,2011-09-30,total_market,FALSE,,,FALSE,,,,FALSE,TRUE,TRUE,2009,2009;2010,TRUE,TRUE,574,TRUE,2010,2010,classified_as_csi_in_available_labels_or_events
85216,15608,TRBR,TRAILER BRIDGE INC,micro,2011-11-25,574,-0.575,2011-09-30,total_market,FALSE,,,FALSE,,,,FALSE,TRUE,TRUE,2009,2009;2010,TRUE,TRUE,574,TRUE,2010,2010,classified_as_csi_in_available_labels_or_events
79259,12195,DPTR,DELTA PETROLEUM CORP,micro,2011-12-27,574,-0.785714,2011-09-30,total_market,FALSE,,,FALSE,,,,FALSE,TRUE,TRUE,2008,2008;2009;2010,TRUE,TRUE,574,TRUE,2008,2008;2010,classified_as_csi_in_available_labels_or_events
91369,50872,TNCC,TENNESSEE COMMERCE BANCORP INC,micro,2012-01-27,574,-0.714286,2011-12-30,total_market,FALSE,,,FALSE,,,,FALSE,TRUE,TRUE,2009,2009;2010,TRUE,TRUE,574,TRUE,2010,2010,classified_as_csi_in_available_labels_or_events
90746,46868,TBSI,T B S INTL LTD,micro,2012-02-15,574,-0.739809,2011-12-30,total_market,FALSE,,,FALSE,,,,FALSE,TRUE,TRUE,2009,2009,TRUE,TRUE,574,TRUE,2009,2009,classified_as_csi_in_available_labels_or_events
32636,1539,ENER,ENERGY CONVERSION DEVICES INC,micro,2012-02-23,574,-0.837624,2011-12-30,total_market,FALSE,,,FALSE,,,,FALSE,TRUE,TRUE,2009,2009;2010;2011,TRUE,TRUE,574,TRUE,2009,2009,classified_as_csi_in_available_labels_or_events
93430,53448,CYDE,CYBERDEFENDER CORP,micro,2012-03-02,574,-0.611111,2011-12-30,total_market,FALSE,,,FALSE,,,,FALSE,TRUE,TRUE,2010,2010,TRUE,TRUE,574,TRUE,2010,2010,classified_as_csi_in_available_labels_or_events
93395,53421,JNGW,JINGWEI INTERNATIONAL LTD,micro,2012-03-29,573,-0.390995,2011-12-30,total_market,FALSE,,,FALSE,,,,FALSE,FALSE,FALSE,,"",FALSE,FALSE,,FALSE,,"",no_csi_classification_found_in_available_labels_or_events
89919,44628,PNCL,PINNACLE AIRLINES CORP,micro,2012-04-10,574,-0.674074,2012-03-30,total_market,FALSE,,,FALSE,,,,FALSE,TRUE,TRUE,2010,2010,TRUE,TRUE,574,TRUE,2010,2010,classified_as_csi_in_available_labels_or_events
84311,15220,FUEL,STREICHER MOBILE FUELING INC,micro,2012-04-24,574,-0.752137,2012-03-30,total_market,FALSE,,,FALSE,,,,FALSE,TRUE,TRUE,2006,2006;2009;2010;2011,TRUE,TRUE,574,TRUE,2006,2006;2011,classified_as_csi_in_available_labels_or_events
92346,52810,PCX,PATRIOT COAL CORP,micro,2012-07-09,574,-0.822131,2012-06-29,total_market,FALSE,,,FALSE,,,,FALSE,TRUE,TRUE,2010,2010;2011,TRUE,TRUE,574,TRUE,2011,2011,classified_as_csi_in_available_labels_or_events
77582,11504,VLNC,VALENCE TECHNOLOGY INC,micro,2012-07-11,574,-0.919485,2012-06-29,total_market,FALSE,,,FALSE,,,,FALSE,TRUE,TRUE,2000,2000;2007;2010;2011,TRUE,TRUE,574,TRUE,2007,2007,classified_as_csi_in_available_labels_or_events
46950,2589,KVPH,K V PHARMACEUTICAL CO,micro,2012-08-03,574,-0.790909,2012-06-29,total_market,FALSE,,,FALSE,,,,FALSE,TRUE,TRUE,2010,2010,TRUE,FALSE,"",TRUE,2010,2010,classified_as_csi_in_available_labels_or_events
77158,,,,,2012-08-03,574,-0.746269,,,FALSE,,,FALSE,,,,FALSE,FALSE,FALSE,,,FALSE,FALSE,,FALSE,,,no_csi_classification_found_in_available_labels_or_events
88906,41266,ATPG,A T P OIL & GAS CORP,micro,2012-08-28,574,-0.81931,2012-06-29,total_market,FALSE,,,FALSE,,,,FALSE,TRUE,TRUE,2010,2010,TRUE,TRUE,574,TRUE,2010,2010,classified_as_csi_in_available_labels_or_events
78073,11802,SATC,SATCON TECHNOLOGY CORP,micro,2012-10-25,574,-0.773636,2012-09-28,total_market,FALSE,,,FALSE,,,,FALSE,TRUE,TRUE,2001,2001;2005;2010;2011,TRUE,TRUE,574,TRUE,2001,2001;2010,classified_as_csi_in_available_labels_or_events
93037,53217,AONE,A123 SYSTEMS INC,micro,2012-11-06,574,-0.328929,2012-09-28,total_market,FALSE,,,FALSE,,,,FALSE,TRUE,TRUE,2010,2010,TRUE,TRUE,574,TRUE,2010,2010,classified_as_csi_in_available_labels_or_events
51457,21346,OSG,OVERSEAS SHIPHOLDING GROUP INC,micro,2012-11-13,574,-0.510268,2012-09-28,total_market,FALSE,,,FALSE,,,,FALSE,TRUE,TRUE,2010,2010;2011,TRUE,TRUE,574,TRUE,2011,2011,classified_as_csi_in_available_labels_or_events
76999,11056,TOYH,T H Q INC,micro,2012-12-27,574,-0.765517,2012-09-28,total_market,FALSE,,,FALSE,,,,FALSE,TRUE,TRUE,1993,1993;2010;2011,TRUE,FALSE,"",TRUE,2010,2010;2011,classified_as_csi_in_available_labels_or_events
64864,238,AMPLA,AMPAL AMERICAN ISRAEL CORP,micro,2013-01-18,574,-0.334507,2012-12-31,total_market,FALSE,,,FALSE,,,,FALSE,TRUE,TRUE,2010,2010;2011,TRUE,TRUE,574,TRUE,2010,2010,classified_as_csi_in_available_labels_or_events
84330,15207,PWAV,POWERWAVE TECHNOLOGIES INC,micro,2013-01-29,574,-0.858065,2012-12-31,total_market,FALSE,,,FALSE,,,,FALSE,TRUE,TRUE,2007,2007;2010;2011,TRUE,TRUE,574,TRUE,2010,2010,classified_as_csi_in_available_labels_or_events
86189,16144,SCHS,SCHOOL SPECIALTY INC,micro,2013-02-05,574,0.067961,2012-12-31,total_market,FALSE,,,FALSE,,,,FALSE,TRUE,TRUE,2010,2010,TRUE,TRUE,574,TRUE,2010,2010,classified_as_csi_in_available_labels_or_events
88945,41271,GMXR,G M X RESOURCES INC,micro,2013-03-28,574,-0.730594,2013-03-28,total_market,FALSE,,,FALSE,,,,FALSE,TRUE,TRUE,2008,2008;2010;2012,TRUE,FALSE,"",TRUE,2008,2008;2010;2012,classified_as_csi_in_available_labels_or_events
92434,52860,FABK,FIRST ADVANTAGE BANCORP,micro,2013-05-10,573,-0.006078,2013-03-28,total_market,FALSE,,,FALSE,,,,FALSE,FALSE,FALSE,,"",FALSE,FALSE,,FALSE,,"",no_csi_classification_found_in_available_labels_or_events
90196,28305,XIDE,EXIDE TECHNOLOGIES,micro,2013-06-21,574,-0.65708,2013-03-28,total_market,FALSE,,,FALSE,,,,FALSE,TRUE,TRUE,2010,2010;2011;2012,TRUE,TRUE,574,TRUE,2012,2012,classified_as_csi_in_available_labels_or_events
13115,,,,,2013-06-25,574,-0.869198,,,FALSE,,,FALSE,,,,FALSE,FALSE,FALSE,,,FALSE,FALSE,,FALSE,,,no_csi_classification_found_in_available_labels_or_events
93391,53417,ECTY,ECOTALITY INC,micro,2013-09-26,574,-0.648148,2013-06-28,total_market,FALSE,,,FALSE,,,,FALSE,TRUE,TRUE,2011,2011;2012,TRUE,TRUE,574,FALSE,,"",classified_as_csi_in_available_labels_or_events
88359,37730,MOBE,MOBILITY ELECTRONICS INC,micro,2013-11-21,573,-0.278375,2013-09-30,total_market,FALSE,,,FALSE,,,,FALSE,TRUE,TRUE,2010,2010;2011;2012,TRUE,TRUE,573,TRUE,2010,2010,classified_as_csi_in_available_labels_or_events
93355,53398,OCZ,O C Z TECHNOLOGY GROUP INC,micro,2013-12-26,574,-0.55595,2013-09-30,total_market,FALSE,,,FALSE,,,,FALSE,TRUE,TRUE,2011,2011;2012,TRUE,TRUE,574,TRUE,2012,2012,classified_as_csi_in_available_labels_or_events
87755,18454,BRZE,BREEZECOM LTD,micro,2014-01-15,574,-0.344615,2013-12-31,total_market,FALSE,,,FALSE,,,,FALSE,TRUE,TRUE,2000,2000;2007;2009;2011;2012,TRUE,TRUE,574,TRUE,2007,2007;2009;2011,classified_as_csi_in_available_labels_or_events
93317,53378,GGS,GLOBAL GEOPHYSICAL SERVICES INC,micro,2014-03-25,574,-0.85,2013-12-31,total_market,FALSE,,,FALSE,,,,FALSE,TRUE,TRUE,2012,2012,TRUE,TRUE,574,TRUE,2012,2012,classified_as_csi_in_available_labels_or_events
90538,46106,JRCC,JAMES RIVER COAL CO,micro,2014-04-16,574,-0.599947,2014-03-31,total_market,FALSE,,,FALSE,,,,FALSE,TRUE,TRUE,2011,2011,TRUE,FALSE,"",TRUE,2011,2011,classified_as_csi_in_available_labels_or_events
90813,,,,,2014-04-21,574,0.068182,,,FALSE,,,FALSE,,,,FALSE,FALSE,FALSE,,,FALSE,FALSE,,FALSE,,,no_csi_classification_found_in_available_labels_or_events
84416,15293,CWTR,COLDWATER CREEK INC,micro,2014-04-22,574,-0.2625,2014-03-31,total_market,FALSE,,,FALSE,,,,FALSE,TRUE,TRUE,2009,2009;2011,TRUE,TRUE,574,TRUE,2009,2009;2011,classified_as_csi_in_available_labels_or_events
87856,7913,FACT,FIRST ALBANY COS INC,micro,2014-07-16,573,-0.039962,2014-06-30,total_market,FALSE,,,FALSE,,,,FALSE,TRUE,TRUE,2005,2005;2009;2011;2012;2013,TRUE,TRUE,573,TRUE,2009,2009;2011,classified_as_csi_in_available_labels_or_events
77011,10759,ZOOMF,ZOOM TELEPHONICS INC,micro,2014-08-20,573,-0.851852,2014-06-30,total_market,FALSE,,,FALSE,,,,FALSE,TRUE,TRUE,2000,2000;2004;2006;2009;2012,TRUE,TRUE,573,TRUE,2004,2004;2009;2012,classified_as_csi_in_available_labels_or_events
90204,45277,END,ENDEAVOUR INTERNATIONAL CORP,micro,2014-10-07,574,-0.816054,2014-09-30,total_market,FALSE,,,FALSE,,,,FALSE,TRUE,TRUE,2012,2012;2013,TRUE,TRUE,574,TRUE,2013,2013,classified_as_csi_in_available_labels_or_events
92758,53062,SOLR,G T SOLAR INTERNATIONAL,small,2014-10-15,574,-0.966297,2014-09-30,total_market,FALSE,,,FALSE,,,,FALSE,FALSE,FALSE,,"",FALSE,FALSE,,FALSE,,"",no_csi_classification_found_in_available_labels_or_events
80971,13401,DUCK,DUCKWALL ALCO STORES INC NEW,micro,2014-10-21,574,-0.865,2014-09-30,total_market,FALSE,,,FALSE,,,,FALSE,TRUE,TRUE,2012,2012;2013,TRUE,TRUE,574,TRUE,2013,2013,classified_as_csi_in_available_labels_or_events
88335,37710,DNDN,DENDREON CORP,micro,2014-11-18,574,-0.83563,2014-09-30,total_market,FALSE,,,FALSE,,,,FALSE,TRUE,TRUE,2011,2011;2013,TRUE,TRUE,574,TRUE,2011,2011;2013,classified_as_csi_in_available_labels_or_events
92319,52786,TSON,TRANS1 INC,micro,2014-11-21,574,-0.917127,2014-09-30,total_market,FALSE,,,FALSE,,,,FALSE,TRUE,TRUE,2012,2012;2013,TRUE,TRUE,574,TRUE,2013,2013,classified_as_csi_in_available_labels_or_events
91014,49990,DLIA,DELIA S INC NEW,micro,2014-12-19,574,-0.924051,2014-09-30,total_market,FALSE,,,FALSE,,,,FALSE,TRUE,TRUE,2012,2012;2013,TRUE,TRUE,574,TRUE,2013,2013,classified_as_csi_in_available_labels_or_events
76217,10669,WTSLA,WET SEAL INC,micro,2015-01-26,574,-0.539291,2014-12-31,total_market,FALSE,,,FALSE,,,,FALSE,TRUE,TRUE,2012,2012;2013,TRUE,TRUE,574,TRUE,2013,2013,classified_as_csi_in_available_labels_or_events
15560,21711,,AMERICAN HIDE & LEATHER CO,micro,2015-02-02,574,-0.60664,2014-12-31,total_market,FALSE,,,FALSE,,,,FALSE,TRUE,TRUE,2010,2010;2012;2013,TRUE,TRUE,574,TRUE,2010,2010;2013,classified_as_csi_in_available_labels_or_events
88537,38435,IVAN,IVANHOE ENERGY INC,micro,2015-03-02,574,-0.137931,2014-12-31,total_market,FALSE,,,FALSE,,,,FALSE,TRUE,TRUE,2012,2012;2013,TRUE,FALSE,"",TRUE,2012,2012;2013,classified_as_csi_in_available_labels_or_events
14152,54553,CRRS,CORPORATE RESOURCE SERVICES INC,micro,2015-03-03,574,-0.544592,2014-12-31,total_market,FALSE,,,FALSE,,,,FALSE,TRUE,TRUE,2014,2014,TRUE,FALSE,"",TRUE,2014,2014,classified_as_csi_in_available_labels_or_events
91976,52248,ANV,ALLIED NEVADA GOLD CORP,micro,2015-03-09,574,-0.894,2014-12-31,total_market,FALSE,,,FALSE,,,,FALSE,TRUE,TRUE,2012,2012;2014,TRUE,TRUE,574,TRUE,2012,2012,classified_as_csi_in_available_labels_or_events
90536,46105,GFIG,G F I GROUP INC,small,2015-04-09,573,-0.028668,2015-03-31,total_market,FALSE,,,FALSE,,,,FALSE,TRUE,TRUE,2012,2012;2013,TRUE,TRUE,573,FALSE,,"",classified_as_csi_in_available_labels_or_events
13378,54002,ROIQ,R O I ACQUISITION CORP,micro,2015-04-16,574,-0.840833,2015-03-31,total_market,FALSE,,,FALSE,,,,FALSE,TRUE,TRUE,2013,2013,TRUE,TRUE,574,TRUE,2013,2013,classified_as_csi_in_available_labels_or_events
14266,54621,AMZG,AMERICAN EAGLE ENERGY CORP,micro,2015-05-11,574,-0.694297,2015-03-31,total_market,FALSE,,,FALSE,,,,FALSE,TRUE,TRUE,2013,2013,TRUE,FALSE,"",TRUE,2013,2013,classified_as_csi_in_available_labels_or_events
12399,53575,IMRS,IMRIS INC,micro,2015-06-03,574,-0.609195,2015-03-31,total_market,FALSE,,,FALSE,,,,FALSE,TRUE,TRUE,2012,2012;2013,TRUE,TRUE,574,TRUE,2013,2013,classified_as_csi_in_available_labels_or_events
12903,53835,SARA,SARATOGA RESOURCES INC,micro,2015-06-18,574,-0.607143,2015-03-31,total_market,FALSE,,,FALSE,,,,FALSE,TRUE,TRUE,2012,2012;2013,TRUE,TRUE,574,TRUE,2013,2013,classified_as_csi_in_available_labels_or_events
92540,52932,MDW,MIDWAY GOLD CORP,micro,2015-06-19,574,-0.811111,2015-03-31,total_market,FALSE,,,FALSE,,,,FALSE,TRUE,TRUE,2013,2013;2014,TRUE,TRUE,574,TRUE,2014,2014,classified_as_csi_in_available_labels_or_events
12440,53604,CTP,CTPARTNERS EXECUTIVE SEARCH INC,micro,2015-06-22,574,-0.542088,2015-03-31,total_market,FALSE,,,FALSE,,,,FALSE,TRUE,TRUE,2014,2014,TRUE,TRUE,574,FALSE,,"",classified_as_csi_in_available_labels_or_events
11999,53465,MCP,MOLYCORP INC DE,micro,2015-06-24,574,-0.773628,2015-03-31,total_market,FALSE,,,FALSE,,,,FALSE,TRUE,TRUE,2011,2011;2013,TRUE,TRUE,574,TRUE,2011,2011;2013,classified_as_csi_in_available_labels_or_events
90411,45718,INCX,INTERCHANGE CORP,micro,2015-07-02,574,-0.551913,2015-06-30,total_market,FALSE,,,FALSE,,,,FALSE,TRUE,TRUE,2010,2010;2011;2013,TRUE,TRUE,574,TRUE,2010,2010;2011;2013,classified_as_csi_in_available_labels_or_events
75527,8820,QUIK,QUIKSILVER INC,micro,2015-09-08,574,-0.790746,2015-06-30,total_market,FALSE,,,FALSE,,,,FALSE,TRUE,TRUE,2013,2013,TRUE,TRUE,574,TRUE,2013,2013,classified_as_csi_in_available_labels_or_events
45560,6785,INPH,INTERPHASE CORP,micro,2015-10-09,574,-0.881107,2015-09-30,total_market,FALSE,,,FALSE,,,,FALSE,TRUE,TRUE,2013,2013,TRUE,TRUE,574,TRUE,2013,2013,classified_as_csi_in_available_labels_or_events
91419,51101,PRC,PETRO RESOURCES CORP,micro,2015-11-10,574,-0.924869,2015-09-30,total_market,FALSE,,,FALSE,,,,FALSE,TRUE,TRUE,2014,2014,TRUE,TRUE,574,TRUE,2014,2014,classified_as_csi_in_available_labels_or_events
81298,30857,FWV,FIRST WEST VIRGINIA BANCORP INC,micro,2015-11-13,573,-0.072084,2015-09-30,total_market,FALSE,,,FALSE,,,,FALSE,FALSE,FALSE,,"",FALSE,FALSE,,FALSE,,"",no_csi_classification_found_in_available_labels_or_events
14004,54454,RCAP,R C S CAPITAL CORP,micro,2016-01-04,574,-0.924466,2015-12-31,total_market,FALSE,,,FALSE,,,,FALSE,TRUE,TRUE,2014,2014,TRUE,FALSE,"",TRUE,2014,2014,classified_as_csi_in_available_labels_or_events
80680,,,,,2016-01-04,574,-0.058824,,,FALSE,,,FALSE,,,,FALSE,FALSE,FALSE,,,FALSE,FALSE,,FALSE,,,no_csi_classification_found_in_available_labels_or_events
14261,16061,SFXE,S F X ENTERTAINMENT INC,micro,2016-02-09,574,-0.853846,2015-12-31,total_market,FALSE,,,FALSE,,,,FALSE,TRUE,TRUE,2014,2014,TRUE,TRUE,574,TRUE,2014,2014,classified_as_csi_in_available_labels_or_events
80858,13296,WAVX,WAVE SYSTEMS CORP,micro,2016-02-09,574,-0.952747,2015-12-31,total_market,FALSE,,,FALSE,,,,FALSE,TRUE,TRUE,1999,1999;2002;2007;2011;2013;2014,TRUE,FALSE,"",TRUE,1999,1999;2002;2011;2013;2014,classified_as_csi_in_available_labels_or_events
92535,52930,GRH,GREENHUNTER ENGERY INC,micro,2016-03-01,574,1.162162,2015-12-31,total_market,FALSE,,,FALSE,,,,FALSE,TRUE,TRUE,2008,2008;2013,TRUE,FALSE,"",TRUE,2008,2008;2013,classified_as_csi_in_available_labels_or_events
90192,45201,RJET,REPUBLIC AIRWAYS HOLDINGS INC,micro,2016-03-07,574,0.889189,2015-12-31,total_market,FALSE,,,FALSE,,,,FALSE,TRUE,TRUE,2014,2014,TRUE,TRUE,574,TRUE,2014,2014,classified_as_csi_in_available_labels_or_events
12637,53701,VOG,VOYAGER OIL & GAS INC,micro,2016-03-22,574,-0.624953,2015-12-31,total_market,FALSE,,,FALSE,,,,FALSE,TRUE,TRUE,2013,2013,TRUE,FALSE,"",TRUE,2013,2013,classified_as_csi_in_available_labels_or_events
89452,43331,QTWW,QUANTUM FUEL SYS TECH WORLDWIDE,micro,2016-03-31,574,0.026217,2016-03-31,total_market,FALSE,,,FALSE,,,,FALSE,TRUE,TRUE,2007,2007;2010;2013;2014;2015,TRUE,TRUE,574,TRUE,2007,2007;2010;2013,classified_as_csi_in_available_labels_or_events
88991,41580,BTU,PEABODY ENERGY CORP,micro,2016-04-13,574,-0.644397,2016-03-31,total_market,FALSE,,,FALSE,,,,FALSE,TRUE,TRUE,2013,2013;2015,TRUE,TRUE,574,TRUE,2013,2013,classified_as_csi_in_available_labels_or_events
81776,30922,WFR,M E M C ELECTRONIC MATERIALS INC,micro,2016-04-20,574,-0.589041,2016-03-31,total_market,FALSE,,,FALSE,,,,FALSE,TRUE,TRUE,2014,2014,TRUE,FALSE,"",TRUE,2014,2014,classified_as_csi_in_available_labels_or_events
92215,52665,EXXI,ENERGY XXI LTD,micro,2016-04-22,574,-0.837695,2016-03-31,total_market,FALSE,,,FALSE,,,,FALSE,TRUE,TRUE,2013,2013;2014,TRUE,TRUE,574,TRUE,2014,2014,classified_as_csi_in_available_labels_or_events
14465,54741,NRX,NEPHROGENEX INC,micro,2016-05-10,574,-0.696095,2016-03-31,total_market,FALSE,,,FALSE,,,,FALSE,TRUE,TRUE,2014,2014,TRUE,FALSE,"",TRUE,2014,2014,classified_as_csi_in_available_labels_or_events
13874,54374,FWM,FAIRWAY GROUP HOLDINGS CORP,micro,2016-05-13,574,-0.628942,2016-03-31,total_market,FALSE,,,FALSE,,,,FALSE,TRUE,TRUE,2013,2013;2014,TRUE,TRUE,574,TRUE,2014,2014,classified_as_csi_in_available_labels_or_events
13647,54227,LNCO,LINNCO L L C,micro,2016-05-23,574,-0.737745,2016-03-31,total_market,FALSE,,,FALSE,,,,FALSE,TRUE,TRUE,2014,2014,TRUE,TRUE,574,TRUE,2014,2014,classified_as_csi_in_available_labels_or_events
91081,,,,,2016-05-23,574,-0.594595,,,FALSE,,,FALSE,,,,FALSE,FALSE,FALSE,,,FALSE,FALSE,,FALSE,,,no_csi_classification_found_in_available_labels_or_events
91494,,,,,2016-05-24,574,-0.75159,,,FALSE,,,FALSE,,,,FALSE,FALSE,FALSE,,,FALSE,FALSE,,FALSE,,,no_csi_classification_found_in_available_labels_or_events
90951,47879,HERO,HERCULES OFFSHORE INC,micro,2016-06-14,574,0.184211,2016-03-31,total_market,FALSE,,,FALSE,,,,FALSE,TRUE,TRUE,2007,2007;2012;2014,TRUE,TRUE,574,TRUE,2012,2012;2014,classified_as_csi_in_available_labels_or_events
12894,53830,CJES,C & J ENERGY SERVICES INC,micro,2016-07-20,574,-0.540096,2016-06-30,total_market,FALSE,,,FALSE,,,,FALSE,TRUE,TRUE,2014,2014,TRUE,TRUE,574,TRUE,2014,2014,classified_as_csi_in_available_labels_or_events
90968,48770,CRXX,COMBINATORX INC,micro,2016-08-03,574,-0.455797,2016-06-30,total_market,FALSE,,,FALSE,,,,FALSE,TRUE,TRUE,2010,2010;2012;2014,TRUE,TRUE,574,TRUE,2010,2010;2012;2014,classified_as_csi_in_available_labels_or_events
81128,30829,ESI,I T T EDUCATIONAL SERVICES INC,micro,2016-09-06,574,-0.658606,2016-06-30,total_market,FALSE,,,FALSE,,,,FALSE,TRUE,TRUE,2013,2013;2015,TRUE,TRUE,574,TRUE,2013,2013;2015,classified_as_csi_in_available_labels_or_events
89567,43683,COSI,COSI INC,micro,2016-10-07,574,-0.64986,2016-09-30,total_market,FALSE,,,FALSE,,,,FALSE,TRUE,TRUE,2007,2007;2012;2014,TRUE,TRUE,574,TRUE,2007,2007;2012;2014,classified_as_csi_in_available_labels_or_events
14735,54919,PSG,PERFORMANCE SPORTS GROUP LTD,micro,2016-10-31,574,-0.325253,2016-09-30,total_market,FALSE,,,FALSE,,,,FALSE,TRUE,TRUE,2015,2015,TRUE,TRUE,574,TRUE,2015,2015,classified_as_csi_in_available_labels_or_events
13373,54059,EAC,ERICKSON AIR CRANE INC,micro,2016-11-18,574,-0.614583,2016-09-30,total_market,FALSE,,,FALSE,,,,FALSE,TRUE,TRUE,2014,2014,TRUE,TRUE,574,TRUE,2014,2014,classified_as_csi_in_available_labels_or_events
92375,,,,,2017-02-10,574,-0.833073,,,FALSE,,,FALSE,,,,FALSE,FALSE,FALSE,,,FALSE,FALSE,,FALSE,,,no_csi_classification_found_in_available_labels_or_events
12080,53491,GMAN,GORDMANS STORES INC,micro,2017-03-21,574,-0.898305,2016-12-30,total_market,FALSE,,,FALSE,,,,FALSE,TRUE,TRUE,2014,2014,TRUE,TRUE,574,TRUE,2014,2014,classified_as_csi_in_available_labels_or_events
12389,53566,TPLM,TRIANGLE PETROLEUM CORP,micro,2017-03-24,574,-0.664151,2016-12-30,total_market,FALSE,,,FALSE,,,,FALSE,TRUE,TRUE,2014,2014,TRUE,TRUE,574,TRUE,2014,2014,classified_as_csi_in_available_labels_or_events
14713,54906,ADPT,ADEPTUS HEALTH INC,micro,2017-04-19,574,-0.827778,2017-03-31,total_market,FALSE,,,FALSE,,,,FALSE,TRUE,TRUE,2015,2015;2016,TRUE,TRUE,574,TRUE,2016,2016,classified_as_csi_in_available_labels_or_events
93078,53246,DRWI,DRAGONWAVE INC,micro,2017-08-01,574,-0.8,2017-06-30,total_market,FALSE,,,FALSE,,,,FALSE,TRUE,TRUE,2013,2013;2015,TRUE,TRUE,574,TRUE,2013,2013;2015,classified_as_csi_in_available_labels_or_events
12797,53777,SZYM,SOLAZYME INC,micro,2017-08-10,574,-0.864185,2017-06-30,total_market,FALSE,,,FALSE,,,,FALSE,TRUE,TRUE,2015,2015,TRUE,TRUE,574,TRUE,2015,2015,classified_as_csi_in_available_labels_or_events
87310,17211,CRDS,CROSSROADS SYSTEMS INC,micro,2017-08-22,574,-0.225,2017-06-30,total_market,FALSE,,,FALSE,,,,FALSE,TRUE,TRUE,1999,1999;2001;2011;2014;2015;2016,TRUE,TRUE,574,TRUE,1999,1999;2001;2011;2014;2016,classified_as_csi_in_available_labels_or_events
12496,53634,UNXL,UNI PIXEL INC,micro,2017-09-11,574,-0.627611,2017-06-30,total_market,FALSE,,,FALSE,,,,FALSE,TRUE,TRUE,2014,2014;2015;2016,TRUE,TRUE,574,TRUE,2014,2014;2016,classified_as_csi_in_available_labels_or_events
13104,53928,PACD,PACIFIC DRILLING S A,micro,2017-09-12,574,-0.182971,2017-06-30,total_market,FALSE,,,FALSE,,,,FALSE,TRUE,TRUE,2014,2014;2016,TRUE,TRUE,574,TRUE,2014,2014;2016,classified_as_csi_in_available_labels_or_events
14417,54709,NADL,NORTH ATLANTIC DRILLING LTD,micro,2017-09-12,574,-0.333333,2017-06-30,total_market,FALSE,,,FALSE,,,,FALSE,TRUE,TRUE,2014,2014;2016,TRUE,TRUE,574,TRUE,2014,2014;2016,classified_as_csi_in_available_labels_or_events
15008,55075,FSAM,FIFTH STREET ASSET MANAGEMENT,micro,2017-11-03,573,-0.019512,2017-09-29,total_market,FALSE,,,FALSE,,,,FALSE,FALSE,FALSE,,"",FALSE,FALSE,,FALSE,,"",no_csi_classification_found_in_available_labels_or_events
16067,55571,PZRX,PHASERX INC,micro,2018-02-02,574,-0.737963,2017-12-29,total_market,FALSE,,,FALSE,,,,FALSE,TRUE,TRUE,2016,2016,TRUE,TRUE,574,TRUE,2016,2016,classified_as_csi_in_available_labels_or_events
12190,10042,HTXA,HITOX CORP OF AMERICA,micro,2018-02-09,573,-0.438328,2017-12-29,total_market,FALSE,,,FALSE,,,,FALSE,TRUE,TRUE,2007,2007;2015;2016;2017,TRUE,TRUE,573,FALSE,,"",classified_as_csi_in_available_labels_or_events
93106,53269,PAP,PACIFIC ASIA PETROLEUM INC,micro,2018-04-25,574,-0.927397,2018-03-29,total_market,FALSE,,,FALSE,,,,FALSE,TRUE,TRUE,2015,2015;2016,TRUE,TRUE,574,FALSE,,"",classified_as_csi_in_available_labels_or_events
91489,,,,,2018-05-10,574,-0.313501,,,FALSE,,,FALSE,,,,FALSE,FALSE,FALSE,,,FALSE,FALSE,,FALSE,,,no_csi_classification_found_in_available_labels_or_events
12007,,,,,2018-10-08,574,-0.863903,,,FALSE,,,FALSE,,,,FALSE,FALSE,FALSE,,,FALSE,FALSE,,FALSE,,,no_csi_classification_found_in_available_labels_or_events
91655,51543,ANW,AEGEAN MARINE PETROLEUM NETW INC,micro,2018-11-05,574,-0.908411,2018-09-28,total_market,FALSE,,,FALSE,,,,FALSE,TRUE,TRUE,2016,2016;2017,TRUE,TRUE,574,TRUE,2017,2017,classified_as_csi_in_available_labels_or_events
91391,50964,WIN,WINDSTREAM CORP,micro,2019-03-05,574,-0.1375,2018-12-31,total_market,FALSE,,,FALSE,,,,FALSE,TRUE,TRUE,2016,2016;2017,TRUE,TRUE,574,TRUE,2017,2017,classified_as_csi_in_available_labels_or_events
13167,53963,SGYP,SYNERGY PHARMACEUTICALS INC,micro,2019-03-07,574,-0.625935,2018-12-31,total_market,FALSE,,,FALSE,,,,FALSE,TRUE,TRUE,2017,2017,TRUE,TRUE,574,TRUE,2017,2017,classified_as_csi_in_available_labels_or_events
62368,,,,,2019-03-25,574,-0.809069,,,FALSE,,,FALSE,,,,FALSE,FALSE,FALSE,,,FALSE,FALSE,,FALSE,,,no_csi_classification_found_in_available_labels_or_events
62376,3548,PHELK,PETROLEUM HELICOPTERS INC,micro,2019-03-25,574,-0.800643,2018-12-31,total_market,FALSE,,,FALSE,,,,FALSE,TRUE,TRUE,2017,2017,TRUE,TRUE,574,TRUE,2017,2017,classified_as_csi_in_available_labels_or_events
90791,47001,TIS,ORCHIDS PAPER PRODUCTS CO,micro,2019-03-29,574,-0.758065,2019-03-29,total_market,FALSE,,,FALSE,,,,FALSE,TRUE,TRUE,2017,2017,TRUE,TRUE,574,TRUE,2017,2017,classified_as_csi_in_available_labels_or_events
10656,37,ACET,ACETO CHEMICAL CO INC,micro,2019-04-02,574,-0.367453,2019-03-29,total_market,FALSE,,,FALSE,,,,FALSE,TRUE,TRUE,2017,2017,TRUE,TRUE,574,TRUE,2017,2017,classified_as_csi_in_available_labels_or_events
14530,54778,AKAO,ACHAOGEN INC,micro,2019-04-25,574,-0.820294,2019-03-29,total_market,FALSE,,,FALSE,,,,FALSE,TRUE,TRUE,2017,2017,TRUE,TRUE,574,TRUE,2017,2017,classified_as_csi_in_available_labels_or_events
14247,54607,FTD,F T D COMPANIES INC,micro,2019-06-12,574,-0.943963,2019-03-29,total_market,FALSE,,,FALSE,,,,FALSE,TRUE,TRUE,2017,2017,TRUE,TRUE,574,TRUE,2017,2017,classified_as_csi_in_available_labels_or_events
82831,14309,NPRM,NEOPHARM INC,micro,2019-06-18,574,-0.70033,2019-03-29,total_market,FALSE,,,FALSE,,,,FALSE,TRUE,TRUE,2006,2006;2014;2016;2017,TRUE,TRUE,574,TRUE,2006,2006;2014;2017,classified_as_csi_in_available_labels_or_events
91739,51657,LGCY,LEGACY RESERVES INC,micro,2019-06-27,574,-0.817605,2019-03-29,total_market,FALSE,,,FALSE,,,,FALSE,TRUE,TRUE,2015,2015;2016;2017,TRUE,TRUE,574,TRUE,2017,2017,classified_as_csi_in_available_labels_or_events
15011,55079,MELR,MELROSE BANCORP INC,micro,2019-07-08,573,-0.011647,2019-06-28,total_market,FALSE,,,FALSE,,,,FALSE,FALSE,FALSE,,"",FALSE,FALSE,,FALSE,,"",no_csi_classification_found_in_available_labels_or_events
17322,56272,IPIC,IPIC ENTERTAINMENT INC,micro,2019-08-13,574,-0.405,2019-06-28,total_market,FALSE,,,FALSE,,,,FALSE,TRUE,TRUE,2018,2018,TRUE,TRUE,574,FALSE,,"",classified_as_csi_in_available_labels_or_events
77420,11413,FRED,FREDS INC,micro,2019-09-17,574,-0.704225,2019-06-28,total_market,FALSE,,,FALSE,,,,FALSE,TRUE,TRUE,2016,2016;2018,TRUE,FALSE,"",TRUE,2016,2016;2018,classified_as_csi_in_available_labels_or_events
16677,55895,SRUN,SILVER RUN ACQUISITION CORP II,micro,2019-09-23,574,-0.658031,2019-06-28,total_market,FALSE,,,FALSE,,,,FALSE,TRUE,TRUE,2017,2017,TRUE,FALSE,"",TRUE,2017,2017,classified_as_csi_in_available_labels_or_events
78688,28826,QLTIF,QUADRA LOGIC TECHNOLOGIES INC,micro,2019-10-08,574,0.103448,2019-09-30,total_market,FALSE,,,FALSE,,,,FALSE,TRUE,TRUE,2016,2016;2018,TRUE,TRUE,574,TRUE,2016,2016;2018,classified_as_csi_in_available_labels_or_events
78990,12014,MWRK,MOTHERS WORK INC,micro,2019-10-29,574,-0.836105,2019-09-30,total_market,FALSE,,,FALSE,,,,FALSE,TRUE,TRUE,2017,2017,TRUE,TRUE,574,TRUE,2017,2017,classified_as_csi_in_available_labels_or_events
15955,55528,NVTR,NUVECTRA CORP,micro,2019-11-21,574,-0.848485,2019-09-30,total_market,FALSE,,,FALSE,,,,FALSE,TRUE,TRUE,2018,2018,TRUE,TRUE,574,TRUE,2018,2018,classified_as_csi_in_available_labels_or_events
16830,56015,SNNA,SIENNA BIOPHARMACEUTICALS INC,micro,2019-12-16,574,-0.687776,2019-09-30,total_market,FALSE,,,FALSE,,,,FALSE,TRUE,TRUE,2017,2017;2018,TRUE,TRUE,574,TRUE,2018,2018,classified_as_csi_in_available_labels_or_events
18125,,,,,2019-12-20,574,-0.990868,,,FALSE,,,FALSE,,,,FALSE,FALSE,FALSE,,,FALSE,FALSE,,FALSE,,,no_csi_classification_found_in_available_labels_or_events
13263,53995,CEMP,CEMPRA INC,micro,2020-01-10,574,-0.171531,2019-12-31,total_market,FALSE,,,FALSE,,,,FALSE,TRUE,TRUE,2015,2015;2017,TRUE,TRUE,574,TRUE,2015,2015;2017,classified_as_csi_in_available_labels_or_events
58675,3505,PDRL,PARKER DRILLING CO,micro,2020-02-07,574,-0.143876,2019-12-31,total_market,FALSE,,,FALSE,,,,FALSE,TRUE,TRUE,2016,2016;2017,TRUE,FALSE,"",TRUE,2016,2016;2017,classified_as_csi_in_available_labels_or_events
13946,,,,,2020-02-12,573,0.046817,,,FALSE,,,FALSE,,,,FALSE,FALSE,FALSE,,,FALSE,FALSE,,FALSE,,,no_csi_classification_found_in_available_labels_or_events
75261,21174,MNI,MCCLATCHY NEWSPAPERS,micro,2020-02-12,574,-0.889744,2019-12-31,total_market,FALSE,,,FALSE,,,,FALSE,TRUE,TRUE,2007,2007;2010;2013;2017,TRUE,TRUE,574,TRUE,2013,2013;2017,classified_as_csi_in_available_labels_or_events
51692,21405,CMG,COUSINS MTG & EQUITY INVTS,micro,2020-02-14,574,-0.671975,2019-12-31,total_market,FALSE,,,FALSE,,,,FALSE,TRUE,TRUE,2017,2017;2018,TRUE,TRUE,574,TRUE,2017,2017;2018,classified_as_csi_in_available_labels_or_events
16647,55897,VLRX,VALERITAS HOLDINGS INC,micro,2020-02-19,574,-0.761401,2019-12-31,total_market,FALSE,,,FALSE,,,,FALSE,TRUE,TRUE,2017,2017,TRUE,TRUE,574,TRUE,2017,2017,classified_as_csi_in_available_labels_or_events
87236,17158,INAP,INTERNAP NETWORK SERVICES CORP,micro,2020-03-25,574,-0.969697,2019-12-31,total_market,FALSE,,,FALSE,,,,FALSE,TRUE,TRUE,1999,1999;2003;2006;2014;2017,TRUE,FALSE,"",TRUE,1999,1999;2006;2014;2017,classified_as_csi_in_available_labels_or_events
64822,3737,PYOL,PYRAMID OIL CO,micro,2020-04-15,574,-0.761039,2020-03-31,total_market,FALSE,,,FALSE,,,,FALSE,TRUE,TRUE,2013,2013;2015;2017;2018;2019,TRUE,TRUE,574,TRUE,2013,2013;2015;2017;2019,classified_as_csi_in_available_labels_or_events
82298,30963,DO,DIAMOND OFFSHORE DRILLING INC,micro,2020-04-24,574,-0.914754,2020-03-31,total_market,FALSE,,,FALSE,,,,FALSE,TRUE,TRUE,2017,2017;2018,TRUE,TRUE,574,TRUE,2018,2018,classified_as_csi_in_available_labels_or_events
89289,15073,STGS,STAGE STORES INC,micro,2020-05-08,574,-0.850026,2020-03-31,total_market,FALSE,,,FALSE,,,,FALSE,TRUE,TRUE,2015,2015;2017;2018;2019,TRUE,TRUE,574,TRUE,2019,2019,classified_as_csi_in_available_labels_or_events
30840,20513,CUO,CONTINENTAL MATERIALS CORP,micro,2020-05-11,573,-0.191948,2020-03-31,total_market,FALSE,,,FALSE,,,,FALSE,FALSE,FALSE,,"",FALSE,FALSE,,FALSE,,"",no_csi_classification_found_in_available_labels_or_events
80297,28344,EMMS,EMMIS BROADCASTING CORP,micro,2020-05-13,573,-0.069445,2020-03-31,total_market,FALSE,,,FALSE,,,,FALSE,TRUE,TRUE,2007,2007;2009;2014;2017;2018;2019,TRUE,TRUE,573,TRUE,2014,2014;2019,classified_as_csi_in_available_labels_or_events
13866,54370,I,INTELSAT S A,micro,2020-05-18,574,-0.888,2020-03-31,total_market,FALSE,,,FALSE,,,,FALSE,TRUE,TRUE,2019,2019,TRUE,TRUE,574,TRUE,2019,2019,classified_as_csi_in_available_labels_or_events
18403,21375,,PENNEY J C INC,micro,2020-05-18,574,-0.559055,2020-03-31,total_market,FALSE,,,FALSE,,,,FALSE,TRUE,TRUE,2017,2017;2018,TRUE,TRUE,574,TRUE,2017,2017;2018,classified_as_csi_in_available_labels_or_events
83630,14750,BVSN,BROADVISION INC,micro,2020-05-18,574,0.021944,2020-03-31,total_market,FALSE,,,FALSE,,,,FALSE,TRUE,TRUE,2000,2000;2003;2011;2017;2018;2019,TRUE,TRUE,574,TRUE,2000,2000;2003;2011,classified_as_csi_in_available_labels_or_events
63781,4691,UNIT,UNIT DRILLING & EXPL CO,micro,2020-05-22,574,-0.857988,2020-03-31,total_market,FALSE,,,FALSE,,,,FALSE,TRUE,TRUE,2017,2017;2018,TRUE,TRUE,574,TRUE,2018,2018,classified_as_csi_in_available_labels_or_events
76858,10831,INNO,INNOVO GROUP INC,micro,2020-05-27,574,-0.877168,2020-03-31,total_market,FALSE,,,FALSE,,,,FALSE,TRUE,TRUE,1993,1993;1995;1997;2002;2004;2006;2009;2013;2015;2017;2018,TRUE,TRUE,574,TRUE,1993,1993;1995;2004;2013;2018,classified_as_csi_in_available_labels_or_events
10180,9743,AKRN,AKORN INC,micro,2020-05-29,574,-0.166667,2020-03-31,total_market,FALSE,,,FALSE,,,,FALSE,TRUE,TRUE,2007,2007;2017,TRUE,FALSE,"",TRUE,2017,2017,classified_as_csi_in_available_labels_or_events
79336,29883,LBY,LIBBEY INC,micro,2020-05-29,574,-0.841649,2020-03-31,total_market,FALSE,,,FALSE,,,,FALSE,TRUE,TRUE,2007,2007;2014;2017,TRUE,FALSE,"",TRUE,2007,2007;2014;2017,classified_as_csi_in_available_labels_or_events
85616,,,,,2020-06-09,574,0.544643,,,FALSE,,,FALSE,,,,FALSE,FALSE,FALSE,,,FALSE,FALSE,,FALSE,,,no_csi_classification_found_in_available_labels_or_events
29867,1263,DBRL,DIBRELL BROTHERS INC,micro,2020-06-15,574,-0.651246,2020-03-31,total_market,FALSE,,,FALSE,,,,FALSE,TRUE,TRUE,2017,2017;2018,TRUE,TRUE,574,TRUE,2018,2018,classified_as_csi_in_available_labels_or_events
13113,53936,RECV,RECOVERY ENERGY INC,micro,2020-06-26,574,-0.706534,2020-03-31,total_market,FALSE,,,FALSE,,,,FALSE,TRUE,TRUE,2014,2014;2017;2019,TRUE,FALSE,"",TRUE,2014,2014;2017;2019,classified_as_csi_in_available_labels_or_events
78877,11937,CSPK,CHESAPEAKE ENERGY CORP,micro,2020-06-26,574,-0.623367,2020-03-31,total_market,FALSE,,,FALSE,,,,FALSE,TRUE,TRUE,2014,2014;2017;2019,TRUE,FALSE,"",TRUE,2014,2014;2017;2019,classified_as_csi_in_available_labels_or_events
12660,53710,GNC,G N C HOLDINGS INC,micro,2020-06-29,574,-0.516172,2020-03-31,total_market,FALSE,,,FALSE,,,,FALSE,TRUE,TRUE,2016,2016;2018,TRUE,TRUE,574,TRUE,2016,2016;2018,classified_as_csi_in_available_labels_or_events
17796,56360,CVIA,COVIA HOLDINGS CORP,micro,2020-06-29,574,-0.920319,2020-03-31,total_market,FALSE,,,FALSE,,,,FALSE,TRUE,TRUE,2018,2018,TRUE,TRUE,574,TRUE,2018,2018,classified_as_csi_in_available_labels_or_events
16394,55756,OTTW,OTTAWA BANCORP INC,micro,2020-06-30,573,0.052632,2020-06-30,total_market,FALSE,,,FALSE,,,,FALSE,FALSE,FALSE,,"",FALSE,FALSE,,FALSE,,"",no_csi_classification_found_in_available_labels_or_events
90387,45696,NWY,NEW YORK & CO INC,micro,2020-07-06,574,-0.605985,2020-06-30,total_market,FALSE,,,FALSE,,,,FALSE,TRUE,TRUE,2015,2015;2018,TRUE,TRUE,574,TRUE,2018,2018,classified_as_csi_in_available_labels_or_events
13544,54158,HCR,HI CRUSH INC,micro,2020-07-13,574,-0.552042,2020-06-30,total_market,FALSE,,,FALSE,,,,FALSE,TRUE,TRUE,2017,2017;2019,TRUE,TRUE,574,TRUE,2017,2017;2019,classified_as_csi_in_available_labels_or_events
15029,55089,CRC,CALIFORNIA RESOURCES CORP,micro,2020-07-15,574,-0.728689,2020-06-30,total_market,FALSE,,,FALSE,,,,FALSE,TRUE,TRUE,2018,2018,TRUE,TRUE,574,TRUE,2018,2018,classified_as_csi_in_available_labels_or_events
83633,14737,CCVD,CARDIOVASCULAR DYNAMICS INC,micro,2020-07-15,574,-0.86194,2020-06-30,total_market,FALSE,,,FALSE,,,,FALSE,TRUE,TRUE,2000,2000;2017;2019,TRUE,TRUE,574,TRUE,2017,2017,classified_as_csi_in_available_labels_or_events
80485,12981,VVUS,VIVUS INC,micro,2020-07-16,574,-0.534007,2020-06-30,total_market,FALSE,,,FALSE,,,,FALSE,TRUE,TRUE,1997,1997;1999;2001;2003;2014;2016;2018;2019,TRUE,TRUE,574,TRUE,2014,2014;2016;2019,classified_as_csi_in_available_labels_or_events
17961,20330,,BRIGGS & STRATTON CORP,micro,2020-07-20,574,-0.850382,2020-06-30,total_market,FALSE,,,FALSE,,,,FALSE,TRUE,TRUE,2018,2018;2019,TRUE,TRUE,574,TRUE,2019,2019,classified_as_csi_in_available_labels_or_events
82196,13960,NNEXF,NEWSCOPE RESOURCES LTD,micro,2020-07-29,574,-0.909453,2020-06-30,total_market,FALSE,,,FALSE,,,,FALSE,TRUE,TRUE,2014,2014;2017;2019,TRUE,FALSE,"",TRUE,2017,2017;2019,classified_as_csi_in_available_labels_or_events
90537,7752,NDCO,NOBLE DRILLING CORP,micro,2020-07-30,574,-0.897228,2020-06-30,total_market,FALSE,,,FALSE,,,,FALSE,TRUE,TRUE,2017,2017;2019,TRUE,TRUE,574,TRUE,2017,2017,classified_as_csi_in_available_labels_or_events
15970,55535,KLRE,K L R ENERGY ACQUISITION CORP,micro,2020-07-31,574,-0.76584,2020-06-30,total_market,FALSE,,,FALSE,,,,FALSE,TRUE,TRUE,2018,2018,TRUE,TRUE,574,TRUE,2018,2018,classified_as_csi_in_available_labels_or_events
77516,11470,SUIT,MENS WEARHOUSE INC,micro,2020-07-31,574,-0.504454,2020-06-30,total_market,FALSE,,,FALSE,,,,FALSE,TRUE,TRUE,2018,2018,TRUE,TRUE,574,TRUE,2018,2018,classified_as_csi_in_available_labels_or_events
12792,53773,EAGL,GLOBAL EAGLE ACQUISITION CORP,micro,2020-08-03,574,-0.735849,2020-06-30,total_market,FALSE,,,FALSE,,,,FALSE,TRUE,TRUE,2018,2018,TRUE,FALSE,"",TRUE,2018,2018,classified_as_csi_in_available_labels_or_events
30737,5957,DBRN,DRESS BARN INC,micro,2020-08-03,574,-0.235049,2020-06-30,total_market,FALSE,,,FALSE,,,,FALSE,TRUE,TRUE,2017,2017;2019,TRUE,TRUE,574,TRUE,2017,2017;2019,classified_as_csi_in_available_labels_or_events
18564,56709,PPHI,POSITIVE PHYSICIANS HOLDINGS INC,micro,2020-08-14,573,-0.040643,2020-06-30,total_market,FALSE,,,FALSE,,,,FALSE,FALSE,FALSE,,"",FALSE,FALSE,,FALSE,,"",no_csi_classification_found_in_available_labels_or_events
88244,37508,AWLD,ACTIVEWORLDS COM INC,micro,2020-08-20,573,-0.703561,2020-06-30,total_market,FALSE,,,FALSE,,,,FALSE,TRUE,TRUE,2001,2001;2011;2017;2018,TRUE,FALSE,"",TRUE,2001,2001;2017;2018,classified_as_csi_in_available_labels_or_events
77530,11482,SMRT,STEIN MART INC,micro,2020-08-21,574,-0.875,2020-06-30,total_market,FALSE,,,FALSE,,,,FALSE,TRUE,TRUE,2017,2017;2019,TRUE,TRUE,574,TRUE,2017,2017;2019,classified_as_csi_in_available_labels_or_events
16378,55745,BCTF,BANCORP 34 INC,micro,2020-08-25,573,-0.100719,2020-06-30,total_market,FALSE,,,FALSE,,,,FALSE,FALSE,FALSE,,"",FALSE,FALSE,,FALSE,,"",no_csi_classification_found_in_available_labels_or_events
92314,52782,SMLC,012 SMILE COMMUNICATIONS LTD,micro,2020-09-04,573,0.034483,2020-06-30,total_market,FALSE,,,FALSE,,,,FALSE,TRUE,TRUE,2017,2017;2019,TRUE,TRUE,573,TRUE,2017,2017,classified_as_csi_in_available_labels_or_events
79307,12240,SHLO,SHILOH INDUSTRIES INC,micro,2020-09-09,574,-0.53858,2020-06-30,total_market,FALSE,,,FALSE,,,,FALSE,TRUE,TRUE,2018,2018;2019,TRUE,TRUE,574,TRUE,2019,2019,classified_as_csi_in_available_labels_or_events
14756,54928,NAO,NORDIC AMERICAN OFFSHORE LTD,micro,2020-09-23,574,-0.918966,2020-06-30,total_market,FALSE,,,FALSE,,,,FALSE,TRUE,TRUE,2016,2016;2017;2019,TRUE,TRUE,574,TRUE,2016,2016;2017,classified_as_csi_in_available_labels_or_events
14011,54459,MNK,MALLINCKRODT PLC,micro,2020-10-09,574,-0.743142,2020-09-30,total_market,FALSE,,,FALSE,,,,FALSE,TRUE,TRUE,2018,2018,TRUE,FALSE,"",TRUE,2018,2018,classified_as_csi_in_available_labels_or_events
16174,55618,LONE,LONESTAR RESOURCES US INC,micro,2020-10-09,574,-0.375271,2020-09-30,total_market,FALSE,,,FALSE,,,,FALSE,TRUE,TRUE,2018,2018;2019,TRUE,TRUE,574,TRUE,2019,2019,classified_as_csi_in_available_labels_or_events
93420,53438,OAS,OASIS PETROLEUM INC,micro,2020-10-09,574,-0.642857,2020-09-30,total_market,FALSE,,,FALSE,,,,FALSE,TRUE,TRUE,2017,2017;2019,TRUE,TRUE,574,TRUE,2017,2017;2019,classified_as_csi_in_available_labels_or_events
82762,14179,WSTL,WESTELL TECHNOLOGIES INC,micro,2020-10-16,573,-0.609375,2020-09-30,total_market,FALSE,,,FALSE,,,,FALSE,TRUE,TRUE,2000,2000;2004;2010;2013;2015;2018,TRUE,TRUE,573,TRUE,2004,2004;2013;2018,classified_as_csi_in_available_labels_or_events
18301,,,,,2020-10-30,574,-0.68559,,,FALSE,,,FALSE,,,,FALSE,FALSE,FALSE,,,FALSE,FALSE,,FALSE,,,no_csi_classification_found_in_available_labels_or_events
79777,29993,CBL,C B L & ASSOCIATES PPTYS INC,micro,2020-11-02,574,-0.662252,2020-09-30,total_market,FALSE,,,FALSE,,,,FALSE,TRUE,TRUE,2017,2017;2019,TRUE,TRUE,574,TRUE,2017,2017;2019,classified_as_csi_in_available_labels_or_events
12915,53844,FRAN,FRANCESCAS HOLDINGS CORP,micro,2020-12-14,574,-0.718954,2020-09-30,total_market,FALSE,,,FALSE,,,,FALSE,TRUE,TRUE,2017,2017;2019,TRUE,TRUE,574,TRUE,2017,2017;2019,classified_as_csi_in_available_labels_or_events
79065,29794,RLV,RELIV INTERNATIONAL INC,micro,2020-12-21,573,-0.310992,2020-09-30,total_market,FALSE,,,FALSE,,,,FALSE,TRUE,TRUE,2016,2016;2018;2019,TRUE,TRUE,573,TRUE,2016,2016,classified_as_csi_in_available_labels_or_events
16306,55699,SNDE,SUNDANCE ENERGY INC,micro,2021-03-18,574,-0.634146,2020-12-31,total_market,FALSE,,,FALSE,,,,FALSE,TRUE,TRUE,2019,2019;2020,TRUE,TRUE,574,TRUE,2020,2020,classified_as_csi_in_available_labels_or_events
13185,53971,JE,JUST ENERGY GROUP INC,micro,2021-03-22,574,-0.752538,2020-12-31,total_market,FALSE,,,FALSE,,,,FALSE,TRUE,TRUE,2019,2019,TRUE,FALSE,"",TRUE,2019,2019,classified_as_csi_in_available_labels_or_events
14908,55013,MDLY,MEDLEY MANAGEMENT INC,micro,2021-07-06,574,-0.917208,2021-06-30,total_market,FALSE,,,FALSE,,,,FALSE,TRUE,TRUE,2019,2019;2020,TRUE,TRUE,574,TRUE,2020,2020,classified_as_csi_in_available_labels_or_events
14174,54566,SQBG,SEQUENTIAL BRANDS GROUP INC,micro,2021-09-08,573,-0.247563,2021-06-30,total_market,FALSE,,,FALSE,,,,FALSE,TRUE,TRUE,2018,2018;2019;2020,TRUE,TRUE,573,TRUE,2018,2018;2020,classified_as_csi_in_available_labels_or_events
14638,54850,WPG,WASHINGTON PRIME GROUP INC,micro,2021-09-29,574,-0.458389,2021-06-30,total_market,FALSE,,,FALSE,,,,FALSE,TRUE,TRUE,2019,2019;2020,TRUE,TRUE,574,TRUE,2020,2020,classified_as_csi_in_available_labels_or_events
17299,,,,,2022-03-03,573,-0.995124,,,FALSE,,,FALSE,,,,FALSE,FALSE,FALSE,,,FALSE,FALSE,,FALSE,,,no_csi_classification_found_in_available_labels_or_events
14930,55026,GWGH,G W G HOLDINGS INC,micro,2022-04-28,574,-0.229358,2022-03-31,total_market,FALSE,,,FALSE,,,,FALSE,FALSE,FALSE,,"",FALSE,FALSE,,FALSE,,"",no_csi_classification_found_in_available_labels_or_events
14380,,,,,2022-05-06,574,-0.844124,,,FALSE,,,FALSE,,,,FALSE,FALSE,FALSE,,,FALSE,FALSE,,FALSE,,,no_csi_classification_found_in_available_labels_or_events
15956,55529,AFI,ARMSTRONG FLOORING INC,micro,2022-05-20,574,-0.867683,2022-03-31,total_market,FALSE,,,FALSE,,,,FALSE,TRUE,TRUE,2019,2019;2020,TRUE,TRUE,574,TRUE,2020,2020,classified_as_csi_in_available_labels_or_events
20835,,,,,2022-06-24,574,-0.487578,,,FALSE,,,FALSE,,,,FALSE,FALSE,FALSE,,,FALSE,FALSE,,FALSE,,,no_csi_classification_found_in_available_labels_or_events
82859,23373,REV,REVLON INC,micro,2022-10-20,574,-0.648649,2022-09-30,total_market,FALSE,,,FALSE,,,,FALSE,TRUE,TRUE,2001,2001;2005;2019;2020;2021,TRUE,TRUE,574,TRUE,2001,2001;2005;2019;2021,classified_as_csi_in_available_labels_or_events
22417,59013,WBEV,WINC INC,micro,2022-12-12,574,-0.898785,2022-09-30,total_market,FALSE,,,FALSE,,,,FALSE,TRUE,TRUE,2021,2021,TRUE,TRUE,574,TRUE,2021,2021,classified_as_csi_in_available_labels_or_events
15327,55244,PRTY,PARTY CITY HOLDCO INC,micro,2023-01-17,574,-0.668947,2022-12-30,total_market,FALSE,,,FALSE,,,,FALSE,TRUE,TRUE,2021,2021,TRUE,TRUE,574,TRUE,2021,2021,classified_as_csi_in_available_labels_or_events
21826,58637,RKLY,ROCKLEY PHOTONICS HOLDINGS LTD,micro,2023-01-23,574,-0.71449,2022-12-30,total_market,FALSE,,,FALSE,,,,FALSE,TRUE,TRUE,2021,2021,TRUE,FALSE,"",TRUE,2021,2021,classified_as_csi_in_available_labels_or_events
45728,7029,IVCR,INVACARE CORP,micro,2023-02-01,574,-0.91361,2022-12-30,total_market,FALSE,,,FALSE,,,,FALSE,TRUE,TRUE,2020,2020,TRUE,FALSE,"",TRUE,2020,2020,classified_as_csi_in_available_labels_or_events
17234,56216,AVYA,AVAYA HOLDINGS CORP,micro,2023-02-14,574,-0.941193,2022-12-30,total_market,FALSE,,,FALSE,,,,FALSE,TRUE,TRUE,2021,2021,TRUE,FALSE,"",TRUE,2021,2021,classified_as_csi_in_available_labels_or_events
20631,57660,SVOK,SEVEN OAKS ACQUISITION CORP,micro,2023-03-31,574,-0.87882,2023-03-31,total_market,FALSE,,,FALSE,,,,FALSE,TRUE,TRUE,2021,2021,TRUE,TRUE,574,TRUE,2021,2021,classified_as_csi_in_available_labels_or_events
16875,56041,VNTR,VENATOR MATERIALS PLC,micro,2023-05-12,574,-0.826471,2023-03-31,total_market,FALSE,,,FALSE,,,,FALSE,TRUE,TRUE,2020,2020;2022,TRUE,FALSE,"",TRUE,2020,2020;2022,classified_as_csi_in_available_labels_or_events
40440,20582,DBD,DIEBOLD INC,micro,2023-05-26,574,-0.980171,2023-03-31,total_market,FALSE,,,FALSE,,,,FALSE,TRUE,TRUE,2021,2021,TRUE,FALSE,"",TRUE,2021,2021,classified_as_csi_in_available_labels_or_events
88987,41577,GEG,GLOBAL POWER EQUIPMENT GROUP INC,micro,2023-07-21,574,-0.947368,2023-06-30,total_market,FALSE,,,FALSE,,,,FALSE,TRUE,TRUE,2014,2014;2022,TRUE,TRUE,574,TRUE,2014,2014,classified_as_csi_in_available_labels_or_events
23497,59429,MNK,MALLINCKRODT PLC,micro,2023-08-25,574,-0.87037,2023-06-30,total_market,FALSE,,,FALSE,,,,FALSE,TRUE,TRUE,2022,2022,TRUE,FALSE,"",TRUE,2022,2022,classified_as_csi_in_available_labels_or_events
46922,21515,RAD,RITE AID CORP,micro,2023-10-13,574,-0.506696,2023-09-29,total_market,FALSE,,,FALSE,,,,FALSE,TRUE,TRUE,2000,2000;2006;2015;2017;2020;2021,TRUE,FALSE,"",TRUE,2000,2000;2006;2015;2017;2020;2021,classified_as_csi_in_available_labels_or_events
19950,57226,BOWX,BOWX ACQUISITION CORP,micro,2023-11-03,574,-0.298246,2023-09-29,total_market,FALSE,,,FALSE,,,,FALSE,TRUE,TRUE,2021,2021;2022,TRUE,TRUE,574,TRUE,2022,2022,classified_as_csi_in_available_labels_or_events
15590,55381,UFAB,UNIQUE FABRICATING INC,micro,2023-11-08,574,-0.978541,2023-09-29,total_market,FALSE,,,FALSE,,,,FALSE,TRUE,TRUE,2021,2021;2022,TRUE,TRUE,574,TRUE,2021,2021,classified_as_csi_in_available_labels_or_events
15443,55323,BPMX,BIOPHARMX CORP,micro,2023-11-28,574,-0.953668,2023-09-29,total_market,FALSE,,,FALSE,,,,FALSE,TRUE,TRUE,2016,2016;2018;2020;2021;2022,TRUE,TRUE,574,TRUE,2016,2016;2018;2020,classified_as_csi_in_available_labels_or_events
17090,56138,LGC,LEGACY ACQUISITION CORP,micro,2023-12-26,574,-0.858824,2023-09-29,total_market,FALSE,,,FALSE,,,,FALSE,TRUE,TRUE,2021,2021;2022,TRUE,TRUE,574,TRUE,2021,2021,classified_as_csi_in_available_labels_or_events
19539,57080,JWS,JAWS ACQUISITION CORP,micro,2024-02-02,574,-0.648536,2023-12-29,total_market,FALSE,,,FALSE,,,,FALSE,TRUE,TRUE,2021,2021;2022;2023,TRUE,TRUE,574,FALSE,,"",classified_as_csi_in_available_labels_or_events
19515,57149,GOED,1847 GOEDEKER INC,micro,2024-02-29,574,-0.917682,2023-12-29,total_market,FALSE,,,FALSE,,,,FALSE,TRUE,TRUE,2021,2021;2022;2023,TRUE,TRUE,574,TRUE,2021,2021,classified_as_csi_in_available_labels_or_events
86889,16506,DFXI,DIRECT FOCUS INC,micro,2024-03-04,574,-0.916883,2023-12-29,total_market,FALSE,,,FALSE,,,,FALSE,TRUE,TRUE,2007,2007;2021;2022;2023,TRUE,TRUE,574,TRUE,2021,2021,classified_as_csi_in_available_labels_or_events
20097,57390,NBA,NEW BEGINNINGS ACQUISITION CORP,micro,2024-04-01,574,-0.831858,2024-03-28,total_market,FALSE,,,FALSE,,,,FALSE,TRUE,TRUE,2021,2021,TRUE,FALSE,"",TRUE,2021,2021,classified_as_csi_in_available_labels_or_events
19621,57225,AUVI,APPLIED UV INC,micro,2024-05-28,574,-0.90816,2024-03-28,total_market,FALSE,,,FALSE,,,,FALSE,TRUE,TRUE,2021,2021;2023,TRUE,TRUE,574,TRUE,2021,2021,classified_as_csi_in_available_labels_or_events
88287,37666,DLA,DELTA APPAREL INC,micro,2024-07-01,574,-0.551724,2024-06-28,total_market,FALSE,,,FALSE,,,,FALSE,TRUE,TRUE,2022,2022;2023,TRUE,TRUE,574,FALSE,,"",classified_as_csi_in_available_labels_or_events
15028,55088,AINC,ASHFORD INC,micro,2024-07-26,573,0.01222,2024-06-28,total_market,FALSE,,,FALSE,,,,FALSE,TRUE,TRUE,2022,2022;2023,TRUE,TRUE,573,FALSE,,"",classified_as_csi_in_available_labels_or_events
17694,,,,,2024-08-02,573,0.019355,,,FALSE,,,FALSE,,,,FALSE,FALSE,FALSE,,,FALSE,FALSE,,FALSE,,,no_csi_classification_found_in_available_labels_or_events
92400,52839,LL,LUMBER LIQUIDATORS INC,micro,2024-08-09,574,-0.862311,2024-06-28,total_market,FALSE,,,FALSE,,,,FALSE,TRUE,TRUE,2022,2022;2023,TRUE,TRUE,574,FALSE,,"",classified_as_csi_in_available_labels_or_events
20633,57986,TLIS,TALIS BIOMEDICAL CORP,micro,2024-08-30,574,-0.146119,2024-06-28,total_market,FALSE,,,FALSE,,,,FALSE,TRUE,TRUE,2021,2021;2022;2023,TRUE,TRUE,574,TRUE,2021,2021,classified_as_csi_in_available_labels_or_events
25061,59878,NUVO,HOLDCO NUVO GROUP D G LTD,micro,2024-08-30,574,-0.829412,2024-06-28,total_market,FALSE,,,FALSE,,,,FALSE,FALSE,FALSE,,"",FALSE,FALSE,,FALSE,,"",no_csi_classification_found_in_available_labels_or_events
67467,20505,CNS,CONSOLIDATED STORES CORP,micro,2024-09-06,574,-0.802234,2024-06-28,total_market,FALSE,,,FALSE,,,,FALSE,TRUE,TRUE,2022,2022;2023,TRUE,TRUE,574,FALSE,,"",classified_as_csi_in_available_labels_or_events
83462,31647,TUP,TUPPERWARE CORP,micro,2024-09-16,574,-0.95,2024-06-28,total_market,FALSE,,,FALSE,,,,FALSE,TRUE,TRUE,2021,2021;2023,TRUE,TRUE,574,TRUE,2021,2021,classified_as_csi_in_available_labels_or_events
15313,55240,EVA,ENVIVA INC,micro,2024-10-03,574,-0.827075,2024-09-30,total_market,FALSE,,,FALSE,,,,FALSE,TRUE,TRUE,2022,2022;2023,TRUE,TRUE,574,FALSE,,"",classified_as_csi_in_available_labels_or_events
18116,56523,GRTS,GRITSTONE ONCOLOGY INC,micro,2024-10-21,574,-0.963787,2024-09-30,total_market,FALSE,,,FALSE,,,,FALSE,TRUE,TRUE,2022,2022;2023,TRUE,TRUE,574,FALSE,,"",classified_as_csi_in_available_labels_or_events
12796,53776,SAVE,SPIRIT AIRLINES INC,micro,2024-11-15,574,-0.9375,2024-09-30,total_market,FALSE,,,FALSE,,,,FALSE,TRUE,TRUE,2022,2022;2023,TRUE,TRUE,574,FALSE,,"",classified_as_csi_in_available_labels_or_events
19026,56922,TFFP,T F F PHARMACEUTICALS INC,micro,2024-12-12,574,-0.807293,2024-09-30,total_market,FALSE,,,FALSE,,,,FALSE,TRUE,TRUE,2021,2021;2023,TRUE,TRUE,574,TRUE,2021,2021,classified_as_csi_in_available_labels_or_events
21222,58260,LEV,LION ELECTRIC CO,micro,2024-12-16,574,-0.620802,2024-09-30,total_market,FALSE,,,FALSE,,,,FALSE,TRUE,TRUE,2021,2021;2023,TRUE,TRUE,574,TRUE,2021,2021,classified_as_csi_in_available_labels_or_events
16625,55883,AKTS,AKOUSTIS TECHNOLOGIES INC,micro,2024-12-17,574,-0.930762,2024-09-30,total_market,FALSE,,,FALSE,,,,FALSE,TRUE,TRUE,2022,2022;2023,TRUE,TRUE,574,FALSE,,"",classified_as_csi_in_available_labels_or_events
