"relative_path","top_level_folder","run_id","extension","size_bytes","last_write_time","sha256"
"03_Data_Output\5_SensitivityAnalysis\00_manifest\11c_coverage_check.csv","00_manifest","",".csv","41123","2026-05-29T06:23:37","3F82A77F503DCE61D1ADD4BAD9A28A4DEBE5E54C67D04B4C03DADE498C73B921"
"03_Data_Output\5_SensitivityAnalysis\00_manifest\blocked_runs.csv","00_manifest","",".csv","375","2026-05-29T08:38:25","B8DBE150EC41AB6D63EEB68612CCD8806BF47CBD9ADD8F9260EF81284AAB9427"
"03_Data_Output\5_SensitivityAnalysis\00_manifest\canonical_modification_check.txt","00_manifest","",".txt","81","2026-05-28T20:05:37","FDC35869CDDE62ED5AF49C5729D0532FB839653FA2D6637A0B171D8503C3DE97"
"03_Data_Output\5_SensitivityAnalysis\00_manifest\checksum_verification.csv","00_manifest","",".csv","202122","2026-05-29T08:38:25","C4ED6A04C56B875C332D458C133E6835FD92D2F529448CCEC4797E45253753F6"
"03_Data_Output\5_SensitivityAnalysis\00_manifest\deleted_file_inventory.csv","00_manifest","",".csv","2334","2026-05-29T06:23:37","2F1E44111DC5866153B46A652C5A94354F0AB7A8EE37D9B65C3FBAD232332F9C"
"03_Data_Output\5_SensitivityAnalysis\00_manifest\download_log.txt","00_manifest","",".txt","724","2026-05-29T08:38:26","B1AC78BBC94CB0B2CF2624171B10B1D0BC5E92100CCABF12B8DFBCFEA4BC1709"
"03_Data_Output\5_SensitivityAnalysis\00_manifest\download_summary.json","00_manifest","",".json","206","2026-05-29T08:38:26","8CAFC85B5A3DCDC467D808F63E60780113906242DBDD1C0E80B0EF3A94CA3F57"
"03_Data_Output\5_SensitivityAnalysis\00_manifest\full_grid_step_status.csv","00_manifest","",".csv","4079","2026-05-29T06:23:33","A98381AE6E5CD169E9ACD7B4B3BC225048C499857B61BE99A7E47A74BCE9E069"
"03_Data_Output\5_SensitivityAnalysis\00_manifest\local_file_manifest.csv","00_manifest","",".csv","97504","2026-05-29T08:38:26","5081A24D9676F9F84616BFD156A9633B8EBE7F1A0DAEDC2BA9BEE99F0B299B44"
"03_Data_Output\5_SensitivityAnalysis\00_manifest\metric_coverage_check.csv","00_manifest","",".csv","18207","2026-05-29T06:23:37","BBD79CCD58CE5E4E64F67FA9C89C2921D6D400248AD03044CC48C4727DAFC8DA"
"03_Data_Output\5_SensitivityAnalysis\00_manifest\remote_blocked_runs_raw.csv","00_manifest","",".csv","206","2026-05-28T22:53:54","42316D508146A73F1D4AA08F4099707C433EE6C2B0F9B23D1D645280A5B30CC5"
"03_Data_Output\5_SensitivityAnalysis\00_manifest\remote_canonical_modification_check.txt","00_manifest","",".txt","234","2026-05-29T08:38:25","D0A62B60762CF69869A7743952E804C38CE003BD33B6AF2A0CE50E90C7F15748"
"03_Data_Output\5_SensitivityAnalysis\00_manifest\remote_disk_after.txt","00_manifest","",".txt","89","2026-05-29T06:23:38","341F3767A3CE97642307BDC37B7CB8DCEACF0A529AEBB92611ABC0FEBE9D000E"
"03_Data_Output\5_SensitivityAnalysis\00_manifest\remote_file_manifest.csv","00_manifest","",".csv","233020","2026-05-29T08:38:25","2583134EC18139AF06E40E85F0C4125BF62C3879CF06388236FF6EF0C0F5FDF6"
"03_Data_Output\5_SensitivityAnalysis\00_manifest\remote_tail_manifest.csv","00_manifest","",".csv","12835","2026-05-29T08:35:34","20EA75DE2944A7C69CED7F222B96EC9658BA1F73AC758BC33E506E1FEC0E566D"
"03_Data_Output\5_SensitivityAnalysis\00_manifest\resume_decisions.csv","00_manifest","",".csv","1638","2026-05-29T06:23:33","F2C1303FC445F5ED44D61086637966EB3470FDEE8059DF20F8416AE5F3C6B1FB"
"03_Data_Output\5_SensitivityAnalysis\00_manifest\retained_file_inventory.csv","00_manifest","",".csv","72381","2026-05-29T06:23:37","4789C93574D35F4A0706754A9E3F5624219EEDFCF1D29AC97DB016780B5D8384"
"03_Data_Output\5_SensitivityAnalysis\00_manifest\run_registry.csv","00_manifest","",".csv","4480","2026-05-29T06:23:33","B60D5B9BEF75FC2C29DAB12C79BABE9B8E289B612D080EA4AAC487EB5ADE571B"
"03_Data_Output\5_SensitivityAnalysis\00_manifest\storage_retention_report.csv","00_manifest","",".csv","2446","2026-05-29T06:23:37","F193853A8AE6C0E2629D69B862FCC142FF194E5B9D4D197A479ADB94CDDCD76D"
"03_Data_Output\5_SensitivityAnalysis\01_labels\by_run\C060_M000_T012\event_diagnostics.csv","01_labels","C060_M000_T012",".csv","181","2026-05-28T17:08:13","537E3A6C1118C33142F4C8F7DD1D92285B1382F0DB04206FBED2F2DC08466AF9"
"03_Data_Output\5_SensitivityAnalysis\01_labels\by_run\C060_M000_T012\label_counts.csv","01_labels","C060_M000_T012",".csv","125","2026-05-28T17:08:13","5390698CE4D7C6D70CEC3E029D6EC82410C036D201E7A7121D59996825FA5A97"
"03_Data_Output\5_SensitivityAnalysis\01_labels\by_run\C060_M000_T012\prevalence_summary.csv","01_labels","C060_M000_T012",".csv","149","2026-05-29T08:34:53","9DE9AD6E4B6BA096C6B76E2A81A66E03F263D1E1236E7B2E2BB76F830977C1A3"
"03_Data_Output\5_SensitivityAnalysis\01_labels\by_run\C060_M000_T018\event_diagnostics.csv","01_labels","C060_M000_T018",".csv","181","2026-05-28T17:41:36","B17E35F6CE7BDADFAE4FD53B24CE4DB222D0B938894F58F69BCCCB84AE425A50"
"03_Data_Output\5_SensitivityAnalysis\01_labels\by_run\C060_M000_T018\label_counts.csv","01_labels","C060_M000_T018",".csv","124","2026-05-28T17:41:36","5BD517ABC9D77A3026326F86CF85CF15F711F7616F2AE5A0A3CED5D4E35A5BBC"
"03_Data_Output\5_SensitivityAnalysis\01_labels\by_run\C060_M000_T018\prevalence_summary.csv","01_labels","C060_M000_T018",".csv","148","2026-05-29T08:34:53","7BA38FE1D76F64908EEDE179394AB301720769F078C8B3C57EF66FAA36A78EFC"
"03_Data_Output\5_SensitivityAnalysis\01_labels\by_run\C060_M000_T028\event_diagnostics.csv","01_labels","C060_M000_T028",".csv","182","2026-05-28T18:11:21","F7C7ABDAB2690DC00BC6C3B11EC3ACF9B32D2FA582568036C942E7C6C3A4D0E2"
"03_Data_Output\5_SensitivityAnalysis\01_labels\by_run\C060_M000_T028\label_counts.csv","01_labels","C060_M000_T028",".csv","126","2026-05-28T18:11:21","9DBD281C0D5F36A73A6721B816E76A6E11F4D5F3F5F22070C34CA19F3D8DE58E"
"03_Data_Output\5_SensitivityAnalysis\01_labels\by_run\C060_M000_T028\prevalence_summary.csv","01_labels","C060_M000_T028",".csv","150","2026-05-29T08:34:53","92AF249CF60072CAB2DCC0AB9950E6FE2FFA77BF3CBCF3B9C7BA032125CBCA09"
"03_Data_Output\5_SensitivityAnalysis\01_labels\by_run\C060_M020_T012\event_diagnostics.csv","01_labels","C060_M020_T012",".csv","185","2026-05-28T18:47:07","DB8B4796E6CB439963D1CD273960F10FA35F73EE38FBB372C8F569F21B724BA2"
"03_Data_Output\5_SensitivityAnalysis\01_labels\by_run\C060_M020_T012\label_counts.csv","01_labels","C060_M020_T012",".csv","125","2026-05-28T18:47:07","B3C54166F6CAE51B88D6691CEE9A431316A9AFCDF9D73A1D4C150064D109D557"
"03_Data_Output\5_SensitivityAnalysis\01_labels\by_run\C060_M020_T012\prevalence_summary.csv","01_labels","C060_M020_T012",".csv","149","2026-05-29T08:34:53","84D421AD34E3B2CFF18DA8BA6F786F01C41923547DCD59C32CF397A6209AD4E7"
"03_Data_Output\5_SensitivityAnalysis\01_labels\by_run\C060_M020_T018\event_diagnostics.csv","01_labels","C060_M020_T018",".csv","185","2026-05-28T19:18:19","40DEA2FB3186EA019C09F7E738B0FA89821A3BB9C42F3A448C67D4A863AB4A3B"
"03_Data_Output\5_SensitivityAnalysis\01_labels\by_run\C060_M020_T018\label_counts.csv","01_labels","C060_M020_T018",".csv","126","2026-05-28T19:18:19","D5D54B1138EB308CEB1A179845411FF4197906961F3227498EF06D98B7601920"
"03_Data_Output\5_SensitivityAnalysis\01_labels\by_run\C060_M020_T018\prevalence_summary.csv","01_labels","C060_M020_T018",".csv","150","2026-05-29T08:34:53","45A480C852576C6E1D07619056767CBDC082CD614F2C32F34A5001460C4E171E"
"03_Data_Output\5_SensitivityAnalysis\01_labels\by_run\C060_M020_T028\event_diagnostics.csv","01_labels","C060_M020_T028",".csv","184","2026-05-28T19:49:15","CA89F9F6BB97A3DFCB2802A2B678C1600742868FB8B5575A94599E094DB1168C"
"03_Data_Output\5_SensitivityAnalysis\01_labels\by_run\C060_M020_T028\label_counts.csv","01_labels","C060_M020_T028",".csv","125","2026-05-28T19:49:15","7BA8BE503FB6CD68AAEE4F7B43A510837FAA104EE12721AF7C86FD8DBD768A14"
"03_Data_Output\5_SensitivityAnalysis\01_labels\by_run\C060_M020_T028\prevalence_summary.csv","01_labels","C060_M020_T028",".csv","149","2026-05-29T08:34:53","1158867117F2D031052A21A5A8FC5AF11FC40346AD4EB9536C03350C7955C599"
"03_Data_Output\5_SensitivityAnalysis\01_labels\by_run\C060_M030_T012\event_diagnostics.csv","01_labels","C060_M030_T012",".csv","184","2026-05-28T21:04:26","B879C7E75F0ABC644DACF4C150A674984FF6851017C77952229564C158122162"
"03_Data_Output\5_SensitivityAnalysis\01_labels\by_run\C060_M030_T012\label_counts.csv","01_labels","C060_M030_T012",".csv","124","2026-05-28T21:04:26","42907976170DC0A005DB3F87FCA55F62A2BDD8C7DC87C01FE2DF59BDE0DC6376"
"03_Data_Output\5_SensitivityAnalysis\01_labels\by_run\C060_M030_T012\prevalence_summary.csv","01_labels","C060_M030_T012",".csv","148","2026-05-29T08:34:53","B6D5A03F3576B122302A34C45B3724058FCA3F2742466AD708B6A1EF1EFE41E0"
"03_Data_Output\5_SensitivityAnalysis\01_labels\by_run\C060_M030_T018\event_diagnostics.csv","01_labels","C060_M030_T018",".csv","184","2026-05-28T21:39:04","2DBD9B67D77F682CF4C2308C2FBDE7D6D0DE07409721FF7805E32F911C9BBBB6"
"03_Data_Output\5_SensitivityAnalysis\01_labels\by_run\C060_M030_T018\label_counts.csv","01_labels","C060_M030_T018",".csv","125","2026-05-28T21:39:04","FD77B43639E4B052D478172D8AECDB302E152183668E0029355B08A088D5BA04"
"03_Data_Output\5_SensitivityAnalysis\01_labels\by_run\C060_M030_T018\prevalence_summary.csv","01_labels","C060_M030_T018",".csv","149","2026-05-29T08:34:53","A4C6FB3B72268DB597D0DB8F99072EED224CB926B2CEF31747E2EF8E90B52589"
"03_Data_Output\5_SensitivityAnalysis\01_labels\by_run\C060_M030_T028\event_diagnostics.csv","01_labels","C060_M030_T028",".csv","184","2026-05-28T22:11:53","4052C26D59E12DE72A87371A3FE595832E5E2292042C207E8F825F251B1FC4F2"
"03_Data_Output\5_SensitivityAnalysis\01_labels\by_run\C060_M030_T028\label_counts.csv","01_labels","C060_M030_T028",".csv","125","2026-05-28T22:11:53","DA045115E4CFE780E205EEDAEDDE27FF11A0EE666F22937D4A09B9341B9D1E03"
"03_Data_Output\5_SensitivityAnalysis\01_labels\by_run\C060_M030_T028\prevalence_summary.csv","01_labels","C060_M030_T028",".csv","149","2026-05-29T08:34:53","B2C01A96DF046ED1D10CDE4DB47CD73ED343973EFFF0C3EF6C3697430C58A13A"
"03_Data_Output\5_SensitivityAnalysis\01_labels\by_run\C080_M000_T012\event_diagnostics.csv","01_labels","C080_M000_T012",".csv","181","2026-05-28T22:41:53","AB42938A0F17D097FE3DF7B70C43249D6CF211276730024A4C8C93141AEA377D"
"03_Data_Output\5_SensitivityAnalysis\01_labels\by_run\C080_M000_T012\label_counts.csv","01_labels","C080_M000_T012",".csv","125","2026-05-28T22:41:53","A3ED035282EA7CE9334E5C45E3DE29F280E534EFE2B4C8204E6FD8AA6E349983"
"03_Data_Output\5_SensitivityAnalysis\01_labels\by_run\C080_M000_T012\prevalence_summary.csv","01_labels","C080_M000_T012",".csv","149","2026-05-29T08:34:53","15877899EC334F7EC20AB607ECB8C849DCD5548C39C39FC7FBDFCD2829B75A5B"
"03_Data_Output\5_SensitivityAnalysis\01_labels\by_run\C080_M000_T028\event_diagnostics.csv","01_labels","C080_M000_T028",".csv","182","2026-05-29T03:25:07","2432118B0C994DF9C68EDE2F119B61A69DB4A8131BBA298E212BFE615156BF16"
"03_Data_Output\5_SensitivityAnalysis\01_labels\by_run\C080_M000_T028\label_counts.csv","01_labels","C080_M000_T028",".csv","125","2026-05-29T03:25:07","24473D16FDC10F54007AA3197D7E3CC2BD5F15EEEAEC3397E90CCDE127287D6A"
"03_Data_Output\5_SensitivityAnalysis\01_labels\by_run\C080_M000_T028\prevalence_summary.csv","01_labels","C080_M000_T028",".csv","149","2026-05-29T08:34:53","8ED91324E52171763DEAA6229F93F804C61370EC5380FC36FC7198A21DDD8A95"
"03_Data_Output\5_SensitivityAnalysis\01_labels\by_run\C080_M020_T012\event_diagnostics.csv","01_labels","C080_M020_T012",".csv","185","2026-05-29T03:55:15","75CC55422DBE2A2BFE59955851B404307EEE02F95328085098FF37E1581F1B8D"
"03_Data_Output\5_SensitivityAnalysis\01_labels\by_run\C080_M020_T012\label_counts.csv","01_labels","C080_M020_T012",".csv","125","2026-05-29T03:55:15","A5D1E3172599FDD9445EF3F64055C4281D6BB45D456D4F926C3C4C2087C29AF3"
"03_Data_Output\5_SensitivityAnalysis\01_labels\by_run\C080_M020_T012\prevalence_summary.csv","01_labels","C080_M020_T012",".csv","149","2026-05-29T08:34:53","338BE3F89C40DC6DAEF3AC0DB41552B2FB31570A504395510EF634F06FD4E111"
"03_Data_Output\5_SensitivityAnalysis\01_labels\by_run\C080_M020_T018\event_diagnostics.csv","01_labels","C080_M020_T018",".csv","184","2026-05-28T15:13:53","EF2E3E84AEBCF6A594F0A1ACE22C348E976967C51971AE19F6D73F0279976DF7"
"03_Data_Output\5_SensitivityAnalysis\01_labels\by_run\C080_M020_T018\label_counts.csv","01_labels","C080_M020_T018",".csv","124","2026-05-28T15:13:53","B96A172B063209C83305BAF0BA0B14D716C2836313B2BB6C0FEED65F91FA8B5E"
"03_Data_Output\5_SensitivityAnalysis\01_labels\by_run\C080_M020_T018\prevalence_summary.csv","01_labels","C080_M020_T018",".csv","148","2026-05-29T08:34:53","ADFECD117D004F104421C8AA6CA01589E4931335BB05C0142932B2BB6BDE2FCB"
"03_Data_Output\5_SensitivityAnalysis\01_labels\by_run\C080_M020_T028\event_diagnostics.csv","01_labels","C080_M020_T028",".csv","183","2026-05-29T04:25:20","146BA990F072109254B4FD8F8F1F393F2E8832628FC401CC90FAC261DE2EFF62"
"03_Data_Output\5_SensitivityAnalysis\01_labels\by_run\C080_M020_T028\label_counts.csv","01_labels","C080_M020_T028",".csv","124","2026-05-29T04:25:20","A7FB98E95273585FBF1ACA898EFF844580A857AE026E86F3320B555552F59A11"
"03_Data_Output\5_SensitivityAnalysis\01_labels\by_run\C080_M020_T028\prevalence_summary.csv","01_labels","C080_M020_T028",".csv","148","2026-05-29T08:34:53","10286D0CB424597662EC2652CA8988A8474DD955EF3A23F0FB50D2F95B43D491"
"03_Data_Output\5_SensitivityAnalysis\01_labels\by_run\C080_M030_T012\event_diagnostics.csv","01_labels","C080_M030_T012",".csv","183","2026-05-29T04:56:45","3ED7A3B3508834A7642DD1F1DC89F48353CE0BA7C41A868474CE744A91FA8951"
"03_Data_Output\5_SensitivityAnalysis\01_labels\by_run\C080_M030_T012\label_counts.csv","01_labels","C080_M030_T012",".csv","124","2026-05-29T04:56:45","BE8F13EF1FDB795C2E490317FD98513173144A2AC7CBD367777788AA7D517D6D"
"03_Data_Output\5_SensitivityAnalysis\01_labels\by_run\C080_M030_T012\prevalence_summary.csv","01_labels","C080_M030_T012",".csv","148","2026-05-29T08:34:53","80CEA2D3D2DE8AC8CFBB10CC341134824D067DBE8E15D37D23226E65E8927553"
"03_Data_Output\5_SensitivityAnalysis\01_labels\by_run\C080_M030_T018\event_diagnostics.csv","01_labels","C080_M030_T018",".csv","183","2026-05-29T05:25:36","A3E88F9D6F06C0041190C0BF2832518B3BD71C742584A6DC0E02C220BD5DB4D6"
"03_Data_Output\5_SensitivityAnalysis\01_labels\by_run\C080_M030_T018\label_counts.csv","01_labels","C080_M030_T018",".csv","124","2026-05-29T05:25:36","296FF587A7D2DDE39805AA61A1B2ABB043748457DF5F5FE85AD344469089480D"
"03_Data_Output\5_SensitivityAnalysis\01_labels\by_run\C080_M030_T018\prevalence_summary.csv","01_labels","C080_M030_T018",".csv","148","2026-05-29T08:34:53","487B45051C76C205C364B1C26ED04BC31B1B4D3A1484F4B54611499ED8061721"
"03_Data_Output\5_SensitivityAnalysis\01_labels\by_run\C080_M030_T028\event_diagnostics.csv","01_labels","C080_M030_T028",".csv","183","2026-05-29T05:56:02","C504D708978BA925108342132050023228406FAFDB40666F780FCF6B69A952C6"
"03_Data_Output\5_SensitivityAnalysis\01_labels\by_run\C080_M030_T028\label_counts.csv","01_labels","C080_M030_T028",".csv","125","2026-05-29T05:56:02","F9BEF026EE9ACE64E1BB052502337A5EB4D4017C8660A34F51AB162877C1A9C6"
"03_Data_Output\5_SensitivityAnalysis\01_labels\by_run\C080_M030_T028\prevalence_summary.csv","01_labels","C080_M030_T028",".csv","149","2026-05-29T08:34:53","E865FE9798C57B5B3938C06511B7284923D25CA87C7FCA7EBCA12B6FCBCE4F66"
"03_Data_Output\5_SensitivityAnalysis\01_labels\by_run\C090_M000_T012\event_diagnostics.csv","01_labels","C090_M000_T012",".csv","179","2026-05-28T23:25:34","6C486F2BE9CD815E2F84D5A7D8D0816703E19122AB488001E571101EB77621E2"
"03_Data_Output\5_SensitivityAnalysis\01_labels\by_run\C090_M000_T012\label_counts.csv","01_labels","C090_M000_T012",".csv","124","2026-05-28T23:25:34","9AC199A30E62479EA2AF9317132B36825C09B516D7B29E634325FF8EFDBB8D2D"
"03_Data_Output\5_SensitivityAnalysis\01_labels\by_run\C090_M000_T012\prevalence_summary.csv","01_labels","C090_M000_T012",".csv","148","2026-05-29T08:34:53","4AAE4A122E328D4A42DD19848A5D92CCD28A4C3227054DD6B73B4D0A9F2FD890"
"03_Data_Output\5_SensitivityAnalysis\01_labels\by_run\C090_M000_T018\event_diagnostics.csv","01_labels","C090_M000_T018",".csv","179","2026-05-28T23:58:42","EECE629366132E6834DB198E54A45830575CEE03A147BE0D88769D5B3CD34CF7"
"03_Data_Output\5_SensitivityAnalysis\01_labels\by_run\C090_M000_T018\label_counts.csv","01_labels","C090_M000_T018",".csv","124","2026-05-28T23:58:42","A5D4E4BAEB061E432B1FAEAC655AF38A2A22360A30F0806E8C98F1EC815D8BFC"
"03_Data_Output\5_SensitivityAnalysis\01_labels\by_run\C090_M000_T018\prevalence_summary.csv","01_labels","C090_M000_T018",".csv","148","2026-05-29T08:34:53","35BECA25EA820AE0758681AFFE030F59C74B3598CA48F5028EE93EACFD672EF2"
"03_Data_Output\5_SensitivityAnalysis\01_labels\by_run\C090_M000_T028\event_diagnostics.csv","01_labels","C090_M000_T028",".csv","179","2026-05-29T00:28:55","1CD5F89D0DDC31051F07F868802888F9A8E5DA39CD87823D4EC1ED04674DD438"
"03_Data_Output\5_SensitivityAnalysis\01_labels\by_run\C090_M000_T028\label_counts.csv","01_labels","C090_M000_T028",".csv","124","2026-05-29T00:28:55","68C02247136528DCF3A3AF981A434131D81BAC92BDF8395E7D02A298384C440A"
"03_Data_Output\5_SensitivityAnalysis\01_labels\by_run\C090_M000_T028\prevalence_summary.csv","01_labels","C090_M000_T028",".csv","148","2026-05-29T08:34:53","FEFBEBA4641A929CE1349D48ED99122DDECA490173DE2D7B61CB0DAAB584747D"
"03_Data_Output\5_SensitivityAnalysis\01_labels\by_run\C090_M020_T012\event_diagnostics.csv","01_labels","C090_M020_T012",".csv","183","2026-05-29T00:57:58","A70713EF48C5C785DB534E23636ED37A04166EAEEFCFD0732FDB501F640758A9"
"03_Data_Output\5_SensitivityAnalysis\01_labels\by_run\C090_M020_T012\label_counts.csv","01_labels","C090_M020_T012",".csv","124","2026-05-29T00:57:58","AC39F8CF47332FF54E76573599A45C1252AF2C05ABB236FAE4CD4361607ECBF0"
"03_Data_Output\5_SensitivityAnalysis\01_labels\by_run\C090_M020_T012\prevalence_summary.csv","01_labels","C090_M020_T012",".csv","148","2026-05-29T08:34:53","9386B9BFECC1E3583566549F8A1AD86BE5E205778C76D9C6DDDF2042F55892A1"
"03_Data_Output\5_SensitivityAnalysis\01_labels\by_run\C090_M020_T018\event_diagnostics.csv","01_labels","C090_M020_T018",".csv","183","2026-05-29T01:27:38","09614DAE6C35655CA42D224340A7B5F483AF7E35FEFA32A684CFDB5E99ADEADF"
"03_Data_Output\5_SensitivityAnalysis\01_labels\by_run\C090_M020_T018\label_counts.csv","01_labels","C090_M020_T018",".csv","124","2026-05-29T01:27:38","FEBB733FE576AEF3D2BE30686F5E063F722AE4F617501AC397B22237E6A70D14"
"03_Data_Output\5_SensitivityAnalysis\01_labels\by_run\C090_M020_T018\prevalence_summary.csv","01_labels","C090_M020_T018",".csv","148","2026-05-29T08:34:53","9FA98F6718B3CC713CF7A23597DA69E739AF6772C19249BBBF8AC6ED72A4131A"
"03_Data_Output\5_SensitivityAnalysis\01_labels\by_run\C090_M020_T028\event_diagnostics.csv","01_labels","C090_M020_T028",".csv","183","2026-05-28T16:08:01","CDFA0CD7787DE0E5BC0518F4A18CE50C68581CD44017FE407DB8974D56DA0DE4"
"03_Data_Output\5_SensitivityAnalysis\01_labels\by_run\C090_M020_T028\label_counts.csv","01_labels","C090_M020_T028",".csv","124","2026-05-28T16:08:01","E01CEBEF8C1AE179F0ADA056163D7BCB9466C6299D902EC6CEB11DD6956BC7A8"
"03_Data_Output\5_SensitivityAnalysis\01_labels\by_run\C090_M020_T028\prevalence_summary.csv","01_labels","C090_M020_T028",".csv","148","2026-05-29T08:34:53","1BC4467A00FA4D9B629EB9294A8E6A284609CC63D42BB983C00D5BB4E1065804"
"03_Data_Output\5_SensitivityAnalysis\01_labels\by_run\C090_M030_T012\event_diagnostics.csv","01_labels","C090_M030_T012",".csv","183","2026-05-29T01:57:54","E12B59931ED4DCEC7A53800C878EB6032922610D1E6D560041440DA0E9A75454"
"03_Data_Output\5_SensitivityAnalysis\01_labels\by_run\C090_M030_T012\label_counts.csv","01_labels","C090_M030_T012",".csv","124","2026-05-29T01:57:54","90E021BDE6E9DE34ABD7A6A02230CA419A6FD4F3879589C07D24C8E633385300"
"03_Data_Output\5_SensitivityAnalysis\01_labels\by_run\C090_M030_T012\prevalence_summary.csv","01_labels","C090_M030_T012",".csv","148","2026-05-29T08:34:53","7BBF24512B934B335A00B30C981514D966095CA6F47AF532E52EEE07DE4BF678"
"03_Data_Output\5_SensitivityAnalysis\01_labels\by_run\C090_M030_T018\event_diagnostics.csv","01_labels","C090_M030_T018",".csv","183","2026-05-29T02:26:58","F61A907E090E5338E2DDB7C96F0B04616716B6969A1FE2BB67389680D47A8BCD"
"03_Data_Output\5_SensitivityAnalysis\01_labels\by_run\C090_M030_T018\label_counts.csv","01_labels","C090_M030_T018",".csv","124","2026-05-29T02:26:58","22BCA823BAE7BCE61E2D160BACF57B83BD480D2E03686B310DE48ECEF22F85E5"
"03_Data_Output\5_SensitivityAnalysis\01_labels\by_run\C090_M030_T018\prevalence_summary.csv","01_labels","C090_M030_T018",".csv","148","2026-05-29T08:34:53","FBBBF2D975EE649BB8204A076563DA6B7114CBDE23427C8B315BBC6893529AB1"
"03_Data_Output\5_SensitivityAnalysis\01_labels\by_run\C090_M030_T028\event_diagnostics.csv","01_labels","C090_M030_T028",".csv","183","2026-05-29T02:56:03","8878777012D7C9AC23CCAD6338D4F2ED15E390E2BDAC38655793AE5148A4C924"
"03_Data_Output\5_SensitivityAnalysis\01_labels\by_run\C090_M030_T028\label_counts.csv","01_labels","C090_M030_T028",".csv","124","2026-05-29T02:56:03","9CAA6428E95F7A00AD4ADFFA5221E01E1134BF6E98B95B49E5DA785F91F65AE3"
"03_Data_Output\5_SensitivityAnalysis\01_labels\by_run\C090_M030_T028\prevalence_summary.csv","01_labels","C090_M030_T028",".csv","148","2026-05-29T08:34:53","69E006EB4BB7A69CB96C55DEE87215E791181AE4C5F251E825611595ECD765A6"
"03_Data_Output\5_SensitivityAnalysis\01_labels\combined_label_counts.csv","01_labels","",".csv","2136","2026-05-29T08:34:53","8FE447280814E3ED62C9A65ADE4069D62479D1C6CD9BA7E388D4CAAD450A10B4"
"03_Data_Output\5_SensitivityAnalysis\02_model_training\by_run\C060_M000_T012\ag_eval_summary.json","02_model_training","C060_M000_T012",".json","1556","2026-05-28T17:33:19","C62E5DCF59553DA0645E6D421991A05DA189DB8C2A021C1CA4B8BDF488782ED9"
"03_Data_Output\5_SensitivityAnalysis\02_model_training\by_run\C060_M000_T012\ag_eval_summary_compact.csv","02_model_training","C060_M000_T012",".csv","85","2026-05-28T17:33:23","B7ADE11F7B754211D15E599FA93944BDA75DF32D751C307977AFDFCEEDAC1FBD"
"03_Data_Output\5_SensitivityAnalysis\02_model_training\by_run\C060_M000_T012\hyperparameters_compact.json","02_model_training","C060_M000_T012",".json","7144","2026-05-29T06:23:34","4D820EAD3D11DDDF9E9BC58006473106884D37C9B3649ADF99342A24D7A95CDE"
"03_Data_Output\5_SensitivityAnalysis\02_model_training\by_run\C060_M000_T012\leaderboard.csv","02_model_training","C060_M000_T012",".csv","2501","2026-05-28T17:15:06","E6ABF356E35BB19AD7B7C39C52775C4376D7EFB3BB316ED5B455A7CF1343BB3A"
"03_Data_Output\5_SensitivityAnalysis\02_model_training\by_run\C060_M000_T012\metric_coverage.csv","02_model_training","C060_M000_T012",".csv","817","2026-05-29T06:23:34","33E66E7173E67170DA12ADC36165D21CEFAAF8F3D8515F8166BABBC57C5B9961"
"03_Data_Output\5_SensitivityAnalysis\02_model_training\by_run\C060_M000_T012\model_metadata_compact.json","02_model_training","C060_M000_T012",".json","1292","2026-05-29T06:23:34","72506A3C0AF8B2B6C34BB61DF8FA8526453959EFEE85EFD9C35A6B5BB8094592"
"03_Data_Output\5_SensitivityAnalysis\02_model_training\by_run\C060_M000_T012\model_metrics.csv","02_model_training","C060_M000_T012",".csv","611","2026-05-28T17:33:23","BD9CD4FAAEA7DB9CA599CB4C5174C81B389510B30F1272C7903F104BD5DFD315"
"03_Data_Output\5_SensitivityAnalysis\02_model_training\by_run\C060_M000_T012\optional_family_evidence.csv","02_model_training","C060_M000_T012",".csv","225","2026-05-29T06:23:34","58D37B09321D6EAA1133AD11F8DA544522FCBA3504F7E7BA5B543EAABC34E4C2"
"03_Data_Output\5_SensitivityAnalysis\02_model_training\by_run\C060_M000_T012\prediction_row_counts.csv","02_model_training","C060_M000_T012",".csv","1014","2026-05-28T17:33:23","56AC1C1B7779C223B92392AD6BDA695C5DA619ED0D4803104BC3F364D172ED9A"
"03_Data_Output\5_SensitivityAnalysis\02_model_training\by_run\C060_M000_T012\score_distribution.csv","02_model_training","C060_M000_T012",".csv","1724","2026-05-29T08:34:53","0253C2F070F57236D5365776D172FAB68D47889AEEC63BD33E89F1B0A2922C09"
"03_Data_Output\5_SensitivityAnalysis\02_model_training\by_run\C060_M000_T018\ag_eval_summary.json","02_model_training","C060_M000_T018",".json","1555","2026-05-28T18:06:19","70D28AAF30D9A09FFB6C99E0EBBC972881724C4C709B8B9A9E53C7912B1210DC"
"03_Data_Output\5_SensitivityAnalysis\02_model_training\by_run\C060_M000_T018\ag_eval_summary_compact.csv","02_model_training","C060_M000_T018",".csv","85","2026-05-28T18:06:22","EA257719FB27CE89D4C55ECEEE9E983968DA5A9DEA9388E409C92CC473C76971"
"03_Data_Output\5_SensitivityAnalysis\02_model_training\by_run\C060_M000_T018\hyperparameters_compact.json","02_model_training","C060_M000_T018",".json","7163","2026-05-29T06:23:35","7341EA6505D4CBFC746677F28A1A161838E3E8B54DE76660C54A51869B8F8278"
"03_Data_Output\5_SensitivityAnalysis\02_model_training\by_run\C060_M000_T018\leaderboard.csv","02_model_training","C060_M000_T018",".csv","2520","2026-05-28T17:48:47","24D373F63C2ADA6274B533422AE99E9A320E3212BAE647FCECF3135D2130331B"
"03_Data_Output\5_SensitivityAnalysis\02_model_training\by_run\C060_M000_T018\metric_coverage.csv","02_model_training","C060_M000_T018",".csv","818","2026-05-29T06:23:35","D98C59DDD442E335A5DA40BB40EEFF8031936A1CE7149AA6C9F0AB26C6EE5A9C"
"03_Data_Output\5_SensitivityAnalysis\02_model_training\by_run\C060_M000_T018\model_metadata_compact.json","02_model_training","C060_M000_T018",".json","1292","2026-05-29T06:23:35","9AA309AE7A207CBABB87470F1208EB7F7CF4C34DDFE183CF6DC70A3EFB2E1E9B"
"03_Data_Output\5_SensitivityAnalysis\02_model_training\by_run\C060_M000_T018\model_metrics.csv","02_model_training","C060_M000_T018",".csv","609","2026-05-28T18:06:22","2D422343E8EA6048AB3EABF9C5388C6FA770BAD4BCD825FE6C249C6958C16A8E"
"03_Data_Output\5_SensitivityAnalysis\02_model_training\by_run\C060_M000_T018\optional_family_evidence.csv","02_model_training","C060_M000_T018",".csv","225","2026-05-29T06:23:35","D57C12578D6BFF1DBE2FFE0D25A90113B1D06F97C8FC2680D153152400596082"
"03_Data_Output\5_SensitivityAnalysis\02_model_training\by_run\C060_M000_T018\prediction_row_counts.csv","02_model_training","C060_M000_T018",".csv","1014","2026-05-28T18:06:22","BA80F8C3EEEEA78D9521DC07CDEC42E49A0A01AAD63D788DA34021A25CB8FA93"
"03_Data_Output\5_SensitivityAnalysis\02_model_training\by_run\C060_M000_T018\score_distribution.csv","02_model_training","C060_M000_T018",".csv","1719","2026-05-29T08:34:53","D9C914F9C6EC33E825ECACAABBD7FCB2E7E8A4997E8A8D2471803A7AA4E78EB9"
"03_Data_Output\5_SensitivityAnalysis\02_model_training\by_run\C060_M000_T028\ag_eval_summary.json","02_model_training","C060_M000_T028",".json","1556","2026-05-28T18:36:30","F4B049F9FC08E5CC61C72B009A4FF9132C09044C70DD7594B866F7A1F93ACC99"
"03_Data_Output\5_SensitivityAnalysis\02_model_training\by_run\C060_M000_T028\ag_eval_summary_compact.csv","02_model_training","C060_M000_T028",".csv","85","2026-05-28T18:36:34","3B924132599C26E125AB22ABEC6B8543581E55AF1106A8C3F68022B8AB3F5430"
"03_Data_Output\5_SensitivityAnalysis\02_model_training\by_run\C060_M000_T028\hyperparameters_compact.json","02_model_training","C060_M000_T028",".json","7163","2026-05-29T06:23:35","AE08FC12B23301D607D1DAC0682196CC8DCE015F901EB189976C78D322A5BC70"
"03_Data_Output\5_SensitivityAnalysis\02_model_training\by_run\C060_M000_T028\leaderboard.csv","02_model_training","C060_M000_T028",".csv","2520","2026-05-28T18:18:32","EC939829DAC534F2C67FE4359249CAE933D2A95480E90613A758C56A08913654"
"03_Data_Output\5_SensitivityAnalysis\02_model_training\by_run\C060_M000_T028\metric_coverage.csv","02_model_training","C060_M000_T028",".csv","815","2026-05-29T06:23:35","7313FF55DA856D1B66EC0FDC813C8246F504EF84BB0116381F7EFC5802D3B9E2"
"03_Data_Output\5_SensitivityAnalysis\02_model_training\by_run\C060_M000_T028\model_metadata_compact.json","02_model_training","C060_M000_T028",".json","1292","2026-05-29T06:23:35","F31676E14D03140C553EC78E2AFBA581435C2ABE1BD3C42E6221A2F7E8DEDBF7"
"03_Data_Output\5_SensitivityAnalysis\02_model_training\by_run\C060_M000_T028\model_metrics.csv","02_model_training","C060_M000_T028",".csv","616","2026-05-28T18:36:34","0A1EE45C216D4A7CBD16BEA5BC625188E4B463D60B92C8D9BC6008969D2A2472"
"03_Data_Output\5_SensitivityAnalysis\02_model_training\by_run\C060_M000_T028\optional_family_evidence.csv","02_model_training","C060_M000_T028",".csv","225","2026-05-29T06:23:35","566DE1E93E04FDF11A4F6E4CD3F8C18937D6F420487FC164F4F9DCD2E4D2F8FD"
"03_Data_Output\5_SensitivityAnalysis\02_model_training\by_run\C060_M000_T028\prediction_row_counts.csv","02_model_training","C060_M000_T028",".csv","1014","2026-05-28T18:36:34","4CC5BD50A104E70E6441F1270F77108DE9B4EB8FF5A14A89CC3656B0E856A914"
"03_Data_Output\5_SensitivityAnalysis\02_model_training\by_run\C060_M000_T028\score_distribution.csv","02_model_training","C060_M000_T028",".csv","1734","2026-05-29T08:34:53","46755F5B26B4D245F81ADCCBB449E40C7AFFCEB9D05F49C72F7F5BB212769504"
"03_Data_Output\5_SensitivityAnalysis\02_model_training\by_run\C060_M020_T012\ag_eval_summary.json","02_model_training","C060_M020_T012",".json","1555","2026-05-28T19:11:22","E155F697CC50AA49D7CAB3D3EF9E48EE264ED806FB4651359DE7EB541F06618F"
"03_Data_Output\5_SensitivityAnalysis\02_model_training\by_run\C060_M020_T012\ag_eval_summary_compact.csv","02_model_training","C060_M020_T012",".csv","85","2026-05-28T19:11:26","7031ED02CC3EB26DDE6976A10D1F29BA104448AB6F3F4E182A96DF00E9605AAB"
"03_Data_Output\5_SensitivityAnalysis\02_model_training\by_run\C060_M020_T012\hyperparameters_compact.json","02_model_training","C060_M020_T012",".json","7162","2026-05-29T06:23:35","C8CAB7D1C49DD4965A7818C6620AF8113FD4021DF3A41DF96591568A6135DC7C"
"03_Data_Output\5_SensitivityAnalysis\02_model_training\by_run\C060_M020_T012\leaderboard.csv","02_model_training","C060_M020_T012",".csv","2519","2026-05-28T18:54:25","E468F52FE8FA3F2DC29A154DC8D5AF98D81B9B240B51A6C3E0892ACDC30E14DB"
"03_Data_Output\5_SensitivityAnalysis\02_model_training\by_run\C060_M020_T012\metric_coverage.csv","02_model_training","C060_M020_T012",".csv","819","2026-05-29T06:23:35","65148864AD716FFFE6FEEDF34335FB6F0327245DBC2DB61806311A7892A3DBCA"
"03_Data_Output\5_SensitivityAnalysis\02_model_training\by_run\C060_M020_T012\model_metadata_compact.json","02_model_training","C060_M020_T012",".json","1292","2026-05-29T06:23:35","1B7E9C9B514437EB0521BEF1577441526FDC6CDAFC136C05C7D0AFCA9117613B"
"03_Data_Output\5_SensitivityAnalysis\02_model_training\by_run\C060_M020_T012\model_metrics.csv","02_model_training","C060_M020_T012",".csv","613","2026-05-28T19:11:26","8E1764B249148BC7C49A0B4E4979AB41FAD41A22F3D932D1584B3BA83036DB42"
"03_Data_Output\5_SensitivityAnalysis\02_model_training\by_run\C060_M020_T012\optional_family_evidence.csv","02_model_training","C060_M020_T012",".csv","225","2026-05-29T06:23:35","D81E0F222EF47D25A2D3DC854E4C26FAFCBCD995233C3310C4A557E00A0B1437"
"03_Data_Output\5_SensitivityAnalysis\02_model_training\by_run\C060_M020_T012\prediction_row_counts.csv","02_model_training","C060_M020_T012",".csv","1014","2026-05-28T19:11:26","8D40C39EDD19E7C8544C8DDCBAF2A513919EE87D62F0B032E224E154CB129DF4"
"03_Data_Output\5_SensitivityAnalysis\02_model_training\by_run\C060_M020_T012\score_distribution.csv","02_model_training","C060_M020_T012",".csv","1724","2026-05-29T08:34:53","2DC5E861A3B874E018DE88D52DBEE6A9BB8B0F4419C9295E3113832D6525AF18"
"03_Data_Output\5_SensitivityAnalysis\02_model_training\by_run\C060_M020_T018\ag_eval_summary.json","02_model_training","C060_M020_T018",".json","1554","2026-05-28T19:42:57","154949560E5B2D2241C753DEC06E26695C73647B2AED8699DE415FECACBAE76C"
"03_Data_Output\5_SensitivityAnalysis\02_model_training\by_run\C060_M020_T018\ag_eval_summary_compact.csv","02_model_training","C060_M020_T018",".csv","85","2026-05-28T19:43:01","5EFFA3A22C9F0BD02B9F0D232F0BD0882E24CFE7808F9142C76061ABFFFB9CC1"
"03_Data_Output\5_SensitivityAnalysis\02_model_training\by_run\C060_M020_T018\hyperparameters_compact.json","02_model_training","C060_M020_T018",".json","7171","2026-05-29T06:23:35","46EC32D33264905CB08DFCAF9E79788CB1B80A190A5608B1EEE9C071C700512F"
"03_Data_Output\5_SensitivityAnalysis\02_model_training\by_run\C060_M020_T018\leaderboard.csv","02_model_training","C060_M020_T018",".csv","2528","2026-05-28T19:25:41","0EEC0FEA452950F1181B2F061F60D5BA5DEFF9501DD72D3A996E40DBF45EB1E7"
"03_Data_Output\5_SensitivityAnalysis\02_model_training\by_run\C060_M020_T018\metric_coverage.csv","02_model_training","C060_M020_T018",".csv","817","2026-05-29T06:23:35","524986A04EB8FACB50C862D34FA3B6DB346D9E2B224E4CCECACAF4141052F1CD"
"03_Data_Output\5_SensitivityAnalysis\02_model_training\by_run\C060_M020_T018\model_metadata_compact.json","02_model_training","C060_M020_T018",".json","1292","2026-05-29T06:23:35","80BA795F042477D40B7221C7C35A5553D7BCF02729D3E244B6C8732B0A933718"
"03_Data_Output\5_SensitivityAnalysis\02_model_training\by_run\C060_M020_T018\model_metrics.csv","02_model_training","C060_M020_T018",".csv","612","2026-05-28T19:43:01","F60537BE07F0719FC93EF113C04A7DA61BCA99EE06644D2A5830352A852886E9"
"03_Data_Output\5_SensitivityAnalysis\02_model_training\by_run\C060_M020_T018\optional_family_evidence.csv","02_model_training","C060_M020_T018",".csv","225","2026-05-29T06:23:35","C0B4A6E196A72B653CB83E6447F9F037E4CFCF7636F0E02122EDADFDF091F72D"
"03_Data_Output\5_SensitivityAnalysis\02_model_training\by_run\C060_M020_T018\prediction_row_counts.csv","02_model_training","C060_M020_T018",".csv","1014","2026-05-28T19:43:01","5668C0F19D70A9A55AD1440B0108ECF55385944D127FEAA79E459249026ECCED"
"03_Data_Output\5_SensitivityAnalysis\02_model_training\by_run\C060_M020_T018\score_distribution.csv","02_model_training","C060_M020_T018",".csv","1749","2026-05-29T08:34:53","C2EEF76724D3F6C19BEB390EDF3048E33C9307EC9BF3678474216FFA518634EA"
"03_Data_Output\5_SensitivityAnalysis\02_model_training\by_run\C060_M020_T028\hyperparameters_compact.json","02_model_training","C060_M020_T028",".json","7166","2026-05-29T06:23:35","C70394968558DCC340705F1672055C2E39A24BFB5484072E7DD618F9FB50931A"
"03_Data_Output\5_SensitivityAnalysis\02_model_training\by_run\C060_M020_T028\leaderboard.csv","02_model_training","C060_M020_T028",".csv","2523","2026-05-28T19:56:29","5A68BEC55F2DC7EAE0106E46AE3C9B4FDAA0084B9406C2892847DFFEBDB6F888"
"03_Data_Output\5_SensitivityAnalysis\02_model_training\by_run\C060_M020_T028\metric_coverage.csv","02_model_training","C060_M020_T028",".csv","678","2026-05-29T06:23:35","0D2B701CDE3FD964475AE5D5114255F8E09B6B2D1B73818FD98E1A4C4AEFF340"
"03_Data_Output\5_SensitivityAnalysis\02_model_training\by_run\C060_M020_T028\model_metadata_compact.json","02_model_training","C060_M020_T028",".json","10573","2026-05-29T06:23:35","21B24F1C599534D212806471D7DA5F8CF86FA26C9A72B506D91A2E9BEC07680F"
"03_Data_Output\5_SensitivityAnalysis\02_model_training\by_run\C060_M020_T028\optional_family_evidence.csv","02_model_training","C060_M020_T028",".csv","225","2026-05-29T06:23:35","2C9730E7D80C0E777CC560327818E90744CC746E2AEAE0694DE35FCAC04B2907"
"03_Data_Output\5_SensitivityAnalysis\02_model_training\by_run\C060_M020_T028\score_distribution.csv","02_model_training","C060_M020_T028",".csv","1429","2026-05-29T08:34:53","3B9DEA65FECC8B9652B3769FEAAB8355E9DFFAAEE3599727B77392B31695E7E4"
"03_Data_Output\5_SensitivityAnalysis\02_model_training\by_run\C060_M030_T012\ag_eval_summary.json","02_model_training","C060_M030_T012",".json","1550","2026-05-28T21:29:13","12F4A8622A55192449455B45E2A8B948C3959A053481FE8F8CDC56EC7104E1E6"
"03_Data_Output\5_SensitivityAnalysis\02_model_training\by_run\C060_M030_T012\ag_eval_summary_compact.csv","02_model_training","C060_M030_T012",".csv","84","2026-05-28T21:29:17","0DC9C8E3E8F70044F48DEC13E2D7B2C907B48FE80C29F481AEE207E36B480B32"
"03_Data_Output\5_SensitivityAnalysis\02_model_training\by_run\C060_M030_T012\hyperparameters_compact.json","02_model_training","C060_M030_T012",".json","7170","2026-05-29T06:23:35","E2B728D73A5793B14E79B15B8226DD40EB0731013057DFD7F6AE6A813D477084"
"03_Data_Output\5_SensitivityAnalysis\02_model_training\by_run\C060_M030_T012\leaderboard.csv","02_model_training","C060_M030_T012",".csv","2527","2026-05-28T21:11:22","4345975D10D9DD3D2B536DBEAA0799B710136A912C05AD2ABCD5A2E9886F08EE"
"03_Data_Output\5_SensitivityAnalysis\02_model_training\by_run\C060_M030_T012\metric_coverage.csv","02_model_training","C060_M030_T012",".csv","819","2026-05-29T06:23:35","3ADEB4B4B8D926E946724327F139DCC18F40FC97783730712AC879C4C4456614"
"03_Data_Output\5_SensitivityAnalysis\02_model_training\by_run\C060_M030_T012\model_metadata_compact.json","02_model_training","C060_M030_T012",".json","1292","2026-05-29T06:23:35","3C4FBF6405AFF36D9468D17B4BBD4B45B174F179233199184C88D117E9857085"
"03_Data_Output\5_SensitivityAnalysis\02_model_training\by_run\C060_M030_T012\model_metrics.csv","02_model_training","C060_M030_T012",".csv","613","2026-05-28T21:29:17","D4A99932B5A8F32477857492FFF0A28F890DB5D7DA37BAAB0F9CA1DB3C06E5DA"
"03_Data_Output\5_SensitivityAnalysis\02_model_training\by_run\C060_M030_T012\optional_family_evidence.csv","02_model_training","C060_M030_T012",".csv","225","2026-05-29T06:23:35","AC9980A703149A03BDC35457ADD2C90DB0C57ABE14CC490B5909D6788F6BB139"
"03_Data_Output\5_SensitivityAnalysis\02_model_training\by_run\C060_M030_T012\prediction_row_counts.csv","02_model_training","C060_M030_T012",".csv","1014","2026-05-28T21:29:17","2E8ED0C064B6F74C0CEA59C9330AC959B5F6C0D093BBC829FDC766C740DE7E58"
"03_Data_Output\5_SensitivityAnalysis\02_model_training\by_run\C060_M030_T012\score_distribution.csv","02_model_training","C060_M030_T012",".csv","1750","2026-05-29T08:34:53","8CB1C99533E93C26010004BC72563C762E4A2BFC6ADB3D29BB303D62FC1479A8"
"03_Data_Output\5_SensitivityAnalysis\02_model_training\by_run\C060_M030_T018\ag_eval_summary.json","02_model_training","C060_M030_T018",".json","1550","2026-05-28T22:02:17","76131F8B6C3660ED73730F8FC58C946D5E315F01CB06ACF85D043E56A8C16C1D"
"03_Data_Output\5_SensitivityAnalysis\02_model_training\by_run\C060_M030_T018\ag_eval_summary_compact.csv","02_model_training","C060_M030_T018",".csv","85","2026-05-28T22:02:21","F2AD3700C1CD7BD7095DD19CF6AC594D3F1190D2FD1E065A3C9A1FE27E55D473"
"03_Data_Output\5_SensitivityAnalysis\02_model_training\by_run\C060_M030_T018\hyperparameters_compact.json","02_model_training","C060_M030_T018",".json","7167","2026-05-29T06:23:35","CC4D421E34B2E95F412E24A734132B39CCA51BFE81DECEB7A86076DCD2AE9FFA"
"03_Data_Output\5_SensitivityAnalysis\02_model_training\by_run\C060_M030_T018\leaderboard.csv","02_model_training","C060_M030_T018",".csv","2524","2026-05-28T21:45:41","6CF29F5D54E46DB0B5EFA5DAF4539B2CC5B96E2EDD06B2C471A5ACD69F91F836"
"03_Data_Output\5_SensitivityAnalysis\02_model_training\by_run\C060_M030_T018\metric_coverage.csv","02_model_training","C060_M030_T018",".csv","815","2026-05-29T06:23:35","E033A088AA60BF7B8137ADD67B5A67F82027233517AA806FF20980FF3C5F4D67"
"03_Data_Output\5_SensitivityAnalysis\02_model_training\by_run\C060_M030_T018\model_metadata_compact.json","02_model_training","C060_M030_T018",".json","1292","2026-05-29T06:23:35","F269C2C3CF7063A742C6AF59E65FD7DD46FFD473297A05B1502E0518987ED43E"
"03_Data_Output\5_SensitivityAnalysis\02_model_training\by_run\C060_M030_T018\model_metrics.csv","02_model_training","C060_M030_T018",".csv","612","2026-05-28T22:02:21","9E6622C4B4CC75C95FC3C7A930C112DF0A603178AE5A07BC293AFF56936A08F8"
"03_Data_Output\5_SensitivityAnalysis\02_model_training\by_run\C060_M030_T018\optional_family_evidence.csv","02_model_training","C060_M030_T018",".csv","225","2026-05-29T06:23:35","F16533DF9BB71E28B11BD11AB6A43BD2C096D84ECCDAB521C2B1AB10AF83D593"
"03_Data_Output\5_SensitivityAnalysis\02_model_training\by_run\C060_M030_T018\prediction_row_counts.csv","02_model_training","C060_M030_T018",".csv","1014","2026-05-28T22:02:21","14F8271B006A257E3188E0977FA4D54F0C5E0FB15637779FB3EC5878B1B64FEB"
"03_Data_Output\5_SensitivityAnalysis\02_model_training\by_run\C060_M030_T018\score_distribution.csv","02_model_training","C060_M030_T018",".csv","1743","2026-05-29T08:34:53","0323AA2490F1F6397611A981FC2A9004095207BAA29C9C288DD9EF478CF80D69"
"03_Data_Output\5_SensitivityAnalysis\02_model_training\by_run\C060_M030_T028\ag_eval_summary.json","02_model_training","C060_M030_T028",".json","1551","2026-05-28T22:35:21","ABA51389A31C373B1F866F6847D5E1C58F95C3262AC0BCC194686FEC07F2BFE4"
"03_Data_Output\5_SensitivityAnalysis\02_model_training\by_run\C060_M030_T028\ag_eval_summary_compact.csv","02_model_training","C060_M030_T028",".csv","85","2026-05-28T22:35:25","1EA43EF2E0DEEE6AC147533C176F1E64847ABC48C7135F2EC0DAE8CF7057F2DD"
"03_Data_Output\5_SensitivityAnalysis\02_model_training\by_run\C060_M030_T028\hyperparameters_compact.json","02_model_training","C060_M030_T028",".json","7164","2026-05-29T06:23:35","B99BDA072EF2FBD5C964921F125245C168FC422CE7EFCB19E4473B7C815ADA66"
"03_Data_Output\5_SensitivityAnalysis\02_model_training\by_run\C060_M030_T028\leaderboard.csv","02_model_training","C060_M030_T028",".csv","2521","2026-05-28T22:18:38","CB08B5763A7E3BC189BC8C5E7B5F8D97106CE9759C2D5A1C48C5BD350EA1ACBB"
"03_Data_Output\5_SensitivityAnalysis\02_model_training\by_run\C060_M030_T028\metric_coverage.csv","02_model_training","C060_M030_T028",".csv","786","2026-05-29T06:23:35","58B1FEF3AD051643A8895B67952FD396F8DDED419BBD4C44148491990E3B7D71"
"03_Data_Output\5_SensitivityAnalysis\02_model_training\by_run\C060_M030_T028\model_metadata_compact.json","02_model_training","C060_M030_T028",".json","1292","2026-05-29T06:23:35","A8726BB2524D9E1183B47E66D1558F7D418F101F0722A4C4200F03F30B50A7CF"
"03_Data_Output\5_SensitivityAnalysis\02_model_training\by_run\C060_M030_T028\model_metrics.csv","02_model_training","C060_M030_T028",".csv","612","2026-05-28T22:35:25","CB7C744C12D597044CC6BB025A6020524100C79D8C14DAC86C31030A6C91B383"
"03_Data_Output\5_SensitivityAnalysis\02_model_training\by_run\C060_M030_T028\optional_family_evidence.csv","02_model_training","C060_M030_T028",".csv","225","2026-05-29T06:23:35","2073E081C840D28F6B56DD313B4B527C2367758B44BF66F4BEED042C913C9698"
"03_Data_Output\5_SensitivityAnalysis\02_model_training\by_run\C060_M030_T028\prediction_row_counts.csv","02_model_training","C060_M030_T028",".csv","1014","2026-05-28T22:35:25","3EB94CDF0B65F636D982564ECB34DB13A7093425CF4E7B4FBB6EACCDAAE24A2F"
"03_Data_Output\5_SensitivityAnalysis\02_model_training\by_run\C060_M030_T028\score_distribution.csv","02_model_training","C060_M030_T028",".csv","1756","2026-05-29T08:34:53","070C1F713C0B77D9EA5772883926E742D74521093B460290D4957E00B58B4105"
"03_Data_Output\5_SensitivityAnalysis\02_model_training\by_run\C080_M000_T012\hyperparameters_compact.json","02_model_training","C080_M000_T012",".json","7154","2026-05-29T06:23:35","1384A7507F4E4FC78FE392E6D7F8A654EFE258E2A649EB63978A055C0E4794BE"
"03_Data_Output\5_SensitivityAnalysis\02_model_training\by_run\C080_M000_T012\leaderboard.csv","02_model_training","C080_M000_T012",".csv","2511","2026-05-28T22:49:22","9902D40AEEB71DE406A90E3B8F02F386950077AA6D20F93A92E20FFFCB32BDA3"
"03_Data_Output\5_SensitivityAnalysis\02_model_training\by_run\C080_M000_T012\metric_coverage.csv","02_model_training","C080_M000_T012",".csv","671","2026-05-29T06:23:35","7813B5749B86954AF63A23DE5929F320ECC67D4E88DCA91453A23270929477A1"
"03_Data_Output\5_SensitivityAnalysis\02_model_training\by_run\C080_M000_T012\model_metadata_compact.json","02_model_training","C080_M000_T012",".json","10573","2026-05-29T06:23:35","5A8FA14A0DB025BC1F33FF3DE84CA402626D4594BCDF2F93AC63E32BA99F21B2"
"03_Data_Output\5_SensitivityAnalysis\02_model_training\by_run\C080_M000_T012\optional_family_evidence.csv","02_model_training","C080_M000_T012",".csv","225","2026-05-29T06:23:35","40526F165899DDC2394D367E7AD32FC9BCBE047207E82587ECD07925D1C544C3"
"03_Data_Output\5_SensitivityAnalysis\02_model_training\by_run\C080_M000_T012\score_distribution.csv","02_model_training","C080_M000_T012",".csv","1413","2026-05-29T08:34:53","8C03080C56D42DAAF7116A2BDF3CC567CF13BB5D7B5284679310B90936C2E11F"
"03_Data_Output\5_SensitivityAnalysis\02_model_training\by_run\C080_M000_T018\hyperparameters_compact.json","02_model_training","C080_M000_T018",".json","442","2026-05-29T06:23:35","5E8B3EC38CB5C22D6D4AF0DFC6F3101C0C4C2FD4A8FA6C054CF73A0A441E850D"
"03_Data_Output\5_SensitivityAnalysis\02_model_training\by_run\C080_M000_T018\metric_coverage.csv","02_model_training","C080_M000_T018",".csv","398","2026-05-29T06:23:35","70D9F9DB46D66FF0E555A5083CA4F3C9DCE47CCA2F25A50CE5E5238BD70BA22F"
"03_Data_Output\5_SensitivityAnalysis\02_model_training\by_run\C080_M000_T018\model_metadata_compact.json","02_model_training","C080_M000_T018",".json","964","2026-05-29T06:23:35","EDA38A3770B74A26F7AE1B95E0122330F5B1B5B6CF39765F369EC7B75C4CFAAB"
"03_Data_Output\5_SensitivityAnalysis\02_model_training\by_run\C080_M000_T018\optional_family_evidence.csv","02_model_training","C080_M000_T018",".csv","166","2026-05-29T06:23:35","00575B832D3598A0F53393D1B8AB6A4A525ABE4854A73774988171BF6B298DEA"
"03_Data_Output\5_SensitivityAnalysis\02_model_training\by_run\C080_M000_T018\score_distribution.csv","02_model_training","C080_M000_T018",".csv","647","2026-05-29T08:34:53","246A63E10D6D004EF113BD30F4B59CC5C779C687ED8E0090DD64F44C96FDEB6A"
"03_Data_Output\5_SensitivityAnalysis\02_model_training\by_run\C080_M000_T028\ag_eval_summary.json","02_model_training","C080_M000_T028",".json","1547","2026-05-29T03:47:58","93F099FF29183049ED298AF86F4533FB82C050255F6E5611D4C3D30E84C7B57E"
"03_Data_Output\5_SensitivityAnalysis\02_model_training\by_run\C080_M000_T028\ag_eval_summary_compact.csv","02_model_training","C080_M000_T028",".csv","85","2026-05-29T03:48:02","ADFBBA91DE17223B93A3AB14118887D4FE7516B08CE63453E075E9F718245302"
"03_Data_Output\5_SensitivityAnalysis\02_model_training\by_run\C080_M000_T028\hyperparameters_compact.json","02_model_training","C080_M000_T028",".json","7161","2026-05-29T06:23:36","0FAC14672860ADBA19D21203D234DDE6F835B1AB556904EA3AC81DA37B4C0ED1"
"03_Data_Output\5_SensitivityAnalysis\02_model_training\by_run\C080_M000_T028\leaderboard.csv","02_model_training","C080_M000_T028",".csv","2518","2026-05-29T03:31:40","8473064365322EECD8BD6BFB184B840D7C77295552DF03518E7D9A4DEBB4A19F"
"03_Data_Output\5_SensitivityAnalysis\02_model_training\by_run\C080_M000_T028\metric_coverage.csv","02_model_training","C080_M000_T028",".csv","779","2026-05-29T06:23:36","AD687EE76BCE926615FE0336A93FA3560E7DACFE23D8B5A86F77D5CB4F5CB50B"
"03_Data_Output\5_SensitivityAnalysis\02_model_training\by_run\C080_M000_T028\model_metadata_compact.json","02_model_training","C080_M000_T028",".json","1292","2026-05-29T06:23:36","E288D380C8013120DB419489761FFDE200DA30C8A5087D721BEB5D87DACE040C"
"03_Data_Output\5_SensitivityAnalysis\02_model_training\by_run\C080_M000_T028\model_metrics.csv","02_model_training","C080_M000_T028",".csv","614","2026-05-29T03:48:02","B5F39BC4AD5A6CE0FADB369495B4352865B3CEB6A9D1D354BAE1D612414FD11E"
"03_Data_Output\5_SensitivityAnalysis\02_model_training\by_run\C080_M000_T028\optional_family_evidence.csv","02_model_training","C080_M000_T028",".csv","225","2026-05-29T06:23:36","AAD59760932D94BB5E3363B1184A4E3D89A93B2C61DA6B802447B8DBB0A8D3F0"
"03_Data_Output\5_SensitivityAnalysis\02_model_training\by_run\C080_M000_T028\prediction_row_counts.csv","02_model_training","C080_M000_T028",".csv","1014","2026-05-29T03:48:02","F51F1DD39CCE98F1BF39B883DA4C53EC4A52BFF774295E037E6D9757949E1CFE"
"03_Data_Output\5_SensitivityAnalysis\02_model_training\by_run\C080_M000_T028\score_distribution.csv","02_model_training","C080_M000_T028",".csv","1733","2026-05-29T08:34:53","2187D3117BB0DFDC011D2FF9E44F4B8E351EAB2BD90850713ECE0DB8406D692C"
"03_Data_Output\5_SensitivityAnalysis\02_model_training\by_run\C080_M020_T012\ag_eval_summary.json","02_model_training","C080_M020_T012",".json","1555","2026-05-29T04:18:16","673FC2AE6773BFF44CD71B61DD4D4163C7E0145D7EDF6DDC33198445D1DB8C1C"
"03_Data_Output\5_SensitivityAnalysis\02_model_training\by_run\C080_M020_T012\ag_eval_summary_compact.csv","02_model_training","C080_M020_T012",".csv","85","2026-05-29T04:18:19","7545A8894307519CDAC35D80C841B1E267A055A6AA6F7DE72A0A02AB02D8CDC9"
"03_Data_Output\5_SensitivityAnalysis\02_model_training\by_run\C080_M020_T012\hyperparameters_compact.json","02_model_training","C080_M020_T012",".json","7152","2026-05-29T06:23:36","9DEDB188D36349EB427334A7ED53E916E2A2EA153C8752EA44B131B9714D64CE"
"03_Data_Output\5_SensitivityAnalysis\02_model_training\by_run\C080_M020_T012\leaderboard.csv","02_model_training","C080_M020_T012",".csv","2509","2026-05-29T04:01:46","2708F98EC222870941305B24F8146C8AC0F602C130E520B3CF27D4BF0179C759"
"03_Data_Output\5_SensitivityAnalysis\02_model_training\by_run\C080_M020_T012\metric_coverage.csv","02_model_training","C080_M020_T012",".csv","804","2026-05-29T06:23:36","4019F02207F4C7E8309E97E9E8B0C26C7A3CCD250F18511D70D573BD07976AAB"
"03_Data_Output\5_SensitivityAnalysis\02_model_training\by_run\C080_M020_T012\model_metadata_compact.json","02_model_training","C080_M020_T012",".json","1292","2026-05-29T06:23:36","26EC3AA73ECCE40498C600822EA6736DF7422097E8B7FA0B34FDE7280D459FB3"
"03_Data_Output\5_SensitivityAnalysis\02_model_training\by_run\C080_M020_T012\model_metrics.csv","02_model_training","C080_M020_T012",".csv","590","2026-05-29T04:18:19","84603E275DC8B03B498DDCB4AA446C29E2879A1A00DC963635FA259667077C8B"
"03_Data_Output\5_SensitivityAnalysis\02_model_training\by_run\C080_M020_T012\optional_family_evidence.csv","02_model_training","C080_M020_T012",".csv","225","2026-05-29T06:23:36","BE7FA4F6FD397258A75A1278843BC43E833DA8D62320600C9818301DB77E5CC4"
"03_Data_Output\5_SensitivityAnalysis\02_model_training\by_run\C080_M020_T012\prediction_row_counts.csv","02_model_training","C080_M020_T012",".csv","1014","2026-05-29T04:18:19","74A616EC33871A6A6283389EC7FF5A434F2EADAB1BB26A1530E92CB46EFA5B8A"
"03_Data_Output\5_SensitivityAnalysis\02_model_training\by_run\C080_M020_T012\score_distribution.csv","02_model_training","C080_M020_T012",".csv","1747","2026-05-29T08:34:53","CCB42A19872A37FE2D8C47F1D43A882782FFACDA4B114476795CB52F15A61E19"
"03_Data_Output\5_SensitivityAnalysis\02_model_training\by_run\C080_M020_T018\ag_eval_summary.json","02_model_training","C080_M020_T018",".json","1549","2026-05-28T15:35:15","8A6C8E25189E255F15D4E4BA610D2D0FBAA40B8EE49BEF038C3FB0F024F48994"
"03_Data_Output\5_SensitivityAnalysis\02_model_training\by_run\C080_M020_T018\ag_eval_summary_compact.csv","02_model_training","C080_M020_T018",".csv","84","2026-05-28T15:43:27","53DD4CC45237B2C902A3633267632B2C096993ED1EE8FED45F037EBA4494F8DF"
"03_Data_Output\5_SensitivityAnalysis\02_model_training\by_run\C080_M020_T018\hyperparameters_compact.json","02_model_training","C080_M020_T018",".json","7158","2026-05-29T06:23:36","FC5A01A2D6904361B7B268F71C4EAD5652256F5ACF758D971A14048B27C452C1"
"03_Data_Output\5_SensitivityAnalysis\02_model_training\by_run\C080_M020_T018\leaderboard.csv","02_model_training","C080_M020_T018",".csv","2515","2026-05-28T15:21:02","A991491FEFAA053C97C477B16BD63351E1D890679F431058552328FB7D98D334"
"03_Data_Output\5_SensitivityAnalysis\02_model_training\by_run\C080_M020_T018\metric_coverage.csv","02_model_training","C080_M020_T018",".csv","802","2026-05-29T06:23:36","8D470B028170E38BEA5E9BE1B5D6F9A55FB24403282B6620494D334D60EAF0C0"
"03_Data_Output\5_SensitivityAnalysis\02_model_training\by_run\C080_M020_T018\model_metadata_compact.json","02_model_training","C080_M020_T018",".json","1292","2026-05-29T06:23:36","7B62554C46F8DC5CE276553A5256AB02F8D62F74459B131225F06F1F2FAFE31E"
"03_Data_Output\5_SensitivityAnalysis\02_model_training\by_run\C080_M020_T018\model_metrics.csv","02_model_training","C080_M020_T018",".csv","612","2026-05-28T15:43:27","23FEE51EBA1FFEE6AB648D2A63657ED10A7D47C43256A0B4B564A7A818DBE47B"
"03_Data_Output\5_SensitivityAnalysis\02_model_training\by_run\C080_M020_T018\optional_family_evidence.csv","02_model_training","C080_M020_T018",".csv","225","2026-05-29T06:23:36","16B1134B9E4E3E0C974F4465A89D239F97C53922C92CE4578BC852BA2F5FFC01"
"03_Data_Output\5_SensitivityAnalysis\02_model_training\by_run\C080_M020_T018\prediction_row_counts.csv","02_model_training","C080_M020_T018",".csv","1014","2026-05-28T15:43:27","833E2493A6369FE5A7DEFB609EAD825F174E46D026A264BF5BA45375B41A110D"
"03_Data_Output\5_SensitivityAnalysis\02_model_training\by_run\C080_M020_T018\score_distribution.csv","02_model_training","C080_M020_T018",".csv","1769","2026-05-29T08:34:53","057F269616738C61AEFA8152756542907443C2EBF33EFBE9CB9F2969ADAA6C2B"
"03_Data_Output\5_SensitivityAnalysis\02_model_training\by_run\C080_M020_T028\ag_eval_summary.json","02_model_training","C080_M020_T028",".json","1550","2026-05-29T04:49:16","2F1A19C32E32917B53F05C7DC2505148E9C5B1B0E6169D657F031319271B320A"
"03_Data_Output\5_SensitivityAnalysis\02_model_training\by_run\C080_M020_T028\ag_eval_summary_compact.csv","02_model_training","C080_M020_T028",".csv","84","2026-05-29T04:49:20","536DD208F803F66DDA43670BABC8539626AF3FD86A61BB25269F88E2C9559669"
"03_Data_Output\5_SensitivityAnalysis\02_model_training\by_run\C080_M020_T028\hyperparameters_compact.json","02_model_training","C080_M020_T028",".json","7183","2026-05-29T06:23:36","5DB760AF139498074F9278CE5D1A2DFBD9B0741473AA538183556B7948D32B1E"
"03_Data_Output\5_SensitivityAnalysis\02_model_training\by_run\C080_M020_T028\leaderboard.csv","02_model_training","C080_M020_T028",".csv","2540","2026-05-29T04:32:34","BC66CF7EA301C61B5AE08086730E84AB6FEA8D2906ABC99744A6395FDFCB1C86"
"03_Data_Output\5_SensitivityAnalysis\02_model_training\by_run\C080_M020_T028\metric_coverage.csv","02_model_training","C080_M020_T028",".csv","817","2026-05-29T06:23:36","31991EDE8959DD93AF338928BCDC78C0EF23E695693DD5130D6D72C27D744FBB"
"03_Data_Output\5_SensitivityAnalysis\02_model_training\by_run\C080_M020_T028\model_metadata_compact.json","02_model_training","C080_M020_T028",".json","1292","2026-05-29T06:23:36","3AB002D59CC4E324434B95DD918CAEF787C7D047D333335B16F42EF3F4346F7C"
"03_Data_Output\5_SensitivityAnalysis\02_model_training\by_run\C080_M020_T028\model_metrics.csv","02_model_training","C080_M020_T028",".csv","610","2026-05-29T04:49:20","3A1ADEE070D52FF59F7352817DA946463AE4D5AA8AF58F92815BFBE9BCC929A6"
"03_Data_Output\5_SensitivityAnalysis\02_model_training\by_run\C080_M020_T028\optional_family_evidence.csv","02_model_training","C080_M020_T028",".csv","225","2026-05-29T06:23:36","763D77A5F07BB6C07A8E503ADCBBA3C6293BB1E1FC92D255D75940A3EF10DD2A"
"03_Data_Output\5_SensitivityAnalysis\02_model_training\by_run\C080_M020_T028\prediction_row_counts.csv","02_model_training","C080_M020_T028",".csv","1014","2026-05-29T04:49:20","17346E5A44EC1BF7D91FAD32EC52A9433B6CB4BB0D217BDCC4AD1B495CF6B5BA"
"03_Data_Output\5_SensitivityAnalysis\02_model_training\by_run\C080_M020_T028\score_distribution.csv","02_model_training","C080_M020_T028",".csv","1745","2026-05-29T08:34:53","E486D25B7CB7F329445B7099204EACDB2463F5FB171305A4E5A5FA352D63CBC9"
"03_Data_Output\5_SensitivityAnalysis\02_model_training\by_run\C080_M030_T012\ag_eval_summary.json","02_model_training","C080_M030_T012",".json","1552","2026-05-29T05:18:01","199DEE99D692615B236F8E8D77DC585F3D7AC4B9310A3336F88D098276CF62EC"
"03_Data_Output\5_SensitivityAnalysis\02_model_training\by_run\C080_M030_T012\ag_eval_summary_compact.csv","02_model_training","C080_M030_T012",".csv","84","2026-05-29T05:18:05","4DA8FB02D61854697E062A482AA68F1AFFFBF0020C28CF677A5AD2E8D3D8E3F4"
"03_Data_Output\5_SensitivityAnalysis\02_model_training\by_run\C080_M030_T012\hyperparameters_compact.json","02_model_training","C080_M030_T012",".json","7168","2026-05-29T06:23:36","DA225633EDB0A082889C5CA456BC434C291C2EB312E68DCC30788505A68ACA4A"
"03_Data_Output\5_SensitivityAnalysis\02_model_training\by_run\C080_M030_T012\leaderboard.csv","02_model_training","C080_M030_T012",".csv","2525","2026-05-29T05:03:00","FCDA1C15BAB62547A199C2B133110C09C511CBC8665A1008EC283EDC34733133"
"03_Data_Output\5_SensitivityAnalysis\02_model_training\by_run\C080_M030_T012\metric_coverage.csv","02_model_training","C080_M030_T012",".csv","815","2026-05-29T06:23:36","1B6F0DA5D26408B628D4B66C121E8A841DAF62809941681C4EBF5013659D5A8B"
"03_Data_Output\5_SensitivityAnalysis\02_model_training\by_run\C080_M030_T012\model_metadata_compact.json","02_model_training","C080_M030_T012",".json","1292","2026-05-29T06:23:36","2DB81D864409B4B4BD2E09086BFC207A3E673288AECA48894DE4C83AD1550A74"
"03_Data_Output\5_SensitivityAnalysis\02_model_training\by_run\C080_M030_T012\model_metrics.csv","02_model_training","C080_M030_T012",".csv","611","2026-05-29T05:18:05","229EE9641FD1F0ACFA5203A8BC0C8A2E6BDCF7733DB8D2FAC62E7883712E16A5"
"03_Data_Output\5_SensitivityAnalysis\02_model_training\by_run\C080_M030_T012\optional_family_evidence.csv","02_model_training","C080_M030_T012",".csv","225","2026-05-29T06:23:36","30CF1F3C9CBEEFECB6BB8EB0F32E6953C0657C6C857FC1DDF342170BD550487A"
"03_Data_Output\5_SensitivityAnalysis\02_model_training\by_run\C080_M030_T012\prediction_row_counts.csv","02_model_training","C080_M030_T012",".csv","1014","2026-05-29T05:18:05","7E58C15F81D73B60D662A64EEE2B030AC828EA4969162C0C890B3A9DF81D249D"
"03_Data_Output\5_SensitivityAnalysis\02_model_training\by_run\C080_M030_T012\score_distribution.csv","02_model_training","C080_M030_T012",".csv","1735","2026-05-29T08:34:53","BD00CAC42013E0C7F0E1B4CCF3054D52E16A946F88ED97300F4E40736ED9BBE6"
"03_Data_Output\5_SensitivityAnalysis\02_model_training\by_run\C080_M030_T018\ag_eval_summary.json","02_model_training","C080_M030_T018",".json","1554","2026-05-29T05:48:16","5E00F2CF3D1C55153C9027F9C5ADD805A255F8CC9A79013BB2760E7290A14900"
"03_Data_Output\5_SensitivityAnalysis\02_model_training\by_run\C080_M030_T018\ag_eval_summary_compact.csv","02_model_training","C080_M030_T018",".csv","85","2026-05-29T05:48:20","2EA52CE62A36357B39D0B13EEBDEDAB97F1C9B0EDD1B9D3B511FC20D39760928"
"03_Data_Output\5_SensitivityAnalysis\02_model_training\by_run\C080_M030_T018\hyperparameters_compact.json","02_model_training","C080_M030_T018",".json","7181","2026-05-29T06:23:36","949620B65162D4021468B692E0F8D1DCAF4E412FF756BC89606E2E98094520A3"
"03_Data_Output\5_SensitivityAnalysis\02_model_training\by_run\C080_M030_T018\leaderboard.csv","02_model_training","C080_M030_T018",".csv","2538","2026-05-29T05:32:06","ABC0D375C1E89372BDF3B889B2C8F8E80D5F09DBFCB40A31B53842369E95C044"
"03_Data_Output\5_SensitivityAnalysis\02_model_training\by_run\C080_M030_T018\metric_coverage.csv","02_model_training","C080_M030_T018",".csv","817","2026-05-29T06:23:36","7EC654B6EEC56FAEEA171648560A068D5304692C5D783BDEB3AE6BB81C09131C"
"03_Data_Output\5_SensitivityAnalysis\02_model_training\by_run\C080_M030_T018\model_metadata_compact.json","02_model_training","C080_M030_T018",".json","1292","2026-05-29T06:23:36","D72BEC179E19F6008BF3282430D836573541237E2198137422D7F2B3C79D5CE3"
"03_Data_Output\5_SensitivityAnalysis\02_model_training\by_run\C080_M030_T018\model_metrics.csv","02_model_training","C080_M030_T018",".csv","607","2026-05-29T05:48:20","E9065E8CF8104DF04E4B4BA73448DD69B330A47C303F885781A2E468A19F2E70"
"03_Data_Output\5_SensitivityAnalysis\02_model_training\by_run\C080_M030_T018\optional_family_evidence.csv","02_model_training","C080_M030_T018",".csv","225","2026-05-29T06:23:36","BB2342D58A6861EFDB2CBF3AF7D0B5B7499911724A08FCEB6A79F3EC82B6BB99"
"03_Data_Output\5_SensitivityAnalysis\02_model_training\by_run\C080_M030_T018\prediction_row_counts.csv","02_model_training","C080_M030_T018",".csv","1014","2026-05-29T05:48:20","E7BF0EC76F265FCD7FA2B9BC0F7614ED6913AEDDE80607FC0BB40EE953C1A20E"
"03_Data_Output\5_SensitivityAnalysis\02_model_training\by_run\C080_M030_T018\score_distribution.csv","02_model_training","C080_M030_T018",".csv","1759","2026-05-29T08:34:53","400663C27A44B8D88BF12D9A9F7E073324BDC1C0D5049B32D5A2013ECB76C93D"
"03_Data_Output\5_SensitivityAnalysis\02_model_training\by_run\C080_M030_T028\ag_eval_summary.json","02_model_training","C080_M030_T028",".json","1550","2026-05-29T06:19:18","BA3290F1960040A33875D8F71BD4D62C74BF7D7F78012472AFC49DB07C7EAA11"
"03_Data_Output\5_SensitivityAnalysis\02_model_training\by_run\C080_M030_T028\ag_eval_summary_compact.csv","02_model_training","C080_M030_T028",".csv","85","2026-05-29T06:19:22","394B09BA9663DF16BAB5F9815D026FE56E3438D5A18B9B0A65EDE3F33BF53D26"
"03_Data_Output\5_SensitivityAnalysis\02_model_training\by_run\C080_M030_T028\hyperparameters_compact.json","02_model_training","C080_M030_T028",".json","7171","2026-05-29T06:23:36","2E3437B617ABC0833835AA0751BAD94D2152B66CE5A42D48E4BA9C471848C49E"
"03_Data_Output\5_SensitivityAnalysis\02_model_training\by_run\C080_M030_T028\leaderboard.csv","02_model_training","C080_M030_T028",".csv","2528","2026-05-29T06:03:10","79C696AFB959EDEDC690EDC9575B18BCA6F35E3D4C46AF5C35E5D30DB417F655"
"03_Data_Output\5_SensitivityAnalysis\02_model_training\by_run\C080_M030_T028\metric_coverage.csv","02_model_training","C080_M030_T028",".csv","816","2026-05-29T06:23:36","7D8BFB27BD83983A08E9A4B99862852D5F2C729AE29F8E1655A9C4A690D75CF0"
"03_Data_Output\5_SensitivityAnalysis\02_model_training\by_run\C080_M030_T028\model_metadata_compact.json","02_model_training","C080_M030_T028",".json","1292","2026-05-29T06:23:36","9B6C9DDF93819A8F0709F72B6FAE896B7AF519CEE98583014E1C79D597F28564"
"03_Data_Output\5_SensitivityAnalysis\02_model_training\by_run\C080_M030_T028\model_metrics.csv","02_model_training","C080_M030_T028",".csv","608","2026-05-29T06:19:22","9B2B21FA7A3B563B26153449D06199682F856EC4AB48291C4596685F0DC3D824"
"03_Data_Output\5_SensitivityAnalysis\02_model_training\by_run\C080_M030_T028\optional_family_evidence.csv","02_model_training","C080_M030_T028",".csv","225","2026-05-29T06:23:36","1F396EC71775BB456F411FAD2A4785BDE505E18ADC8078D0428644EBBD8193FA"
"03_Data_Output\5_SensitivityAnalysis\02_model_training\by_run\C080_M030_T028\prediction_row_counts.csv","02_model_training","C080_M030_T028",".csv","1014","2026-05-29T06:19:22","902D388257C4CB9963CFBE3F2678801D0D4E3CA640556409B1733C36765DB4F7"
"03_Data_Output\5_SensitivityAnalysis\02_model_training\by_run\C080_M030_T028\score_distribution.csv","02_model_training","C080_M030_T028",".csv","1762","2026-05-29T08:34:53","B0628ECAA8113A7972F5CCEAC4A4565F33EA3909C1390818C11F74DC8CF54C28"
"03_Data_Output\5_SensitivityAnalysis\02_model_training\by_run\C090_M000_T012\ag_eval_summary.json","02_model_training","C090_M000_T012",".json","1554","2026-05-28T23:52:37","4CD41A4B5C78415929CE3F8F8727F55FF6784D88030F2E305CA1A1BD5052A4CE"
"03_Data_Output\5_SensitivityAnalysis\02_model_training\by_run\C090_M000_T012\ag_eval_summary_compact.csv","02_model_training","C090_M000_T012",".csv","85","2026-05-28T23:52:41","1753FADDDB47C0F0301E0003B822E6C5A2386D0DA3979C196BC2EACE2FED179B"
"03_Data_Output\5_SensitivityAnalysis\02_model_training\by_run\C090_M000_T012\hyperparameters_compact.json","02_model_training","C090_M000_T012",".json","7158","2026-05-29T06:23:36","3EC9EAF802D8F4835EC41089FDDB86C41AC9EEFA501889BFA143A8796CF3CEC6"
"03_Data_Output\5_SensitivityAnalysis\02_model_training\by_run\C090_M000_T012\leaderboard.csv","02_model_training","C090_M000_T012",".csv","2515","2026-05-28T23:33:32","86E3EEA61979FA7E9072CD8D20829153AE07B1E248009DF81D6B9C46407CF034"
"03_Data_Output\5_SensitivityAnalysis\02_model_training\by_run\C090_M000_T012\metric_coverage.csv","02_model_training","C090_M000_T012",".csv","813","2026-05-29T06:23:36","D6B387D592C3016F6976FA9E5E5E3D53B328DAB9CDAD495684B53DA3406E31F2"
"03_Data_Output\5_SensitivityAnalysis\02_model_training\by_run\C090_M000_T012\model_metadata_compact.json","02_model_training","C090_M000_T012",".json","1292","2026-05-29T06:23:36","790C114EC912A79539FA413620794E69200C785BC07C4EE3D7E08147D03B44B6"
"03_Data_Output\5_SensitivityAnalysis\02_model_training\by_run\C090_M000_T012\model_metrics.csv","02_model_training","C090_M000_T012",".csv","614","2026-05-28T23:52:41","D4D9A2DD75D4D26925B8663FC3F74F99035C6A5FD13391262F6C61A81725C557"
"03_Data_Output\5_SensitivityAnalysis\02_model_training\by_run\C090_M000_T012\optional_family_evidence.csv","02_model_training","C090_M000_T012",".csv","225","2026-05-29T06:23:36","AB4F92B91598AC52D3BBD3FD4829C7B2EBABF315B48915BF4336F15D58511678"
"03_Data_Output\5_SensitivityAnalysis\02_model_training\by_run\C090_M000_T012\prediction_row_counts.csv","02_model_training","C090_M000_T012",".csv","1014","2026-05-28T23:52:41","C93C62DFE23E6D9A1F6622169B8CFF80D3C8E3E6E4294A62F0347BA6009DB6F0"
"03_Data_Output\5_SensitivityAnalysis\02_model_training\by_run\C090_M000_T012\score_distribution.csv","02_model_training","C090_M000_T012",".csv","1738","2026-05-29T08:34:53","5C4EBC9F07620E8AC33C69F4FFDD2AE3D7960A21F3E8B69CD16574C7C592BEA6"
"03_Data_Output\5_SensitivityAnalysis\02_model_training\by_run\C090_M000_T018\ag_eval_summary.json","02_model_training","C090_M000_T018",".json","1554","2026-05-29T00:23:01","7FB48A10E56912580A573AD89E3802A858FBD00A42906FB60BD238FD29156629"
"03_Data_Output\5_SensitivityAnalysis\02_model_training\by_run\C090_M000_T018\ag_eval_summary_compact.csv","02_model_training","C090_M000_T018",".csv","85","2026-05-29T00:23:05","656274CA8602394922401A1A1C985805A874BD4A35BE8BACD2F7C1684058AAAA"
"03_Data_Output\5_SensitivityAnalysis\02_model_training\by_run\C090_M000_T018\hyperparameters_compact.json","02_model_training","C090_M000_T018",".json","7156","2026-05-29T06:23:37","857FAA065FB33A9948DD713D847415D37C05EE2CA7809C1DA881182AB35CDB9A"
"03_Data_Output\5_SensitivityAnalysis\02_model_training\by_run\C090_M000_T018\leaderboard.csv","02_model_training","C090_M000_T018",".csv","2513","2026-05-29T00:05:54","C28BCAB2611B063908B71137D24653204BA31F45DB6FF6D3A524B6836C656C4C"
"03_Data_Output\5_SensitivityAnalysis\02_model_training\by_run\C090_M000_T018\metric_coverage.csv","02_model_training","C090_M000_T018",".csv","819","2026-05-29T06:23:37","AEF1D40633E249709AE5D13AA0E1D1E0FC409392D1CE0506C2148E06C4581A06"
"03_Data_Output\5_SensitivityAnalysis\02_model_training\by_run\C090_M000_T018\model_metadata_compact.json","02_model_training","C090_M000_T018",".json","1292","2026-05-29T06:23:37","3FB1A2B6B78797D148063B886E9971F80C31BF1439EA2F96B04FDBDAE0D0AD39"
"03_Data_Output\5_SensitivityAnalysis\02_model_training\by_run\C090_M000_T018\model_metrics.csv","02_model_training","C090_M000_T018",".csv","616","2026-05-29T00:23:05","4D401925AD002D7B03F7E0BDDEDF27895E8DDF84BCBC7628036898FF4052EC3E"
"03_Data_Output\5_SensitivityAnalysis\02_model_training\by_run\C090_M000_T018\optional_family_evidence.csv","02_model_training","C090_M000_T018",".csv","225","2026-05-29T06:23:37","E491047038518856831F902B26EE1B5A35A28F43B50A3607C7E644AC31AEC2E2"
"03_Data_Output\5_SensitivityAnalysis\02_model_training\by_run\C090_M000_T018\prediction_row_counts.csv","02_model_training","C090_M000_T018",".csv","1014","2026-05-29T00:23:05","76017626494F7CFAAB01F9DE4BB670505EFDF8AD612F5C02ADDBF3F1C998CA2C"
"03_Data_Output\5_SensitivityAnalysis\02_model_training\by_run\C090_M000_T018\score_distribution.csv","02_model_training","C090_M000_T018",".csv","1740","2026-05-29T08:34:53","0F4602F753807B810F86A0D564CD0287CAD71E7B2D65D13AD1993142E05D42AC"
"03_Data_Output\5_SensitivityAnalysis\02_model_training\by_run\C090_M000_T028\ag_eval_summary.json","02_model_training","C090_M000_T028",".json","1553","2026-05-29T00:51:52","9F0A71F40E569D23872123D14ACFAD268FCD5CB63C0162A832A2CC83395DE5A9"
"03_Data_Output\5_SensitivityAnalysis\02_model_training\by_run\C090_M000_T028\ag_eval_summary_compact.csv","02_model_training","C090_M000_T028",".csv","85","2026-05-29T00:51:55","1736AA01A295C17C5DF34DFFE1D9ADB47FF5C67F0383FA70AE0386B0FD1125BC"
"03_Data_Output\5_SensitivityAnalysis\02_model_training\by_run\C090_M000_T028\hyperparameters_compact.json","02_model_training","C090_M000_T028",".json","7164","2026-05-29T06:23:37","CC9D47DC3D5C476D545804827C747F1FF50144D1EC44A60ED138F90362AF48B9"
"03_Data_Output\5_SensitivityAnalysis\02_model_training\by_run\C090_M000_T028\leaderboard.csv","02_model_training","C090_M000_T028",".csv","2521","2026-05-29T00:35:37","BBB2D134812603A9CF4E3944E0376CAACA5667034CFE5A4C189FCF14473BA42F"
"03_Data_Output\5_SensitivityAnalysis\02_model_training\by_run\C090_M000_T028\metric_coverage.csv","02_model_training","C090_M000_T028",".csv","815","2026-05-29T06:23:37","EDA5704B16F4CC572CE409B0EF1D1048FD122A5FFDBEC356A5D131A599DCA2C2"
"03_Data_Output\5_SensitivityAnalysis\02_model_training\by_run\C090_M000_T028\model_metadata_compact.json","02_model_training","C090_M000_T028",".json","1292","2026-05-29T06:23:37","1A014A4585E070310C6E36A1AA89ECDF723DA25328A25A2599CB81996C2E8EE7"
"03_Data_Output\5_SensitivityAnalysis\02_model_training\by_run\C090_M000_T028\model_metrics.csv","02_model_training","C090_M000_T028",".csv","606","2026-05-29T00:51:55","DF879F3AC55CFA7B776558549E48465C2ED4C8B602517D8BD23FE40A1A869722"
"03_Data_Output\5_SensitivityAnalysis\02_model_training\by_run\C090_M000_T028\optional_family_evidence.csv","02_model_training","C090_M000_T028",".csv","225","2026-05-29T06:23:37","F6817C8449C0A1E3971EB13DED195B68D6AE0987FD806D0530C922498C6D2EEB"
"03_Data_Output\5_SensitivityAnalysis\02_model_training\by_run\C090_M000_T028\prediction_row_counts.csv","02_model_training","C090_M000_T028",".csv","1014","2026-05-29T00:51:55","1F2B0197A9B1EBF68384FDF183D0C23019D44F126266D41E03F54C515EF75B8B"
"03_Data_Output\5_SensitivityAnalysis\02_model_training\by_run\C090_M000_T028\score_distribution.csv","02_model_training","C090_M000_T028",".csv","1738","2026-05-29T08:34:53","75F7712F4F378A59903947155325E0D1B534D4EF5D571BE275253E8DC0CA4494"
"03_Data_Output\5_SensitivityAnalysis\02_model_training\by_run\C090_M020_T012\ag_eval_summary.json","02_model_training","C090_M020_T012",".json","1554","2026-05-29T01:21:31","D2C87BA4BC8D65398AB5C9F7FEA2980A4B24310E2F30DC352E8455AECF0A9452"
"03_Data_Output\5_SensitivityAnalysis\02_model_training\by_run\C090_M020_T012\ag_eval_summary_compact.csv","02_model_training","C090_M020_T012",".csv","85","2026-05-29T01:21:35","1A6E0E9066950B02E38C42ADE7C9BB67BAE36E420843ABF544CBCBECE4504B48"
"03_Data_Output\5_SensitivityAnalysis\02_model_training\by_run\C090_M020_T012\hyperparameters_compact.json","02_model_training","C090_M020_T012",".json","7174","2026-05-29T06:23:37","910EDC2BC65B2C7C831B5D8299E88837FC2AF46DBD3209B9CD44C3BC927BCD83"
"03_Data_Output\5_SensitivityAnalysis\02_model_training\by_run\C090_M020_T012\leaderboard.csv","02_model_training","C090_M020_T012",".csv","2531","2026-05-29T01:04:46","EFA0ED83B928EAF10EB66B31FB9B6060358D33E09E7E1CAF6056E53B7A4B3AB7"
"03_Data_Output\5_SensitivityAnalysis\02_model_training\by_run\C090_M020_T012\metric_coverage.csv","02_model_training","C090_M020_T012",".csv","811","2026-05-29T06:23:37","0355EFE11791FBDADE594C14825C6F0076C1ACFC5B0CF573AE3D82CC9E79A91D"
"03_Data_Output\5_SensitivityAnalysis\02_model_training\by_run\C090_M020_T012\model_metadata_compact.json","02_model_training","C090_M020_T012",".json","1292","2026-05-29T06:23:37","097B8564359D82108E830F2240651F61C6EAE6E1A6C9BF389CD37F5BFCD7B79F"
"03_Data_Output\5_SensitivityAnalysis\02_model_training\by_run\C090_M020_T012\model_metrics.csv","02_model_training","C090_M020_T012",".csv","612","2026-05-29T01:21:35","935593774696CF25ECEFE4B6890492EF44B23EA2E20B72FB39AC768612222BCF"
"03_Data_Output\5_SensitivityAnalysis\02_model_training\by_run\C090_M020_T012\optional_family_evidence.csv","02_model_training","C090_M020_T012",".csv","225","2026-05-29T06:23:37","393D2EBFFEC1E573C196CE11E53BCD73577F0AD6E4153A688217B1F2406C8B98"
"03_Data_Output\5_SensitivityAnalysis\02_model_training\by_run\C090_M020_T012\prediction_row_counts.csv","02_model_training","C090_M020_T012",".csv","1014","2026-05-29T01:21:35","DF41FB9D85EA9AC772648D847E7164EEEB00A663A33EE9B50F1B1711235C07DE"
"03_Data_Output\5_SensitivityAnalysis\02_model_training\by_run\C090_M020_T012\score_distribution.csv","02_model_training","C090_M020_T012",".csv","1762","2026-05-29T08:34:53","A778EF818169F12A4EEDAD480B8FA22C1C9D6C840DFD987766E2070AA91953BE"
"03_Data_Output\5_SensitivityAnalysis\02_model_training\by_run\C090_M020_T018\ag_eval_summary.json","02_model_training","C090_M020_T018",".json","1552","2026-05-29T01:51:27","891A7A5496E13856B747D244C8390C1116296FBB05AA54CF9917CF0CC776054C"
"03_Data_Output\5_SensitivityAnalysis\02_model_training\by_run\C090_M020_T018\ag_eval_summary_compact.csv","02_model_training","C090_M020_T018",".csv","84","2026-05-29T01:51:31","3CE196B362F01E3661FBB3D1A064D1046D25B69A75F2AB0B082BA93B07AF884E"
"03_Data_Output\5_SensitivityAnalysis\02_model_training\by_run\C090_M020_T018\hyperparameters_compact.json","02_model_training","C090_M020_T018",".json","7178","2026-05-29T06:23:37","6EB3B3CD28C51ED4EF2CAA7DC1B94A37F738EFF85CCA415998D82E070146D2B4"
"03_Data_Output\5_SensitivityAnalysis\02_model_training\by_run\C090_M020_T018\leaderboard.csv","02_model_training","C090_M020_T018",".csv","2535","2026-05-29T01:34:13","0A7ABB3017386CF32D7A760B5D7D566BF59DDC877EC0E42ABF0602905A9330AD"
"03_Data_Output\5_SensitivityAnalysis\02_model_training\by_run\C090_M020_T018\metric_coverage.csv","02_model_training","C090_M020_T018",".csv","815","2026-05-29T06:23:37","D7A1CC2B1557E598245F0FA41DFAFF693BA30BBF545D8143042FDB77FD2DD373"
"03_Data_Output\5_SensitivityAnalysis\02_model_training\by_run\C090_M020_T018\model_metadata_compact.json","02_model_training","C090_M020_T018",".json","1292","2026-05-29T06:23:37","DA23E5070C28DB9B4ED0DB886B187C8A4495EA858E3BFA54C57813F6FCDB1AF6"
"03_Data_Output\5_SensitivityAnalysis\02_model_training\by_run\C090_M020_T018\model_metrics.csv","02_model_training","C090_M020_T018",".csv","608","2026-05-29T01:51:31","6EDAD54B04E9E950BB87D91CCA21EAA0D67BF008E0DE47E30D6FD480717CB7CC"
"03_Data_Output\5_SensitivityAnalysis\02_model_training\by_run\C090_M020_T018\optional_family_evidence.csv","02_model_training","C090_M020_T018",".csv","225","2026-05-29T06:23:37","048EDA2D5A79DA07FF4921C99879FCA10AB235C099FCDE0DB40984931770126C"
"03_Data_Output\5_SensitivityAnalysis\02_model_training\by_run\C090_M020_T018\prediction_row_counts.csv","02_model_training","C090_M020_T018",".csv","1014","2026-05-29T01:51:31","5D8C50D1DF73E16A9AFB0D02B52A9DE3AF4981182FC085E862086EB7AA5441E2"
"03_Data_Output\5_SensitivityAnalysis\02_model_training\by_run\C090_M020_T018\score_distribution.csv","02_model_training","C090_M020_T018",".csv","1764","2026-05-29T08:34:53","A196EFBA6227E601CA19F1F209E8F181AC8B235F3D13FF8350E283D87A3F903B"
"03_Data_Output\5_SensitivityAnalysis\02_model_training\by_run\C090_M020_T028\ag_eval_summary.json","02_model_training","C090_M020_T028",".json","1548","2026-05-28T16:29:50","862484A30C9482FA6560D206178C9D710067B3B003F26785C4C18CE0290E4863"
"03_Data_Output\5_SensitivityAnalysis\02_model_training\by_run\C090_M020_T028\ag_eval_summary_compact.csv","02_model_training","C090_M020_T028",".csv","84","2026-05-28T16:29:53","DBFB00BE157CC4EC7842CC73E0618159C8527869D165FA8E50ACFC41709F08A2"
"03_Data_Output\5_SensitivityAnalysis\02_model_training\by_run\C090_M020_T028\hyperparameters_compact.json","02_model_training","C090_M020_T028",".json","7176","2026-05-29T06:23:37","2B6CFF0852AB9EF69FB9042AFA489556A36AF79F3DA7EC618659784C20EF2A35"
"03_Data_Output\5_SensitivityAnalysis\02_model_training\by_run\C090_M020_T028\leaderboard.csv","02_model_training","C090_M020_T028",".csv","2533","2026-05-28T16:14:50","FD4C352B5A2B02BE94D7A90A9E5D0FF81E1650E65C5DE936474CE558A5E4C31C"
"03_Data_Output\5_SensitivityAnalysis\02_model_training\by_run\C090_M020_T028\metric_coverage.csv","02_model_training","C090_M020_T028",".csv","819","2026-05-29T06:23:37","D04FAC74DFC84E8C130C88B12167EC6050FC3AEAA408FF390B5383D448E2B8A4"
"03_Data_Output\5_SensitivityAnalysis\02_model_training\by_run\C090_M020_T028\model_metadata_compact.json","02_model_training","C090_M020_T028",".json","1292","2026-05-29T06:23:37","6121B0C61914BC1FE97DC282206DA5FB3EA242322E9A73D880074F00C1AFC0FB"
"03_Data_Output\5_SensitivityAnalysis\02_model_training\by_run\C090_M020_T028\model_metrics.csv","02_model_training","C090_M020_T028",".csv","610","2026-05-28T16:29:53","E5C5A10FA47906959C4902818DBB3AEB33D9529D090EC8B74FBD755A7CF38FF3"
"03_Data_Output\5_SensitivityAnalysis\02_model_training\by_run\C090_M020_T028\optional_family_evidence.csv","02_model_training","C090_M020_T028",".csv","225","2026-05-29T06:23:37","27FF7E091AB0F0B1A82EA2E674F7E5DCBE19FCB3BB71A6017B716DED5D5AE289"
"03_Data_Output\5_SensitivityAnalysis\02_model_training\by_run\C090_M020_T028\prediction_row_counts.csv","02_model_training","C090_M020_T028",".csv","1014","2026-05-28T16:29:53","9F279AC61A61E3227E25920461FB8C37727065CBE3C399AA8EA8778EB1606668"
"03_Data_Output\5_SensitivityAnalysis\02_model_training\by_run\C090_M020_T028\score_distribution.csv","02_model_training","C090_M020_T028",".csv","1770","2026-05-29T08:34:53","AF48A49066BB7A63895F99E3540552E09E8732B5F880A2DB15C033A60EC8E418"
"03_Data_Output\5_SensitivityAnalysis\02_model_training\by_run\C090_M030_T012\ag_eval_summary.json","02_model_training","C090_M030_T012",".json","1551","2026-05-29T02:20:16","7CA997800CBA5283B7C4528D534D412167C40A0FD3CE2A17C40E1526BF05EB9F"
"03_Data_Output\5_SensitivityAnalysis\02_model_training\by_run\C090_M030_T012\ag_eval_summary_compact.csv","02_model_training","C090_M030_T012",".csv","85","2026-05-29T02:20:20","286D0C9055C4EC297D4F8D246AC53B006835490CF034F36BDC8C2BB0BD18D23E"
"03_Data_Output\5_SensitivityAnalysis\02_model_training\by_run\C090_M030_T012\hyperparameters_compact.json","02_model_training","C090_M030_T012",".json","7167","2026-05-29T06:23:37","171EC314578D389ACE4872111DA298723FCF86634B4CDEAA4208B6C8EE160124"
"03_Data_Output\5_SensitivityAnalysis\02_model_training\by_run\C090_M030_T012\leaderboard.csv","02_model_training","C090_M030_T012",".csv","2524","2026-05-29T02:04:21","A5E034EA7F8A942B51FCE7814BC8A2A7DE470BE9B3E6BD8378C32042F2C64269"
"03_Data_Output\5_SensitivityAnalysis\02_model_training\by_run\C090_M030_T012\metric_coverage.csv","02_model_training","C090_M030_T012",".csv","799","2026-05-29T06:23:37","5EA14B2A747F62180388A74653853776B4863AD5374ED65C6DFDC5079ABB222F"
"03_Data_Output\5_SensitivityAnalysis\02_model_training\by_run\C090_M030_T012\model_metadata_compact.json","02_model_training","C090_M030_T012",".json","1292","2026-05-29T06:23:37","3AF2EBFE0B66AF00ABBE09DC72E498E9BD2BEC09A59F12A4DE417D89AE37CCFD"
"03_Data_Output\5_SensitivityAnalysis\02_model_training\by_run\C090_M030_T012\model_metrics.csv","02_model_training","C090_M030_T012",".csv","612","2026-05-29T02:20:20","61D94C9F8F718C4F079888B9B46AB14C92BC34DF6A38AA520B10E6C425488297"
"03_Data_Output\5_SensitivityAnalysis\02_model_training\by_run\C090_M030_T012\optional_family_evidence.csv","02_model_training","C090_M030_T012",".csv","225","2026-05-29T06:23:37","43078BF2E3D1CAC67D549C546DEFB94CC775A2DBA3C42C3A2A3B4CF36FDDE937"
"03_Data_Output\5_SensitivityAnalysis\02_model_training\by_run\C090_M030_T012\prediction_row_counts.csv","02_model_training","C090_M030_T012",".csv","1014","2026-05-29T02:20:20","B1DB05C739466D4F3902D542B069D68548C8998712AD55B272637FB31849A253"
"03_Data_Output\5_SensitivityAnalysis\02_model_training\by_run\C090_M030_T012\score_distribution.csv","02_model_training","C090_M030_T012",".csv","1746","2026-05-29T08:34:53","BA3379764ED5A99387FC89535A260E70A06A82DEB3007C1BECD27145EBA80893"
"03_Data_Output\5_SensitivityAnalysis\02_model_training\by_run\C090_M030_T018\ag_eval_summary.json","02_model_training","C090_M030_T018",".json","1553","2026-05-29T02:49:45","2E5245DCA05F7C3B3146411F97137F6EFA774B9E6C76CA7BEB0AC4AF5157EBA0"
"03_Data_Output\5_SensitivityAnalysis\02_model_training\by_run\C090_M030_T018\ag_eval_summary_compact.csv","02_model_training","C090_M030_T018",".csv","85","2026-05-29T02:49:49","AB73C618BEDECEEC522D006D17E6B2CD326A0C4F9981ABFA65A9CF863971EE28"
"03_Data_Output\5_SensitivityAnalysis\02_model_training\by_run\C090_M030_T018\hyperparameters_compact.json","02_model_training","C090_M030_T018",".json","7177","2026-05-29T06:23:37","1455EB16A95B60650B329621F01B55DE61A47E10E6E5C91AB2F660A16D4E1A6C"
"03_Data_Output\5_SensitivityAnalysis\02_model_training\by_run\C090_M030_T018\leaderboard.csv","02_model_training","C090_M030_T018",".csv","2534","2026-05-29T02:33:48","16D73598C13E5009B0106D7D08D9CFD24E620062A5D3802BE845308FABDAB38C"
"03_Data_Output\5_SensitivityAnalysis\02_model_training\by_run\C090_M030_T018\metric_coverage.csv","02_model_training","C090_M030_T018",".csv","814","2026-05-29T06:23:37","9C0A316CF0DDEA0016119F0DE75AF5D1B79415F91CE8A1E75712BE9FE151B011"
"03_Data_Output\5_SensitivityAnalysis\02_model_training\by_run\C090_M030_T018\model_metadata_compact.json","02_model_training","C090_M030_T018",".json","1292","2026-05-29T06:23:37","9DA3AEACB3C269D44D19F86158AA522053E3B886CA333626EC606BEEF2F6C550"
"03_Data_Output\5_SensitivityAnalysis\02_model_training\by_run\C090_M030_T018\model_metrics.csv","02_model_training","C090_M030_T018",".csv","610","2026-05-29T02:49:49","5D900300E214D2C1813F0BCEC903A2C19E2D15365207D94FF751FFD0686C839C"
"03_Data_Output\5_SensitivityAnalysis\02_model_training\by_run\C090_M030_T018\optional_family_evidence.csv","02_model_training","C090_M030_T018",".csv","225","2026-05-29T06:23:37","FC12C91A28792F2B988B085E1F65357A2DDF2B4218124A5FC0C47A41672F1E1A"
"03_Data_Output\5_SensitivityAnalysis\02_model_training\by_run\C090_M030_T018\prediction_row_counts.csv","02_model_training","C090_M030_T018",".csv","1014","2026-05-29T02:49:49","33E6E7A448404010F9C654533CFA54EA54DBE321D242C5AAC87D370326A10C7C"
"03_Data_Output\5_SensitivityAnalysis\02_model_training\by_run\C090_M030_T018\score_distribution.csv","02_model_training","C090_M030_T018",".csv","1750","2026-05-29T08:34:53","EED6B0C1EA354E706856CBF92605522E72EB104D017D5659267A14C7801806B1"
"03_Data_Output\5_SensitivityAnalysis\02_model_training\by_run\C090_M030_T028\ag_eval_summary.json","02_model_training","C090_M030_T028",".json","1552","2026-05-29T03:18:35","CE5223647F03326EF8CE5C0E10D6AF2F35B82EA9C93575CA0FB772C1DB0952B6"
"03_Data_Output\5_SensitivityAnalysis\02_model_training\by_run\C090_M030_T028\ag_eval_summary_compact.csv","02_model_training","C090_M030_T028",".csv","84","2026-05-29T03:18:39","4F884A6B3D7DFFF48A2DA97582D2706FF38765C1BF4B10F81A747FB5AAB5106B"
"03_Data_Output\5_SensitivityAnalysis\02_model_training\by_run\C090_M030_T028\hyperparameters_compact.json","02_model_training","C090_M030_T028",".json","7175","2026-05-29T06:23:37","5AF46D21BF836CE56B8D3A24795720E2F0FA47615F84AB0D3CB2F6C4674CE81C"
"03_Data_Output\5_SensitivityAnalysis\02_model_training\by_run\C090_M030_T028\leaderboard.csv","02_model_training","C090_M030_T028",".csv","2532","2026-05-29T03:02:36","1D69180ED37C38B32075ACA46860D87DE16EF30A4912B53D6DD02C23091B29FF"
"03_Data_Output\5_SensitivityAnalysis\02_model_training\by_run\C090_M030_T028\metric_coverage.csv","02_model_training","C090_M030_T028",".csv","815","2026-05-29T06:23:37","B3B92DB8059AEE8B755BF166C300981110E5CF64CE71BBA2055A97C3DE15FCEB"
"03_Data_Output\5_SensitivityAnalysis\02_model_training\by_run\C090_M030_T028\model_metadata_compact.json","02_model_training","C090_M030_T028",".json","1292","2026-05-29T06:23:37","AA25882045461284F2367938CC09964D095B84F7DD96C094D01BFDFB77D6A3CB"
"03_Data_Output\5_SensitivityAnalysis\02_model_training\by_run\C090_M030_T028\model_metrics.csv","02_model_training","C090_M030_T028",".csv","611","2026-05-29T03:18:39","15E4D972ACF8653C8AC4ECB19848A13A02573D727F30763612960A492F533FD9"
"03_Data_Output\5_SensitivityAnalysis\02_model_training\by_run\C090_M030_T028\optional_family_evidence.csv","02_model_training","C090_M030_T028",".csv","225","2026-05-29T06:23:37","18B87085A32E1347861FDA4EFBB9BFB2CE5D66349B91C76BAB1E97D51B805287"
"03_Data_Output\5_SensitivityAnalysis\02_model_training\by_run\C090_M030_T028\prediction_row_counts.csv","02_model_training","C090_M030_T028",".csv","1014","2026-05-29T03:18:39","97C260EECE1B9EE6CCBDD2C4CCF32CDCC6DB6D876208FB68EC9C87954F164362"
"03_Data_Output\5_SensitivityAnalysis\02_model_training\by_run\C090_M030_T028\score_distribution.csv","02_model_training","C090_M030_T028",".csv","1761","2026-05-29T08:34:53","DA5C4E4C4A383F950B7D5EF3836AA6ACB07A08C1571D61797111B6BE1E9C3B8D"
"03_Data_Output\5_SensitivityAnalysis\02_model_training\combined_model_metrics.csv","02_model_training","",".csv","13368","2026-05-29T08:34:53","36EECCF90D5EBF34098C34EFB151C9009A29F339CD84B1A3A44F3B4E20F652C5"
"03_Data_Output\5_SensitivityAnalysis\02_model_training\model_rankings.csv","02_model_training","",".csv","22274","2026-05-29T08:10:22","FC7058EFD2140C07BD9BD43EAD89D92312B8B8C87D2302D754F417DA59759B5A"
"03_Data_Output\5_SensitivityAnalysis\03_predictions\by_run\C060_M000_T012\ag_cv_results.parquet","03_predictions","C060_M000_T012",".parquet","550386","2026-05-28T17:33:19","D891FA4F69BAB696AFE894CF70F4664E746A04E5853083ED3E59465AF5491997"
"03_Data_Output\5_SensitivityAnalysis\03_predictions\by_run\C060_M000_T012\ag_preds_oos.parquet","03_predictions","C060_M000_T012",".parquet","177152","2026-05-28T17:15:12","AAE308720088BE95116601BFDF11C7787D2E49FFB376CC5B4D23224568B7897B"
"03_Data_Output\5_SensitivityAnalysis\03_predictions\by_run\C060_M000_T012\ag_preds_oos_eval.parquet","03_predictions","C060_M000_T012",".parquet","177152","2026-05-28T17:15:12","AAE308720088BE95116601BFDF11C7787D2E49FFB376CC5B4D23224568B7897B"
"03_Data_Output\5_SensitivityAnalysis\03_predictions\by_run\C060_M000_T012\ag_preds_test.parquet","03_predictions","C060_M000_T012",".parquet","162173","2026-05-28T17:15:12","FD732A29E45DD2ADDD58DAE4CBDE4C7082C0D9ADE94A53443EAD65E215F76DEA"
"03_Data_Output\5_SensitivityAnalysis\03_predictions\by_run\C060_M000_T012\ag_preds_test_eval.parquet","03_predictions","C060_M000_T012",".parquet","162173","2026-05-28T17:15:12","FD732A29E45DD2ADDD58DAE4CBDE4C7082C0D9ADE94A53443EAD65E215F76DEA"
"03_Data_Output\5_SensitivityAnalysis\03_predictions\by_run\C060_M000_T018\ag_cv_results.parquet","03_predictions","C060_M000_T018",".parquet","614178","2026-05-28T18:06:19","5E242712F6C368BFB194D9D9C7BF03A64865609712397E5C2699066C544DB73A"
"03_Data_Output\5_SensitivityAnalysis\03_predictions\by_run\C060_M000_T018\ag_preds_oos.parquet","03_predictions","C060_M000_T018",".parquet","164155","2026-05-28T17:48:51","D36D5D743C4DA2181EECC2C46B829E85DDAE24ACDEE87C76F8BAA30325FADA94"
"03_Data_Output\5_SensitivityAnalysis\03_predictions\by_run\C060_M000_T018\ag_preds_oos_eval.parquet","03_predictions","C060_M000_T018",".parquet","164155","2026-05-28T17:48:51","D36D5D743C4DA2181EECC2C46B829E85DDAE24ACDEE87C76F8BAA30325FADA94"
"03_Data_Output\5_SensitivityAnalysis\03_predictions\by_run\C060_M000_T018\ag_preds_test.parquet","03_predictions","C060_M000_T018",".parquet","161952","2026-05-28T17:48:51","FE15E2E737DE6FDE23FBD97638242B89A02E8AF3940A5268E61A8827EE6133D3"
"03_Data_Output\5_SensitivityAnalysis\03_predictions\by_run\C060_M000_T018\ag_preds_test_eval.parquet","03_predictions","C060_M000_T018",".parquet","161952","2026-05-28T17:48:51","FE15E2E737DE6FDE23FBD97638242B89A02E8AF3940A5268E61A8827EE6133D3"
"03_Data_Output\5_SensitivityAnalysis\03_predictions\by_run\C060_M000_T028\ag_cv_results.parquet","03_predictions","C060_M000_T028",".parquet","613397","2026-05-28T18:36:30","FD84244BBE6DE5F08A023013CDC516330314D7F607693C64A0BBF3B684AD12BD"
"03_Data_Output\5_SensitivityAnalysis\03_predictions\by_run\C060_M000_T028\ag_preds_oos.parquet","03_predictions","C060_M000_T028",".parquet","151758","2026-05-28T18:18:36","6260943D0897DCD0BC83AA42511AC69C35F096FD2F0A709927B5A4C1FBC3A8F1"
"03_Data_Output\5_SensitivityAnalysis\03_predictions\by_run\C060_M000_T028\ag_preds_oos_eval.parquet","03_predictions","C060_M000_T028",".parquet","151758","2026-05-28T18:18:36","6260943D0897DCD0BC83AA42511AC69C35F096FD2F0A709927B5A4C1FBC3A8F1"
"03_Data_Output\5_SensitivityAnalysis\03_predictions\by_run\C060_M000_T028\ag_preds_test.parquet","03_predictions","C060_M000_T028",".parquet","161683","2026-05-28T18:18:36","693FBAF72479A3416AB0007B17F8668D4BCBBD9C74B0A73A697C671256CF68ED"
"03_Data_Output\5_SensitivityAnalysis\03_predictions\by_run\C060_M000_T028\ag_preds_test_eval.parquet","03_predictions","C060_M000_T028",".parquet","161683","2026-05-28T18:18:36","693FBAF72479A3416AB0007B17F8668D4BCBBD9C74B0A73A697C671256CF68ED"
"03_Data_Output\5_SensitivityAnalysis\03_predictions\by_run\C060_M020_T012\ag_cv_results.parquet","03_predictions","C060_M020_T012",".parquet","599469","2026-05-28T19:11:22","F0C0A06095325CCEF841AE901F65367A7DCEA655BE96FC9515A1AF3C0B882ADC"
"03_Data_Output\5_SensitivityAnalysis\03_predictions\by_run\C060_M020_T012\ag_preds_oos.parquet","03_predictions","C060_M020_T012",".parquet","176256","2026-05-28T18:54:29","0D7F84E96F7D16BC4491ABFFB2E631EA8A0866CE53ADF4F8632ED08E8ED45EAE"
"03_Data_Output\5_SensitivityAnalysis\03_predictions\by_run\C060_M020_T012\ag_preds_oos_eval.parquet","03_predictions","C060_M020_T012",".parquet","176256","2026-05-28T18:54:29","0D7F84E96F7D16BC4491ABFFB2E631EA8A0866CE53ADF4F8632ED08E8ED45EAE"
"03_Data_Output\5_SensitivityAnalysis\03_predictions\by_run\C060_M020_T012\ag_preds_test.parquet","03_predictions","C060_M020_T012",".parquet","161450","2026-05-28T18:54:29","095C0E86FD446AE50BC0AA00DFE1F6B3DE8E1C7E58B18DCDBE4A79FE7EDD2643"
"03_Data_Output\5_SensitivityAnalysis\03_predictions\by_run\C060_M020_T012\ag_preds_test_eval.parquet","03_predictions","C060_M020_T012",".parquet","161450","2026-05-28T18:54:29","095C0E86FD446AE50BC0AA00DFE1F6B3DE8E1C7E58B18DCDBE4A79FE7EDD2643"
"03_Data_Output\5_SensitivityAnalysis\03_predictions\by_run\C060_M020_T018\ag_cv_results.parquet","03_predictions","C060_M020_T018",".parquet","611591","2026-05-28T19:42:57","62A5BEC7A17DE7DC70452B7464580B498EE8592664BFD5E6E1A5C6B1BEE72D3C"
"03_Data_Output\5_SensitivityAnalysis\03_predictions\by_run\C060_M020_T018\ag_preds_oos.parquet","03_predictions","C060_M020_T018",".parquet","160177","2026-05-28T19:25:47","B6E3BE567028E8FE6D9CD90313493CAD098990416872522E4E2B61CFAA1C5239"
"03_Data_Output\5_SensitivityAnalysis\03_predictions\by_run\C060_M020_T018\ag_preds_oos_eval.parquet","03_predictions","C060_M020_T018",".parquet","160177","2026-05-28T19:25:47","B6E3BE567028E8FE6D9CD90313493CAD098990416872522E4E2B61CFAA1C5239"
"03_Data_Output\5_SensitivityAnalysis\03_predictions\by_run\C060_M020_T018\ag_preds_test.parquet","03_predictions","C060_M020_T018",".parquet","161257","2026-05-28T19:25:47","E1786DFF3D28DAB3D1BAF5D4DAC20E3FFA6381B2B5CB92AF05A1FF5B02AA7B2C"
"03_Data_Output\5_SensitivityAnalysis\03_predictions\by_run\C060_M020_T018\ag_preds_test_eval.parquet","03_predictions","C060_M020_T018",".parquet","161257","2026-05-28T19:25:47","E1786DFF3D28DAB3D1BAF5D4DAC20E3FFA6381B2B5CB92AF05A1FF5B02AA7B2C"
"03_Data_Output\5_SensitivityAnalysis\03_predictions\by_run\C060_M020_T028\ag_preds_oos.parquet","03_predictions","C060_M020_T028",".parquet","146164","2026-05-28T19:56:35","078A8A0D9D8966197E67C0D2D9DDFEAB5BF3CE88D3C416A6AE2A6591B2AE5645"
"03_Data_Output\5_SensitivityAnalysis\03_predictions\by_run\C060_M020_T028\ag_preds_oos_eval.parquet","03_predictions","C060_M020_T028",".parquet","146164","2026-05-28T19:56:35","078A8A0D9D8966197E67C0D2D9DDFEAB5BF3CE88D3C416A6AE2A6591B2AE5645"
"03_Data_Output\5_SensitivityAnalysis\03_predictions\by_run\C060_M020_T028\ag_preds_test.parquet","03_predictions","C060_M020_T028",".parquet","161050","2026-05-28T19:56:35","A8BEF2DCF10BE4DE3ACEE58A5BD56D80E2516F27BCA6EB4330370155CBF66B38"
"03_Data_Output\5_SensitivityAnalysis\03_predictions\by_run\C060_M020_T028\ag_preds_test_eval.parquet","03_predictions","C060_M020_T028",".parquet","161050","2026-05-28T19:56:35","A8BEF2DCF10BE4DE3ACEE58A5BD56D80E2516F27BCA6EB4330370155CBF66B38"
"03_Data_Output\5_SensitivityAnalysis\03_predictions\by_run\C060_M030_T012\ag_cv_results.parquet","03_predictions","C060_M030_T012",".parquet","610088","2026-05-28T21:29:13","96DA6E6368D66CF480133E984C8D60DCED3EDAE389F0B795DE4707DA527A5C18"
"03_Data_Output\5_SensitivityAnalysis\03_predictions\by_run\C060_M030_T012\ag_preds_oos.parquet","03_predictions","C060_M030_T012",".parquet","175550","2026-05-28T21:11:26","479312CDCEB87D35D90EC1B32970F8E9B449CED2680DA357DDF24AFD7E9D06F0"
"03_Data_Output\5_SensitivityAnalysis\03_predictions\by_run\C060_M030_T012\ag_preds_oos_eval.parquet","03_predictions","C060_M030_T012",".parquet","175550","2026-05-28T21:11:26","479312CDCEB87D35D90EC1B32970F8E9B449CED2680DA357DDF24AFD7E9D06F0"
"03_Data_Output\5_SensitivityAnalysis\03_predictions\by_run\C060_M030_T012\ag_preds_test.parquet","03_predictions","C060_M030_T012",".parquet","161091","2026-05-28T21:11:26","FEEFB13D1239A67597D9EAAC73DEAFD6C9B145A6B52376C6042D54DBF419296F"
"03_Data_Output\5_SensitivityAnalysis\03_predictions\by_run\C060_M030_T012\ag_preds_test_eval.parquet","03_predictions","C060_M030_T012",".parquet","161091","2026-05-28T21:11:26","FEEFB13D1239A67597D9EAAC73DEAFD6C9B145A6B52376C6042D54DBF419296F"
"03_Data_Output\5_SensitivityAnalysis\03_predictions\by_run\C060_M030_T018\ag_cv_results.parquet","03_predictions","C060_M030_T018",".parquet","609758","2026-05-28T22:02:17","22FCE5AB041384FFB3F03CD7B75ACE23BFCDCC282FE06D7E8F28C3740DC05CEC"
"03_Data_Output\5_SensitivityAnalysis\03_predictions\by_run\C060_M030_T018\ag_preds_oos.parquet","03_predictions","C060_M030_T018",".parquet","158868","2026-05-28T21:45:44","80FCFDD511E1AB913B0EAB0275DFD453AA4C0E7E1C49D207005CF71105AB134E"
"03_Data_Output\5_SensitivityAnalysis\03_predictions\by_run\C060_M030_T018\ag_preds_oos_eval.parquet","03_predictions","C060_M030_T018",".parquet","158868","2026-05-28T21:45:44","80FCFDD511E1AB913B0EAB0275DFD453AA4C0E7E1C49D207005CF71105AB134E"
"03_Data_Output\5_SensitivityAnalysis\03_predictions\by_run\C060_M030_T018\ag_preds_test.parquet","03_predictions","C060_M030_T018",".parquet","160888","2026-05-28T21:45:44","1A9DBA7B4A952D8B03CAD2339F31069A0BCECF01F0DA7D4CBD590BF786593614"
"03_Data_Output\5_SensitivityAnalysis\03_predictions\by_run\C060_M030_T018\ag_preds_test_eval.parquet","03_predictions","C060_M030_T018",".parquet","160888","2026-05-28T21:45:44","1A9DBA7B4A952D8B03CAD2339F31069A0BCECF01F0DA7D4CBD590BF786593614"
"03_Data_Output\5_SensitivityAnalysis\03_predictions\by_run\C060_M030_T028\ag_cv_results.parquet","03_predictions","C060_M030_T028",".parquet","609227","2026-05-28T22:35:21","E28C5115DD3EEDE6C280964BD98DD3FAE9B34824784E80CCE31A2773D27509BC"
"03_Data_Output\5_SensitivityAnalysis\03_predictions\by_run\C060_M030_T028\ag_preds_oos.parquet","03_predictions","C060_M030_T028",".parquet","139949","2026-05-28T22:18:40","E9BF67A11271E16E088FD33426854E76878D7265D4E851373ECB4E8F50C807D6"
"03_Data_Output\5_SensitivityAnalysis\03_predictions\by_run\C060_M030_T028\ag_preds_oos_eval.parquet","03_predictions","C060_M030_T028",".parquet","139949","2026-05-28T22:18:40","E9BF67A11271E16E088FD33426854E76878D7265D4E851373ECB4E8F50C807D6"
"03_Data_Output\5_SensitivityAnalysis\03_predictions\by_run\C060_M030_T028\ag_preds_test.parquet","03_predictions","C060_M030_T028",".parquet","160777","2026-05-28T22:18:40","F6878089538C452AD39ABAF78B827EEC18F90BE0EA09E330965F35CFBC6DDCEC"
"03_Data_Output\5_SensitivityAnalysis\03_predictions\by_run\C060_M030_T028\ag_preds_test_eval.parquet","03_predictions","C060_M030_T028",".parquet","160777","2026-05-28T22:18:40","F6878089538C452AD39ABAF78B827EEC18F90BE0EA09E330965F35CFBC6DDCEC"
"03_Data_Output\5_SensitivityAnalysis\03_predictions\by_run\C080_M000_T012\ag_preds_oos.parquet","03_predictions","C080_M000_T012",".parquet","181864","2026-05-28T22:49:29","59A43FE353BD077C370EAA0CB0316C7980E3C143917469E3437EF39C077FC25C"
"03_Data_Output\5_SensitivityAnalysis\03_predictions\by_run\C080_M000_T012\ag_preds_oos_eval.parquet","03_predictions","C080_M000_T012",".parquet","181864","2026-05-28T22:49:29","59A43FE353BD077C370EAA0CB0316C7980E3C143917469E3437EF39C077FC25C"
"03_Data_Output\5_SensitivityAnalysis\03_predictions\by_run\C080_M000_T012\ag_preds_test.parquet","03_predictions","C080_M000_T012",".parquet","161785","2026-05-28T22:49:29","514DAE7CD554455892B229F985D561D3A181164F851BC7650AFCDF058154934E"
"03_Data_Output\5_SensitivityAnalysis\03_predictions\by_run\C080_M000_T012\ag_preds_test_eval.parquet","03_predictions","C080_M000_T012",".parquet","161785","2026-05-28T22:49:29","514DAE7CD554455892B229F985D561D3A181164F851BC7650AFCDF058154934E"
"03_Data_Output\5_SensitivityAnalysis\03_predictions\by_run\C080_M000_T028\ag_cv_results.parquet","03_predictions","C080_M000_T028",".parquet","611604","2026-05-29T03:47:58","0373DD683A5CADA3461D01B1CAFD48451EE9B21C5A6534AFFFDBEB044BB3D782"
"03_Data_Output\5_SensitivityAnalysis\03_predictions\by_run\C080_M000_T028\ag_preds_oos.parquet","03_predictions","C080_M000_T028",".parquet","163550","2026-05-29T03:31:47","1708D57E73256CE01C3A1662FD69CBC00338C340B70268D0FF7006AC809B422D"
"03_Data_Output\5_SensitivityAnalysis\03_predictions\by_run\C080_M000_T028\ag_preds_oos_eval.parquet","03_predictions","C080_M000_T028",".parquet","163550","2026-05-29T03:31:47","1708D57E73256CE01C3A1662FD69CBC00338C340B70268D0FF7006AC809B422D"
"03_Data_Output\5_SensitivityAnalysis\03_predictions\by_run\C080_M000_T028\ag_preds_test.parquet","03_predictions","C080_M000_T028",".parquet","161276","2026-05-29T03:31:47","D6DB71DD19E4B3222425146147EB58AA137FC107220EDB7CD7C272560CAD8579"
"03_Data_Output\5_SensitivityAnalysis\03_predictions\by_run\C080_M000_T028\ag_preds_test_eval.parquet","03_predictions","C080_M000_T028",".parquet","161276","2026-05-29T03:31:47","D6DB71DD19E4B3222425146147EB58AA137FC107220EDB7CD7C272560CAD8579"
"03_Data_Output\5_SensitivityAnalysis\03_predictions\by_run\C080_M020_T012\ag_cv_results.parquet","03_predictions","C080_M020_T012",".parquet","608664","2026-05-29T04:18:16","8D26B5CFE4580E59B26E693DD32BADD69264BF76CF52A7C98848B933D059EAAC"
"03_Data_Output\5_SensitivityAnalysis\03_predictions\by_run\C080_M020_T012\ag_preds_oos.parquet","03_predictions","C080_M020_T012",".parquet","181128","2026-05-29T04:01:50","BA730D014D2510EDF691ECFF50AE543D68BE322104AA275E3388C25E28B72A45"
"03_Data_Output\5_SensitivityAnalysis\03_predictions\by_run\C080_M020_T012\ag_preds_oos_eval.parquet","03_predictions","C080_M020_T012",".parquet","181128","2026-05-29T04:01:50","BA730D014D2510EDF691ECFF50AE543D68BE322104AA275E3388C25E28B72A45"
"03_Data_Output\5_SensitivityAnalysis\03_predictions\by_run\C080_M020_T012\ag_preds_test.parquet","03_predictions","C080_M020_T012",".parquet","161226","2026-05-29T04:01:50","C29D6561B2900BE15A7857AE1D179F94D195C75D9B2328642A5CD47272BB8CC7"
"03_Data_Output\5_SensitivityAnalysis\03_predictions\by_run\C080_M020_T012\ag_preds_test_eval.parquet","03_predictions","C080_M020_T012",".parquet","161226","2026-05-29T04:01:50","C29D6561B2900BE15A7857AE1D179F94D195C75D9B2328642A5CD47272BB8CC7"
"03_Data_Output\5_SensitivityAnalysis\03_predictions\by_run\C080_M020_T018\ag_cv_results.parquet","03_predictions","C080_M020_T018",".parquet","610476","2026-05-28T15:35:15","91F04880905210020E257D69DB6D6275AB3D202FF276FF4F3560CE9B4782C62A"
"03_Data_Output\5_SensitivityAnalysis\03_predictions\by_run\C080_M020_T018\ag_preds_oos.parquet","03_predictions","C080_M020_T018",".parquet","169990","2026-05-28T15:21:07","330B7DBA58385DB9F1A86DB26E0E2C84719A54132E9D0A5C84249B51BE5048CC"
"03_Data_Output\5_SensitivityAnalysis\03_predictions\by_run\C080_M020_T018\ag_preds_oos_eval.parquet","03_predictions","C080_M020_T018",".parquet","169990","2026-05-28T15:21:07","330B7DBA58385DB9F1A86DB26E0E2C84719A54132E9D0A5C84249B51BE5048CC"
"03_Data_Output\5_SensitivityAnalysis\03_predictions\by_run\C080_M020_T018\ag_preds_test.parquet","03_predictions","C080_M020_T018",".parquet","161050","2026-05-28T15:21:07","F470F4C7D0247EA82A3B7A4C725D7074F5B3CC6D5096C139BB0FE3EEFCFCC4C8"
"03_Data_Output\5_SensitivityAnalysis\03_predictions\by_run\C080_M020_T018\ag_preds_test_eval.parquet","03_predictions","C080_M020_T018",".parquet","161050","2026-05-28T15:21:07","F470F4C7D0247EA82A3B7A4C725D7074F5B3CC6D5096C139BB0FE3EEFCFCC4C8"
"03_Data_Output\5_SensitivityAnalysis\03_predictions\by_run\C080_M020_T028\ag_cv_results.parquet","03_predictions","C080_M020_T028",".parquet","609828","2026-05-29T04:49:16","00E9BF9A7C315F7197F0FEAB9621AF6FE573D111A9BDE38B81D26C42237FF126"
"03_Data_Output\5_SensitivityAnalysis\03_predictions\by_run\C080_M020_T028\ag_preds_oos.parquet","03_predictions","C080_M020_T028",".parquet","160282","2026-05-29T04:32:41","5BFFD49098C666DE3E72FED605001DD6CE81BC3230156D9DE7448B426E4945DA"
"03_Data_Output\5_SensitivityAnalysis\03_predictions\by_run\C080_M020_T028\ag_preds_oos_eval.parquet","03_predictions","C080_M020_T028",".parquet","160282","2026-05-29T04:32:41","5BFFD49098C666DE3E72FED605001DD6CE81BC3230156D9DE7448B426E4945DA"
"03_Data_Output\5_SensitivityAnalysis\03_predictions\by_run\C080_M020_T028\ag_preds_test.parquet","03_predictions","C080_M020_T028",".parquet","160844","2026-05-29T04:32:41","5AF172E056BF8FCFD92FFE05149C432AFC193D8D08A225D0B0CC3EC7779BBA52"
"03_Data_Output\5_SensitivityAnalysis\03_predictions\by_run\C080_M020_T028\ag_preds_test_eval.parquet","03_predictions","C080_M020_T028",".parquet","160844","2026-05-29T04:32:41","5AF172E056BF8FCFD92FFE05149C432AFC193D8D08A225D0B0CC3EC7779BBA52"
"03_Data_Output\5_SensitivityAnalysis\03_predictions\by_run\C080_M030_T012\ag_cv_results.parquet","03_predictions","C080_M030_T012",".parquet","605797","2026-05-29T05:18:01","53D30D61F8022F36322967BAC53A5AE5EBBF8C4FB842D44217FDEE214DC8A384"
"03_Data_Output\5_SensitivityAnalysis\03_predictions\by_run\C080_M030_T012\ag_preds_oos.parquet","03_predictions","C080_M030_T012",".parquet","180310","2026-05-29T05:03:04","2AFEA1B25ADBB154C2FE9E1D5EAF79C5A9CEF9E2551F774C494F2246055F37AA"
"03_Data_Output\5_SensitivityAnalysis\03_predictions\by_run\C080_M030_T012\ag_preds_oos_eval.parquet","03_predictions","C080_M030_T012",".parquet","180310","2026-05-29T05:03:04","2AFEA1B25ADBB154C2FE9E1D5EAF79C5A9CEF9E2551F774C494F2246055F37AA"
"03_Data_Output\5_SensitivityAnalysis\03_predictions\by_run\C080_M030_T012\ag_preds_test.parquet","03_predictions","C080_M030_T012",".parquet","160838","2026-05-29T05:03:04","5FFF49BFD52AF7583BA063CFE05A05AF66BB8F3C914ED7FC290C6686A0249E34"
"03_Data_Output\5_SensitivityAnalysis\03_predictions\by_run\C080_M030_T012\ag_preds_test_eval.parquet","03_predictions","C080_M030_T012",".parquet","160838","2026-05-29T05:03:04","5FFF49BFD52AF7583BA063CFE05A05AF66BB8F3C914ED7FC290C6686A0249E34"
"03_Data_Output\5_SensitivityAnalysis\03_predictions\by_run\C080_M030_T018\ag_cv_results.parquet","03_predictions","C080_M030_T018",".parquet","609028","2026-05-29T05:48:16","23BB08B85BE527CDC78EF10BD372C16B9263A4AD97878B2D166474C502D8948C"
"03_Data_Output\5_SensitivityAnalysis\03_predictions\by_run\C080_M030_T018\ag_preds_oos.parquet","03_predictions","C080_M030_T018",".parquet","168643","2026-05-29T05:32:12","4D82261469CF4B99E29679CA3DBF501C3C2EC512E7475F33E9BF8FF11852F856"
"03_Data_Output\5_SensitivityAnalysis\03_predictions\by_run\C080_M030_T018\ag_preds_oos_eval.parquet","03_predictions","C080_M030_T018",".parquet","168643","2026-05-29T05:32:12","4D82261469CF4B99E29679CA3DBF501C3C2EC512E7475F33E9BF8FF11852F856"
"03_Data_Output\5_SensitivityAnalysis\03_predictions\by_run\C080_M030_T018\ag_preds_test.parquet","03_predictions","C080_M030_T018",".parquet","160728","2026-05-29T05:32:12","0DA4F078B0105E55DFEA3518216A1236BE5311566F8361B5F8BCEF90A5B98B64"
"03_Data_Output\5_SensitivityAnalysis\03_predictions\by_run\C080_M030_T018\ag_preds_test_eval.parquet","03_predictions","C080_M030_T018",".parquet","160728","2026-05-29T05:32:12","0DA4F078B0105E55DFEA3518216A1236BE5311566F8361B5F8BCEF90A5B98B64"
"03_Data_Output\5_SensitivityAnalysis\03_predictions\by_run\C080_M030_T028\ag_cv_results.parquet","03_predictions","C080_M030_T028",".parquet","608731","2026-05-29T06:19:18","880C268812E1A3D85463983B3F4F3DA3F57AB69A2C7A73A98BA9EA09BB597533"
"03_Data_Output\5_SensitivityAnalysis\03_predictions\by_run\C080_M030_T028\ag_preds_oos.parquet","03_predictions","C080_M030_T028",".parquet","156086","2026-05-29T06:03:14","06E73F237BCB23C55C98E828A50151124EE0DE0D57759FE4647EB5FDEBEEE276"
"03_Data_Output\5_SensitivityAnalysis\03_predictions\by_run\C080_M030_T028\ag_preds_oos_eval.parquet","03_predictions","C080_M030_T028",".parquet","156086","2026-05-29T06:03:14","06E73F237BCB23C55C98E828A50151124EE0DE0D57759FE4647EB5FDEBEEE276"
"03_Data_Output\5_SensitivityAnalysis\03_predictions\by_run\C080_M030_T028\ag_preds_test.parquet","03_predictions","C080_M030_T028",".parquet","160625","2026-05-29T06:03:14","088660D1F70E35466344965F99572D128FA4BC97692A37FE11A6F7E331622F97"
"03_Data_Output\5_SensitivityAnalysis\03_predictions\by_run\C080_M030_T028\ag_preds_test_eval.parquet","03_predictions","C080_M030_T028",".parquet","160625","2026-05-29T06:03:14","088660D1F70E35466344965F99572D128FA4BC97692A37FE11A6F7E331622F97"
"03_Data_Output\5_SensitivityAnalysis\03_predictions\by_run\C090_M000_T012\ag_cv_results.parquet","03_predictions","C090_M000_T012",".parquet","611672","2026-05-28T23:52:37","1EF8F39138976228F958B1F74170E3583E6FA7BF474C764B59EB3F72C093A75A"
"03_Data_Output\5_SensitivityAnalysis\03_predictions\by_run\C090_M000_T012\ag_preds_oos.parquet","03_predictions","C090_M000_T012",".parquet","184496","2026-05-28T23:33:36","F52A11D7F91F22E75061D97C32E32210BD0917568589525A632212D0605C740D"
"03_Data_Output\5_SensitivityAnalysis\03_predictions\by_run\C090_M000_T012\ag_preds_oos_eval.parquet","03_predictions","C090_M000_T012",".parquet","184496","2026-05-28T23:33:36","F52A11D7F91F22E75061D97C32E32210BD0917568589525A632212D0605C740D"
"03_Data_Output\5_SensitivityAnalysis\03_predictions\by_run\C090_M000_T012\ag_preds_test.parquet","03_predictions","C090_M000_T012",".parquet","161575","2026-05-28T23:33:36","235A9B7C19C3B8A5F7FB34D0196F27792809D74675C7CF98B24D1272BBE77A74"
"03_Data_Output\5_SensitivityAnalysis\03_predictions\by_run\C090_M000_T012\ag_preds_test_eval.parquet","03_predictions","C090_M000_T012",".parquet","161575","2026-05-28T23:33:36","235A9B7C19C3B8A5F7FB34D0196F27792809D74675C7CF98B24D1272BBE77A74"
"03_Data_Output\5_SensitivityAnalysis\03_predictions\by_run\C090_M000_T018\ag_cv_results.parquet","03_predictions","C090_M000_T018",".parquet","611158","2026-05-29T00:23:01","A808175CF12B4DD13E22F960800A9C8EA8019DCD9DFF7B19127FDAF2451DB668"
"03_Data_Output\5_SensitivityAnalysis\03_predictions\by_run\C090_M000_T018\ag_preds_oos.parquet","03_predictions","C090_M000_T018",".parquet","178174","2026-05-29T00:05:59","00A78ABB07FC99B44BABBB19F9A42C510972CAA793396BD7DAABBB2EE4B69E62"
"03_Data_Output\5_SensitivityAnalysis\03_predictions\by_run\C090_M000_T018\ag_preds_oos_eval.parquet","03_predictions","C090_M000_T018",".parquet","178174","2026-05-29T00:05:59","00A78ABB07FC99B44BABBB19F9A42C510972CAA793396BD7DAABBB2EE4B69E62"
"03_Data_Output\5_SensitivityAnalysis\03_predictions\by_run\C090_M000_T018\ag_preds_test.parquet","03_predictions","C090_M000_T018",".parquet","161241","2026-05-29T00:05:59","065DDDDBE9D66CD01A2E2CC6CD23E7D295A0A4C7F8579C7DA24BC567C167CFF7"
"03_Data_Output\5_SensitivityAnalysis\03_predictions\by_run\C090_M000_T018\ag_preds_test_eval.parquet","03_predictions","C090_M000_T018",".parquet","161241","2026-05-29T00:05:59","065DDDDBE9D66CD01A2E2CC6CD23E7D295A0A4C7F8579C7DA24BC567C167CFF7"
"03_Data_Output\5_SensitivityAnalysis\03_predictions\by_run\C090_M000_T028\ag_cv_results.parquet","03_predictions","C090_M000_T028",".parquet","608383","2026-05-29T00:51:52","6F339C13A4B229A44EA289804C566EF77F43E608B9D3999435B3ADC7B27E30CB"
"03_Data_Output\5_SensitivityAnalysis\03_predictions\by_run\C090_M000_T028\ag_preds_oos.parquet","03_predictions","C090_M000_T028",".parquet","170888","2026-05-29T00:35:43","397857F2F42AE25EBF4077E33A01401053595537977301FA9D27EA64098F1E5A"
"03_Data_Output\5_SensitivityAnalysis\03_predictions\by_run\C090_M000_T028\ag_preds_oos_eval.parquet","03_predictions","C090_M000_T028",".parquet","170888","2026-05-29T00:35:43","397857F2F42AE25EBF4077E33A01401053595537977301FA9D27EA64098F1E5A"
"03_Data_Output\5_SensitivityAnalysis\03_predictions\by_run\C090_M000_T028\ag_preds_test.parquet","03_predictions","C090_M000_T028",".parquet","161001","2026-05-29T00:35:43","A7E602E1DC95F40B14F83FD53C52AC66F3BE689AB7C51AB9F44354F59A7DB902"
"03_Data_Output\5_SensitivityAnalysis\03_predictions\by_run\C090_M000_T028\ag_preds_test_eval.parquet","03_predictions","C090_M000_T028",".parquet","161001","2026-05-29T00:35:43","A7E602E1DC95F40B14F83FD53C52AC66F3BE689AB7C51AB9F44354F59A7DB902"
"03_Data_Output\5_SensitivityAnalysis\03_predictions\by_run\C090_M020_T012\ag_cv_results.parquet","03_predictions","C090_M020_T012",".parquet","609891","2026-05-29T01:21:31","B2E3B78D81869C7A7E0C388A1F2FFE0DA3B80F1525E3373C8B6AD24DABFFECF2"
"03_Data_Output\5_SensitivityAnalysis\03_predictions\by_run\C090_M020_T012\ag_preds_oos.parquet","03_predictions","C090_M020_T012",".parquet","184007","2026-05-29T01:04:51","95779EC7366518DEAD25C1C95A4D679DF6FB9D9496E15D4B5ACC301A31960B6E"
"03_Data_Output\5_SensitivityAnalysis\03_predictions\by_run\C090_M020_T012\ag_preds_oos_eval.parquet","03_predictions","C090_M020_T012",".parquet","184007","2026-05-29T01:04:51","95779EC7366518DEAD25C1C95A4D679DF6FB9D9496E15D4B5ACC301A31960B6E"
"03_Data_Output\5_SensitivityAnalysis\03_predictions\by_run\C090_M020_T012\ag_preds_test.parquet","03_predictions","C090_M020_T012",".parquet","160928","2026-05-29T01:04:51","3C8C5BDF97160A3F6CF4CF0AB15BB6ADB872E854A1E9D0140C832135E812C562"
"03_Data_Output\5_SensitivityAnalysis\03_predictions\by_run\C090_M020_T012\ag_preds_test_eval.parquet","03_predictions","C090_M020_T012",".parquet","160928","2026-05-29T01:04:51","3C8C5BDF97160A3F6CF4CF0AB15BB6ADB872E854A1E9D0140C832135E812C562"
"03_Data_Output\5_SensitivityAnalysis\03_predictions\by_run\C090_M020_T018\ag_cv_results.parquet","03_predictions","C090_M020_T018",".parquet","609489","2026-05-29T01:51:27","AD8B0E7F3025BFBAC0628444533DA13BCD4C4E98B81056BAF1A376B9D089DA12"
"03_Data_Output\5_SensitivityAnalysis\03_predictions\by_run\C090_M020_T018\ag_preds_oos.parquet","03_predictions","C090_M020_T018",".parquet","176101","2026-05-29T01:34:20","95823023F7C42D6FA978280C081451245D0583134C7F37ADA72C12ED9E463C23"
"03_Data_Output\5_SensitivityAnalysis\03_predictions\by_run\C090_M020_T018\ag_preds_oos_eval.parquet","03_predictions","C090_M020_T018",".parquet","176101","2026-05-29T01:34:20","95823023F7C42D6FA978280C081451245D0583134C7F37ADA72C12ED9E463C23"
"03_Data_Output\5_SensitivityAnalysis\03_predictions\by_run\C090_M020_T018\ag_preds_test.parquet","03_predictions","C090_M020_T018",".parquet","160797","2026-05-29T01:34:20","26C12FC3BC9CBE2257B0CA73F229F4207D0B71AC25C8F74F1015C0EEB9945F11"
"03_Data_Output\5_SensitivityAnalysis\03_predictions\by_run\C090_M020_T018\ag_preds_test_eval.parquet","03_predictions","C090_M020_T018",".parquet","160797","2026-05-29T01:34:20","26C12FC3BC9CBE2257B0CA73F229F4207D0B71AC25C8F74F1015C0EEB9945F11"
"03_Data_Output\5_SensitivityAnalysis\03_predictions\by_run\C090_M020_T028\ag_cv_results.parquet","03_predictions","C090_M020_T028",".parquet","608989","2026-05-28T16:29:50","13EC0F305541632B4759B037824A748DCDAFD0684C050620DDC735C0FACC607D"
"03_Data_Output\5_SensitivityAnalysis\03_predictions\by_run\C090_M020_T028\ag_preds_oos.parquet","03_predictions","C090_M020_T028",".parquet","168572","2026-05-28T16:14:55","24DD0995B5A95694F3635E5A973C760EF787BC38DB46E646ED3B2071EA927C3A"
"03_Data_Output\5_SensitivityAnalysis\03_predictions\by_run\C090_M020_T028\ag_preds_oos_eval.parquet","03_predictions","C090_M020_T028",".parquet","168572","2026-05-28T16:14:55","24DD0995B5A95694F3635E5A973C760EF787BC38DB46E646ED3B2071EA927C3A"
"03_Data_Output\5_SensitivityAnalysis\03_predictions\by_run\C090_M020_T028\ag_preds_test.parquet","03_predictions","C090_M020_T028",".parquet","160683","2026-05-28T16:14:55","66FB9A37DFB24478B8411A3ACA89E714B9B0D16C4D3CBB1A01AD4599D53A7084"
"03_Data_Output\5_SensitivityAnalysis\03_predictions\by_run\C090_M020_T028\ag_preds_test_eval.parquet","03_predictions","C090_M020_T028",".parquet","160683","2026-05-28T16:14:55","66FB9A37DFB24478B8411A3ACA89E714B9B0D16C4D3CBB1A01AD4599D53A7084"
"03_Data_Output\5_SensitivityAnalysis\03_predictions\by_run\C090_M030_T012\ag_cv_results.parquet","03_predictions","C090_M030_T012",".parquet","608250","2026-05-29T02:20:16","27244E5AA48EC5FD5CCF6634852DC36A9DDE2A351261AD0A31C3F93DFB968172"
"03_Data_Output\5_SensitivityAnalysis\03_predictions\by_run\C090_M030_T012\ag_preds_oos.parquet","03_predictions","C090_M030_T012",".parquet","183414","2026-05-29T02:04:28","6D7E92A7CA89F358E260D1D2F52419DB4235E652F7B403B1A3DFE75D3C404F9B"
"03_Data_Output\5_SensitivityAnalysis\03_predictions\by_run\C090_M030_T012\ag_preds_oos_eval.parquet","03_predictions","C090_M030_T012",".parquet","183414","2026-05-29T02:04:28","6D7E92A7CA89F358E260D1D2F52419DB4235E652F7B403B1A3DFE75D3C404F9B"
"03_Data_Output\5_SensitivityAnalysis\03_predictions\by_run\C090_M030_T012\ag_preds_test.parquet","03_predictions","C090_M030_T012",".parquet","160630","2026-05-29T02:04:28","DC3A716F3FF0A63F68E84373BB6BEFC212D8B7A69DC8C0F6ADD6674F491DDA70"
"03_Data_Output\5_SensitivityAnalysis\03_predictions\by_run\C090_M030_T012\ag_preds_test_eval.parquet","03_predictions","C090_M030_T012",".parquet","160630","2026-05-29T02:04:28","DC3A716F3FF0A63F68E84373BB6BEFC212D8B7A69DC8C0F6ADD6674F491DDA70"
"03_Data_Output\5_SensitivityAnalysis\03_predictions\by_run\C090_M030_T018\ag_cv_results.parquet","03_predictions","C090_M030_T018",".parquet","608197","2026-05-29T02:49:45","02771D4019ABB55F35E8BDC04FD326411DDC4FFFE1B16977B85BB7465D91AF9F"
"03_Data_Output\5_SensitivityAnalysis\03_predictions\by_run\C090_M030_T018\ag_preds_oos.parquet","03_predictions","C090_M030_T018",".parquet","174852","2026-05-29T02:33:53","FD071D085F0066B68588FB17AC6B9C34702073C7835E8C2068CE67D46B8CE690"
"03_Data_Output\5_SensitivityAnalysis\03_predictions\by_run\C090_M030_T018\ag_preds_oos_eval.parquet","03_predictions","C090_M030_T018",".parquet","174852","2026-05-29T02:33:53","FD071D085F0066B68588FB17AC6B9C34702073C7835E8C2068CE67D46B8CE690"
"03_Data_Output\5_SensitivityAnalysis\03_predictions\by_run\C090_M030_T018\ag_preds_test.parquet","03_predictions","C090_M030_T018",".parquet","160593","2026-05-29T02:33:53","F4741BE426E66F37A9206DCAB3FA97DE992A12517926F679800E17056E07235D"
"03_Data_Output\5_SensitivityAnalysis\03_predictions\by_run\C090_M030_T018\ag_preds_test_eval.parquet","03_predictions","C090_M030_T018",".parquet","160593","2026-05-29T02:33:53","F4741BE426E66F37A9206DCAB3FA97DE992A12517926F679800E17056E07235D"
"03_Data_Output\5_SensitivityAnalysis\03_predictions\by_run\C090_M030_T028\ag_cv_results.parquet","03_predictions","C090_M030_T028",".parquet","608105","2026-05-29T03:18:35","50CEF6B56C4A648BFCB6F85F45BBF9D2C88C02D49899586998DF2AF500CF54A6"
"03_Data_Output\5_SensitivityAnalysis\03_predictions\by_run\C090_M030_T028\ag_preds_oos.parquet","03_predictions","C090_M030_T028",".parquet","166003","2026-05-29T03:02:41","249AAF6086C27FD50F3BA28E09330595F2E8F77F5D998F366D0117B4285FF7B0"
"03_Data_Output\5_SensitivityAnalysis\03_predictions\by_run\C090_M030_T028\ag_preds_oos_eval.parquet","03_predictions","C090_M030_T028",".parquet","166003","2026-05-29T03:02:41","249AAF6086C27FD50F3BA28E09330595F2E8F77F5D998F366D0117B4285FF7B0"
"03_Data_Output\5_SensitivityAnalysis\03_predictions\by_run\C090_M030_T028\ag_preds_test.parquet","03_predictions","C090_M030_T028",".parquet","160530","2026-05-29T03:02:41","E0B2D847EA1B620C9A37D8A91E53F426342A90A41D237F705C221E262688740D"
"03_Data_Output\5_SensitivityAnalysis\03_predictions\by_run\C090_M030_T028\ag_preds_test_eval.parquet","03_predictions","C090_M030_T028",".parquet","160530","2026-05-29T03:02:41","E0B2D847EA1B620C9A37D8A91E53F426342A90A41D237F705C221E262688740D"
"03_Data_Output\5_SensitivityAnalysis\03_predictions\prediction_inventory.csv","03_predictions","",".csv","19720","2026-05-29T08:34:53","E683C3F7651631E5BF64C3CD0ECB9FE6C65AD0D10D0668A0DB60D0C837FDC42C"
"03_Data_Output\5_SensitivityAnalysis\04_index_construction\by_run\C060_M000_T012\ae_sens_11c_merge_diagnostics.csv","04_index_construction","C060_M000_T012",".csv","28865","2026-05-28T20:27:03","31BCD9AB00B0AA1C3236CA49B2D228E43D403ACF693B39ACFD76B384292CAF01"
"03_Data_Output\5_SensitivityAnalysis\04_index_construction\by_run\C060_M000_T012\error_cost_decomposition.csv","04_index_construction","C060_M000_T012",".csv","348079","2026-05-28T20:27:03","ED17D32F5C4D14EE5E5405E268F980E59706C37615435A7756ACDCD86ED14F05"
"03_Data_Output\5_SensitivityAnalysis\04_index_construction\by_run\C060_M000_T012\exclusion_summary.csv","04_index_construction","C060_M000_T012",".csv","880652","2026-05-28T20:26:51","58D24D557107C67DDFA3D2E7C438B86BF7D2ADCDE39FC415DC2A8DEDACBF3FE3"
"03_Data_Output\5_SensitivityAnalysis\04_index_construction\by_run\C060_M000_T012\performance.csv","04_index_construction","C060_M000_T012",".csv","66843","2026-05-28T20:26:45","201D3B3F9E63F3DB2B36C2AF419297B549B01F0156CA2FA57EC6060A730F9D12"
"03_Data_Output\5_SensitivityAnalysis\04_index_construction\by_run\C060_M000_T012\returns_summary.csv","04_index_construction","C060_M000_T012",".csv","3016483","2026-05-28T20:26:45","9892CDCEAB425AE443BAE576A3D43DD521931058A10FF40C6CC7DA5827F94DA2"
"03_Data_Output\5_SensitivityAnalysis\04_index_construction\by_run\C060_M000_T012\run_status.csv","04_index_construction","C060_M000_T012",".csv","516","2026-05-28T20:27:03","05276999193F4528E472CB3251D3D20A7FDB6B9CC17C08F6C36E9095000100EE"
"03_Data_Output\5_SensitivityAnalysis\04_index_construction\by_run\C060_M000_T012\thresholds.csv","04_index_construction","C060_M000_T012",".csv","605","2026-05-28T20:23:30","41587838E7E9F5750EBE9B6A29BA75932369E82270B1E1AE1BA7DF5B5CAB41A5"
"03_Data_Output\5_SensitivityAnalysis\04_index_construction\by_run\C060_M000_T018\ae_sens_11c_merge_diagnostics.csv","04_index_construction","C060_M000_T018",".csv","28869","2026-05-28T20:45:44","5320143AE42934D47FCEA72D244377C5DC9B31DC61B6579DE5B44D95A1AE526E"
"03_Data_Output\5_SensitivityAnalysis\04_index_construction\by_run\C060_M000_T018\error_cost_decomposition.csv","04_index_construction","C060_M000_T018",".csv","347384","2026-05-28T20:45:44","514112952676A2D438CD170275654D8032CAEB53A85E56BFBE1914AFE4DDD61A"
"03_Data_Output\5_SensitivityAnalysis\04_index_construction\by_run\C060_M000_T018\exclusion_summary.csv","04_index_construction","C060_M000_T018",".csv","880748","2026-05-28T20:45:33","1599EE9AA28A3EDDF8F0289DE263B8273220C5BD302B05DE165F4C70551DA2A4"
"03_Data_Output\5_SensitivityAnalysis\04_index_construction\by_run\C060_M000_T018\performance.csv","04_index_construction","C060_M000_T018",".csv","66772","2026-05-28T20:45:27","99A7B840EBA017B53A9928457B3783955B6B0564E4B9248718D40A44F6F8C807"
"03_Data_Output\5_SensitivityAnalysis\04_index_construction\by_run\C060_M000_T018\returns_summary.csv","04_index_construction","C060_M000_T018",".csv","3013695","2026-05-28T20:45:26","D030FDB8659ACCCCDB33D9054348B1024336A3B0E435EE85CF103BE47F440D74"
"03_Data_Output\5_SensitivityAnalysis\04_index_construction\by_run\C060_M000_T018\run_status.csv","04_index_construction","C060_M000_T018",".csv","514","2026-05-28T20:45:44","562964CCAF2F61045ECF387F8D44CB0284E23514128118DF4038F9E12239ADF7"
"03_Data_Output\5_SensitivityAnalysis\04_index_construction\by_run\C060_M000_T018\thresholds.csv","04_index_construction","C060_M000_T018",".csv","606","2026-05-28T20:42:07","5DFE321C1D24075C1E3B34C96A920474F01021EDCAC76470F95FDD9BB0E5B3F2"
"03_Data_Output\5_SensitivityAnalysis\04_index_construction\by_run\C060_M000_T028\ae_sens_11c_merge_diagnostics.csv","04_index_construction","C060_M000_T028",".csv","28869","2026-05-28T20:49:36","865FD4157301ED1B615266B71951566F9124217D1CE99ED553C174A8A9276591"
"03_Data_Output\5_SensitivityAnalysis\04_index_construction\by_run\C060_M000_T028\error_cost_decomposition.csv","04_index_construction","C060_M000_T028",".csv","347858","2026-05-28T20:49:36","1FA6B53C6EB46B2840F2D62A087C610DE090A900FFEE8E9929CD4D3B82F7CB68"
"03_Data_Output\5_SensitivityAnalysis\04_index_construction\by_run\C060_M000_T028\exclusion_summary.csv","04_index_construction","C060_M000_T028",".csv","883669","2026-05-28T20:49:25","CABD5AD9CBCE7679A92DCA0E40778400864DE5964CB530C7BE84617995791968"
"03_Data_Output\5_SensitivityAnalysis\04_index_construction\by_run\C060_M000_T028\performance.csv","04_index_construction","C060_M000_T028",".csv","66877","2026-05-28T20:49:19","8A369B7E90D6A9422E9602956DD19FAD6DE162C0FA2F3CD0CE74643BAE3D1309"
"03_Data_Output\5_SensitivityAnalysis\04_index_construction\by_run\C060_M000_T028\returns_summary.csv","04_index_construction","C060_M000_T028",".csv","3022527","2026-05-28T20:49:19","20C7DEF32076E3CCDF4959A93E14DA40CADA9CAC5864D669CECB41D1F060B394"
"03_Data_Output\5_SensitivityAnalysis\04_index_construction\by_run\C060_M000_T028\run_status.csv","04_index_construction","C060_M000_T028",".csv","516","2026-05-28T20:49:36","95DF7C3EED97D170CE33979DC85AA84173EFE797B4777AB3D15BE4B460F8B05C"
"03_Data_Output\5_SensitivityAnalysis\04_index_construction\by_run\C060_M000_T028\thresholds.csv","04_index_construction","C060_M000_T028",".csv","607","2026-05-28T20:46:06","24C230D10E2E6B49272DCD35A5727ABF9118E99EC9FA0444B6893EF7F4B8D0D2"
"03_Data_Output\5_SensitivityAnalysis\04_index_construction\by_run\C060_M020_T012\ae_sens_11c_merge_diagnostics.csv","04_index_construction","C060_M020_T012",".csv","28865","2026-05-28T20:53:21","0494B8E7BB96C35888D2D2DD649B0CCB07B21D82D2E75D0A157DF16EDD856453"
"03_Data_Output\5_SensitivityAnalysis\04_index_construction\by_run\C060_M020_T012\error_cost_decomposition.csv","04_index_construction","C060_M020_T012",".csv","340975","2026-05-28T20:53:21","6D54A483A03F62FB463C8A04A2FEBCB926A064F4B93E2EC207BB4322E965D9CF"
"03_Data_Output\5_SensitivityAnalysis\04_index_construction\by_run\C060_M020_T012\exclusion_summary.csv","04_index_construction","C060_M020_T012",".csv","872920","2026-05-28T20:53:09","05DD499E9E59802482ADAF0CBD87AA9E307924FEEEA495C37D9373B3E4DD83AD"
"03_Data_Output\5_SensitivityAnalysis\04_index_construction\by_run\C060_M020_T012\performance.csv","04_index_construction","C060_M020_T012",".csv","66283","2026-05-28T20:53:03","A690D13DF5B5F59A205B6CBEF39DA079C3E53BC585F3263ACB9EC93A26F9201A"
"03_Data_Output\5_SensitivityAnalysis\04_index_construction\by_run\C060_M020_T012\returns_summary.csv","04_index_construction","C060_M020_T012",".csv","3012468","2026-05-28T20:53:03","13DFD6760D3145D05DE101D3D946DC59BACBC80B7FC15E851DD7A3E03D2A842B"
"03_Data_Output\5_SensitivityAnalysis\04_index_construction\by_run\C060_M020_T012\run_status.csv","04_index_construction","C060_M020_T012",".csv","514","2026-05-28T20:53:21","76E7664BE6E84D3F1EA53E4B86FF89DE10F50D3DB9613FD09EC86D3415723E00"
"03_Data_Output\5_SensitivityAnalysis\04_index_construction\by_run\C060_M020_T012\thresholds.csv","04_index_construction","C060_M020_T012",".csv","604","2026-05-28T20:49:58","172618B10139E478DC94D5451A4C0A7303D51EB349EF74D4A1B440A1DF5BEFD9"
"03_Data_Output\5_SensitivityAnalysis\04_index_construction\by_run\C060_M020_T018\ae_sens_11c_merge_diagnostics.csv","04_index_construction","C060_M020_T018",".csv","28869","2026-05-28T20:57:09","1BAA887D46BA42F9C9A051CF82C53DB258CFD2A7BCC31F792694B507E632C3BA"
"03_Data_Output\5_SensitivityAnalysis\04_index_construction\by_run\C060_M020_T018\error_cost_decomposition.csv","04_index_construction","C060_M020_T018",".csv","348120","2026-05-28T20:57:09","D6AF9AD54EE939E2DBF6CC2E5AFC6E41CB02EA44615B4C57B8768F577E4E8717"
"03_Data_Output\5_SensitivityAnalysis\04_index_construction\by_run\C060_M020_T018\exclusion_summary.csv","04_index_construction","C060_M020_T018",".csv","899328","2026-05-28T20:56:58","0ED10163C0719197FFD235F7F564DCA2B973E5A00B7E2FA77691DE85E1675F3C"
"03_Data_Output\5_SensitivityAnalysis\04_index_construction\by_run\C060_M020_T018\performance.csv","04_index_construction","C060_M020_T018",".csv","66933","2026-05-28T20:56:52","091889E62F256FB4C7E9A95BCA0733677DAE5F3F0B5EE54EC639B12F898BBD68"
"03_Data_Output\5_SensitivityAnalysis\04_index_construction\by_run\C060_M020_T018\returns_summary.csv","04_index_construction","C060_M020_T018",".csv","3022415","2026-05-28T20:56:51","FA09BC852BE9B56F06C713BC6444FD84397F17DA2EA2736883F350122AFE26D6"
"03_Data_Output\5_SensitivityAnalysis\04_index_construction\by_run\C060_M020_T018\run_status.csv","04_index_construction","C060_M020_T018",".csv","516","2026-05-28T20:57:09","4C1F23FB6E07CA36D7AEBE197CD1739AE8ED34DD03971D077AD967231AC88AF0"
"03_Data_Output\5_SensitivityAnalysis\04_index_construction\by_run\C060_M020_T018\thresholds.csv","04_index_construction","C060_M020_T018",".csv","607","2026-05-28T20:53:41","05843D43C7DC75F6DB9D12EB5CA15521ABFF0D6DBB5B3E0F7347AE99474AA917"
"03_Data_Output\5_SensitivityAnalysis\04_index_construction\by_run\C060_M030_T012\ae_sens_11c_merge_diagnostics.csv","04_index_construction","C060_M030_T012",".csv","28869","2026-05-28T21:32:44","FCFE37D8CEBC30E5A77A6FA74FD2533F1F96332E2EE8506DAF66975E40791B90"
"03_Data_Output\5_SensitivityAnalysis\04_index_construction\by_run\C060_M030_T012\error_cost_decomposition.csv","04_index_construction","C060_M030_T012",".csv","346500","2026-05-28T21:32:44","9B634570BAAE46BF75103E43DE1123DCA4D4D90F1991362CF8AF113C69407184"
"03_Data_Output\5_SensitivityAnalysis\04_index_construction\by_run\C060_M030_T012\exclusion_summary.csv","04_index_construction","C060_M030_T012",".csv","896359","2026-05-28T21:32:34","D0BE4825000D6FAAC7D13037EE5D4C3A13AED98A4C21F9F2BB3605BC6E193E0E"
"03_Data_Output\5_SensitivityAnalysis\04_index_construction\by_run\C060_M030_T012\performance.csv","04_index_construction","C060_M030_T012",".csv","66695","2026-05-28T21:32:29","A506C7B50FC71E25488CACD7EE8D9C6B3CFF7E07176A77727E5D6CC588D3618C"
"03_Data_Output\5_SensitivityAnalysis\04_index_construction\by_run\C060_M030_T012\returns_summary.csv","04_index_construction","C060_M030_T012",".csv","3005322","2026-05-28T21:32:28","EE13A5DDB877EBE88052388732539A5B9E984EC8D0D095652B64ED4E7F830659"
"03_Data_Output\5_SensitivityAnalysis\04_index_construction\by_run\C060_M030_T012\run_status.csv","04_index_construction","C060_M030_T012",".csv","516","2026-05-28T21:32:44","734D80EDFC5F529CAAA154C94F61BA589151B23806A6DABFDA4173F3BA5B2118"
"03_Data_Output\5_SensitivityAnalysis\04_index_construction\by_run\C060_M030_T012\thresholds.csv","04_index_construction","C060_M030_T012",".csv","604","2026-05-28T21:29:35","AD32EDE19677077877B95C864472C756A9CEA53A28AD60E9EF7581496B17D51F"
"03_Data_Output\5_SensitivityAnalysis\04_index_construction\by_run\C060_M030_T018\ae_sens_11c_merge_diagnostics.csv","04_index_construction","C060_M030_T018",".csv","28873","2026-05-28T22:05:44","6604993DC6AA12F024D76CAAA07BBE77CB58A7371088F6B62634095F8EC43265"
"03_Data_Output\5_SensitivityAnalysis\04_index_construction\by_run\C060_M030_T018\error_cost_decomposition.csv","04_index_construction","C060_M030_T018",".csv","347602","2026-05-28T22:05:44","9326DBF79700092DAF0AE54062AED87C56509646D0540305104C54B54888E225"
"03_Data_Output\5_SensitivityAnalysis\04_index_construction\by_run\C060_M030_T018\exclusion_summary.csv","04_index_construction","C060_M030_T018",".csv","901171","2026-05-28T22:05:34","83BDBF5460B35B532D1925EE23C01A2B97FDDF7E91870F0E2E10407499C17DC5"
"03_Data_Output\5_SensitivityAnalysis\04_index_construction\by_run\C060_M030_T018\performance.csv","04_index_construction","C060_M030_T018",".csv","66914","2026-05-28T22:05:29","6E53BDEA6A30E1805028AF755BCEDCDD3755B8EF4C4B54A81AC827EAF121C43A"
"03_Data_Output\5_SensitivityAnalysis\04_index_construction\by_run\C060_M030_T018\returns_summary.csv","04_index_construction","C060_M030_T018",".csv","3023285","2026-05-28T22:05:28","BB30AEF5A3A6C6BB82C3B0B4510FA2C23F3204FD49148A29B2B4FF64D83251D3"
"03_Data_Output\5_SensitivityAnalysis\04_index_construction\by_run\C060_M030_T018\run_status.csv","04_index_construction","C060_M030_T018",".csv","516","2026-05-28T22:05:44","AB86E4D193FEECA536F867CFC430D91699F81F11FF645FC5ACC2D409ECC62B65"
"03_Data_Output\5_SensitivityAnalysis\04_index_construction\by_run\C060_M030_T018\thresholds.csv","04_index_construction","C060_M030_T018",".csv","607","2026-05-28T22:02:39","F42A42A8D07F096DDFB045C8C96D9E9E9F673C15D8F826CF0CE6A47E5C38D04F"
"03_Data_Output\5_SensitivityAnalysis\04_index_construction\by_run\C060_M030_T028\ae_sens_11c_merge_diagnostics.csv","04_index_construction","C060_M030_T028",".csv","28873","2026-05-28T22:38:58","DACFD0EEFD9FC2D4657C4819B390FE349DE77C45891D6DCFD05F8F464326BC29"
"03_Data_Output\5_SensitivityAnalysis\04_index_construction\by_run\C060_M030_T028\error_cost_decomposition.csv","04_index_construction","C060_M030_T028",".csv","346545","2026-05-28T22:38:58","A77E62738B50C556BEF445FCE3C688EAE97C7595CB522265CFDCBB21AD8FB2F8"
"03_Data_Output\5_SensitivityAnalysis\04_index_construction\by_run\C060_M030_T028\exclusion_summary.csv","04_index_construction","C060_M030_T028",".csv","908637","2026-05-28T22:38:47","3CB1585C773B0C43AA441D43A546342DEA6D15F5E2F99F7B62F8700552519FF9"
"03_Data_Output\5_SensitivityAnalysis\04_index_construction\by_run\C060_M030_T028\performance.csv","04_index_construction","C060_M030_T028",".csv","66819","2026-05-28T22:38:42","87E15AC4F3522492566094683D0C351A0998496C741B979F2DEA5DFBD0410B67"
"03_Data_Output\5_SensitivityAnalysis\04_index_construction\by_run\C060_M030_T028\returns_summary.csv","04_index_construction","C060_M030_T028",".csv","3019111","2026-05-28T22:38:41","6BD31741FC35A70B5B15B506DF30B53820E313CF2CAD156DDB2DDA5539CD67E0"
"03_Data_Output\5_SensitivityAnalysis\04_index_construction\by_run\C060_M030_T028\run_status.csv","04_index_construction","C060_M030_T028",".csv","515","2026-05-28T22:38:58","8A584E73D9DCCDE73644C1A602DCF3FE23A99368BF254165DC65548615AEAF4F"
"03_Data_Output\5_SensitivityAnalysis\04_index_construction\by_run\C060_M030_T028\thresholds.csv","04_index_construction","C060_M030_T028",".csv","606","2026-05-28T22:35:43","066BDF1D4865BB333A1D8B54B1910A669BAA8A5A4F34DE8D4CC3208A9F98FF41"
"03_Data_Output\5_SensitivityAnalysis\04_index_construction\by_run\C080_M000_T028\ae_sens_11c_merge_diagnostics.csv","04_index_construction","C080_M000_T028",".csv","28869","2026-05-29T03:51:32","BEB6F6608A6D60DA9EA654854B363794659A54043E8BAAA2FBA8962A7A60BF97"
"03_Data_Output\5_SensitivityAnalysis\04_index_construction\by_run\C080_M000_T028\error_cost_decomposition.csv","04_index_construction","C080_M000_T028",".csv","348243","2026-05-29T03:51:33","BBAEED6BC7E0932FB7812F7BC0201A16AD522737F63C0B86832CFC799D482FA9"
"03_Data_Output\5_SensitivityAnalysis\04_index_construction\by_run\C080_M000_T028\exclusion_summary.csv","04_index_construction","C080_M000_T028",".csv","912719","2026-05-29T03:51:22","47E4F83D372F70EBC159C7A437D6D9BF69E08092511A59D9D6DC6BC81F5FE028"
"03_Data_Output\5_SensitivityAnalysis\04_index_construction\by_run\C080_M000_T028\performance.csv","04_index_construction","C080_M000_T028",".csv","66937","2026-05-29T03:51:16","5BF79185411F7053B9A1687DCDD89E2BA33422DC34D40248F0D0FDE993D38413"
"03_Data_Output\5_SensitivityAnalysis\04_index_construction\by_run\C080_M000_T028\returns_summary.csv","04_index_construction","C080_M000_T028",".csv","3022858","2026-05-29T03:51:16","355C2BD17C12B826A3D51F12BB61A16DA5197ED80427A5E7BA6B847E3B53794F"
"03_Data_Output\5_SensitivityAnalysis\04_index_construction\by_run\C080_M000_T028\run_status.csv","04_index_construction","C080_M000_T028",".csv","516","2026-05-29T03:51:33","90AD395D3F31EC55EAE00CD70D7813FFCB40B70654DEC87AC63664200053F441"
"03_Data_Output\5_SensitivityAnalysis\04_index_construction\by_run\C080_M000_T028\thresholds.csv","04_index_construction","C080_M000_T028",".csv","608","2026-05-29T03:48:20","3A9FB4CE7E013BDC945DB0C7E57A57035FB58072D6AD013BD0AC1D13FF7AC414"
"03_Data_Output\5_SensitivityAnalysis\04_index_construction\by_run\C080_M020_T012\ae_sens_11c_merge_diagnostics.csv","04_index_construction","C080_M020_T012",".csv","28877","2026-05-29T04:21:38","5286BF36125F8DB8B2C302C139711A847A820D097BE5D6BC289D7BDA456793CA"
"03_Data_Output\5_SensitivityAnalysis\04_index_construction\by_run\C080_M020_T012\error_cost_decomposition.csv","04_index_construction","C080_M020_T012",".csv","347983","2026-05-29T04:21:38","71B08F4EA1F7E996196F355D8EB544FCE96C11134E88DA848E139AC69631FE3E"
"03_Data_Output\5_SensitivityAnalysis\04_index_construction\by_run\C080_M020_T012\exclusion_summary.csv","04_index_construction","C080_M020_T012",".csv","891814","2026-05-29T04:21:28","F8691B4858575E7C5E5D5AFD0841FA2054A450FC7F30DDBE64CEC8843FF1815A"
"03_Data_Output\5_SensitivityAnalysis\04_index_construction\by_run\C080_M020_T012\performance.csv","04_index_construction","C080_M020_T012",".csv","66888","2026-05-29T04:21:23","7FB0FA6E8BE0F47199BCAB71A0AC482139658ABF2E4D425EACDFD06E314889EE"
"03_Data_Output\5_SensitivityAnalysis\04_index_construction\by_run\C080_M020_T012\returns_summary.csv","04_index_construction","C080_M020_T012",".csv","3019501","2026-05-29T04:21:23","545CC011F66737E94B4785352412391AB2465C17B34121F41F3CF494A409FCA3"
"03_Data_Output\5_SensitivityAnalysis\04_index_construction\by_run\C080_M020_T012\run_status.csv","04_index_construction","C080_M020_T012",".csv","516","2026-05-29T04:21:38","F355BA24EBE0A9CD4CD7C141A43C5E29E8F85BACC75EC7268BA07CE4BEDCCD01"
"03_Data_Output\5_SensitivityAnalysis\04_index_construction\by_run\C080_M020_T012\thresholds.csv","04_index_construction","C080_M020_T012",".csv","606","2026-05-29T04:18:37","271048D06D6CF692E901EC4A67D4A8D13AB1F24A39ADEACB947CE5C50DF32E5D"
"03_Data_Output\5_SensitivityAnalysis\04_index_construction\by_run\C080_M020_T018\error_cost_decomposition.csv","04_index_construction","C080_M020_T018",".csv","346574","2026-05-28T16:03:07","D7E3F15CE62D1E3677AB047E68B7E034CD4C4306214B115C15DB3C594C788229"
"03_Data_Output\5_SensitivityAnalysis\04_index_construction\by_run\C080_M020_T018\exclusion_summary.csv","04_index_construction","C080_M020_T018",".csv","890487","2026-05-28T16:02:57","834C2E904F29D3F28EB7B3D92B489569BA5DF7D639B053061C0C2C76F890C084"
"03_Data_Output\5_SensitivityAnalysis\04_index_construction\by_run\C080_M020_T018\performance.csv","04_index_construction","C080_M020_T018",".csv","66843","2026-05-28T16:02:52","5D8BD63608AABB947425200C6F1E836F1839139585EAAB7AFFA0FE256FB94C63"
"03_Data_Output\5_SensitivityAnalysis\04_index_construction\by_run\C080_M020_T018\returns_summary.csv","04_index_construction","C080_M020_T018",".csv","3020140","2026-05-28T16:02:51","9787F9CB0B11F5BB9BFA8B1FD96A064A087470456307B4B30BBD4AB92D6051E4"
"03_Data_Output\5_SensitivityAnalysis\04_index_construction\by_run\C080_M020_T018\run_status.csv","04_index_construction","C080_M020_T018",".csv","516","2026-05-28T16:03:07","5EBC8921F993875210EA4A66C62FB32196F1CB0B08C94AB351AAB4BE47DB1A3E"
"03_Data_Output\5_SensitivityAnalysis\04_index_construction\by_run\C080_M020_T018\thresholds.csv","04_index_construction","C080_M020_T018",".csv","604","2026-05-28T15:59:56","2261F87AF02EF9B807722C01ABC2A15B266FB34B33C5E276D571ABD30FDCD8B5"
"03_Data_Output\5_SensitivityAnalysis\04_index_construction\by_run\C080_M020_T028\ae_sens_11c_merge_diagnostics.csv","04_index_construction","C080_M020_T028",".csv","28877","2026-05-29T04:52:43","A0A60ECAF34DCC6C795B2313C7BD03B339B3608E1787F7F22111BBB7AA516AD4"
"03_Data_Output\5_SensitivityAnalysis\04_index_construction\by_run\C080_M020_T028\error_cost_decomposition.csv","04_index_construction","C080_M020_T028",".csv","345080","2026-05-29T04:52:43","A8661B25C83D319705801C46DFC0898BE98716EEADB5BE5F778CE25CB78B275F"
"03_Data_Output\5_SensitivityAnalysis\04_index_construction\by_run\C080_M020_T028\exclusion_summary.csv","04_index_construction","C080_M020_T028",".csv","898824","2026-05-29T04:52:33","0164F6E024497473AC8838122710528C7C75E5FD7F58656E751A030456D71758"
"03_Data_Output\5_SensitivityAnalysis\04_index_construction\by_run\C080_M020_T028\performance.csv","04_index_construction","C080_M020_T028",".csv","66958","2026-05-29T04:52:28","C4C969244FE71E06A151DA7E2052B260C375DBBE8DAEC45D27DFE5C804689C7A"
"03_Data_Output\5_SensitivityAnalysis\04_index_construction\by_run\C080_M020_T028\returns_summary.csv","04_index_construction","C080_M020_T028",".csv","3023973","2026-05-29T04:52:27","8704DF8DD4BA911E59E472094D75DD62090B4A6DBF48B6482D33E415C64DA88E"
"03_Data_Output\5_SensitivityAnalysis\04_index_construction\by_run\C080_M020_T028\run_status.csv","04_index_construction","C080_M020_T028",".csv","516","2026-05-29T04:52:43","D0A0862C6AF7E2527401733DC5570FE45704EFD0509AABB9FCD6740A30528598"
"03_Data_Output\5_SensitivityAnalysis\04_index_construction\by_run\C080_M020_T028\thresholds.csv","04_index_construction","C080_M020_T028",".csv","608","2026-05-29T04:49:38","88FCF42DF84F8DE6338024C976B2DE0788B428E035A2A7BA74E764AAF6840959"
"03_Data_Output\5_SensitivityAnalysis\04_index_construction\by_run\C080_M030_T012\ae_sens_11c_merge_diagnostics.csv","04_index_construction","C080_M030_T012",".csv","28877","2026-05-29T05:21:31","6298B0227E65AE2F4580B402CCB914AED8C6803D03E151D176A80E54D4A39475"
"03_Data_Output\5_SensitivityAnalysis\04_index_construction\by_run\C080_M030_T012\error_cost_decomposition.csv","04_index_construction","C080_M030_T012",".csv","347942","2026-05-29T05:21:31","1C21D0BA20B0311903E58B44A7D2225CAC283EE1358BF3247F71DF1FE3BB3D8A"
"03_Data_Output\5_SensitivityAnalysis\04_index_construction\by_run\C080_M030_T012\exclusion_summary.csv","04_index_construction","C080_M030_T012",".csv","900630","2026-05-29T05:21:21","3EE729B075E0F08A3771686DF97558F13AB9724106BD652E2702048F3C6235DC"
"03_Data_Output\5_SensitivityAnalysis\04_index_construction\by_run\C080_M030_T012\performance.csv","04_index_construction","C080_M030_T012",".csv","66966","2026-05-29T05:21:16","E57A220322A9F83A96895A1B1444A293B2CCEF68B8AC211042DD66B87803179A"
"03_Data_Output\5_SensitivityAnalysis\04_index_construction\by_run\C080_M030_T012\returns_summary.csv","04_index_construction","C080_M030_T012",".csv","3024150","2026-05-29T05:21:15","C6A34D3B2D0AC97EAEAA411EE27D9F3360596FDD45FF69350157AF37784EDEC9"
"03_Data_Output\5_SensitivityAnalysis\04_index_construction\by_run\C080_M030_T012\run_status.csv","04_index_construction","C080_M030_T012",".csv","516","2026-05-29T05:21:31","38630354EB7CADCED3DDEF0BA33D3AAE255F145F4D6D8A0E9D6AAA86D90CDDF4"
"03_Data_Output\5_SensitivityAnalysis\04_index_construction\by_run\C080_M030_T012\thresholds.csv","04_index_construction","C080_M030_T012",".csv","605","2026-05-29T05:18:24","D3192812EDC537EC273B8EE601D1AD5D9A15B7155B18AE0D4A36E290E7CBFED7"
"03_Data_Output\5_SensitivityAnalysis\04_index_construction\by_run\C080_M030_T018\ae_sens_11c_merge_diagnostics.csv","04_index_construction","C080_M030_T018",".csv","28877","2026-05-29T05:51:52","D8A349CCD363981D0B54F002CCD8B6416BAD2C448773EACE7EE19C069AB2242E"
"03_Data_Output\5_SensitivityAnalysis\04_index_construction\by_run\C080_M030_T018\error_cost_decomposition.csv","04_index_construction","C080_M030_T018",".csv","342985","2026-05-29T05:51:52","37177153C2BC5D4FCF4E95330AA1E19583038535F33A3C25B5D907E7AC725C9F"
"03_Data_Output\5_SensitivityAnalysis\04_index_construction\by_run\C080_M030_T018\exclusion_summary.csv","04_index_construction","C080_M030_T018",".csv","897735","2026-05-29T05:51:42","84F92C1BF07B1E82B239E655B10BA7D64DA8022E1EE795869ACD757F5E26F960"
"03_Data_Output\5_SensitivityAnalysis\04_index_construction\by_run\C080_M030_T018\performance.csv","04_index_construction","C080_M030_T018",".csv","66903","2026-05-29T05:51:37","AB5324A62AAC231642980BB5330808596887E845BBC81C98484E083B2F63CE58"
"03_Data_Output\5_SensitivityAnalysis\04_index_construction\by_run\C080_M030_T018\returns_summary.csv","04_index_construction","C080_M030_T018",".csv","3023985","2026-05-29T05:51:36","2C3F098B746DBC8404CC4E52FBD353DC90D6CA13A48892D18086E32DA20A1C5B"
"03_Data_Output\5_SensitivityAnalysis\04_index_construction\by_run\C080_M030_T018\run_status.csv","04_index_construction","C080_M030_T018",".csv","515","2026-05-29T05:51:52","83174196124AE65B4A46B46889C3E95391E7D631245F8B834448C6A532E3382C"
"03_Data_Output\5_SensitivityAnalysis\04_index_construction\by_run\C080_M030_T018\thresholds.csv","04_index_construction","C080_M030_T018",".csv","607","2026-05-29T05:48:39","CDAEBBC49ED56FD68FFAF3D23B90F57A8E8CF213B21B92EEC6EFF57076F203D0"
"03_Data_Output\5_SensitivityAnalysis\04_index_construction\by_run\C080_M030_T028\ae_sens_11c_merge_diagnostics.csv","04_index_construction","C080_M030_T028",".csv","28873","2026-05-29T06:22:51","E7B988F5D816097ED2BCFC154A8C1EC76E54DCBE0ECDA3363712FFE8C8A97B14"
"03_Data_Output\5_SensitivityAnalysis\04_index_construction\by_run\C080_M030_T028\error_cost_decomposition.csv","04_index_construction","C080_M030_T028",".csv","341602","2026-05-29T06:22:51","EB48B3E070D6358413AF086F8A12B5AEFB92C4E0BD5D553800705D1F956ECA75"
"03_Data_Output\5_SensitivityAnalysis\04_index_construction\by_run\C080_M030_T028\exclusion_summary.csv","04_index_construction","C080_M030_T028",".csv","898673","2026-05-29T06:22:40","5D87C49702E62258CABD899A2B2479E56CB0DA3E823656591786F9D90CE4AE6D"
"03_Data_Output\5_SensitivityAnalysis\04_index_construction\by_run\C080_M030_T028\performance.csv","04_index_construction","C080_M030_T028",".csv","66976","2026-05-29T06:22:34","F1F4DC86D48DBFC4B027CE893DE112641AD2AA06CFBDC52D1BAE868A974CA156"
"03_Data_Output\5_SensitivityAnalysis\04_index_construction\by_run\C080_M030_T028\returns_summary.csv","04_index_construction","C080_M030_T028",".csv","3023499","2026-05-29T06:22:34","B039DC7438DEE73EB3442221808C3C179471F4EB1B61FD608DD5B4A2E84A03BD"
"03_Data_Output\5_SensitivityAnalysis\04_index_construction\by_run\C080_M030_T028\run_status.csv","04_index_construction","C080_M030_T028",".csv","516","2026-05-29T06:22:51","F76FE5884220D9D8FB3D87043ACB8F24D1139182A3D6DD5B9D575D5EA6FB8FE3"
"03_Data_Output\5_SensitivityAnalysis\04_index_construction\by_run\C080_M030_T028\thresholds.csv","04_index_construction","C080_M030_T028",".csv","606","2026-05-29T06:19:40","6D1FA0C1960CF482C84AF30C9236D00BEDE6D8B50FFE5B9C3BBD69980680B1C8"
"03_Data_Output\5_SensitivityAnalysis\04_index_construction\by_run\C090_M000_T012\ae_sens_11c_merge_diagnostics.csv","04_index_construction","C090_M000_T012",".csv","28881","2026-05-28T23:56:25","C40DE9BE4D43673BA6BAF96CFAF6E110F4B7D11AB2E3825CD95B81C49D7EAACC"
"03_Data_Output\5_SensitivityAnalysis\04_index_construction\by_run\C090_M000_T012\error_cost_decomposition.csv","04_index_construction","C090_M000_T012",".csv","347760","2026-05-28T23:56:25","500383DB6E10310FA457809EA2C4049447F7658BD5CF9B9F1A4EC4999EC33315"
"03_Data_Output\5_SensitivityAnalysis\04_index_construction\by_run\C090_M000_T012\exclusion_summary.csv","04_index_construction","C090_M000_T012",".csv","900569","2026-05-28T23:56:14","C1C4150E9A2CFCA8D30D6B7C027A100B9192A09BD69FBDDF2AADEB21F5A169EC"
"03_Data_Output\5_SensitivityAnalysis\04_index_construction\by_run\C090_M000_T012\performance.csv","04_index_construction","C090_M000_T012",".csv","66807","2026-05-28T23:56:09","A8DA3E929742EBAF717B16769BC96D5C4CFC7EA3B360BBF568E92F04B99DF444"
"03_Data_Output\5_SensitivityAnalysis\04_index_construction\by_run\C090_M000_T012\returns_summary.csv","04_index_construction","C090_M000_T012",".csv","3020507","2026-05-28T23:56:08","C614DECFC6E344FA10890B5FFB1C827F1B0C09B00FC50E2FB601286C736AF91A"
"03_Data_Output\5_SensitivityAnalysis\04_index_construction\by_run\C090_M000_T012\run_status.csv","04_index_construction","C090_M000_T012",".csv","516","2026-05-28T23:56:25","0510C8813719FAA61FBB9E7324D586293190371FED6199FE437BCA8BCBDA1190"
"03_Data_Output\5_SensitivityAnalysis\04_index_construction\by_run\C090_M000_T012\thresholds.csv","04_index_construction","C090_M000_T012",".csv","604","2026-05-28T23:53:01","EBEA22C8ABBF466D7BD3A536999CBAE58BFAC4AB9A1CC6D1E5DF17148F1E1149"
"03_Data_Output\5_SensitivityAnalysis\04_index_construction\by_run\C090_M000_T018\ae_sens_11c_merge_diagnostics.csv","04_index_construction","C090_M000_T018",".csv","28881","2026-05-29T00:26:42","E7F6EFD65C2B97F28BDA8750875963E269F288BF44C58E02AD3B1392880B54A1"
"03_Data_Output\5_SensitivityAnalysis\04_index_construction\by_run\C090_M000_T018\error_cost_decomposition.csv","04_index_construction","C090_M000_T018",".csv","345808","2026-05-29T00:26:42","FD3F2C7D203CA1ADE250CF7191C222B2921B708D1ECEB0B0C55F4AD5A34FE794"
"03_Data_Output\5_SensitivityAnalysis\04_index_construction\by_run\C090_M000_T018\exclusion_summary.csv","04_index_construction","C090_M000_T018",".csv","890480","2026-05-29T00:26:32","33BFA5400731F3D36D1EAA450BC1DB3F3F61C46663D0A3EBFEBC92AC11A9C034"
"03_Data_Output\5_SensitivityAnalysis\04_index_construction\by_run\C090_M000_T018\performance.csv","04_index_construction","C090_M000_T018",".csv","66629","2026-05-29T00:26:26","30BA3619AB150279124470BB1084E537734ACF6A4F1B6AFC429F789B9F0EDE43"
"03_Data_Output\5_SensitivityAnalysis\04_index_construction\by_run\C090_M000_T018\returns_summary.csv","04_index_construction","C090_M000_T018",".csv","3016447","2026-05-29T00:26:25","5611DDE4960E33C881AE858E0214BD58189D2D4FEF31BD39FB676E90EB93CEE8"
"03_Data_Output\5_SensitivityAnalysis\04_index_construction\by_run\C090_M000_T018\run_status.csv","04_index_construction","C090_M000_T018",".csv","516","2026-05-29T00:26:42","81D7C9F9E8A7038E7A7BFF06E1AFF24085A176B7F798D867ABD3B28A540AE293"
"03_Data_Output\5_SensitivityAnalysis\04_index_construction\by_run\C090_M000_T018\thresholds.csv","04_index_construction","C090_M000_T018",".csv","603","2026-05-29T00:23:23","492D0F57DF5E0DA0C3F373EBE8EDF91DC993A259AD43711286DB82B0D23463E4"
"03_Data_Output\5_SensitivityAnalysis\04_index_construction\by_run\C090_M000_T028\ae_sens_11c_merge_diagnostics.csv","04_index_construction","C090_M000_T028",".csv","28877","2026-05-29T00:55:21","37CFAD02ABD56A0AEDBDE764E60042D5DD5E96E14501B15D5E7DB1D58EEF3B41"
"03_Data_Output\5_SensitivityAnalysis\04_index_construction\by_run\C090_M000_T028\error_cost_decomposition.csv","04_index_construction","C090_M000_T028",".csv","347128","2026-05-29T00:55:22","1D2D09770FB8F5F08684C8B34B95F4ABCC66175A8A0A26F44D8A42B0DADD757E"
"03_Data_Output\5_SensitivityAnalysis\04_index_construction\by_run\C090_M000_T028\exclusion_summary.csv","04_index_construction","C090_M000_T028",".csv","899470","2026-05-29T00:55:11","E10D3B20DC97C0FBE67E43B44B843C4A7A3A99312CC1BC3F575835ADE65B8006"
"03_Data_Output\5_SensitivityAnalysis\04_index_construction\by_run\C090_M000_T028\performance.csv","04_index_construction","C090_M000_T028",".csv","66903","2026-05-29T00:55:06","98611B4C842ABD1B66097A473B8734B77985304D90EE1976FF4BBC1E6F83DD9D"
"03_Data_Output\5_SensitivityAnalysis\04_index_construction\by_run\C090_M000_T028\returns_summary.csv","04_index_construction","C090_M000_T028",".csv","3019947","2026-05-29T00:55:05","F1DCBA7206CCAB99ADAA10214FADCD09A2D7888F56E8980BF5DA016A8FB7268F"
"03_Data_Output\5_SensitivityAnalysis\04_index_construction\by_run\C090_M000_T028\run_status.csv","04_index_construction","C090_M000_T028",".csv","515","2026-05-29T00:55:22","CB14BF72DC832B8D7176AF1F39644E673E219D4792DB042B5C50095CEB602094"
"03_Data_Output\5_SensitivityAnalysis\04_index_construction\by_run\C090_M000_T028\thresholds.csv","04_index_construction","C090_M000_T028",".csv","604","2026-05-29T00:52:13","2B25E20307F9D920239606AD3DB5B66086EC38ED396C2E7C9207F039DFF2B78D"
"03_Data_Output\5_SensitivityAnalysis\04_index_construction\by_run\C090_M020_T012\ae_sens_11c_merge_diagnostics.csv","04_index_construction","C090_M020_T012",".csv","28877","2026-05-29T01:25:06","766DBB9BB0FFADB5189E0D33BE13ACBD264D50A6CC713BAB8E35B667659928F2"
"03_Data_Output\5_SensitivityAnalysis\04_index_construction\by_run\C090_M020_T012\error_cost_decomposition.csv","04_index_construction","C090_M020_T012",".csv","345549","2026-05-29T01:25:06","2F22D370FE02770D338CAC0101BFA54DCBC5DD4712B0CF403318EC45EBD94593"
"03_Data_Output\5_SensitivityAnalysis\04_index_construction\by_run\C090_M020_T012\exclusion_summary.csv","04_index_construction","C090_M020_T012",".csv","894269","2026-05-29T01:24:56","EF2D62875C28EFD42410D0748D3830BA09F1374C3B350A46C097F69EFBE7EB2C"
"03_Data_Output\5_SensitivityAnalysis\04_index_construction\by_run\C090_M020_T012\performance.csv","04_index_construction","C090_M020_T012",".csv","66790","2026-05-29T01:24:51","CDEBD0A282233493E322508A248009154E14C8E276C2277CC801A3A4BB079C48"
"03_Data_Output\5_SensitivityAnalysis\04_index_construction\by_run\C090_M020_T012\returns_summary.csv","04_index_construction","C090_M020_T012",".csv","3024396","2026-05-29T01:24:50","A78975147946730385F2E4E7DCD5CC9DD46C2F9D95E0A022F1BDB10ED577FCC0"
"03_Data_Output\5_SensitivityAnalysis\04_index_construction\by_run\C090_M020_T012\run_status.csv","04_index_construction","C090_M020_T012",".csv","515","2026-05-29T01:25:06","D7B357C2717270BF02E59512202DB22D296935644493B4799366B9AB0B3E1A98"
"03_Data_Output\5_SensitivityAnalysis\04_index_construction\by_run\C090_M020_T012\thresholds.csv","04_index_construction","C090_M020_T012",".csv","606","2026-05-29T01:21:53","03EF3669405AF162B40F5094DCC22F25397B284181B4F7CEDBF2DD1195B2D2D7"
"03_Data_Output\5_SensitivityAnalysis\04_index_construction\by_run\C090_M020_T018\ae_sens_11c_merge_diagnostics.csv","04_index_construction","C090_M020_T018",".csv","28877","2026-05-29T01:54:57","9F101F21802C6D6BA5A1CB12A89C0D2602AC981FA36CB4763B53C4CEF4FC17B5"
"03_Data_Output\5_SensitivityAnalysis\04_index_construction\by_run\C090_M020_T018\error_cost_decomposition.csv","04_index_construction","C090_M020_T018",".csv","345387","2026-05-29T01:54:58","54E1663E7B6C7ADA7D58BF560B9330764C1A34BA71A2B254F13CF0272240CE68"
"03_Data_Output\5_SensitivityAnalysis\04_index_construction\by_run\C090_M020_T018\exclusion_summary.csv","04_index_construction","C090_M020_T018",".csv","900975","2026-05-29T01:54:47","D3858C36838F999193FB4488F4AF30618C2ED32FEA3D23733FC51F7D14D589EF"
"03_Data_Output\5_SensitivityAnalysis\04_index_construction\by_run\C090_M020_T018\performance.csv","04_index_construction","C090_M020_T018",".csv","66943","2026-05-29T01:54:42","5BBE15A05E840FB36087B7A5173AB687EA5C7866185D6C3BF2C1FB73EF062F53"
"03_Data_Output\5_SensitivityAnalysis\04_index_construction\by_run\C090_M020_T018\returns_summary.csv","04_index_construction","C090_M020_T018",".csv","3023737","2026-05-29T01:54:41","9113FB39B905EC1955FC94E7B81AFD71E82E0C275533E29FD9513C064345E8A0"
"03_Data_Output\5_SensitivityAnalysis\04_index_construction\by_run\C090_M020_T018\run_status.csv","04_index_construction","C090_M020_T018",".csv","516","2026-05-29T01:54:58","9034806A0701E90B72B9C9A7364ABF0B9B4370B53D234842987C1A6FE9064717"
"03_Data_Output\5_SensitivityAnalysis\04_index_construction\by_run\C090_M020_T018\thresholds.csv","04_index_construction","C090_M020_T018",".csv","606","2026-05-29T01:51:49","D238BF68DAB3C4F01EC68856032E1350841F3EDD5B3809552A2B3C2C3EE419FB"
"03_Data_Output\5_SensitivityAnalysis\04_index_construction\by_run\C090_M020_T028\error_cost_decomposition.csv","04_index_construction","C090_M020_T028",".csv","343910","2026-05-28T16:33:15","2E78DD2BE2042C5CFFCE92021CC95941C336C4F42012C5735FA7AD448E4C8138"
"03_Data_Output\5_SensitivityAnalysis\04_index_construction\by_run\C090_M020_T028\exclusion_summary.csv","04_index_construction","C090_M020_T028",".csv","907346","2026-05-28T16:33:06","4EB9E540CDC5820AE9AA08A9D3562AF5ECE67E8D7655FC4569443CFA9E25FB84"
"03_Data_Output\5_SensitivityAnalysis\04_index_construction\by_run\C090_M020_T028\performance.csv","04_index_construction","C090_M020_T028",".csv","66997","2026-05-28T16:33:02","F8529874018850DD7AC2258116B19F704DC1262F0A3694EA87B69AB3FF330F23"
"03_Data_Output\5_SensitivityAnalysis\04_index_construction\by_run\C090_M020_T028\returns_summary.csv","04_index_construction","C090_M020_T028",".csv","3024432","2026-05-28T16:33:01","C2D6FFBC42C52D1F726E7B33EB4E0B25CC9DE2D40651B58130D860D603C99498"
"03_Data_Output\5_SensitivityAnalysis\04_index_construction\by_run\C090_M020_T028\run_status.csv","04_index_construction","C090_M020_T028",".csv","516","2026-05-28T16:33:15","BB3878FAA79398BEC895D9E7C5A16C6165802A64B48238194F9A1264583728B0"
"03_Data_Output\5_SensitivityAnalysis\04_index_construction\by_run\C090_M020_T028\thresholds.csv","04_index_construction","C090_M020_T028",".csv","603","2026-05-28T16:30:11","AE39FEEBF3C146A1E63B60516512983466BC62ECBB8A0B8C5D65926883EB35A7"
"03_Data_Output\5_SensitivityAnalysis\04_index_construction\by_run\C090_M030_T012\ae_sens_11c_merge_diagnostics.csv","04_index_construction","C090_M030_T012",".csv","28881","2026-05-29T02:24:01","F978145FE021F43A80947133BA03848C294596F47F71C16B94EB786DFFAA3AE4"
"03_Data_Output\5_SensitivityAnalysis\04_index_construction\by_run\C090_M030_T012\error_cost_decomposition.csv","04_index_construction","C090_M030_T012",".csv","342259","2026-05-29T02:24:01","F0DC050538EE49CD8EF8E4799E54148AC724E47357D6F910CCAF7FB1C9D21A4F"
"03_Data_Output\5_SensitivityAnalysis\04_index_construction\by_run\C090_M030_T012\exclusion_summary.csv","04_index_construction","C090_M030_T012",".csv","893837","2026-05-29T02:23:50","1570035CBA519061E052B9FD2B900C61DEC98EBC4ED09790F8977A1A4834A11E"
"03_Data_Output\5_SensitivityAnalysis\04_index_construction\by_run\C090_M030_T012\performance.csv","04_index_construction","C090_M030_T012",".csv","66784","2026-05-29T02:23:44","6E626806391EDD894AC9F4CC388FC8270F96C84425C12D38648EBE803F623D91"
"03_Data_Output\5_SensitivityAnalysis\04_index_construction\by_run\C090_M030_T012\returns_summary.csv","04_index_construction","C090_M030_T012",".csv","3020466","2026-05-29T02:23:44","AC2251E9454D884CEBB57A4DD96D2DE2B502F9DA3D0511426120F1AAEB2FD73E"
"03_Data_Output\5_SensitivityAnalysis\04_index_construction\by_run\C090_M030_T012\run_status.csv","04_index_construction","C090_M030_T012",".csv","516","2026-05-29T02:24:01","9F3521BDBC9B146F8642F4BB4A0D887C07F746AFAC7A15F056AA73D7F6DB984C"
"03_Data_Output\5_SensitivityAnalysis\04_index_construction\by_run\C090_M030_T012\thresholds.csv","04_index_construction","C090_M030_T012",".csv","606","2026-05-29T02:20:39","3EF5D1D6E92AD1640218DE631F65486EA80186827D62011ADF9FF9DADEEE4D4A"
"03_Data_Output\5_SensitivityAnalysis\04_index_construction\by_run\C090_M030_T018\ae_sens_11c_merge_diagnostics.csv","04_index_construction","C090_M030_T018",".csv","28881","2026-05-29T02:53:14","240A8DAB848FD42EE082589613E8604E328538C7A6868924403F8372F532BFD2"
"03_Data_Output\5_SensitivityAnalysis\04_index_construction\by_run\C090_M030_T018\error_cost_decomposition.csv","04_index_construction","C090_M030_T018",".csv","342338","2026-05-29T02:53:15","0DCA44793F819797905A9304D3BA4510F9FC8762292D7D16093F9BEDCBF0E00A"
"03_Data_Output\5_SensitivityAnalysis\04_index_construction\by_run\C090_M030_T018\exclusion_summary.csv","04_index_construction","C090_M030_T018",".csv","896470","2026-05-29T02:53:04","CC65275E0F00C27E8EA85F1A46F1BE2080C985863E1170B60BBE6AD0479B727D"
"03_Data_Output\5_SensitivityAnalysis\04_index_construction\by_run\C090_M030_T018\performance.csv","04_index_construction","C090_M030_T018",".csv","66854","2026-05-29T02:52:59","96000188F49B036BA5967314518CFD1202F4EA5783DCB5F4CCBE7D6D947D6744"
"03_Data_Output\5_SensitivityAnalysis\04_index_construction\by_run\C090_M030_T018\returns_summary.csv","04_index_construction","C090_M030_T018",".csv","3024813","2026-05-29T02:52:58","8A8A696858BB9A42A513CDD4FB916C27089E47087189BAA05983A1AF18B398A2"
"03_Data_Output\5_SensitivityAnalysis\04_index_construction\by_run\C090_M030_T018\run_status.csv","04_index_construction","C090_M030_T018",".csv","515","2026-05-29T02:53:15","28E98033D8B0D68D947C249C6FDB8B05623F72CF0DAE3FBCA2BBBCED8B7A27DF"
"03_Data_Output\5_SensitivityAnalysis\04_index_construction\by_run\C090_M030_T018\thresholds.csv","04_index_construction","C090_M030_T018",".csv","598","2026-05-29T02:50:06","EE1C37AB61FF14FECEA409E7E08907864599C6FC3484364D993AA0478E7789AC"
"03_Data_Output\5_SensitivityAnalysis\04_index_construction\by_run\C090_M030_T028\ae_sens_11c_merge_diagnostics.csv","04_index_construction","C090_M030_T028",".csv","28877","2026-05-29T03:22:05","0197585F69BD2471F83F479B2D8444AB8471FFAAE5D2B4DB592C8B9FB8B4F7FD"
"03_Data_Output\5_SensitivityAnalysis\04_index_construction\by_run\C090_M030_T028\error_cost_decomposition.csv","04_index_construction","C090_M030_T028",".csv","341334","2026-05-29T03:22:05","7E2AC93E3220379ABF5F2146DDEF614F0EDAF9EF4D0A5AE2B2C90FDABD44EA91"
"03_Data_Output\5_SensitivityAnalysis\04_index_construction\by_run\C090_M030_T028\exclusion_summary.csv","04_index_construction","C090_M030_T028",".csv","912621","2026-05-29T03:21:55","FCD2AB2725D0234E4578F094CA03626362E270F2A6FBE1488C48A3CACF239807"
"03_Data_Output\5_SensitivityAnalysis\04_index_construction\by_run\C090_M030_T028\performance.csv","04_index_construction","C090_M030_T028",".csv","66968","2026-05-29T03:21:50","0EF161B7F0C3E61B15827E400A44C489283A448E76A25AABC683FCF6F98EED60"
"03_Data_Output\5_SensitivityAnalysis\04_index_construction\by_run\C090_M030_T028\returns_summary.csv","04_index_construction","C090_M030_T028",".csv","3023987","2026-05-29T03:21:49","53BD5BC26F6586116B337454F2CAF4594803507A4222F0F0685F47F64EB3D05F"
"03_Data_Output\5_SensitivityAnalysis\04_index_construction\by_run\C090_M030_T028\run_status.csv","04_index_construction","C090_M030_T028",".csv","516","2026-05-29T03:22:05","DF0F556BB3A8DF56D25D1F8967269B8E9F6790EB572AFBC8D30A0B6EA7237770"
"03_Data_Output\5_SensitivityAnalysis\04_index_construction\by_run\C090_M030_T028\thresholds.csv","04_index_construction","C090_M030_T028",".csv","604","2026-05-29T03:18:58","4134F058810E2B9B61BE065F40C48FF5FB28EBFADCCB61381005986E44A90DAF"
"03_Data_Output\5_SensitivityAnalysis\04_index_construction\combined_11c_performance.csv","04_index_construction","",".csv","1675031","2026-05-29T08:34:53","E708C49A6E7BCA063D85A8A0BA8916F112F408C0CB92F523DC51214EFD947CA0"
"03_Data_Output\5_SensitivityAnalysis\04_index_construction\combined_11c_rankings.csv","04_index_construction","",".csv","9934","2026-05-29T08:10:23","C333B2530F9EC5976F1A1E4277D7C60D21BDFDCDFE4B1701C7BA48D72FB1498E"
"03_Data_Output\5_SensitivityAnalysis\05_comparisons\full_grid_11c_index_ranking.csv","05_comparisons","",".csv","9934","2026-05-29T08:10:23","C333B2530F9EC5976F1A1E4277D7C60D21BDFDCDFE4B1701C7BA48D72FB1498E"
"03_Data_Output\5_SensitivityAnalysis\05_comparisons\full_grid_best_configs_by_objective.csv","05_comparisons","",".csv","3714","2026-05-29T08:10:23","9698C5DB66AF850CF5C97814413569271E1FFC29D425A9089E7DCA95E2006CCE"
"03_Data_Output\5_SensitivityAnalysis\05_comparisons\full_grid_comparison_manifest.json","05_comparisons","",".json","488","2026-05-29T08:10:23","B15BAE109B83B575CA6D150A0EC790B8E1B33065F03DA967A5AE4AB7C2DEAE05"
"03_Data_Output\5_SensitivityAnalysis\05_comparisons\full_grid_error_cost_summary.csv","05_comparisons","",".csv","705975","2026-05-29T08:10:23","EBF37EFFFA00C4D0322FC7A87F60A9F9C6A61CC4B186B8D35B7783628D065AE6"
"03_Data_Output\5_SensitivityAnalysis\05_comparisons\full_grid_factor_summary.csv","05_comparisons","",".csv","2354","2026-05-29T08:10:23","5381309FCBC95218A69C1AF7EC58E4A8D3BF13702D9A63B841605B27DB3753F9"
"03_Data_Output\5_SensitivityAnalysis\05_comparisons\full_grid_label_count_ranking.csv","05_comparisons","",".csv","4721","2026-05-29T08:10:22","2B19D6F417E8D2FA016CF1F95097783B8E5AFBBAAED0DDBB54A228085C7A1556"
"03_Data_Output\5_SensitivityAnalysis\05_comparisons\full_grid_model_metric_ranking.csv","05_comparisons","",".csv","22274","2026-05-29T08:10:22","FC7058EFD2140C07BD9BD43EAD89D92312B8B8C87D2302D754F417DA59759B5A"
"03_Data_Output\5_SensitivityAnalysis\05_comparisons\full_grid_prediction_distribution_summary.csv","05_comparisons","",".csv","42469","2026-05-29T08:10:22","DE4A7AF947DCE55A25E266FA997E020DD163F74F120AACD768259501ED5BD5E8"
"03_Data_Output\5_SensitivityAnalysis\05_comparisons\full_grid_threshold_summary.csv","05_comparisons","",".csv","15829","2026-05-29T08:10:23","E489BB499BEB34302755D1727E981AA431635976B228A6AB0EBF648329E5813D"
"03_Data_Output\5_SensitivityAnalysis\06_logs\by_run\C060_M000_T012\run_status.csv","06_logs","C060_M000_T012",".csv","327","2026-05-28T17:33:23","7CE2D6DC29CF9CC600C18F3284D44FFD518094869F1A2CDC59BA881DAFA41E73"
"03_Data_Output\5_SensitivityAnalysis\06_logs\by_run\C060_M000_T012\stderr_tail.txt","06_logs","C060_M000_T012",".txt","9580","2026-05-29T08:35:32","2079C3384A40B30B014DB99943BAC678BF653AA0E59D9579BA42566D1BB12976"
"03_Data_Output\5_SensitivityAnalysis\06_logs\by_run\C060_M000_T012\stdout_tail.txt","06_logs","C060_M000_T012",".txt","10637","2026-05-29T08:35:32","F83CACFCB055FDA0964ED42B607C6CF177EF29D700464D6F710437BEDE06C799"
"03_Data_Output\5_SensitivityAnalysis\06_logs\by_run\C060_M000_T018\run_status.csv","06_logs","C060_M000_T018",".csv","327","2026-05-28T18:06:22","924F1676216C4F8D82742CC732975DCF1163B7B3F9B15F87D41A94FA7472C827"
"03_Data_Output\5_SensitivityAnalysis\06_logs\by_run\C060_M000_T018\stderr_tail.txt","06_logs","C060_M000_T018",".txt","8316","2026-05-29T08:35:33","4FA4EF9860912947B72796397D49B71A506BE0FF7A64CEFCCF97BA0FBB533020"
"03_Data_Output\5_SensitivityAnalysis\06_logs\by_run\C060_M000_T018\stdout_tail.txt","06_logs","C060_M000_T018",".txt","9394","2026-05-29T08:35:32","EE6863D1ECFF0DC92E6311FC3BAEBD48E3E3369D0866681CC545418934722CAE"
"03_Data_Output\5_SensitivityAnalysis\06_logs\by_run\C060_M000_T028\run_status.csv","06_logs","C060_M000_T028",".csv","327","2026-05-28T18:36:34","3437384097D4AB7A0AA0120D1A4E4BC9D6DB2F0F30498BEFEDEE14D0FF214F25"
"03_Data_Output\5_SensitivityAnalysis\06_logs\by_run\C060_M000_T028\stderr_tail.txt","06_logs","C060_M000_T028",".txt","10764","2026-05-29T08:35:33","8BC3A75D1EEE01089575FD55E5BD544DA186C13EFE2D2284E13170501DDAA147"
"03_Data_Output\5_SensitivityAnalysis\06_logs\by_run\C060_M000_T028\stdout_tail.txt","06_logs","C060_M000_T028",".txt","10644","2026-05-29T08:35:33","7E8FFADC5D3DFB5240D889CBCBC1F43FF541D34B3E8551E1243960E9217F3728"
"03_Data_Output\5_SensitivityAnalysis\06_logs\by_run\C060_M020_T012\run_status.csv","06_logs","C060_M020_T012",".csv","327","2026-05-28T19:11:26","2183674E3C754568E474DC58BAA81B8BED43E1F0F3992F418304F1253ECFF308"
"03_Data_Output\5_SensitivityAnalysis\06_logs\by_run\C060_M020_T012\stderr_tail.txt","06_logs","C060_M020_T012",".txt","8309","2026-05-29T08:35:33","53FEB4F9F22953074615A236F19C1BAF31648499185FFF1E2EF02B3C388352F1"
"03_Data_Output\5_SensitivityAnalysis\06_logs\by_run\C060_M020_T012\stdout_tail.txt","06_logs","C060_M020_T012",".txt","9398","2026-05-29T08:35:33","443CB79F081B7D4472B9A897328B9768D8E62F798327DB52D5374F62F09B39A3"
"03_Data_Output\5_SensitivityAnalysis\06_logs\by_run\C060_M020_T018\run_status.csv","06_logs","C060_M020_T018",".csv","327","2026-05-28T19:43:01","C959C1B25FEBA46C92FDE8ADA40A02AB7D42AD403F883AFE87451A1A9EE9B303"
"03_Data_Output\5_SensitivityAnalysis\06_logs\by_run\C060_M020_T018\stderr_tail.txt","06_logs","C060_M020_T018",".txt","8354","2026-05-29T08:35:33","5F9DC1340CB2E50C8F137EFB44633A3DB3ECFF105253AD1F905A8E2A993138AF"
"03_Data_Output\5_SensitivityAnalysis\06_logs\by_run\C060_M020_T018\stdout_tail.txt","06_logs","C060_M020_T018",".txt","9397","2026-05-29T08:35:33","4CF884DAC84D553DF4C0F0CD0C8A12C772E9D7713C5750CDFE841027A1FF5DD7"
"03_Data_Output\5_SensitivityAnalysis\06_logs\by_run\C060_M020_T028\run_status.csv","06_logs","C060_M020_T028",".csv","138","2026-05-28T19:49:16","843EF289C43015B3920FE2B70D616BCDE9A249B78503030DF5B7AB81A870CD22"
"03_Data_Output\5_SensitivityAnalysis\06_logs\by_run\C060_M020_T028\stderr_tail.txt","06_logs","C060_M020_T028",".txt","6978","2026-05-29T08:35:33","4BAC7979675B54575B9FEE92B957A276136254741BEFCC0072DEE6EDD3079FE2"
"03_Data_Output\5_SensitivityAnalysis\06_logs\by_run\C060_M020_T028\stdout_tail.txt","06_logs","C060_M020_T028",".txt","274","2026-05-29T08:35:33","39F579A011FE21B7142BA63C351A9128EAD667B9DA91D37FB793B73AE12A9521"
"03_Data_Output\5_SensitivityAnalysis\06_logs\by_run\C060_M030_T012\run_status.csv","06_logs","C060_M030_T012",".csv","421","2026-05-28T21:32:45","4689C2F65591053E7571E1687ED2CD30AE3F22B680F2BF5157F414C947A95D58"
"03_Data_Output\5_SensitivityAnalysis\06_logs\by_run\C060_M030_T012\stderr_tail.txt","06_logs","C060_M030_T012",".txt","8232","2026-05-29T08:35:33","6CC65253BFE405DBB1B0CE5D45BEB6D644988378085EE6D8056AEBA8B5EB18F6"
"03_Data_Output\5_SensitivityAnalysis\06_logs\by_run\C060_M030_T012\stdout_tail.txt","06_logs","C060_M030_T012",".txt","8082","2026-05-29T08:35:33","9F6C175C81C87E049D9354F570E71F93E2F3DC7CE10291BCEF875DD283A201CE"
"03_Data_Output\5_SensitivityAnalysis\06_logs\by_run\C060_M030_T018\run_status.csv","06_logs","C060_M030_T018",".csv","421","2026-05-28T22:05:45","B9D811A385FCBB0D92ED2584B6FA5F339D571A78996B5210467EC3850906F869"
"03_Data_Output\5_SensitivityAnalysis\06_logs\by_run\C060_M030_T018\stderr_tail.txt","06_logs","C060_M030_T018",".txt","8212","2026-05-29T08:35:33","C20C94A64F8253D921B2B8FE78BF4917203762303E6CFE3823DBA48B435F648A"
"03_Data_Output\5_SensitivityAnalysis\06_logs\by_run\C060_M030_T018\stdout_tail.txt","06_logs","C060_M030_T018",".txt","8086","2026-05-29T08:35:33","B14F82C0F871AEB1BDD61C1A49588C8C1F0E204A7BB9161B2117333F16B93BBB"
"03_Data_Output\5_SensitivityAnalysis\06_logs\by_run\C060_M030_T028\run_status.csv","06_logs","C060_M030_T028",".csv","421","2026-05-28T22:38:59","3EB8B5307D8C351653031EE843ECEF8156A2AA4576F646358DED1D38364409D0"
"03_Data_Output\5_SensitivityAnalysis\06_logs\by_run\C060_M030_T028\stderr_tail.txt","06_logs","C060_M030_T028",".txt","8220","2026-05-29T08:35:33","3C9D3E49B580012EE994EB7844E7CF12009F3FFE9E9603BA90C64B4356E708D8"
"03_Data_Output\5_SensitivityAnalysis\06_logs\by_run\C060_M030_T028\stdout_tail.txt","06_logs","C060_M030_T028",".txt","8080","2026-05-29T08:35:33","EC5DE806D3B5096C1A529AEB59CFC926341E263BDF09EDEAFFD1D21FF9AEE92E"
"03_Data_Output\5_SensitivityAnalysis\06_logs\by_run\C080_M000_T012\run_status.csv","06_logs","C080_M000_T012",".csv","138","2026-05-28T22:41:54","26E4E3832AA6DF2A6E0A35595624EE960249D1100462A41DFB37A0B7263BBB43"
"03_Data_Output\5_SensitivityAnalysis\06_logs\by_run\C080_M000_T012\stderr_tail.txt","06_logs","C080_M000_T012",".txt","6353","2026-05-29T08:35:33","5FACD9D4A705FDE5CE1FF2137C88310364E26BF7734D457EB534514A5D05086C"
"03_Data_Output\5_SensitivityAnalysis\06_logs\by_run\C080_M000_T012\stdout_tail.txt","06_logs","C080_M000_T012",".txt","3500","2026-05-29T08:35:33","5A843FB904B854E5719E611CE77603F3B6E3577ADEF9362DD40B5C7256C05E05"
"03_Data_Output\5_SensitivityAnalysis\06_logs\by_run\C080_M000_T018\run_status.csv","06_logs","C080_M000_T018",".csv","39","2026-05-28T22:53:54","8983BD005080C5976AC09330B022E8CBFC185747504C87A099C6D059567A98F4"
"03_Data_Output\5_SensitivityAnalysis\06_logs\by_run\C080_M000_T018\stderr_tail.txt","06_logs","C080_M000_T018",".txt","171","2026-05-29T08:35:33","5286FF3F53D010E0C46EAE18CEC52080046EACE4DF6CD97B773EE5D7031FE5D0"
"03_Data_Output\5_SensitivityAnalysis\06_logs\by_run\C080_M000_T018\stdout_tail.txt","06_logs","C080_M000_T018",".txt","133","2026-05-29T08:35:33","D03256C14C70D98F58A8930A4817938E891B2F679F8F76CB056A094A8158493F"
"03_Data_Output\5_SensitivityAnalysis\06_logs\by_run\C080_M000_T028\run_status.csv","06_logs","C080_M000_T028",".csv","421","2026-05-29T03:51:33","4CB2AFE6E550C46D41A52EB88E098BC4906C58E306C9F51825706370B2679F67"
"03_Data_Output\5_SensitivityAnalysis\06_logs\by_run\C080_M000_T028\stderr_tail.txt","06_logs","C080_M000_T028",".txt","8270","2026-05-29T08:35:33","46E7387E4E45B7F316A59332209DBA020EA015D6AF5BA80731D24FE06A0F9328"
"03_Data_Output\5_SensitivityAnalysis\06_logs\by_run\C080_M000_T028\stdout_tail.txt","06_logs","C080_M000_T028",".txt","8081","2026-05-29T08:35:33","931DD4D38B12730731E90EE60ADD45049F243319CFD74B99B07F38394EE6EEC2"
"03_Data_Output\5_SensitivityAnalysis\06_logs\by_run\C080_M020_T012\run_status.csv","06_logs","C080_M020_T012",".csv","421","2026-05-29T04:21:39","19BDD3C9DF5FFE344ADC7FFF63C67A7A1AB3D20DEA4A88EE5CCC88B58D76982B"
"03_Data_Output\5_SensitivityAnalysis\06_logs\by_run\C080_M020_T012\stderr_tail.txt","06_logs","C080_M020_T012",".txt","8223","2026-05-29T08:35:33","1AE09603B8A332BA57C8C9BD5718D0F5A61A1C0F97BA1915220D1DAEB8B40DCB"
"03_Data_Output\5_SensitivityAnalysis\06_logs\by_run\C080_M020_T012\stdout_tail.txt","06_logs","C080_M020_T012",".txt","8084","2026-05-29T08:35:33","F5CCBB39AC3D4A175A0FE8CB815B208DAEF4AED05881CE634B6DF9B12380A4AF"
"03_Data_Output\5_SensitivityAnalysis\06_logs\by_run\C080_M020_T018\run_status.csv","06_logs","C080_M020_T018",".csv","421","2026-05-28T16:03:07","A2BED2D33064A885D7A47B19128C8C358E175DC50E2299643354B4FC091EA994"
"03_Data_Output\5_SensitivityAnalysis\06_logs\by_run\C080_M020_T018\stderr_tail.txt","06_logs","C080_M020_T018",".txt","7719","2026-05-29T08:35:33","0F7AEEF18BDA5A65111CB46BA3C9BD9388B76352EB5686765D5CA1711B3B34DA"
"03_Data_Output\5_SensitivityAnalysis\06_logs\by_run\C080_M020_T018\stdout_tail.txt","06_logs","C080_M020_T018",".txt","8087","2026-05-29T08:35:33","5CA12468CED627AEE8A0FC6DF2B5EC1BDB7C8EF1C3ED20DA9457526DA94D9C2B"
"03_Data_Output\5_SensitivityAnalysis\06_logs\by_run\C080_M020_T028\run_status.csv","06_logs","C080_M020_T028",".csv","421","2026-05-29T04:52:44","DE75DA5D0E9716CE1916E24CD02E5262AFFBA6E88F85131EF1F6F491A9DC397C"
"03_Data_Output\5_SensitivityAnalysis\06_logs\by_run\C080_M020_T028\stderr_tail.txt","06_logs","C080_M020_T028",".txt","8274","2026-05-29T08:35:33","F20B111C36FAFACF51A2AC099F5858AB42A3F000833F4DB1C7EB4BD65613F1E5"
"03_Data_Output\5_SensitivityAnalysis\06_logs\by_run\C080_M020_T028\stdout_tail.txt","06_logs","C080_M020_T028",".txt","8107","2026-05-29T08:35:33","B29A0899F9B1B4531B2A1E5475B931094CECA95A399BA644B7F65ED359888860"
"03_Data_Output\5_SensitivityAnalysis\06_logs\by_run\C080_M030_T012\run_status.csv","06_logs","C080_M030_T012",".csv","421","2026-05-29T05:21:32","861544CCC5BA19B8EB5580594E013B26BF301664189B0DC5D3758CFF727C1285"
"03_Data_Output\5_SensitivityAnalysis\06_logs\by_run\C080_M030_T012\stderr_tail.txt","06_logs","C080_M030_T012",".txt","8240","2026-05-29T08:35:33","3A8FEE1C46FAD4BDB452B46EFDBC6A6B9C7059CA15159E27BD24B097247B3E6B"
"03_Data_Output\5_SensitivityAnalysis\06_logs\by_run\C080_M030_T012\stdout_tail.txt","06_logs","C080_M030_T012",".txt","8081","2026-05-29T08:35:33","41D03FCDB2DB6FBD656BCBD000CAF01EA4385FF5F7504B25D95A65458EF22314"
"03_Data_Output\5_SensitivityAnalysis\06_logs\by_run\C080_M030_T018\run_status.csv","06_logs","C080_M030_T018",".csv","421","2026-05-29T05:51:53","084BBEC236C8CA3D8AF2D7938DECE142A2748B360450ECEEF2D327C64A3C2D97"
"03_Data_Output\5_SensitivityAnalysis\06_logs\by_run\C080_M030_T018\stderr_tail.txt","06_logs","C080_M030_T018",".txt","8259","2026-05-29T08:35:33","67C056FD9EDB6586E645D6BC1AB4247A0F555A4FA518396A5B197F025CE51665"
"03_Data_Output\5_SensitivityAnalysis\06_logs\by_run\C080_M030_T018\stdout_tail.txt","06_logs","C080_M030_T018",".txt","8081","2026-05-29T08:35:33","7D88D63057E454D45A6919D8996D097CDB650CA53093D90CF51079F2570FB80F"
"03_Data_Output\5_SensitivityAnalysis\06_logs\by_run\C080_M030_T028\run_status.csv","06_logs","C080_M030_T028",".csv","421","2026-05-29T06:22:51","2F3995E954C60C2575C56EA1EAE1DA29243A00712674EC6DFE6255CFC4A92ADF"
"03_Data_Output\5_SensitivityAnalysis\06_logs\by_run\C080_M030_T028\stderr_tail.txt","06_logs","C080_M030_T028",".txt","8249","2026-05-29T08:35:33","F6D9597ED90001ABC64F37823B7DB53AAD7763377D18DBA191E6785677702ADA"
"03_Data_Output\5_SensitivityAnalysis\06_logs\by_run\C080_M030_T028\stdout_tail.txt","06_logs","C080_M030_T028",".txt","8083","2026-05-29T08:35:33","E1C40BFCDD7311AD731849598944F9A1E81044ECE288440920AEC134CE06BA98"
"03_Data_Output\5_SensitivityAnalysis\06_logs\by_run\C090_M000_T012\run_status.csv","06_logs","C090_M000_T012",".csv","421","2026-05-28T23:56:26","977DCF337FF8189AE7C3FBF077867661EF6A5F8AC112167BD5D06DC12C7C2EF2"
"03_Data_Output\5_SensitivityAnalysis\06_logs\by_run\C090_M000_T012\stderr_tail.txt","06_logs","C090_M000_T012",".txt","8206","2026-05-29T08:35:33","D57A807440B6BD1F1ECEEA29B7392BDE31EA646EF6726F61974EE59BDBAABA1E"
"03_Data_Output\5_SensitivityAnalysis\06_logs\by_run\C090_M000_T012\stdout_tail.txt","06_logs","C090_M000_T012",".txt","8079","2026-05-29T08:35:33","16FDC559F5736E672395CBC649537860BC3E6269A09D11F44259888D6D096503"
"03_Data_Output\5_SensitivityAnalysis\06_logs\by_run\C090_M000_T018\run_status.csv","06_logs","C090_M000_T018",".csv","421","2026-05-29T00:26:43","29E700A6D29CFA49EFFCEBD62BE0302FD2BDA0A76976B7D66660DF693FCE8603"
"03_Data_Output\5_SensitivityAnalysis\06_logs\by_run\C090_M000_T018\stderr_tail.txt","06_logs","C090_M000_T018",".txt","8253","2026-05-29T08:35:33","462BC060DCA6444E8D08B68B3E3E667845DCC94EF1A5E9D7AF2F3AD7BE267F74"
"03_Data_Output\5_SensitivityAnalysis\06_logs\by_run\C090_M000_T018\stdout_tail.txt","06_logs","C090_M000_T018",".txt","8075","2026-05-29T08:35:33","5AD31F01D94465D8AF57986A7DE8312387FDF3DD9360EEFE75B036F178E6D4B0"
"03_Data_Output\5_SensitivityAnalysis\06_logs\by_run\C090_M000_T028\run_status.csv","06_logs","C090_M000_T028",".csv","421","2026-05-29T00:55:22","EAEF3FBD34A9878FCCFE67E2995A6A81BD686A062D8C25BD1AF4F20E15FC4A6E"
"03_Data_Output\5_SensitivityAnalysis\06_logs\by_run\C090_M000_T028\stderr_tail.txt","06_logs","C090_M000_T028",".txt","8269","2026-05-29T08:35:33","C3F755160BC59D489D3EA1A7DD9BD8EB3A0E0902470C308D4C512F1AB9E793EC"
"03_Data_Output\5_SensitivityAnalysis\06_logs\by_run\C090_M000_T028\stdout_tail.txt","06_logs","C090_M000_T028",".txt","8088","2026-05-29T08:35:33","153492E2422F1C59E27385344B4D2C845233A041AD5C1B70C690721D231AA5FF"
"03_Data_Output\5_SensitivityAnalysis\06_logs\by_run\C090_M020_T012\run_status.csv","06_logs","C090_M020_T012",".csv","421","2026-05-29T01:25:07","6E78D947CFFBD78B5DBAB369D8C37C44CC86B8478C22E572D274545C162F1C79"
"03_Data_Output\5_SensitivityAnalysis\06_logs\by_run\C090_M020_T012\stderr_tail.txt","06_logs","C090_M020_T012",".txt","8220","2026-05-29T08:35:33","8FC8FDEA305CB91DD3A4157A9D3EBC572A0B9826E0B3CD336C512DD0ED41C4FC"
"03_Data_Output\5_SensitivityAnalysis\06_logs\by_run\C090_M020_T012\stdout_tail.txt","06_logs","C090_M020_T012",".txt","8081","2026-05-29T08:35:33","19415A3B90D10A55BCBD73CCC9371C88E749B2E50BB8D01D723931C8C0EE577C"
"03_Data_Output\5_SensitivityAnalysis\06_logs\by_run\C090_M020_T018\run_status.csv","06_logs","C090_M020_T018",".csv","421","2026-05-29T01:54:58","301649147A03BCDBA436261ECDF798DC701FC6CDD711880292C6F8FCE7727F31"
"03_Data_Output\5_SensitivityAnalysis\06_logs\by_run\C090_M020_T018\stderr_tail.txt","06_logs","C090_M020_T018",".txt","8311","2026-05-29T08:35:33","26CDACDFABD8ED7B1B88DDF5D3B85D3B80CB0DF2F723FCAB8C73EE3DA6F039F0"
"03_Data_Output\5_SensitivityAnalysis\06_logs\by_run\C090_M020_T018\stdout_tail.txt","06_logs","C090_M020_T018",".txt","8080","2026-05-29T08:35:33","1913E039AF0A3D534FE6DDFC89F775ADE4CAA6C8EA269D508500C1D77A15A181"
"03_Data_Output\5_SensitivityAnalysis\06_logs\by_run\C090_M020_T028\run_status.csv","06_logs","C090_M020_T028",".csv","421","2026-05-28T16:33:16","A5026F17E3EC4804B8679A95FC73C5C81C1D1AA0AC4EE95EA6E426D2679051D1"
"03_Data_Output\5_SensitivityAnalysis\06_logs\by_run\C090_M020_T028\stderr_tail.txt","06_logs","C090_M020_T028",".txt","7665","2026-05-29T08:35:33","B7F760A43F603B378FD70EAAD8EE9C7F4E31932FA69217CEF7EC7BC8AD71583A"
"03_Data_Output\5_SensitivityAnalysis\06_logs\by_run\C090_M020_T028\stdout_tail.txt","06_logs","C090_M020_T028",".txt","8080","2026-05-29T08:35:33","9E8FC1BD5C1D4F373845DC2F7F9F2DC3EE7D0F96BDE55D34C01EE3188B8F2288"
"03_Data_Output\5_SensitivityAnalysis\06_logs\by_run\C090_M030_T012\run_status.csv","06_logs","C090_M030_T012",".csv","421","2026-05-29T02:24:02","47C9BEF5442982B358D4D288237D2DB6107453E1B934BF2E28F7285A61A3BE80"
"03_Data_Output\5_SensitivityAnalysis\06_logs\by_run\C090_M030_T012\stderr_tail.txt","06_logs","C090_M030_T012",".txt","8294","2026-05-29T08:35:33","B3B365704CE5D79C226CBCD63AB502AA26D363BC23B0DE06A9EA37D9AB97DF79"
"03_Data_Output\5_SensitivityAnalysis\06_logs\by_run\C090_M030_T012\stdout_tail.txt","06_logs","C090_M030_T012",".txt","8081","2026-05-29T08:35:33","7679D70CD28FE210CF39C9238278A45D5FD7076602FA7012C5AE608A04C0121C"
"03_Data_Output\5_SensitivityAnalysis\06_logs\by_run\C090_M030_T018\run_status.csv","06_logs","C090_M030_T018",".csv","421","2026-05-29T02:53:15","634B2C9D499BFABCB8613DD9AC0A5F55C3DDF44F80FBCF61667EA83F24964BDD"
"03_Data_Output\5_SensitivityAnalysis\06_logs\by_run\C090_M030_T018\stderr_tail.txt","06_logs","C090_M030_T018",".txt","8252","2026-05-29T08:35:33","32BD5E030DF06C45F607E125786BD4EB62AD890B018D9F5B69178A5FE852A762"
"03_Data_Output\5_SensitivityAnalysis\06_logs\by_run\C090_M030_T018\stdout_tail.txt","06_logs","C090_M030_T018",".txt","8076","2026-05-29T08:35:33","2D6CE824B45E34E29B54D1AFC4663026C817FA34F83B9D76647F0153E13452A6"
"03_Data_Output\5_SensitivityAnalysis\06_logs\by_run\C090_M030_T028\run_status.csv","06_logs","C090_M030_T028",".csv","421","2026-05-29T03:22:05","0D1255271959BD3D8C1BA9536D934D4BEBF0C681B97ED72E10B55703EF224F0D"
"03_Data_Output\5_SensitivityAnalysis\06_logs\by_run\C090_M030_T028\stderr_tail.txt","06_logs","C090_M030_T028",".txt","8299","2026-05-29T08:35:33","E6AC10AA2F65146774E7AB0A4B48F3E00D2B20B39CEE5E89F01E7C3B83FE7410"
"03_Data_Output\5_SensitivityAnalysis\06_logs\by_run\C090_M030_T028\stdout_tail.txt","06_logs","C090_M030_T028",".txt","8079","2026-05-29T08:35:33","4B6D95E080F8A1E09AC0DBE49000D69E2DBC7AEC449F98783FF3E8EFC57CC41E"
"03_Data_Output\5_SensitivityAnalysis\06_logs\process_guard.txt","06_logs","",".txt","186","2026-05-29T08:38:25","712097D5F28983C903FEA28791C8D74DB0AB202769CC7A698AF222307AE7D600"
"03_Data_Output\5_SensitivityAnalysis\06_logs\process_guard_remote_raw.txt","06_logs","",".txt","0","2026-05-28T20:05:37","E3B0C44298FC1C149AFBF4C8996FB92427AE41E4649B934CA495991B7852B855"
"03_Data_Output\5_SensitivityAnalysis\99_reports\sensitivity_download_validation_report.md","99_reports","",".md","1204","2026-05-29T08:39:13","6FFE449A0E9C39FD6C83789143C2A3F7DDEB2094018083F95F86B1E2DA2D71F7"
"03_Data_Output\5_SensitivityAnalysis\99_reports\sensitivity_results_readme.md","99_reports","",".md","979","2026-05-29T08:39:13","AC22E743061FB73A4F28CB7693E9B20EE0F41B2A6C1256ACA858C08D0F42A2EA"
